{"type": "FeatureCollection", "features": [{"type": "Feature", "geometry": {"type": "Point", "coordinates": [-76.61776456149511, 40.60511817945754]}, "properties": {"SGL": 264, "PGC_REGION": 6}}, {"type": "Feature", "geometry": {"type": "Point", "coordinates": [-76.61447822736555, 40.60671376336337]}, "properties": {"SGL": 264, "PGC_REGION": 6}}, {"type": "Feature", "geometry": {"type": "Point", "coordinates": [-76.69453981120745, 40.576205345712395]}, "properties": {"SGL": 264, "PGC_REGION": 6}}, {"type": "Feature", "geometry": {"type": "Point", "coordinates": [-76.69910803359176, 40.58213533236568]}, "properties": {"SGL": 264, "PGC_REGION": 6}}, {"type": "Feature", "geometry": {"type": "Point", "coordinates": [-80.38421161383859, 40.40645678679415]}, "properties": {"SGL": 117, "PGC_REGION": 2}}, {"type": "Feature", "geometry": {"type": "Point", "coordinates": [-80.37665809208147, 40.41519810914113]}, "properties": {"SGL": 117, "PGC_REGION": 2}}, {"type": "Feature", "geometry": {"type": "Point", "coordinates": [-80.41553186443772, 40.417217387097025]}, "properties": {"SGL": 117, "PGC_REGION": 2}}, {"type": "Feature", "geometry": {"type": "Point", "coordinates": [-76.40279300978004, 39.886403813988835]}, "properties": {"SGL": 83, "PGC_REGION": 4}}, {"type": "Feature", "geometry": {"type": "Point", "coordinates": [-75.67028748543399, 40.668521414123546]}, "properties": {"SGL": 205, "PGC_REGION": 6}}, {"type": "Feature", "geometry": {"type": "Point", "coordinates": [-75.66096496821416, 40.67105161437375]}, "properties": {"SGL": 205, "PGC_REGION": 6}}, {"type": "Feature", "geometry": {"type": "Point", "coordinates": [-75.6546706594658, 40.66620931123653]}, "properties": {"SGL": 205, "PGC_REGION": 6}}, {"type": "Feature", "geometry": {"type": "Point", "coordinates": [-75.65049131681258, 40.662762573544775]}, "properties": {"SGL": 205, "PGC_REGION": 6}}, {"type": "Feature", "geometry": {"type": "Point", "coordinates": [-75.66341450026371, 40.65944385373181]}, "properties": {"SGL": 205, "PGC_REGION": 6}}, {"type": "Feature", "geometry": {"type": "Point", "coordinates": [-75.64388233082825, 40.66015847838182]}, "properties": {"SGL": 205, "PGC_REGION": 6}}, {"type": "Feature", "geometry": {"type": "Point", "coordinates": [-80.34342977954852, 39.846740193014476]}, "properties": {"SGL": 179, "PGC_REGION": 2}}, {"type": "Feature", "geometry": {"type": "Point", "coordinates": [-78.969446794385, 41.45934052011041]}, "properties": {"SGL": 28, "PGC_REGION": 3}}, {"type": "Feature", "geometry": {"type": "Point", "coordinates": [-78.97126472244005, 41.46104172649599]}, "properties": {"SGL": 28, "PGC_REGION": 3}}, {"type": "Feature", "geometry": {"type": "Point", "coordinates": [-78.94836020785444, 41.41673862138223]}, "properties": {"SGL": 28, "PGC_REGION": 3}}, {"type": "Feature", "geometry": {"type": "Point", "coordinates": [-78.94846439157494, 41.41577103521135]}, "properties": {"SGL": 28, "PGC_REGION": 3}}, {"type": "Feature", "geometry": {"type": "Point", "coordinates": [-78.91837164035205, 41.39467504805879]}, "properties": {"SGL": 28, "PGC_REGION": 3}}, {"type": "Feature", "geometry": {"type": "Point", "coordinates": [-79.56735230924835, 40.772589350687944]}, "properties": {"SGL": 247, "PGC_REGION": 2}}, {"type": "Feature", "geometry": {"type": "Point", "coordinates": [-79.5768782183719, 40.77482507070497]}, "properties": {"SGL": 247, "PGC_REGION": 2}}, {"type": "Feature", "geometry": {"type": "Point", "coordinates": [-79.57446365548635, 40.77143002152272]}, "properties": {"SGL": 247, "PGC_REGION": 2}}, {"type": "Feature", "geometry": {"type": "Point", "coordinates": [-76.68115551702431, 40.219894238288695]}, "properties": {"SGL": 246, "PGC_REGION": 6}}, {"type": "Feature", "geometry": {"type": "Point", "coordinates": [-76.6825127962412, 40.21183731387107]}, "properties": {"SGL": 246, "PGC_REGION": 6}}, {"type": "Feature", "geometry": {"type": "Point", "coordinates": [-79.69644714454947, 40.10273717807339]}, "properties": {"SGL": 296, "PGC_REGION": 2}}, {"type": "Feature", "geometry": {"type": "Point", "coordinates": [-79.71518952888736, 40.10115803671246]}, "properties": {"SGL": 296, "PGC_REGION": 2}}, {"type": "Feature", "geometry": {"type": "Point", "coordinates": [-76.94257549519092, 40.08586278217396]}, "properties": {"SGL": 242, "PGC_REGION": 4}}, {"type": "Feature", "geometry": {"type": "Point", "coordinates": [-76.9740932036054, 40.08024563594149]}, "properties": {"SGL": 242, "PGC_REGION": 4}}, {"type": "Feature", "geometry": {"type": "Point", "coordinates": [-76.96073972738753, 40.09187807802235]}, "properties": {"SGL": 242, "PGC_REGION": 4}}, {"type": "Feature", "geometry": {"type": "Point", "coordinates": [-77.73382635800806, 41.02516945089294]}, "properties": {"SGL": 92, "PGC_REGION": 3}}, {"type": "Feature", "geometry": {"type": "Point", "coordinates": [-77.76766876204192, 41.000745610866545]}, "properties": {"SGL": 92, "PGC_REGION": 3}}, {"type": "Feature", "geometry": {"type": "Point", "coordinates": [-78.22278423254372, 40.695648073775146]}, "properties": {"SGL": 278, "PGC_REGION": 4}}, {"type": "Feature", "geometry": {"type": "Point", "coordinates": [-78.17718040535732, 40.714975114461204]}, "properties": {"SGL": 278, "PGC_REGION": 4}}, {"type": "Feature", "geometry": {"type": "Point", "coordinates": [-75.99602155295685, 40.808931051295566]}, "properties": {"SGL": 227, "PGC_REGION": 6}}, {"type": "Feature", "geometry": {"type": "Point", "coordinates": [-76.00414775122734, 40.82142797140337]}, "properties": {"SGL": 227, "PGC_REGION": 6}}, {"type": "Feature", "geometry": {"type": "Point", "coordinates": [-76.01172199612651, 40.81138917981401]}, "properties": {"SGL": 227, "PGC_REGION": 6}}, {"type": "Feature", "geometry": {"type": "Point", "coordinates": [-75.99083779618867, 40.81049903057528]}, "properties": {"SGL": 227, "PGC_REGION": 6}}, {"type": "Feature", "geometry": {"type": "Point", "coordinates": [-80.49167194495588, 40.77544784114378]}, "properties": {"SGL": 285, "PGC_REGION": 2}}, {"type": "Feature", "geometry": {"type": "Point", "coordinates": [-80.49046319558771, 40.77662332188255]}, "properties": {"SGL": 285, "PGC_REGION": 2}}, {"type": "Feature", "geometry": {"type": "Point", "coordinates": [-80.48990730509415, 40.782112382712725]}, "properties": {"SGL": 285, "PGC_REGION": 2}}, {"type": "Feature", "geometry": {"type": "Point", "coordinates": [-80.47053478922568, 40.78672519427074]}, "properties": {"SGL": 285, "PGC_REGION": 2}}, {"type": "Feature", "geometry": {"type": "Point", "coordinates": [-80.5071905414072, 40.7890937528567]}, "properties": {"SGL": 285, "PGC_REGION": 2}}, {"type": "Feature", "geometry": {"type": "Point", "coordinates": [-80.506136601365, 40.790020793128626]}, "properties": {"SGL": 285, "PGC_REGION": 2}}, {"type": "Feature", "geometry": {"type": "Point", "coordinates": [-80.48735501658034, 40.804726507226746]}, "properties": {"SGL": 285, "PGC_REGION": 2}}, {"type": "Feature", "geometry": {"type": "Point", "coordinates": [-80.4882260671865, 40.80835377765325]}, "properties": {"SGL": 285, "PGC_REGION": 2}}, {"type": "Feature", "geometry": {"type": "Point", "coordinates": [-79.45486318451566, 40.91038808215049]}, "properties": {"SGL": 287, "PGC_REGION": 2}}, {"type": "Feature", "geometry": {"type": "Point", "coordinates": [-79.4453627734766, 40.938976587919754]}, "properties": {"SGL": 287, "PGC_REGION": 2}}, {"type": "Feature", "geometry": {"type": "Point", "coordinates": [-79.45047648642644, 40.96071673190025]}, "properties": {"SGL": 287, "PGC_REGION": 2}}, {"type": "Feature", "geometry": {"type": "Point", "coordinates": [-79.46038330830373, 40.94264215717672]}, "properties": {"SGL": 287, "PGC_REGION": 2}}, {"type": "Feature", "geometry": {"type": "Point", "coordinates": [-79.63446896587837, 39.896724771422164]}, "properties": {"SGL": 51, "PGC_REGION": 2}}, {"type": "Feature", "geometry": {"type": "Point", "coordinates": [-79.596598762555, 39.86874488651906]}, "properties": {"SGL": 51, "PGC_REGION": 2}}, {"type": "Feature", "geometry": {"type": "Point", "coordinates": [-79.58737489156267, 39.90198601432615]}, "properties": {"SGL": 51, "PGC_REGION": 2}}, {"type": "Feature", "geometry": {"type": "Point", "coordinates": [-79.5214404743009, 39.93551581344304]}, "properties": {"SGL": 51, "PGC_REGION": 2}}, {"type": "Feature", "geometry": {"type": "Point", "coordinates": [-79.55217416215709, 39.9148478775762]}, "properties": {"SGL": 51, "PGC_REGION": 2}}, {"type": "Feature", "geometry": {"type": "Point", "coordinates": [-79.5879718539643, 39.93224803973667]}, "properties": {"SGL": 51, "PGC_REGION": 2}}, {"type": "Feature", "geometry": {"type": "Point", "coordinates": [-79.56752712590533, 39.90397353524925]}, "properties": {"SGL": 51, "PGC_REGION": 2}}, {"type": "Feature", "geometry": {"type": "Point", "coordinates": [-79.58936559209684, 39.904939124013474]}, "properties": {"SGL": 51, "PGC_REGION": 2}}, {"type": "Feature", "geometry": {"type": "Point", "coordinates": [-79.58433385080669, 39.897669083435034]}, "properties": {"SGL": 51, "PGC_REGION": 2}}, {"type": "Feature", "geometry": {"type": "Point", "coordinates": [-79.58579314104894, 39.89025487223973]}, "properties": {"SGL": 51, "PGC_REGION": 2}}, {"type": "Feature", "geometry": {"type": "Point", "coordinates": [-79.58204265834136, 39.87535686956683]}, "properties": {"SGL": 51, "PGC_REGION": 2}}, {"type": "Feature", "geometry": {"type": "Point", "coordinates": [-76.75185482353596, 41.60335002538553]}, "properties": {"SGL": 12, "PGC_REGION": 5}}, {"type": "Feature", "geometry": {"type": "Point", "coordinates": [-76.72996538712813, 41.61476969799836]}, "properties": {"SGL": 12, "PGC_REGION": 5}}, {"type": "Feature", "geometry": {"type": "Point", "coordinates": [-76.71483437317366, 41.62392173027258]}, "properties": {"SGL": 12, "PGC_REGION": 5}}, {"type": "Feature", "geometry": {"type": "Point", "coordinates": [-76.71500452357986, 41.6298379313553]}, "properties": {"SGL": 12, "PGC_REGION": 5}}, {"type": "Feature", "geometry": {"type": "Point", "coordinates": [-76.71504945444129, 41.62727768061488]}, "properties": {"SGL": 12, "PGC_REGION": 5}}, {"type": "Feature", "geometry": {"type": "Point", "coordinates": [-76.73770272989553, 41.610533647235535]}, "properties": {"SGL": 12, "PGC_REGION": 5}}, {"type": "Feature", "geometry": {"type": "Point", "coordinates": [-76.73493032823808, 41.60419533498509]}, "properties": {"SGL": 12, "PGC_REGION": 5}}, {"type": "Feature", "geometry": {"type": "Point", "coordinates": [-76.73430637818922, 41.60116452561276]}, "properties": {"SGL": 12, "PGC_REGION": 5}}, {"type": "Feature", "geometry": {"type": "Point", "coordinates": [-76.74601590184582, 41.61036391692232]}, "properties": {"SGL": 12, "PGC_REGION": 5}}, {"type": "Feature", "geometry": {"type": "Point", "coordinates": [-76.70447811098852, 41.638650163539175]}, "properties": {"SGL": 12, "PGC_REGION": 5}}, {"type": "Feature", "geometry": {"type": "Point", "coordinates": [-76.70120934006837, 41.645103564991814]}, "properties": {"SGL": 12, "PGC_REGION": 5}}, {"type": "Feature", "geometry": {"type": "Point", "coordinates": [-75.71176979681302, 41.96191445351833]}, "properties": {"SGL": 35, "PGC_REGION": 5}}, {"type": "Feature", "geometry": {"type": "Point", "coordinates": [-75.71249181781, 41.962785503713114]}, "properties": {"SGL": 35, "PGC_REGION": 5}}, {"type": "Feature", "geometry": {"type": "Point", "coordinates": [-76.49001180391801, 41.68772410615552]}, "properties": {"SGL": 36, "PGC_REGION": 5}}, {"type": "Feature", "geometry": {"type": "Point", "coordinates": [-76.5464751479649, 41.67821667809176]}, "properties": {"SGL": 36, "PGC_REGION": 5}}, {"type": "Feature", "geometry": {"type": "Point", "coordinates": [-76.54892848132796, 41.67858501159555]}, "properties": {"SGL": 36, "PGC_REGION": 5}}, {"type": "Feature", "geometry": {"type": "Point", "coordinates": [-76.55093348184282, 41.67922167858467]}, "properties": {"SGL": 36, "PGC_REGION": 5}}, {"type": "Feature", "geometry": {"type": "Point", "coordinates": [-76.55411514763294, 41.68027001117058]}, "properties": {"SGL": 36, "PGC_REGION": 5}}, {"type": "Feature", "geometry": {"type": "Point", "coordinates": [-76.56908348198189, 41.6669100115878]}, "properties": {"SGL": 36, "PGC_REGION": 5}}, {"type": "Feature", "geometry": {"type": "Point", "coordinates": [-76.57622514882027, 41.66418001169842]}, "properties": {"SGL": 36, "PGC_REGION": 5}}, {"type": "Feature", "geometry": {"type": "Point", "coordinates": [-76.51817551289876, 41.60134577011655]}, "properties": {"SGL": 36, "PGC_REGION": 5}}, {"type": "Feature", "geometry": {"type": "Point", "coordinates": [-76.51761958776672, 41.60079146479679]}, "properties": {"SGL": 36, "PGC_REGION": 5}}, {"type": "Feature", "geometry": {"type": "Point", "coordinates": [-76.51338514805425, 41.59659667900986]}, "properties": {"SGL": 36, "PGC_REGION": 5}}, {"type": "Feature", "geometry": {"type": "Point", "coordinates": [-76.5007918159925, 41.62175167877247]}, "properties": {"SGL": 36, "PGC_REGION": 5}}, {"type": "Feature", "geometry": {"type": "Point", "coordinates": [-76.50327014812645, 41.613715012494595]}, "properties": {"SGL": 36, "PGC_REGION": 5}}, {"type": "Feature", "geometry": {"type": "Point", "coordinates": [-76.3772555631884, 40.958205047887425]}, "properties": {"SGL": 58, "PGC_REGION": 5}}, {"type": "Feature", "geometry": {"type": "Point", "coordinates": [-76.39488557647708, 40.93861372275133]}, "properties": {"SGL": 58, "PGC_REGION": 5}}, {"type": "Feature", "geometry": {"type": "Point", "coordinates": [-76.37544066992143, 40.963422075506024]}, "properties": {"SGL": 58, "PGC_REGION": 5}}, {"type": "Feature", "geometry": {"type": "Point", "coordinates": [-76.334992951258, 40.9658380279715]}, "properties": {"SGL": 58, "PGC_REGION": 5}}, {"type": "Feature", "geometry": {"type": "Point", "coordinates": [-75.77142730390415, 41.204582438353]}, "properties": {"SGL": 91, "PGC_REGION": 5}}, {"type": "Feature", "geometry": {"type": "Point", "coordinates": [-75.78919603120421, 41.20888151264339]}, "properties": {"SGL": 91, "PGC_REGION": 5}}, {"type": "Feature", "geometry": {"type": "Point", "coordinates": [-75.786245981935, 41.21601102094456]}, "properties": {"SGL": 91, "PGC_REGION": 5}}, {"type": "Feature", "geometry": {"type": "Point", "coordinates": [-75.63679377827106, 41.13592650714463]}, "properties": {"SGL": 91, "PGC_REGION": 5}}, {"type": "Feature", "geometry": {"type": "Point", "coordinates": [-76.71854595852469, 40.95502979853366]}, "properties": {"SGL": 115, "PGC_REGION": 5}}, {"type": "Feature", "geometry": {"type": "Point", "coordinates": [-76.68938828778553, 40.96219114207456]}, "properties": {"SGL": 115, "PGC_REGION": 5}}, {"type": "Feature", "geometry": {"type": "Point", "coordinates": [-76.68595249261993, 40.964373985192424]}, "properties": {"SGL": 115, "PGC_REGION": 5}}, {"type": "Feature", "geometry": {"type": "Point", "coordinates": [-76.68380446227253, 40.96643546832382]}, "properties": {"SGL": 115, "PGC_REGION": 5}}, {"type": "Feature", "geometry": {"type": "Point", "coordinates": [-76.6841145109304, 40.967752464547175]}, "properties": {"SGL": 115, "PGC_REGION": 5}}, {"type": "Feature", "geometry": {"type": "Point", "coordinates": [-76.68860599348169, 40.96382581582059]}, "properties": {"SGL": 115, "PGC_REGION": 5}}, {"type": "Feature", "geometry": {"type": "Point", "coordinates": [-76.68621323764623, 40.964466763758935]}, "properties": {"SGL": 115, "PGC_REGION": 5}}, {"type": "Feature", "geometry": {"type": "Point", "coordinates": [-74.98561280502818, 41.44058815331706]}, "properties": {"SGL": 116, "PGC_REGION": 5}}, {"type": "Feature", "geometry": {"type": "Point", "coordinates": [-75.49751236407805, 41.21559161768944]}, "properties": {"SGL": 127, "PGC_REGION": 5}}, {"type": "Feature", "geometry": {"type": "Point", "coordinates": [-75.49536392692659, 41.21310596490208]}, "properties": {"SGL": 127, "PGC_REGION": 5}}, {"type": "Feature", "geometry": {"type": "Point", "coordinates": [-75.48387464748241, 41.20603995199089]}, "properties": {"SGL": 127, "PGC_REGION": 5}}, {"type": "Feature", "geometry": {"type": "Point", "coordinates": [-75.45960648262404, 41.188444227158406]}, "properties": {"SGL": 127, "PGC_REGION": 5}}, {"type": "Feature", "geometry": {"type": "Point", "coordinates": [-75.45839297023176, 41.18676238583664]}, "properties": {"SGL": 127, "PGC_REGION": 5}}, {"type": "Feature", "geometry": {"type": "Point", "coordinates": [-75.44101000030685, 41.172745606142804]}, "properties": {"SGL": 127, "PGC_REGION": 5}}, {"type": "Feature", "geometry": {"type": "Point", "coordinates": [-75.55169052935103, 41.24840273118696]}, "properties": {"SGL": 135, "PGC_REGION": 5}}, {"type": "Feature", "geometry": {"type": "Point", "coordinates": [-75.59719510649522, 41.22488598674514]}, "properties": {"SGL": 135, "PGC_REGION": 5}}, {"type": "Feature", "geometry": {"type": "Point", "coordinates": [-75.54829628645372, 41.22335746907594]}, "properties": {"SGL": 135, "PGC_REGION": 5}}, {"type": "Feature", "geometry": {"type": "Point", "coordinates": [-75.30148132391865, 41.6618129030106]}, "properties": {"SGL": 159, "PGC_REGION": 5}}, {"type": "Feature", "geometry": {"type": "Point", "coordinates": [-75.30040329107126, 41.66364461376469]}, "properties": {"SGL": 159, "PGC_REGION": 5}}, {"type": "Feature", "geometry": {"type": "Point", "coordinates": [-75.29842133749412, 41.663098846662514]}, "properties": {"SGL": 159, "PGC_REGION": 5}}, {"type": "Feature", "geometry": {"type": "Point", "coordinates": [-75.29760436968779, 41.66287139911152]}, "properties": {"SGL": 159, "PGC_REGION": 5}}, {"type": "Feature", "geometry": {"type": "Point", "coordinates": [-75.28839043724815, 41.66130281423998]}, "properties": {"SGL": 159, "PGC_REGION": 5}}, {"type": "Feature", "geometry": {"type": "Point", "coordinates": [-75.2919709799546, 41.66945826726718]}, "properties": {"SGL": 159, "PGC_REGION": 5}}, {"type": "Feature", "geometry": {"type": "Point", "coordinates": [-75.30900728850746, 41.675485913526494]}, "properties": {"SGL": 159, "PGC_REGION": 5}}, {"type": "Feature", "geometry": {"type": "Point", "coordinates": [-75.30509256194958, 41.664836656192456]}, "properties": {"SGL": 159, "PGC_REGION": 5}}, {"type": "Feature", "geometry": {"type": "Point", "coordinates": [-75.32307790569816, 41.699320153280965]}, "properties": {"SGL": 159, "PGC_REGION": 5}}, {"type": "Feature", "geometry": {"type": "Point", "coordinates": [-75.32252494537862, 41.734921849424495]}, "properties": {"SGL": 159, "PGC_REGION": 5}}, {"type": "Feature", "geometry": {"type": "Point", "coordinates": [-75.28207739275268, 41.694565765627885]}, "properties": {"SGL": 159, "PGC_REGION": 5}}, {"type": "Feature", "geometry": {"type": "Point", "coordinates": [-75.28029761773571, 41.69561823529114]}, "properties": {"SGL": 159, "PGC_REGION": 5}}, {"type": "Feature", "geometry": {"type": "Point", "coordinates": [-75.01383787945159, 41.34979054143048]}, "properties": {"SGL": 180, "PGC_REGION": 5}}, {"type": "Feature", "geometry": {"type": "Point", "coordinates": [-74.98472424822816, 41.381854565003366]}, "properties": {"SGL": 180, "PGC_REGION": 5}}, {"type": "Feature", "geometry": {"type": "Point", "coordinates": [-74.9863499726727, 41.39063931524455]}, "properties": {"SGL": 180, "PGC_REGION": 5}}, {"type": "Feature", "geometry": {"type": "Point", "coordinates": [-75.02114319791187, 41.335015705931006]}, "properties": {"SGL": 180, "PGC_REGION": 5}}, {"type": "Feature", "geometry": {"type": "Point", "coordinates": [-75.04305621436855, 41.374094329398154]}, "properties": {"SGL": 180, "PGC_REGION": 5}}, {"type": "Feature", "geometry": {"type": "Point", "coordinates": [-76.19669669449637, 41.96793583563368]}, "properties": {"SGL": 219, "PGC_REGION": 5}}, {"type": "Feature", "geometry": {"type": "Point", "coordinates": [-76.20769347586857, 41.968976627093554]}, "properties": {"SGL": 219, "PGC_REGION": 5}}, {"type": "Feature", "geometry": {"type": "Point", "coordinates": [-76.21140190441388, 41.96977230497444]}, "properties": {"SGL": 219, "PGC_REGION": 5}}, {"type": "Feature", "geometry": {"type": "Point", "coordinates": [-76.21339550869988, 41.97013949635725]}, "properties": {"SGL": 219, "PGC_REGION": 5}}, {"type": "Feature", "geometry": {"type": "Point", "coordinates": [-76.21611919543116, 41.97028352360157]}, "properties": {"SGL": 219, "PGC_REGION": 5}}, {"type": "Feature", "geometry": {"type": "Point", "coordinates": [-76.22289139208077, 41.970301281350196]}, "properties": {"SGL": 219, "PGC_REGION": 5}}, {"type": "Feature", "geometry": {"type": "Point", "coordinates": [-76.22357247134534, 41.969993177129766]}, "properties": {"SGL": 219, "PGC_REGION": 5}}, {"type": "Feature", "geometry": {"type": "Point", "coordinates": [-76.19708101035438, 41.960208689176675]}, "properties": {"SGL": 219, "PGC_REGION": 5}}, {"type": "Feature", "geometry": {"type": "Point", "coordinates": [-76.19685214990379, 41.9728327179323]}, "properties": {"SGL": 219, "PGC_REGION": 5}}, {"type": "Feature", "geometry": {"type": "Point", "coordinates": [-76.19707503665475, 41.979909905314486]}, "properties": {"SGL": 219, "PGC_REGION": 5}}, {"type": "Feature", "geometry": {"type": "Point", "coordinates": [-76.20056959098171, 41.979591642239086]}, "properties": {"SGL": 219, "PGC_REGION": 5}}, {"type": "Feature", "geometry": {"type": "Point", "coordinates": [-76.20912318332519, 41.980005268066485]}, "properties": {"SGL": 219, "PGC_REGION": 5}}, {"type": "Feature", "geometry": {"type": "Point", "coordinates": [-76.56840625054504, 41.1321358092351]}, "properties": {"SGL": 226, "PGC_REGION": 5}}, {"type": "Feature", "geometry": {"type": "Point", "coordinates": [-76.5747826125584, 41.13664712489372]}, "properties": {"SGL": 226, "PGC_REGION": 5}}, {"type": "Feature", "geometry": {"type": "Point", "coordinates": [-76.59626103049327, 41.147152319121396]}, "properties": {"SGL": 226, "PGC_REGION": 5}}, {"type": "Feature", "geometry": {"type": "Point", "coordinates": [-76.60015637486846, 41.14488081990336]}, "properties": {"SGL": 226, "PGC_REGION": 5}}, {"type": "Feature", "geometry": {"type": "Point", "coordinates": [-76.59756542234967, 41.139263983482024]}, "properties": {"SGL": 226, "PGC_REGION": 5}}, {"type": "Feature", "geometry": {"type": "Point", "coordinates": [-76.59548156828652, 41.13758929091015]}, "properties": {"SGL": 226, "PGC_REGION": 5}}, {"type": "Feature", "geometry": {"type": "Point", "coordinates": [-76.14502197376855, 41.13144140774543]}, "properties": {"SGL": 260, "PGC_REGION": 5}}, {"type": "Feature", "geometry": {"type": "Point", "coordinates": [-76.66105251139088, 41.79523236400159]}, "properties": {"SGL": 289, "PGC_REGION": 5}}, {"type": "Feature", "geometry": {"type": "Point", "coordinates": [-76.65243565619905, 41.794407986248764]}, "properties": {"SGL": 289, "PGC_REGION": 5}}, {"type": "Feature", "geometry": {"type": "Point", "coordinates": [-76.64969098559703, 41.79446005891344]}, "properties": {"SGL": 289, "PGC_REGION": 5}}, {"type": "Feature", "geometry": {"type": "Point", "coordinates": [-76.64648926471114, 41.79052002679345]}, "properties": {"SGL": 289, "PGC_REGION": 5}}, {"type": "Feature", "geometry": {"type": "Point", "coordinates": [-76.64231852225073, 41.78710643095713]}, "properties": {"SGL": 289, "PGC_REGION": 5}}, {"type": "Feature", "geometry": {"type": "Point", "coordinates": [-76.63866184410912, 41.78344111571149]}, "properties": {"SGL": 289, "PGC_REGION": 5}}, {"type": "Feature", "geometry": {"type": "Point", "coordinates": [-76.6373258152109, 41.781517817181495]}, "properties": {"SGL": 289, "PGC_REGION": 5}}, {"type": "Feature", "geometry": {"type": "Point", "coordinates": [-76.63605954857931, 41.780079834284884]}, "properties": {"SGL": 289, "PGC_REGION": 5}}, {"type": "Feature", "geometry": {"type": "Point", "coordinates": [-76.62288010530993, 41.787255399962504]}, "properties": {"SGL": 289, "PGC_REGION": 5}}, {"type": "Feature", "geometry": {"type": "Point", "coordinates": [-75.83521283451121, 41.213332906756605]}, "properties": {"SGL": 292, "PGC_REGION": 5}}, {"type": "Feature", "geometry": {"type": "Point", "coordinates": [-75.8338410121018, 41.2040789657166]}, "properties": {"SGL": 292, "PGC_REGION": 5}}, {"type": "Feature", "geometry": {"type": "Point", "coordinates": [-79.4505531825721, 40.91446808329871]}, "properties": {"SGL": 287, "PGC_REGION": 2}}, {"type": "Feature", "geometry": {"type": "Point", "coordinates": [-79.43719317893921, 40.91035808241981]}, "properties": {"SGL": 287, "PGC_REGION": 2}}, {"type": "Feature", "geometry": {"type": "Point", "coordinates": [-77.49246180774784, 40.99109367779551]}, "properties": {"SGL": 295, "PGC_REGION": 3}}, {"type": "Feature", "geometry": {"type": "Point", "coordinates": [-77.48645038976336, 40.985471773835506]}, "properties": {"SGL": 295, "PGC_REGION": 3}}, {"type": "Feature", "geometry": {"type": "Point", "coordinates": [-77.39386179018071, 41.030021960025124]}, "properties": {"SGL": 295, "PGC_REGION": 3}}, {"type": "Feature", "geometry": {"type": "Point", "coordinates": [-78.76412364968961, 40.09732860580609]}, "properties": {"SGL": 228, "PGC_REGION": 2}}, {"type": "Feature", "geometry": {"type": "Point", "coordinates": [-78.75711570824811, 40.095922455547154]}, "properties": {"SGL": 228, "PGC_REGION": 2}}, {"type": "Feature", "geometry": {"type": "Point", "coordinates": [-78.74583257446238, 40.09210240591315]}, "properties": {"SGL": 228, "PGC_REGION": 2}}, {"type": "Feature", "geometry": {"type": "Point", "coordinates": [-78.35087286489428, 41.44373303601922]}, "properties": {"SGL": 14, "PGC_REGION": 3}}, {"type": "Feature", "geometry": {"type": "Point", "coordinates": [-78.34498355556359, 41.45675975632207]}, "properties": {"SGL": 14, "PGC_REGION": 3}}, {"type": "Feature", "geometry": {"type": "Point", "coordinates": [-78.33352337933758, 41.44105510970114]}, "properties": {"SGL": 14, "PGC_REGION": 3}}, {"type": "Feature", "geometry": {"type": "Point", "coordinates": [-78.32855860554699, 41.439430556274274]}, "properties": {"SGL": 14, "PGC_REGION": 3}}, {"type": "Feature", "geometry": {"type": "Point", "coordinates": [-78.39136938198348, 41.47094942395023]}, "properties": {"SGL": 14, "PGC_REGION": 3}}, {"type": "Feature", "geometry": {"type": "Point", "coordinates": [-76.52183424621184, 40.237898170746924]}, "properties": {"SGL": 145, "PGC_REGION": 6}}, {"type": "Feature", "geometry": {"type": "Point", "coordinates": [-76.50565320906918, 40.2253621160124]}, "properties": {"SGL": 145, "PGC_REGION": 6}}, {"type": "Feature", "geometry": {"type": "Point", "coordinates": [-76.52340498602226, 40.21814700693111]}, "properties": {"SGL": 145, "PGC_REGION": 6}}, {"type": "Feature", "geometry": {"type": "Point", "coordinates": [-76.50813289047655, 40.235114461423514]}, "properties": {"SGL": 145, "PGC_REGION": 6}}, {"type": "Feature", "geometry": {"type": "Point", "coordinates": [-76.50391577616504, 40.22967690042407]}, "properties": {"SGL": 145, "PGC_REGION": 6}}, {"type": "Feature", "geometry": {"type": "Point", "coordinates": [-76.48899317043166, 40.241499425099576]}, "properties": {"SGL": 145, "PGC_REGION": 6}}, {"type": "Feature", "geometry": {"type": "Point", "coordinates": [-76.48790577977486, 40.237751940448]}, "properties": {"SGL": 145, "PGC_REGION": 6}}, {"type": "Feature", "geometry": {"type": "Point", "coordinates": [-76.4925514931296, 40.243301814186104]}, "properties": {"SGL": 145, "PGC_REGION": 6}}, {"type": "Feature", "geometry": {"type": "Point", "coordinates": [-76.46387061392637, 40.244292950205434]}, "properties": {"SGL": 145, "PGC_REGION": 6}}, {"type": "Feature", "geometry": {"type": "Point", "coordinates": [-76.48135869169174, 40.23867503380452]}, "properties": {"SGL": 145, "PGC_REGION": 6}}, {"type": "Feature", "geometry": {"type": "Point", "coordinates": [-76.46081151452425, 40.23598043768041]}, "properties": {"SGL": 145, "PGC_REGION": 6}}, {"type": "Feature", "geometry": {"type": "Point", "coordinates": [-79.19069920003639, 40.42420241762694]}, "properties": {"SGL": 153, "PGC_REGION": 2}}, {"type": "Feature", "geometry": {"type": "Point", "coordinates": [-79.13867348812201, 40.42543163320258]}, "properties": {"SGL": 153, "PGC_REGION": 2}}, {"type": "Feature", "geometry": {"type": "Point", "coordinates": [-79.16079422671086, 40.39235252321191]}, "properties": {"SGL": 153, "PGC_REGION": 2}}, {"type": "Feature", "geometry": {"type": "Point", "coordinates": [-79.20044214340811, 40.42502302356119]}, "properties": {"SGL": 153, "PGC_REGION": 2}}, {"type": "Feature", "geometry": {"type": "Point", "coordinates": [-76.37994464032771, 39.840509734417616]}, "properties": {"SGL": 181, "PGC_REGION": 4}}, {"type": "Feature", "geometry": {"type": "Point", "coordinates": [-76.21686338257122, 40.29130313656271]}, "properties": {"SGL": 46, "PGC_REGION": 6}}, {"type": "Feature", "geometry": {"type": "Point", "coordinates": [-76.2143607686349, 40.27048892187246]}, "properties": {"SGL": 46, "PGC_REGION": 6}}, {"type": "Feature", "geometry": {"type": "Point", "coordinates": [-76.28942779989944, 40.25857352641761]}, "properties": {"SGL": 46, "PGC_REGION": 6}}, {"type": "Feature", "geometry": {"type": "Point", "coordinates": [-76.29889432358672, 40.23898385988732]}, "properties": {"SGL": 46, "PGC_REGION": 6}}, {"type": "Feature", "geometry": {"type": "Point", "coordinates": [-76.24250572180483, 40.29607610752405]}, "properties": {"SGL": 46, "PGC_REGION": 6}}, {"type": "Feature", "geometry": {"type": "Point", "coordinates": [-78.9135905924337, 39.78998476213628]}, "properties": {"SGL": 82, "PGC_REGION": 2}}, {"type": "Feature", "geometry": {"type": "Point", "coordinates": [-75.961022657949, 40.66845219404796]}, "properties": {"SGL": 106, "PGC_REGION": 6}}, {"type": "Feature", "geometry": {"type": "Point", "coordinates": [-75.92049843281404, 40.68132247322295]}, "properties": {"SGL": 106, "PGC_REGION": 6}}, {"type": "Feature", "geometry": {"type": "Point", "coordinates": [-75.95343712579988, 40.625564379170775]}, "properties": {"SGL": 106, "PGC_REGION": 6}}, {"type": "Feature", "geometry": {"type": "Point", "coordinates": [-75.95114041575376, 40.62568238202409]}, "properties": {"SGL": 106, "PGC_REGION": 6}}, {"type": "Feature", "geometry": {"type": "Point", "coordinates": [-76.01035617502278, 40.625462910989555]}, "properties": {"SGL": 106, "PGC_REGION": 6}}, {"type": "Feature", "geometry": {"type": "Point", "coordinates": [-78.25791850575597, 40.98462708629771]}, "properties": {"SGL": 78, "PGC_REGION": 3}}, {"type": "Feature", "geometry": {"type": "Point", "coordinates": [-79.07088677346859, 40.609008942251485]}, "properties": {"SGL": 248, "PGC_REGION": 2}}, {"type": "Feature", "geometry": {"type": "Point", "coordinates": [-76.95213804117542, 40.09203918293698]}, "properties": {"SGL": 242, "PGC_REGION": 4}}, {"type": "Feature", "geometry": {"type": "Point", "coordinates": [-79.05538302072632, 40.362607993819914]}, "properties": {"SGL": 42, "PGC_REGION": 2}}, {"type": "Feature", "geometry": {"type": "Point", "coordinates": [-79.0544682659114, 40.36095109968911]}, "properties": {"SGL": 42, "PGC_REGION": 2}}, {"type": "Feature", "geometry": {"type": "Point", "coordinates": [-79.05430301890705, 40.35920799380111]}, "properties": {"SGL": 42, "PGC_REGION": 2}}, {"type": "Feature", "geometry": {"type": "Point", "coordinates": [-79.05359301922937, 40.35934799401855]}, "properties": {"SGL": 42, "PGC_REGION": 2}}, {"type": "Feature", "geometry": {"type": "Point", "coordinates": [-79.05921302057588, 40.35143799171776]}, "properties": {"SGL": 42, "PGC_REGION": 2}}, {"type": "Feature", "geometry": {"type": "Point", "coordinates": [-79.07013301378356, 40.22121796673972]}, "properties": {"SGL": 42, "PGC_REGION": 2}}, {"type": "Feature", "geometry": {"type": "Point", "coordinates": [-79.09048879446814, 40.21222390463104]}, "properties": {"SGL": 42, "PGC_REGION": 2}}, {"type": "Feature", "geometry": {"type": "Point", "coordinates": [-79.1025830249206, 40.22393796544321]}, "properties": {"SGL": 42, "PGC_REGION": 2}}, {"type": "Feature", "geometry": {"type": "Point", "coordinates": [-78.92093564210911, 40.832757965426474]}, "properties": {"SGL": 262, "PGC_REGION": 2}}, {"type": "Feature", "geometry": {"type": "Point", "coordinates": [-78.870903141991, 40.83030413988386]}, "properties": {"SGL": 262, "PGC_REGION": 2}}, {"type": "Feature", "geometry": {"type": "Point", "coordinates": [-76.96345373691203, 41.138257819028965]}, "properties": {"SGL": 252, "PGC_REGION": 3}}, {"type": "Feature", "geometry": {"type": "Point", "coordinates": [-76.96818971148804, 41.14098760711131]}, "properties": {"SGL": 252, "PGC_REGION": 3}}, {"type": "Feature", "geometry": {"type": "Point", "coordinates": [-76.97357347542868, 41.13503205145501]}, "properties": {"SGL": 252, "PGC_REGION": 3}}, {"type": "Feature", "geometry": {"type": "Point", "coordinates": [-76.97163057374328, 41.130342868576896]}, "properties": {"SGL": 252, "PGC_REGION": 3}}, {"type": "Feature", "geometry": {"type": "Point", "coordinates": [-76.97309812646313, 41.128468356361346]}, "properties": {"SGL": 252, "PGC_REGION": 3}}, {"type": "Feature", "geometry": {"type": "Point", "coordinates": [-76.35255915360374, 40.643019286483494]}, "properties": {"SGL": 229, "PGC_REGION": 6}}, {"type": "Feature", "geometry": {"type": "Point", "coordinates": [-76.35621924518114, 40.641182630249794]}, "properties": {"SGL": 229, "PGC_REGION": 6}}, {"type": "Feature", "geometry": {"type": "Point", "coordinates": [-76.4330984826458, 40.584398305331575]}, "properties": {"SGL": 229, "PGC_REGION": 6}}, {"type": "Feature", "geometry": {"type": "Point", "coordinates": [-78.49141619878897, 40.57065963757379]}, "properties": {"SGL": 184, "PGC_REGION": 2}}, {"type": "Feature", "geometry": {"type": "Point", "coordinates": [-78.46283256090908, 40.58735958200566]}, "properties": {"SGL": 184, "PGC_REGION": 2}}, {"type": "Feature", "geometry": {"type": "Point", "coordinates": [-78.45959212080665, 40.58602677132269]}, "properties": {"SGL": 184, "PGC_REGION": 2}}, {"type": "Feature", "geometry": {"type": "Point", "coordinates": [-78.5231647642504, 40.580374753388334]}, "properties": {"SGL": 184, "PGC_REGION": 2}}, {"type": "Feature", "geometry": {"type": "Point", "coordinates": [-77.44332261950174, 41.47962690913599]}, "properties": {"SGL": 68, "PGC_REGION": 3}}, {"type": "Feature", "geometry": {"type": "Point", "coordinates": [-78.29780241461582, 41.817782184981674]}, "properties": {"SGL": 61, "PGC_REGION": 3}}, {"type": "Feature", "geometry": {"type": "Point", "coordinates": [-78.36627243368761, 41.80794426885091]}, "properties": {"SGL": 61, "PGC_REGION": 3}}, {"type": "Feature", "geometry": {"type": "Point", "coordinates": [-78.30677734918514, 41.804428879303444]}, "properties": {"SGL": 61, "PGC_REGION": 3}}, {"type": "Feature", "geometry": {"type": "Point", "coordinates": [-78.31989534010003, 41.78816430646491]}, "properties": {"SGL": 61, "PGC_REGION": 3}}, {"type": "Feature", "geometry": {"type": "Point", "coordinates": [-75.13909096469513, 40.55915502927548]}, "properties": {"SGL": 56, "PGC_REGION": 6}}, {"type": "Feature", "geometry": {"type": "Point", "coordinates": [-78.5954883823252, 40.726109853798484]}, "properties": {"SGL": 120, "PGC_REGION": 2}}, {"type": "Feature", "geometry": {"type": "Point", "coordinates": [-78.59185106149774, 40.73886007653102]}, "properties": {"SGL": 120, "PGC_REGION": 2}}, {"type": "Feature", "geometry": {"type": "Point", "coordinates": [-78.59596707451782, 40.75121214831025]}, "properties": {"SGL": 120, "PGC_REGION": 2}}, {"type": "Feature", "geometry": {"type": "Point", "coordinates": [-78.62337004155275, 40.73435479466533]}, "properties": {"SGL": 120, "PGC_REGION": 2}}, {"type": "Feature", "geometry": {"type": "Point", "coordinates": [-78.62555470211281, 40.73133806406032]}, "properties": {"SGL": 120, "PGC_REGION": 2}}, {"type": "Feature", "geometry": {"type": "Point", "coordinates": [-79.64469697829638, 40.97877503716292]}, "properties": {"SGL": 105, "PGC_REGION": 2}}, {"type": "Feature", "geometry": {"type": "Point", "coordinates": [-79.62059597951406, 40.961364314796064]}, "properties": {"SGL": 105, "PGC_REGION": 2}}, {"type": "Feature", "geometry": {"type": "Point", "coordinates": [-79.59154773043959, 40.95674152557045]}, "properties": {"SGL": 105, "PGC_REGION": 2}}, {"type": "Feature", "geometry": {"type": "Point", "coordinates": [-75.95756172582301, 40.18130514048931]}, "properties": {"SGL": 52, "PGC_REGION": 6}}, {"type": "Feature", "geometry": {"type": "Point", "coordinates": [-75.92176143271891, 40.20126380171588]}, "properties": {"SGL": 52, "PGC_REGION": 6}}, {"type": "Feature", "geometry": {"type": "Point", "coordinates": [-76.63089514836328, 41.6358650114354]}, "properties": {"SGL": 12, "PGC_REGION": 5}}, {"type": "Feature", "geometry": {"type": "Point", "coordinates": [-76.79202681485918, 41.59336334554959]}, "properties": {"SGL": 12, "PGC_REGION": 5}}, {"type": "Feature", "geometry": {"type": "Point", "coordinates": [-76.79140181462094, 41.5934233456549]}, "properties": {"SGL": 12, "PGC_REGION": 5}}, {"type": "Feature", "geometry": {"type": "Point", "coordinates": [-76.78528848116888, 41.59141334545828]}, "properties": {"SGL": 12, "PGC_REGION": 5}}, {"type": "Feature", "geometry": {"type": "Point", "coordinates": [-76.78116348047641, 41.59407167824164]}, "properties": {"SGL": 12, "PGC_REGION": 5}}, {"type": "Feature", "geometry": {"type": "Point", "coordinates": [-76.6660334815394, 41.588000011416234]}, "properties": {"SGL": 12, "PGC_REGION": 5}}, {"type": "Feature", "geometry": {"type": "Point", "coordinates": [-75.70697314195748, 41.95511144357224]}, "properties": {"SGL": 35, "PGC_REGION": 5}}, {"type": "Feature", "geometry": {"type": "Point", "coordinates": [-75.64135494101996, 41.91260794486444]}, "properties": {"SGL": 35, "PGC_REGION": 5}}, {"type": "Feature", "geometry": {"type": "Point", "coordinates": [-76.62566422515002, 41.62911231498779]}, "properties": {"SGL": 36, "PGC_REGION": 5}}, {"type": "Feature", "geometry": {"type": "Point", "coordinates": [-76.62419780481986, 41.633015765567706]}, "properties": {"SGL": 36, "PGC_REGION": 5}}, {"type": "Feature", "geometry": {"type": "Point", "coordinates": [-76.62397920449935, 41.62958555459268]}, "properties": {"SGL": 36, "PGC_REGION": 5}}, {"type": "Feature", "geometry": {"type": "Point", "coordinates": [-76.54090530154426, 41.67011349556687]}, "properties": {"SGL": 36, "PGC_REGION": 5}}, {"type": "Feature", "geometry": {"type": "Point", "coordinates": [-76.62840368549281, 41.62221409349909]}, "properties": {"SGL": 36, "PGC_REGION": 5}}, {"type": "Feature", "geometry": {"type": "Point", "coordinates": [-76.63033839652985, 41.61942132292418]}, "properties": {"SGL": 36, "PGC_REGION": 5}}, {"type": "Feature", "geometry": {"type": "Point", "coordinates": [-76.60988209973434, 41.63418060604285]}, "properties": {"SGL": 36, "PGC_REGION": 5}}, {"type": "Feature", "geometry": {"type": "Point", "coordinates": [-76.62546681490242, 41.629078344897586]}, "properties": {"SGL": 36, "PGC_REGION": 5}}, {"type": "Feature", "geometry": {"type": "Point", "coordinates": [-76.62370181481549, 41.62950501130602]}, "properties": {"SGL": 36, "PGC_REGION": 5}}, {"type": "Feature", "geometry": {"type": "Point", "coordinates": [-75.69727742684803, 41.099489039722485]}, "properties": {"SGL": 40, "PGC_REGION": 5}}, {"type": "Feature", "geometry": {"type": "Point", "coordinates": [-75.68638034098414, 41.08804508485654]}, "properties": {"SGL": 40, "PGC_REGION": 5}}, {"type": "Feature", "geometry": {"type": "Point", "coordinates": [-75.68314000054404, 41.0980501121168]}, "properties": {"SGL": 40, "PGC_REGION": 5}}, {"type": "Feature", "geometry": {"type": "Point", "coordinates": [-75.6851621517227, 41.09401139714757]}, "properties": {"SGL": 40, "PGC_REGION": 5}}, {"type": "Feature", "geometry": {"type": "Point", "coordinates": [-75.67162269429178, 41.08594130724296]}, "properties": {"SGL": 40, "PGC_REGION": 5}}, {"type": "Feature", "geometry": {"type": "Point", "coordinates": [-76.28663070149794, 41.11563336182842]}, "properties": {"SGL": 55, "PGC_REGION": 5}}, {"type": "Feature", "geometry": {"type": "Point", "coordinates": [-76.45278764567973, 40.74362719775306]}, "properties": {"SGL": 84, "PGC_REGION": 5}}, {"type": "Feature", "geometry": {"type": "Point", "coordinates": [-76.45288097914829, 40.74360389271346]}, "properties": {"SGL": 84, "PGC_REGION": 5}}, {"type": "Feature", "geometry": {"type": "Point", "coordinates": [-76.55617087145042, 40.73588357708353]}, "properties": {"SGL": 84, "PGC_REGION": 5}}, {"type": "Feature", "geometry": {"type": "Point", "coordinates": [-76.56021882285545, 40.73546464655636]}, "properties": {"SGL": 84, "PGC_REGION": 5}}, {"type": "Feature", "geometry": {"type": "Point", "coordinates": [-75.67029612063897, 41.29682211621848]}, "properties": {"SGL": 91, "PGC_REGION": 5}}, {"type": "Feature", "geometry": {"type": "Point", "coordinates": [-75.66158903772941, 41.28840591479023]}, "properties": {"SGL": 91, "PGC_REGION": 5}}, {"type": "Feature", "geometry": {"type": "Point", "coordinates": [-75.69146664520483, 41.25954220122893]}, "properties": {"SGL": 91, "PGC_REGION": 5}}, {"type": "Feature", "geometry": {"type": "Point", "coordinates": [-75.70977406613093, 41.24355929497967]}, "properties": {"SGL": 91, "PGC_REGION": 5}}, {"type": "Feature", "geometry": {"type": "Point", "coordinates": [-75.68929671343778, 41.23143730369589]}, "properties": {"SGL": 91, "PGC_REGION": 5}}, {"type": "Feature", "geometry": {"type": "Point", "coordinates": [-75.6881969845297, 41.221130459573565]}, "properties": {"SGL": 91, "PGC_REGION": 5}}, {"type": "Feature", "geometry": {"type": "Point", "coordinates": [-76.78859520177141, 41.91256257822386]}, "properties": {"SGL": 123, "PGC_REGION": 5}}, {"type": "Feature", "geometry": {"type": "Point", "coordinates": [-76.77320093718757, 41.90789892046934]}, "properties": {"SGL": 123, "PGC_REGION": 5}}, {"type": "Feature", "geometry": {"type": "Point", "coordinates": [-76.74772859547419, 41.91055300391333]}, "properties": {"SGL": 123, "PGC_REGION": 5}}, {"type": "Feature", "geometry": {"type": "Point", "coordinates": [-75.51418183154206, 41.12200008452749]}, "properties": {"SGL": 127, "PGC_REGION": 5}}, {"type": "Feature", "geometry": {"type": "Point", "coordinates": [-75.5017636953834, 41.22787315655118]}, "properties": {"SGL": 127, "PGC_REGION": 5}}, {"type": "Feature", "geometry": {"type": "Point", "coordinates": [-75.47517899153833, 41.13195816401622]}, "properties": {"SGL": 127, "PGC_REGION": 5}}, {"type": "Feature", "geometry": {"type": "Point", "coordinates": [-75.44368261056532, 41.16746360785993]}, "properties": {"SGL": 127, "PGC_REGION": 5}}, {"type": "Feature", "geometry": {"type": "Point", "coordinates": [-75.43972452574238, 41.16805722632381]}, "properties": {"SGL": 127, "PGC_REGION": 5}}, {"type": "Feature", "geometry": {"type": "Point", "coordinates": [-75.43465421032734, 41.168773348703525]}, "properties": {"SGL": 127, "PGC_REGION": 5}}, {"type": "Feature", "geometry": {"type": "Point", "coordinates": [-75.45496521955648, 41.16264377633756]}, "properties": {"SGL": 127, "PGC_REGION": 5}}, {"type": "Feature", "geometry": {"type": "Point", "coordinates": [-75.52207480082888, 41.22159802528586]}, "properties": {"SGL": 127, "PGC_REGION": 5}}, {"type": "Feature", "geometry": {"type": "Point", "coordinates": [-75.5237213979933, 41.22198588401086]}, "properties": {"SGL": 127, "PGC_REGION": 5}}, {"type": "Feature", "geometry": {"type": "Point", "coordinates": [-75.83540532042497, 40.893575081277945]}, "properties": {"SGL": 141, "PGC_REGION": 5}}, {"type": "Feature", "geometry": {"type": "Point", "coordinates": [-75.8377769493846, 40.89293286619769]}, "properties": {"SGL": 141, "PGC_REGION": 5}}, {"type": "Feature", "geometry": {"type": "Point", "coordinates": [-75.85869262092267, 40.8908737466735]}, "properties": {"SGL": 141, "PGC_REGION": 5}}, {"type": "Feature", "geometry": {"type": "Point", "coordinates": [-75.80594560896354, 40.892155681234]}, "properties": {"SGL": 141, "PGC_REGION": 5}}, {"type": "Feature", "geometry": {"type": "Point", "coordinates": [-75.81096468308189, 40.89596677568777]}, "properties": {"SGL": 141, "PGC_REGION": 5}}, {"type": "Feature", "geometry": {"type": "Point", "coordinates": [-75.67241136259477, 40.94155601789237]}, "properties": {"SGL": 141, "PGC_REGION": 5}}, {"type": "Feature", "geometry": {"type": "Point", "coordinates": [-75.67649745439266, 40.9430321526395]}, "properties": {"SGL": 141, "PGC_REGION": 5}}, {"type": "Feature", "geometry": {"type": "Point", "coordinates": [-75.68264362648378, 40.94342253289493]}, "properties": {"SGL": 141, "PGC_REGION": 5}}, {"type": "Feature", "geometry": {"type": "Point", "coordinates": [-75.68714158091608, 40.94468526565824]}, "properties": {"SGL": 141, "PGC_REGION": 5}}, {"type": "Feature", "geometry": {"type": "Point", "coordinates": [-75.69893053546939, 40.94167832741221]}, "properties": {"SGL": 141, "PGC_REGION": 5}}, {"type": "Feature", "geometry": {"type": "Point", "coordinates": [-75.28142343894235, 41.7628620133953]}, "properties": {"SGL": 159, "PGC_REGION": 5}}, {"type": "Feature", "geometry": {"type": "Point", "coordinates": [-76.66674392865161, 40.78653739319768]}, "properties": {"SGL": 165, "PGC_REGION": 5}}, {"type": "Feature", "geometry": {"type": "Point", "coordinates": [-76.62246298586302, 40.81083840329743]}, "properties": {"SGL": 165, "PGC_REGION": 5}}, {"type": "Feature", "geometry": {"type": "Point", "coordinates": [-76.28145835389371, 41.61954326322527]}, "properties": {"SGL": 172, "PGC_REGION": 5}}, {"type": "Feature", "geometry": {"type": "Point", "coordinates": [-76.27570383891938, 41.62558173729151]}, "properties": {"SGL": 172, "PGC_REGION": 5}}, {"type": "Feature", "geometry": {"type": "Point", "coordinates": [-75.0109406841448, 41.39665245697665]}, "properties": {"SGL": 180, "PGC_REGION": 5}}, {"type": "Feature", "geometry": {"type": "Point", "coordinates": [-75.00462007964526, 41.398780218506865]}, "properties": {"SGL": 180, "PGC_REGION": 5}}, {"type": "Feature", "geometry": {"type": "Point", "coordinates": [-74.96914113040782, 41.390154270941466]}, "properties": {"SGL": 180, "PGC_REGION": 5}}, {"type": "Feature", "geometry": {"type": "Point", "coordinates": [-74.97285255461871, 41.391341440883366]}, "properties": {"SGL": 180, "PGC_REGION": 5}}, {"type": "Feature", "geometry": {"type": "Point", "coordinates": [-74.9740889248391, 41.38922779620294]}, "properties": {"SGL": 180, "PGC_REGION": 5}}, {"type": "Feature", "geometry": {"type": "Point", "coordinates": [-76.18651505867889, 41.98930303758258]}, "properties": {"SGL": 219, "PGC_REGION": 5}}, {"type": "Feature", "geometry": {"type": "Point", "coordinates": [-76.18619345021065, 41.98916533157908]}, "properties": {"SGL": 219, "PGC_REGION": 5}}, {"type": "Feature", "geometry": {"type": "Point", "coordinates": [-76.18046972884278, 41.99392777802901]}, "properties": {"SGL": 219, "PGC_REGION": 5}}, {"type": "Feature", "geometry": {"type": "Point", "coordinates": [-76.17929528223276, 41.994064291590355]}, "properties": {"SGL": 219, "PGC_REGION": 5}}, {"type": "Feature", "geometry": {"type": "Point", "coordinates": [-76.1766634415095, 41.99416011807364]}, "properties": {"SGL": 219, "PGC_REGION": 5}}, {"type": "Feature", "geometry": {"type": "Point", "coordinates": [-76.16914548447991, 41.9936976374251]}, "properties": {"SGL": 219, "PGC_REGION": 5}}, {"type": "Feature", "geometry": {"type": "Point", "coordinates": [-76.18843859960973, 41.966435863632405]}, "properties": {"SGL": 219, "PGC_REGION": 5}}, {"type": "Feature", "geometry": {"type": "Point", "coordinates": [-76.18151135824571, 41.970012799305024]}, "properties": {"SGL": 219, "PGC_REGION": 5}}, {"type": "Feature", "geometry": {"type": "Point", "coordinates": [-76.1901108749637, 41.97718395113869]}, "properties": {"SGL": 219, "PGC_REGION": 5}}, {"type": "Feature", "geometry": {"type": "Point", "coordinates": [-76.19342457215353, 41.979422736319755]}, "properties": {"SGL": 219, "PGC_REGION": 5}}, {"type": "Feature", "geometry": {"type": "Point", "coordinates": [-76.1441670954663, 41.98286220237052]}, "properties": {"SGL": 219, "PGC_REGION": 5}}, {"type": "Feature", "geometry": {"type": "Point", "coordinates": [-76.21283975188742, 41.94631360095566]}, "properties": {"SGL": 219, "PGC_REGION": 5}}, {"type": "Feature", "geometry": {"type": "Point", "coordinates": [-75.54226186475279, 41.76619521084216]}, "properties": {"SGL": 236, "PGC_REGION": 5}}, {"type": "Feature", "geometry": {"type": "Point", "coordinates": [-75.51280182305437, 41.736923783788406]}, "properties": {"SGL": 236, "PGC_REGION": 5}}, {"type": "Feature", "geometry": {"type": "Point", "coordinates": [-75.49372171997526, 41.73114327855614]}, "properties": {"SGL": 236, "PGC_REGION": 5}}, {"type": "Feature", "geometry": {"type": "Point", "coordinates": [-76.27882892314325, 41.668079632974255]}, "properties": {"SGL": 237, "PGC_REGION": 5}}, {"type": "Feature", "geometry": {"type": "Point", "coordinates": [-76.61872209363843, 41.90923414857256]}, "properties": {"SGL": 239, "PGC_REGION": 5}}, {"type": "Feature", "geometry": {"type": "Point", "coordinates": [-75.56831644571244, 41.52436625794532]}, "properties": {"SGL": 307, "PGC_REGION": 5}}, {"type": "Feature", "geometry": {"type": "Point", "coordinates": [-75.55632443794094, 41.53165745842111]}, "properties": {"SGL": 307, "PGC_REGION": 5}}, {"type": "Feature", "geometry": {"type": "Point", "coordinates": [-75.41737994201941, 41.434211298684566]}, "properties": {"SGL": 310, "PGC_REGION": 5}}, {"type": "Feature", "geometry": {"type": "Point", "coordinates": [-75.43795319389994, 41.44528455075147]}, "properties": {"SGL": 310, "PGC_REGION": 5}}, {"type": "Feature", "geometry": {"type": "Point", "coordinates": [-75.41154123140912, 41.464823732573684]}, "properties": {"SGL": 310, "PGC_REGION": 5}}, {"type": "Feature", "geometry": {"type": "Point", "coordinates": [-75.43376563803298, 41.43309260777552]}, "properties": {"SGL": 310, "PGC_REGION": 5}}, {"type": "Feature", "geometry": {"type": "Point", "coordinates": [-75.41370241945111, 41.4448140343786]}, "properties": {"SGL": 310, "PGC_REGION": 5}}, {"type": "Feature", "geometry": {"type": "Point", "coordinates": [-75.07674948325936, 41.55519786690427]}, "properties": {"SGL": 316, "PGC_REGION": 5}}, {"type": "Feature", "geometry": {"type": "Point", "coordinates": [-75.06758140466702, 41.555113838176666]}, "properties": {"SGL": 316, "PGC_REGION": 5}}, {"type": "Feature", "geometry": {"type": "Point", "coordinates": [-75.077864491237, 41.55924176634109]}, "properties": {"SGL": 316, "PGC_REGION": 5}}, {"type": "Feature", "geometry": {"type": "Point", "coordinates": [-76.749959858644, 41.165045517503934]}, "properties": {"SGL": 325, "PGC_REGION": 5}}, {"type": "Feature", "geometry": {"type": "Point", "coordinates": [-76.76382971838379, 41.16408281320652]}, "properties": {"SGL": 325, "PGC_REGION": 5}}, {"type": "Feature", "geometry": {"type": "Point", "coordinates": [-76.76148184489452, 41.162798810499325]}, "properties": {"SGL": 325, "PGC_REGION": 5}}, {"type": "Feature", "geometry": {"type": "Point", "coordinates": [-76.34890857430806, 40.23392608240572]}, "properties": {"SGL": 156, "PGC_REGION": 6}}, {"type": "Feature", "geometry": {"type": "Point", "coordinates": [-76.35848024592633, 40.24323637470456]}, "properties": {"SGL": 156, "PGC_REGION": 6}}, {"type": "Feature", "geometry": {"type": "Point", "coordinates": [-76.35753824828714, 40.24684595016961]}, "properties": {"SGL": 156, "PGC_REGION": 6}}, {"type": "Feature", "geometry": {"type": "Point", "coordinates": [-76.33674773414015, 40.2420085551799]}, "properties": {"SGL": 156, "PGC_REGION": 6}}, {"type": "Feature", "geometry": {"type": "Point", "coordinates": [-76.35648849294206, 40.27820098945824]}, "properties": {"SGL": 156, "PGC_REGION": 6}}, {"type": "Feature", "geometry": {"type": "Point", "coordinates": [-79.02115022576375, 39.77414636062555]}, "properties": {"SGL": 231, "PGC_REGION": 2}}, {"type": "Feature", "geometry": {"type": "Point", "coordinates": [-80.14444616613545, 40.08840357713764]}, "properties": {"SGL": 297, "PGC_REGION": 2}}, {"type": "Feature", "geometry": {"type": "Point", "coordinates": [-80.14168781072257, 40.090492468946145]}, "properties": {"SGL": 297, "PGC_REGION": 2}}, {"type": "Feature", "geometry": {"type": "Point", "coordinates": [-80.13290062500622, 40.091512806137395]}, "properties": {"SGL": 297, "PGC_REGION": 2}}, {"type": "Feature", "geometry": {"type": "Point", "coordinates": [-80.13067117324887, 40.088181036846805]}, "properties": {"SGL": 297, "PGC_REGION": 2}}, {"type": "Feature", "geometry": {"type": "Point", "coordinates": [-76.25130062653389, 40.281958982219564]}, "properties": {"SGL": 46, "PGC_REGION": 6}}, {"type": "Feature", "geometry": {"type": "Point", "coordinates": [-76.2593179846913, 40.272812009768295]}, "properties": {"SGL": 46, "PGC_REGION": 6}}, {"type": "Feature", "geometry": {"type": "Point", "coordinates": [-76.25801853303844, 40.27073431468058]}, "properties": {"SGL": 46, "PGC_REGION": 6}}, {"type": "Feature", "geometry": {"type": "Point", "coordinates": [-76.2551130291833, 40.266836353704136]}, "properties": {"SGL": 46, "PGC_REGION": 6}}, {"type": "Feature", "geometry": {"type": "Point", "coordinates": [-76.24825004605856, 40.26813132760161]}, "properties": {"SGL": 46, "PGC_REGION": 6}}, {"type": "Feature", "geometry": {"type": "Point", "coordinates": [-80.40258001803562, 39.83299267619518]}, "properties": {"SGL": 179, "PGC_REGION": 2}}, {"type": "Feature", "geometry": {"type": "Point", "coordinates": [-80.38865699355564, 39.826428475346596]}, "properties": {"SGL": 179, "PGC_REGION": 2}}, {"type": "Feature", "geometry": {"type": "Point", "coordinates": [-80.34891720714467, 39.78697551883334]}, "properties": {"SGL": 179, "PGC_REGION": 2}}, {"type": "Feature", "geometry": {"type": "Point", "coordinates": [-80.36379500249382, 39.78004108647935]}, "properties": {"SGL": 179, "PGC_REGION": 2}}, {"type": "Feature", "geometry": {"type": "Point", "coordinates": [-80.35391960772955, 39.76475157494225]}, "properties": {"SGL": 179, "PGC_REGION": 2}}, {"type": "Feature", "geometry": {"type": "Point", "coordinates": [-79.12657050311118, 40.56856386299859]}, "properties": {"SGL": 273, "PGC_REGION": 2}}, {"type": "Feature", "geometry": {"type": "Point", "coordinates": [-78.35015161069711, 40.9348223653814]}, "properties": {"SGL": 98, "PGC_REGION": 3}}, {"type": "Feature", "geometry": {"type": "Point", "coordinates": [-78.35184210724879, 40.93346316118849]}, "properties": {"SGL": 98, "PGC_REGION": 3}}, {"type": "Feature", "geometry": {"type": "Point", "coordinates": [-78.35403922186859, 40.93381160798704]}, "properties": {"SGL": 98, "PGC_REGION": 3}}, {"type": "Feature", "geometry": {"type": "Point", "coordinates": [-78.3573499336776, 40.92896229068402]}, "properties": {"SGL": 98, "PGC_REGION": 3}}, {"type": "Feature", "geometry": {"type": "Point", "coordinates": [-78.0162134261735, 41.18503290893742]}, "properties": {"SGL": 321, "PGC_REGION": 3}}, {"type": "Feature", "geometry": {"type": "Point", "coordinates": [-77.98557749988116, 41.19288605889501]}, "properties": {"SGL": 321, "PGC_REGION": 3}}, {"type": "Feature", "geometry": {"type": "Point", "coordinates": [-77.99561673116737, 41.19146195567055]}, "properties": {"SGL": 321, "PGC_REGION": 3}}, {"type": "Feature", "geometry": {"type": "Point", "coordinates": [-77.97925591117526, 41.189524245221776]}, "properties": {"SGL": 321, "PGC_REGION": 3}}, {"type": "Feature", "geometry": {"type": "Point", "coordinates": [-76.0199968349347, 40.83210558484805]}, "properties": {"SGL": 227, "PGC_REGION": 6}}, {"type": "Feature", "geometry": {"type": "Point", "coordinates": [-76.00473844157673, 40.81011044100938]}, "properties": {"SGL": 227, "PGC_REGION": 6}}, {"type": "Feature", "geometry": {"type": "Point", "coordinates": [-75.99678576566184, 40.80990276442874]}, "properties": {"SGL": 227, "PGC_REGION": 6}}, {"type": "Feature", "geometry": {"type": "Point", "coordinates": [-80.49635224113041, 40.831095731351304]}, "properties": {"SGL": 285, "PGC_REGION": 2}}, {"type": "Feature", "geometry": {"type": "Point", "coordinates": [-80.4964004313064, 40.8309555018348]}, "properties": {"SGL": 285, "PGC_REGION": 2}}, {"type": "Feature", "geometry": {"type": "Point", "coordinates": [-75.1179320711683, 40.52853680010336]}, "properties": {"SGL": 56, "PGC_REGION": 6}}, {"type": "Feature", "geometry": {"type": "Point", "coordinates": [-75.15394381347849, 40.5157901509509]}, "properties": {"SGL": 56, "PGC_REGION": 6}}, {"type": "Feature", "geometry": {"type": "Point", "coordinates": [-75.15188014817555, 40.54062535147652]}, "properties": {"SGL": 56, "PGC_REGION": 6}}, {"type": "Feature", "geometry": {"type": "Point", "coordinates": [-75.0998491486137, 40.52519713981183]}, "properties": {"SGL": 56, "PGC_REGION": 6}}, {"type": "Feature", "geometry": {"type": "Point", "coordinates": [-75.10618267449398, 40.52188723810135]}, "properties": {"SGL": 56, "PGC_REGION": 6}}, {"type": "Feature", "geometry": {"type": "Point", "coordinates": [-75.11388241351058, 40.510938885489715]}, "properties": {"SGL": 56, "PGC_REGION": 6}}, {"type": "Feature", "geometry": {"type": "Point", "coordinates": [-75.1575071342479, 40.54038315570252]}, "properties": {"SGL": 56, "PGC_REGION": 6}}, {"type": "Feature", "geometry": {"type": "Point", "coordinates": [-79.58777839994617, 39.86997493755255]}, "properties": {"SGL": 51, "PGC_REGION": 2}}, {"type": "Feature", "geometry": {"type": "Point", "coordinates": [-79.58953490931488, 39.8667156273778]}, "properties": {"SGL": 51, "PGC_REGION": 2}}, {"type": "Feature", "geometry": {"type": "Point", "coordinates": [-79.57526772662938, 39.88387113102542]}, "properties": {"SGL": 51, "PGC_REGION": 2}}, {"type": "Feature", "geometry": {"type": "Point", "coordinates": [-76.6991203997149, 41.64741747527099]}, "properties": {"SGL": 12, "PGC_REGION": 5}}, {"type": "Feature", "geometry": {"type": "Point", "coordinates": [-76.69729045427762, 41.57319939141796]}, "properties": {"SGL": 12, "PGC_REGION": 5}}, {"type": "Feature", "geometry": {"type": "Point", "coordinates": [-76.68452339024938, 41.57299571253161]}, "properties": {"SGL": 12, "PGC_REGION": 5}}, {"type": "Feature", "geometry": {"type": "Point", "coordinates": [-76.67291855688771, 41.57908164316668]}, "properties": {"SGL": 12, "PGC_REGION": 5}}, {"type": "Feature", "geometry": {"type": "Point", "coordinates": [-76.67476341675379, 41.56529568103197]}, "properties": {"SGL": 12, "PGC_REGION": 5}}, {"type": "Feature", "geometry": {"type": "Point", "coordinates": [-75.71911804542663, 41.91063471380226]}, "properties": {"SGL": 35, "PGC_REGION": 5}}, {"type": "Feature", "geometry": {"type": "Point", "coordinates": [-75.7055423740541, 41.95470283208258]}, "properties": {"SGL": 35, "PGC_REGION": 5}}, {"type": "Feature", "geometry": {"type": "Point", "coordinates": [-75.70973542318849, 41.91758884550498]}, "properties": {"SGL": 35, "PGC_REGION": 5}}, {"type": "Feature", "geometry": {"type": "Point", "coordinates": [-75.71253372452361, 41.9253068160593]}, "properties": {"SGL": 35, "PGC_REGION": 5}}, {"type": "Feature", "geometry": {"type": "Point", "coordinates": [-75.70716067391164, 41.940239270251155]}, "properties": {"SGL": 35, "PGC_REGION": 5}}, {"type": "Feature", "geometry": {"type": "Point", "coordinates": [-75.71337241471933, 41.927796996073916]}, "properties": {"SGL": 35, "PGC_REGION": 5}}, {"type": "Feature", "geometry": {"type": "Point", "coordinates": [-76.56680160064498, 41.651275507196004]}, "properties": {"SGL": 36, "PGC_REGION": 5}}, {"type": "Feature", "geometry": {"type": "Point", "coordinates": [-76.58850886862687, 41.60294029259613]}, "properties": {"SGL": 36, "PGC_REGION": 5}}, {"type": "Feature", "geometry": {"type": "Point", "coordinates": [-76.59229129932525, 41.59838258591077]}, "properties": {"SGL": 36, "PGC_REGION": 5}}, {"type": "Feature", "geometry": {"type": "Point", "coordinates": [-76.58397742913343, 41.60612796645127]}, "properties": {"SGL": 36, "PGC_REGION": 5}}, {"type": "Feature", "geometry": {"type": "Point", "coordinates": [-76.53753063232784, 41.62003388824689]}, "properties": {"SGL": 36, "PGC_REGION": 5}}, {"type": "Feature", "geometry": {"type": "Point", "coordinates": [-76.29903952210991, 41.4940785071385]}, "properties": {"SGL": 66, "PGC_REGION": 5}}, {"type": "Feature", "geometry": {"type": "Point", "coordinates": [-76.25966950196648, 41.47271298701615]}, "properties": {"SGL": 66, "PGC_REGION": 5}}, {"type": "Feature", "geometry": {"type": "Point", "coordinates": [-76.28328580210892, 41.451901342591796]}, "properties": {"SGL": 66, "PGC_REGION": 5}}, {"type": "Feature", "geometry": {"type": "Point", "coordinates": [-76.24990440778677, 41.452708776067176]}, "properties": {"SGL": 66, "PGC_REGION": 5}}, {"type": "Feature", "geometry": {"type": "Point", "coordinates": [-76.28693795184769, 41.49015074121271]}, "properties": {"SGL": 66, "PGC_REGION": 5}}, {"type": "Feature", "geometry": {"type": "Point", "coordinates": [-74.9907685827548, 41.449038575893084]}, "properties": {"SGL": 116, "PGC_REGION": 5}}, {"type": "Feature", "geometry": {"type": "Point", "coordinates": [-74.97128096947516, 41.42521685935419]}, "properties": {"SGL": 116, "PGC_REGION": 5}}, {"type": "Feature", "geometry": {"type": "Point", "coordinates": [-74.94965179511172, 41.437754342679426]}, "properties": {"SGL": 116, "PGC_REGION": 5}}, {"type": "Feature", "geometry": {"type": "Point", "coordinates": [-75.73349757363627, 41.12808463316418]}, "properties": {"SGL": 119, "PGC_REGION": 5}}, {"type": "Feature", "geometry": {"type": "Point", "coordinates": [-75.78296929908612, 41.133165429501624]}, "properties": {"SGL": 119, "PGC_REGION": 5}}, {"type": "Feature", "geometry": {"type": "Point", "coordinates": [-76.07319184352043, 41.93905669042101]}, "properties": {"SGL": 140, "PGC_REGION": 5}}, {"type": "Feature", "geometry": {"type": "Point", "coordinates": [-76.10346058533081, 41.91360903076175]}, "properties": {"SGL": 140, "PGC_REGION": 5}}, {"type": "Feature", "geometry": {"type": "Point", "coordinates": [-76.1039260995937, 41.91136458329785]}, "properties": {"SGL": 140, "PGC_REGION": 5}}, {"type": "Feature", "geometry": {"type": "Point", "coordinates": [-76.1068431564574, 41.906440356085184]}, "properties": {"SGL": 140, "PGC_REGION": 5}}, {"type": "Feature", "geometry": {"type": "Point", "coordinates": [-76.08723898254954, 41.94280002146218]}, "properties": {"SGL": 140, "PGC_REGION": 5}}, {"type": "Feature", "geometry": {"type": "Point", "coordinates": [-76.10692140454401, 41.90429710486872]}, "properties": {"SGL": 140, "PGC_REGION": 5}}, {"type": "Feature", "geometry": {"type": "Point", "coordinates": [-75.29200392752942, 41.68283372382128]}, "properties": {"SGL": 159, "PGC_REGION": 5}}, {"type": "Feature", "geometry": {"type": "Point", "coordinates": [-75.27528186378035, 41.703455971593215]}, "properties": {"SGL": 159, "PGC_REGION": 5}}, {"type": "Feature", "geometry": {"type": "Point", "coordinates": [-75.27344416531932, 41.70612282356323]}, "properties": {"SGL": 159, "PGC_REGION": 5}}, {"type": "Feature", "geometry": {"type": "Point", "coordinates": [-75.26779631938419, 41.71871015750701]}, "properties": {"SGL": 159, "PGC_REGION": 5}}, {"type": "Feature", "geometry": {"type": "Point", "coordinates": [-75.25932510004313, 41.725383225803]}, "properties": {"SGL": 159, "PGC_REGION": 5}}, {"type": "Feature", "geometry": {"type": "Point", "coordinates": [-75.1506528439714, 41.435296781642684]}, "properties": {"SGL": 183, "PGC_REGION": 5}}, {"type": "Feature", "geometry": {"type": "Point", "coordinates": [-75.15374590941849, 41.43624945153902]}, "properties": {"SGL": 183, "PGC_REGION": 5}}, {"type": "Feature", "geometry": {"type": "Point", "coordinates": [-75.13866946471587, 41.42190853985337]}, "properties": {"SGL": 183, "PGC_REGION": 5}}, {"type": "Feature", "geometry": {"type": "Point", "coordinates": [-75.14336142124313, 41.44089181077426]}, "properties": {"SGL": 183, "PGC_REGION": 5}}, {"type": "Feature", "geometry": {"type": "Point", "coordinates": [-75.150239824221, 41.44024165810978]}, "properties": {"SGL": 183, "PGC_REGION": 5}}, {"type": "Feature", "geometry": {"type": "Point", "coordinates": [-75.13399880959685, 41.444679253586166]}, "properties": {"SGL": 183, "PGC_REGION": 5}}, {"type": "Feature", "geometry": {"type": "Point", "coordinates": [-76.21555750820458, 41.9804886175295]}, "properties": {"SGL": 219, "PGC_REGION": 5}}, {"type": "Feature", "geometry": {"type": "Point", "coordinates": [-76.21664761911407, 41.98105757098761]}, "properties": {"SGL": 219, "PGC_REGION": 5}}, {"type": "Feature", "geometry": {"type": "Point", "coordinates": [-76.22835579126567, 41.97975567571339]}, "properties": {"SGL": 219, "PGC_REGION": 5}}, {"type": "Feature", "geometry": {"type": "Point", "coordinates": [-76.1969402516861, 41.980850637725254]}, "properties": {"SGL": 219, "PGC_REGION": 5}}, {"type": "Feature", "geometry": {"type": "Point", "coordinates": [-76.19704714985109, 41.98388919657383]}, "properties": {"SGL": 219, "PGC_REGION": 5}}, {"type": "Feature", "geometry": {"type": "Point", "coordinates": [-76.19720343799177, 41.988228805767754]}, "properties": {"SGL": 219, "PGC_REGION": 5}}, {"type": "Feature", "geometry": {"type": "Point", "coordinates": [-76.57941067910566, 41.11106763810883]}, "properties": {"SGL": 226, "PGC_REGION": 5}}, {"type": "Feature", "geometry": {"type": "Point", "coordinates": [-76.5692811296533, 41.150471210369275]}, "properties": {"SGL": 226, "PGC_REGION": 5}}, {"type": "Feature", "geometry": {"type": "Point", "coordinates": [-75.53821457925717, 41.812266100480294]}, "properties": {"SGL": 236, "PGC_REGION": 5}}, {"type": "Feature", "geometry": {"type": "Point", "coordinates": [-75.52541175184224, 41.81201267736683]}, "properties": {"SGL": 236, "PGC_REGION": 5}}, {"type": "Feature", "geometry": {"type": "Point", "coordinates": [-75.54206709760739, 41.80548516765535]}, "properties": {"SGL": 236, "PGC_REGION": 5}}, {"type": "Feature", "geometry": {"type": "Point", "coordinates": [-75.48600930799338, 41.47974927248176]}, "properties": {"SGL": 300, "PGC_REGION": 5}}, {"type": "Feature", "geometry": {"type": "Point", "coordinates": [-79.69096409774244, 39.81121015176589]}, "properties": {"SGL": 138, "PGC_REGION": 2}}, {"type": "Feature", "geometry": {"type": "Point", "coordinates": [-79.69366356726735, 39.808179671392224]}, "properties": {"SGL": 138, "PGC_REGION": 2}}, {"type": "Feature", "geometry": {"type": "Point", "coordinates": [-78.74517945528801, 40.10756391867759]}, "properties": {"SGL": 228, "PGC_REGION": 2}}, {"type": "Feature", "geometry": {"type": "Point", "coordinates": [-78.79849742822728, 40.06163794807355]}, "properties": {"SGL": 228, "PGC_REGION": 2}}, {"type": "Feature", "geometry": {"type": "Point", "coordinates": [-80.42307424831786, 40.41157608059354]}, "properties": {"SGL": 117, "PGC_REGION": 2}}, {"type": "Feature", "geometry": {"type": "Point", "coordinates": [-80.42326601694995, 40.40940327584065]}, "properties": {"SGL": 117, "PGC_REGION": 2}}, {"type": "Feature", "geometry": {"type": "Point", "coordinates": [-80.42493920670574, 40.40503303474237]}, "properties": {"SGL": 117, "PGC_REGION": 2}}, {"type": "Feature", "geometry": {"type": "Point", "coordinates": [-80.39946357831322, 40.39654585419934]}, "properties": {"SGL": 117, "PGC_REGION": 2}}, {"type": "Feature", "geometry": {"type": "Point", "coordinates": [-80.38109119279522, 40.392915064579604]}, "properties": {"SGL": 117, "PGC_REGION": 2}}, {"type": "Feature", "geometry": {"type": "Point", "coordinates": [-80.38769010584596, 40.401025645774425]}, "properties": {"SGL": 117, "PGC_REGION": 2}}, {"type": "Feature", "geometry": {"type": "Point", "coordinates": [-80.38470941455215, 40.402796495886086]}, "properties": {"SGL": 117, "PGC_REGION": 2}}, {"type": "Feature", "geometry": {"type": "Point", "coordinates": [-76.40469300898138, 39.87247836416337]}, "properties": {"SGL": 83, "PGC_REGION": 4}}, {"type": "Feature", "geometry": {"type": "Point", "coordinates": [-76.40647634319728, 39.86649579747061]}, "properties": {"SGL": 83, "PGC_REGION": 4}}, {"type": "Feature", "geometry": {"type": "Point", "coordinates": [-77.0539346594941, 40.88379730433656]}, "properties": {"SGL": 201, "PGC_REGION": 3}}, {"type": "Feature", "geometry": {"type": "Point", "coordinates": [-76.88917644933734, 40.905137307987445]}, "properties": {"SGL": 193, "PGC_REGION": 3}}, {"type": "Feature", "geometry": {"type": "Point", "coordinates": [-76.65177985281488, 40.6155447347042]}, "properties": {"SGL": 264, "PGC_REGION": 6}}, {"type": "Feature", "geometry": {"type": "Point", "coordinates": [-76.75232192246891, 40.583012428470965]}, "properties": {"SGL": 264, "PGC_REGION": 6}}, {"type": "Feature", "geometry": {"type": "Point", "coordinates": [-78.31540071412209, 41.464256016520444]}, "properties": {"SGL": 14, "PGC_REGION": 3}}, {"type": "Feature", "geometry": {"type": "Point", "coordinates": [-78.36068740320661, 41.430416553033524]}, "properties": {"SGL": 14, "PGC_REGION": 3}}, {"type": "Feature", "geometry": {"type": "Point", "coordinates": [-78.41913852175387, 41.46809514853725]}, "properties": {"SGL": 14, "PGC_REGION": 3}}, {"type": "Feature", "geometry": {"type": "Point", "coordinates": [-78.40421905836911, 41.4074020485563]}, "properties": {"SGL": 14, "PGC_REGION": 3}}, {"type": "Feature", "geometry": {"type": "Point", "coordinates": [-78.35535838404219, 41.44027932466148]}, "properties": {"SGL": 14, "PGC_REGION": 3}}, {"type": "Feature", "geometry": {"type": "Point", "coordinates": [-78.40773197433757, 41.470126569513724]}, "properties": {"SGL": 14, "PGC_REGION": 3}}, {"type": "Feature", "geometry": {"type": "Point", "coordinates": [-78.57915253532761, 41.15279449438198]}, "properties": {"SGL": 331, "PGC_REGION": 3}}, {"type": "Feature", "geometry": {"type": "Point", "coordinates": [-78.64294524067054, 41.12771023222269]}, "properties": {"SGL": 331, "PGC_REGION": 3}}, {"type": "Feature", "geometry": {"type": "Point", "coordinates": [-78.59391066547543, 41.162709237006204]}, "properties": {"SGL": 331, "PGC_REGION": 3}}, {"type": "Feature", "geometry": {"type": "Point", "coordinates": [-78.65062156186796, 41.150526173215546]}, "properties": {"SGL": 331, "PGC_REGION": 3}}, {"type": "Feature", "geometry": {"type": "Point", "coordinates": [-77.18648298074497, 40.89576449620302]}, "properties": {"SGL": 317, "PGC_REGION": 3}}, {"type": "Feature", "geometry": {"type": "Point", "coordinates": [-79.49517220952079, 39.77607651859537]}, "properties": {"SGL": 265, "PGC_REGION": 2}}, {"type": "Feature", "geometry": {"type": "Point", "coordinates": [-79.25277221997526, 39.784516064225805]}, "properties": {"SGL": 271, "PGC_REGION": 2}}, {"type": "Feature", "geometry": {"type": "Point", "coordinates": [-79.26473882568858, 39.79511808616284]}, "properties": {"SGL": 271, "PGC_REGION": 2}}, {"type": "Feature", "geometry": {"type": "Point", "coordinates": [-75.94408716385907, 41.15755816976742]}, "properties": {"SGL": 207, "PGC_REGION": 5}}, {"type": "Feature", "geometry": {"type": "Point", "coordinates": [-75.89648042106904, 41.18493319638358]}, "properties": {"SGL": 207, "PGC_REGION": 5}}, {"type": "Feature", "geometry": {"type": "Point", "coordinates": [-75.89156218635519, 41.1840760444713]}, "properties": {"SGL": 207, "PGC_REGION": 5}}, {"type": "Feature", "geometry": {"type": "Point", "coordinates": [-74.83070495835767, 41.400193352434755]}, "properties": {"SGL": 209, "PGC_REGION": 5}}, {"type": "Feature", "geometry": {"type": "Point", "coordinates": [-74.82470884463193, 41.42976686503859]}, "properties": {"SGL": 209, "PGC_REGION": 5}}, {"type": "Feature", "geometry": {"type": "Point", "coordinates": [-76.2491965086811, 41.96311915460627]}, "properties": {"SGL": 219, "PGC_REGION": 5}}, {"type": "Feature", "geometry": {"type": "Point", "coordinates": [-76.59494514591657, 41.91927223120078]}, "properties": {"SGL": 239, "PGC_REGION": 5}}, {"type": "Feature", "geometry": {"type": "Point", "coordinates": [-76.59011119111686, 41.91743291062129]}, "properties": {"SGL": 239, "PGC_REGION": 5}}, {"type": "Feature", "geometry": {"type": "Point", "coordinates": [-76.33862239104198, 41.642584089510734]}, "properties": {"SGL": 250, "PGC_REGION": 5}}, {"type": "Feature", "geometry": {"type": "Point", "coordinates": [-76.33619793329915, 41.64477644381484]}, "properties": {"SGL": 250, "PGC_REGION": 5}}, {"type": "Feature", "geometry": {"type": "Point", "coordinates": [-76.33416162499667, 41.648722769604184]}, "properties": {"SGL": 250, "PGC_REGION": 5}}, {"type": "Feature", "geometry": {"type": "Point", "coordinates": [-76.34304632139366, 41.64429136532951]}, "properties": {"SGL": 250, "PGC_REGION": 5}}, {"type": "Feature", "geometry": {"type": "Point", "coordinates": [-77.53659786189036, 40.972363354586356]}, "properties": {"SGL": 295, "PGC_REGION": 3}}, {"type": "Feature", "geometry": {"type": "Point", "coordinates": [-77.50181413523725, 41.00801433591363]}, "properties": {"SGL": 295, "PGC_REGION": 3}}, {"type": "Feature", "geometry": {"type": "Point", "coordinates": [-76.35752801884065, 39.84365032134922]}, "properties": {"SGL": 181, "PGC_REGION": 4}}, {"type": "Feature", "geometry": {"type": "Point", "coordinates": [-76.37545401806508, 39.83884825116631]}, "properties": {"SGL": 181, "PGC_REGION": 4}}, {"type": "Feature", "geometry": {"type": "Point", "coordinates": [-78.84492827723705, 40.68584870486363]}, "properties": {"SGL": 185, "PGC_REGION": 2}}, {"type": "Feature", "geometry": {"type": "Point", "coordinates": [-78.86283586922562, 40.683553513305306]}, "properties": {"SGL": 185, "PGC_REGION": 2}}, {"type": "Feature", "geometry": {"type": "Point", "coordinates": [-78.864346821008, 40.68827618875509]}, "properties": {"SGL": 185, "PGC_REGION": 2}}, {"type": "Feature", "geometry": {"type": "Point", "coordinates": [-75.67557738795476, 40.64733689245096]}, "properties": {"SGL": 205, "PGC_REGION": 6}}, {"type": "Feature", "geometry": {"type": "Point", "coordinates": [-75.67056505176382, 40.646593346515765]}, "properties": {"SGL": 205, "PGC_REGION": 6}}, {"type": "Feature", "geometry": {"type": "Point", "coordinates": [-75.66686529258558, 40.65797178813258]}, "properties": {"SGL": 205, "PGC_REGION": 6}}, {"type": "Feature", "geometry": {"type": "Point", "coordinates": [-75.67079069425805, 40.65780254543634]}, "properties": {"SGL": 205, "PGC_REGION": 6}}, {"type": "Feature", "geometry": {"type": "Point", "coordinates": [-76.24149113502772, 40.28053300558362]}, "properties": {"SGL": 46, "PGC_REGION": 6}}, {"type": "Feature", "geometry": {"type": "Point", "coordinates": [-76.23884250406778, 40.26822113607284]}, "properties": {"SGL": 46, "PGC_REGION": 6}}, {"type": "Feature", "geometry": {"type": "Point", "coordinates": [-76.23536418969816, 40.26825270151491]}, "properties": {"SGL": 46, "PGC_REGION": 6}}, {"type": "Feature", "geometry": {"type": "Point", "coordinates": [-76.22883741283327, 40.2695952387532]}, "properties": {"SGL": 46, "PGC_REGION": 6}}, {"type": "Feature", "geometry": {"type": "Point", "coordinates": [-76.24909821553071, 40.291337290703034]}, "properties": {"SGL": 46, "PGC_REGION": 6}}, {"type": "Feature", "geometry": {"type": "Point", "coordinates": [-76.2559122146488, 40.28046548212733]}, "properties": {"SGL": 46, "PGC_REGION": 6}}, {"type": "Feature", "geometry": {"type": "Point", "coordinates": [-78.93353549487433, 39.7888145542545]}, "properties": {"SGL": 82, "PGC_REGION": 2}}, {"type": "Feature", "geometry": {"type": "Point", "coordinates": [-78.96715306159471, 39.8251389247403]}, "properties": {"SGL": 82, "PGC_REGION": 2}}, {"type": "Feature", "geometry": {"type": "Point", "coordinates": [-78.93574882986917, 39.792180287363145]}, "properties": {"SGL": 82, "PGC_REGION": 2}}, {"type": "Feature", "geometry": {"type": "Point", "coordinates": [-78.48624454247073, 41.097286710519775]}, "properties": {"SGL": 90, "PGC_REGION": 3}}, {"type": "Feature", "geometry": {"type": "Point", "coordinates": [-78.41816017594742, 41.10220823710844]}, "properties": {"SGL": 90, "PGC_REGION": 3}}, {"type": "Feature", "geometry": {"type": "Point", "coordinates": [-75.96554538134431, 40.66715253926881]}, "properties": {"SGL": 106, "PGC_REGION": 6}}, {"type": "Feature", "geometry": {"type": "Point", "coordinates": [-76.01146164743567, 40.62887578571609]}, "properties": {"SGL": 106, "PGC_REGION": 6}}, {"type": "Feature", "geometry": {"type": "Point", "coordinates": [-77.20338066151216, 41.39062577545087]}, "properties": {"SGL": 114, "PGC_REGION": 3}}, {"type": "Feature", "geometry": {"type": "Point", "coordinates": [-75.24561682813254, 40.488598999015]}, "properties": {"SGL": 157, "PGC_REGION": 6}}, {"type": "Feature", "geometry": {"type": "Point", "coordinates": [-75.24106285542031, 40.50964091066085]}, "properties": {"SGL": 157, "PGC_REGION": 6}}, {"type": "Feature", "geometry": {"type": "Point", "coordinates": [-75.20678827012345, 40.49229894875565]}, "properties": {"SGL": 157, "PGC_REGION": 6}}, {"type": "Feature", "geometry": {"type": "Point", "coordinates": [-75.2166831801215, 40.50707041302039]}, "properties": {"SGL": 157, "PGC_REGION": 6}}, {"type": "Feature", "geometry": {"type": "Point", "coordinates": [-79.57403760559463, 40.777655455478275]}, "properties": {"SGL": 247, "PGC_REGION": 2}}, {"type": "Feature", "geometry": {"type": "Point", "coordinates": [-79.7087362031762, 40.125484264145214]}, "properties": {"SGL": 296, "PGC_REGION": 2}}, {"type": "Feature", "geometry": {"type": "Point", "coordinates": [-79.70631472959839, 40.1177306839906]}, "properties": {"SGL": 296, "PGC_REGION": 2}}, {"type": "Feature", "geometry": {"type": "Point", "coordinates": [-79.67004673279891, 40.114834090962304]}, "properties": {"SGL": 296, "PGC_REGION": 2}}, {"type": "Feature", "geometry": {"type": "Point", "coordinates": [-77.71230953993799, 40.97662391525569]}, "properties": {"SGL": 323, "PGC_REGION": 3}}, {"type": "Feature", "geometry": {"type": "Point", "coordinates": [-76.8144793996624, 41.45407566240072]}, "properties": {"SGL": 134, "PGC_REGION": 3}}, {"type": "Feature", "geometry": {"type": "Point", "coordinates": [-76.80918936411791, 41.38505297835914]}, "properties": {"SGL": 134, "PGC_REGION": 3}}, {"type": "Feature", "geometry": {"type": "Point", "coordinates": [-76.79506665537102, 41.436790154176066]}, "properties": {"SGL": 134, "PGC_REGION": 3}}, {"type": "Feature", "geometry": {"type": "Point", "coordinates": [-76.75164126567535, 41.42084028428701]}, "properties": {"SGL": 134, "PGC_REGION": 3}}, {"type": "Feature", "geometry": {"type": "Point", "coordinates": [-76.7531360637772, 41.43764038765912]}, "properties": {"SGL": 134, "PGC_REGION": 3}}, {"type": "Feature", "geometry": {"type": "Point", "coordinates": [-79.07180946476649, 40.61012843649581]}, "properties": {"SGL": 248, "PGC_REGION": 2}}, {"type": "Feature", "geometry": {"type": "Point", "coordinates": [-79.06818324884985, 40.61138212419557]}, "properties": {"SGL": 248, "PGC_REGION": 2}}, {"type": "Feature", "geometry": {"type": "Point", "coordinates": [-79.09382055666337, 40.60871791432167]}, "properties": {"SGL": 248, "PGC_REGION": 2}}, {"type": "Feature", "geometry": {"type": "Point", "coordinates": [-76.94878059646257, 40.08948334168611]}, "properties": {"SGL": 242, "PGC_REGION": 4}}, {"type": "Feature", "geometry": {"type": "Point", "coordinates": [-76.95422621749873, 40.09568615749996]}, "properties": {"SGL": 242, "PGC_REGION": 4}}, {"type": "Feature", "geometry": {"type": "Point", "coordinates": [-76.96179899892452, 40.09548216304887]}, "properties": {"SGL": 242, "PGC_REGION": 4}}, {"type": "Feature", "geometry": {"type": "Point", "coordinates": [-76.97226875681596, 40.08520910597378]}, "properties": {"SGL": 242, "PGC_REGION": 4}}, {"type": "Feature", "geometry": {"type": "Point", "coordinates": [-76.95977980851815, 40.0887831352749]}, "properties": {"SGL": 242, "PGC_REGION": 4}}, {"type": "Feature", "geometry": {"type": "Point", "coordinates": [-76.96929624185753, 40.096597779171006]}, "properties": {"SGL": 242, "PGC_REGION": 4}}, {"type": "Feature", "geometry": {"type": "Point", "coordinates": [-76.96541680362331, 40.09614983051901]}, "properties": {"SGL": 242, "PGC_REGION": 4}}, {"type": "Feature", "geometry": {"type": "Point", "coordinates": [-76.97335945713603, 40.07759341602548]}, "properties": {"SGL": 242, "PGC_REGION": 4}}, {"type": "Feature", "geometry": {"type": "Point", "coordinates": [-76.43804136206872, 39.78628603672873]}, "properties": {"SGL": 327, "PGC_REGION": 4}}, {"type": "Feature", "geometry": {"type": "Point", "coordinates": [-77.89353890529637, 40.99959543916251]}, "properties": {"SGL": 103, "PGC_REGION": 3}}, {"type": "Feature", "geometry": {"type": "Point", "coordinates": [-77.91696328758744, 40.98399707385681]}, "properties": {"SGL": 103, "PGC_REGION": 3}}, {"type": "Feature", "geometry": {"type": "Point", "coordinates": [-77.92926917481103, 40.97479117856127]}, "properties": {"SGL": 103, "PGC_REGION": 3}}, {"type": "Feature", "geometry": {"type": "Point", "coordinates": [-77.94257288681732, 40.96108721613428]}, "properties": {"SGL": 103, "PGC_REGION": 3}}, {"type": "Feature", "geometry": {"type": "Point", "coordinates": [-79.05216301905084, 40.367207996526915]}, "properties": {"SGL": 42, "PGC_REGION": 2}}, {"type": "Feature", "geometry": {"type": "Point", "coordinates": [-79.04812301769645, 40.36787799534578]}, "properties": {"SGL": 42, "PGC_REGION": 2}}, {"type": "Feature", "geometry": {"type": "Point", "coordinates": [-79.03296301379986, 40.37141799712893]}, "properties": {"SGL": 42, "PGC_REGION": 2}}, {"type": "Feature", "geometry": {"type": "Point", "coordinates": [-79.05800301485523, 40.27684797758883]}, "properties": {"SGL": 42, "PGC_REGION": 2}}, {"type": "Feature", "geometry": {"type": "Point", "coordinates": [-79.14888303812342, 40.2307179645192]}, "properties": {"SGL": 42, "PGC_REGION": 2}}, {"type": "Feature", "geometry": {"type": "Point", "coordinates": [-79.14286303741419, 40.230487964911084]}, "properties": {"SGL": 42, "PGC_REGION": 2}}, {"type": "Feature", "geometry": {"type": "Point", "coordinates": [-79.1120330266296, 40.2120279630072]}, "properties": {"SGL": 42, "PGC_REGION": 2}}, {"type": "Feature", "geometry": {"type": "Point", "coordinates": [-78.90012639464115, 40.80925973887015]}, "properties": {"SGL": 262, "PGC_REGION": 2}}, {"type": "Feature", "geometry": {"type": "Point", "coordinates": [-78.92102891732812, 40.82325197310648]}, "properties": {"SGL": 262, "PGC_REGION": 2}}, {"type": "Feature", "geometry": {"type": "Point", "coordinates": [-78.8976730046014, 40.82075808883078]}, "properties": {"SGL": 262, "PGC_REGION": 2}}, {"type": "Feature", "geometry": {"type": "Point", "coordinates": [-78.90614300658139, 40.81998808879198]}, "properties": {"SGL": 262, "PGC_REGION": 2}}, {"type": "Feature", "geometry": {"type": "Point", "coordinates": [-78.9261230128441, 40.8260980875898]}, "properties": {"SGL": 262, "PGC_REGION": 2}}, {"type": "Feature", "geometry": {"type": "Point", "coordinates": [-78.22524671314366, 40.68673708371522]}, "properties": {"SGL": 278, "PGC_REGION": 4}}, {"type": "Feature", "geometry": {"type": "Point", "coordinates": [-78.13309183971795, 40.7421838473794]}, "properties": {"SGL": 278, "PGC_REGION": 4}}, {"type": "Feature", "geometry": {"type": "Point", "coordinates": [-76.96836812760625, 41.12173808627741]}, "properties": {"SGL": 252, "PGC_REGION": 3}}, {"type": "Feature", "geometry": {"type": "Point", "coordinates": [-76.95681711377156, 41.12163289571445]}, "properties": {"SGL": 252, "PGC_REGION": 3}}, {"type": "Feature", "geometry": {"type": "Point", "coordinates": [-76.96801248872978, 41.14671093058423]}, "properties": {"SGL": 252, "PGC_REGION": 3}}, {"type": "Feature", "geometry": {"type": "Point", "coordinates": [-76.95048684569906, 41.16992029373509]}, "properties": {"SGL": 252, "PGC_REGION": 3}}, {"type": "Feature", "geometry": {"type": "Point", "coordinates": [-76.96237532001439, 41.16524419274795]}, "properties": {"SGL": 252, "PGC_REGION": 3}}, {"type": "Feature", "geometry": {"type": "Point", "coordinates": [-76.9680866335958, 41.16302458974458]}, "properties": {"SGL": 252, "PGC_REGION": 3}}, {"type": "Feature", "geometry": {"type": "Point", "coordinates": [-79.89565784559055, 39.8771284744088]}, "properties": {"SGL": 238, "PGC_REGION": 2}}, {"type": "Feature", "geometry": {"type": "Point", "coordinates": [-79.9126009232675, 39.8994580463651]}, "properties": {"SGL": 238, "PGC_REGION": 2}}, {"type": "Feature", "geometry": {"type": "Point", "coordinates": [-79.8981207584428, 39.88920587978966]}, "properties": {"SGL": 238, "PGC_REGION": 2}}, {"type": "Feature", "geometry": {"type": "Point", "coordinates": [-78.46575306916222, 40.554409725206895]}, "properties": {"SGL": 267, "PGC_REGION": 2}}, {"type": "Feature", "geometry": {"type": "Point", "coordinates": [-78.2551519611064, 41.75479267239697]}, "properties": {"SGL": 61, "PGC_REGION": 3}}, {"type": "Feature", "geometry": {"type": "Point", "coordinates": [-78.25061007064109, 41.746398819929055]}, "properties": {"SGL": 61, "PGC_REGION": 3}}, {"type": "Feature", "geometry": {"type": "Point", "coordinates": [-78.26190408351911, 41.76095806727786]}, "properties": {"SGL": 61, "PGC_REGION": 3}}, {"type": "Feature", "geometry": {"type": "Point", "coordinates": [-78.30047049601122, 41.79122664241855]}, "properties": {"SGL": 61, "PGC_REGION": 3}}, {"type": "Feature", "geometry": {"type": "Point", "coordinates": [-76.97045227516992, 41.34655467765019]}, "properties": {"SGL": 298, "PGC_REGION": 3}}, {"type": "Feature", "geometry": {"type": "Point", "coordinates": [-76.97407570914642, 41.35297229300518]}, "properties": {"SGL": 298, "PGC_REGION": 3}}, {"type": "Feature", "geometry": {"type": "Point", "coordinates": [-76.9761106088433, 41.358081125700714]}, "properties": {"SGL": 298, "PGC_REGION": 3}}, {"type": "Feature", "geometry": {"type": "Point", "coordinates": [-79.5871740187478, 40.96136821480319]}, "properties": {"SGL": 105, "PGC_REGION": 2}}, {"type": "Feature", "geometry": {"type": "Point", "coordinates": [-79.52223323559092, 39.94356244501557]}, "properties": {"SGL": 51, "PGC_REGION": 2}}, {"type": "Feature", "geometry": {"type": "Point", "coordinates": [-79.52164516504072, 39.942354114805795]}, "properties": {"SGL": 51, "PGC_REGION": 2}}, {"type": "Feature", "geometry": {"type": "Point", "coordinates": [-79.511916370834, 39.930322392595116]}, "properties": {"SGL": 51, "PGC_REGION": 2}}, {"type": "Feature", "geometry": {"type": "Point", "coordinates": [-79.5758327574189, 39.88477067085812]}, "properties": {"SGL": 51, "PGC_REGION": 2}}, {"type": "Feature", "geometry": {"type": "Point", "coordinates": [-79.56869296587749, 39.889507202540756]}, "properties": {"SGL": 51, "PGC_REGION": 2}}, {"type": "Feature", "geometry": {"type": "Point", "coordinates": [-79.56370321479085, 39.8942184236089]}, "properties": {"SGL": 51, "PGC_REGION": 2}}, {"type": "Feature", "geometry": {"type": "Point", "coordinates": [-79.59133257762765, 39.960595315390286]}, "properties": {"SGL": 51, "PGC_REGION": 2}}, {"type": "Feature", "geometry": {"type": "Point", "coordinates": [-78.88682066859896, 40.08440302830387]}, "properties": {"SGL": 93, "PGC_REGION": 2}}, {"type": "Feature", "geometry": {"type": "Point", "coordinates": [-78.87679297523583, 40.09268025013757]}, "properties": {"SGL": 93, "PGC_REGION": 2}}, {"type": "Feature", "geometry": {"type": "Point", "coordinates": [-78.84124743089546, 40.114230334046326]}, "properties": {"SGL": 93, "PGC_REGION": 2}}, {"type": "Feature", "geometry": {"type": "Point", "coordinates": [-78.84334556972705, 40.11510405697329]}, "properties": {"SGL": 93, "PGC_REGION": 2}}, {"type": "Feature", "geometry": {"type": "Point", "coordinates": [-79.61793975955828, 40.96773648675149]}, "properties": {"SGL": 105, "PGC_REGION": 2}}, {"type": "Feature", "geometry": {"type": "Point", "coordinates": [-79.61992215915522, 40.96788685693748]}, "properties": {"SGL": 105, "PGC_REGION": 2}}, {"type": "Feature", "geometry": {"type": "Point", "coordinates": [-79.64626950864745, 40.97365084659947]}, "properties": {"SGL": 105, "PGC_REGION": 2}}, {"type": "Feature", "geometry": {"type": "Point", "coordinates": [-75.95911767160312, 40.20080114310563]}, "properties": {"SGL": 52, "PGC_REGION": 6}}, {"type": "Feature", "geometry": {"type": "Point", "coordinates": [-75.95367867811457, 40.187353364071136]}, "properties": {"SGL": 52, "PGC_REGION": 6}}, {"type": "Feature", "geometry": {"type": "Point", "coordinates": [-75.95836599397197, 40.176454030913426]}, "properties": {"SGL": 52, "PGC_REGION": 6}}, {"type": "Feature", "geometry": {"type": "Point", "coordinates": [-76.7926705732014, 41.59384954699276]}, "properties": {"SGL": 12, "PGC_REGION": 5}}, {"type": "Feature", "geometry": {"type": "Point", "coordinates": [-76.7908577983901, 41.59392519535213]}, "properties": {"SGL": 12, "PGC_REGION": 5}}, {"type": "Feature", "geometry": {"type": "Point", "coordinates": [-76.77753790133639, 41.596482562497265]}, "properties": {"SGL": 12, "PGC_REGION": 5}}, {"type": "Feature", "geometry": {"type": "Point", "coordinates": [-76.76207495759829, 41.60837237532739]}, "properties": {"SGL": 12, "PGC_REGION": 5}}, {"type": "Feature", "geometry": {"type": "Point", "coordinates": [-76.75488848420318, 41.60372268460549]}, "properties": {"SGL": 12, "PGC_REGION": 5}}, {"type": "Feature", "geometry": {"type": "Point", "coordinates": [-76.74746181501446, 41.60768501225058]}, "properties": {"SGL": 12, "PGC_REGION": 5}}, {"type": "Feature", "geometry": {"type": "Point", "coordinates": [-76.7395818148824, 41.616686678460454]}, "properties": {"SGL": 12, "PGC_REGION": 5}}, {"type": "Feature", "geometry": {"type": "Point", "coordinates": [-76.72494181503404, 41.61738834552644]}, "properties": {"SGL": 12, "PGC_REGION": 5}}, {"type": "Feature", "geometry": {"type": "Point", "coordinates": [-76.69295348171497, 41.64225667810961]}, "properties": {"SGL": 12, "PGC_REGION": 5}}, {"type": "Feature", "geometry": {"type": "Point", "coordinates": [-76.68697514744076, 41.56546501212734]}, "properties": {"SGL": 12, "PGC_REGION": 5}}, {"type": "Feature", "geometry": {"type": "Point", "coordinates": [-76.67475848127235, 41.56528834436156]}, "properties": {"SGL": 12, "PGC_REGION": 5}}, {"type": "Feature", "geometry": {"type": "Point", "coordinates": [-76.6694068149521, 41.58270501161577]}, "properties": {"SGL": 12, "PGC_REGION": 5}}, {"type": "Feature", "geometry": {"type": "Point", "coordinates": [-76.54090530154426, 41.67011349556687]}, "properties": {"SGL": 36, "PGC_REGION": 5}}, {"type": "Feature", "geometry": {"type": "Point", "coordinates": [-76.62840368549281, 41.62221409349909]}, "properties": {"SGL": 36, "PGC_REGION": 5}}, {"type": "Feature", "geometry": {"type": "Point", "coordinates": [-76.63033839652985, 41.61942132292418]}, "properties": {"SGL": 36, "PGC_REGION": 5}}, {"type": "Feature", "geometry": {"type": "Point", "coordinates": [-76.60988209973434, 41.63418060604285]}, "properties": {"SGL": 36, "PGC_REGION": 5}}, {"type": "Feature", "geometry": {"type": "Point", "coordinates": [-76.62566422515002, 41.62911231498779]}, "properties": {"SGL": 36, "PGC_REGION": 5}}, {"type": "Feature", "geometry": {"type": "Point", "coordinates": [-76.62419780481986, 41.633015765567706]}, "properties": {"SGL": 36, "PGC_REGION": 5}}, {"type": "Feature", "geometry": {"type": "Point", "coordinates": [-76.62397920449935, 41.62958555459268]}, "properties": {"SGL": 36, "PGC_REGION": 5}}, {"type": "Feature", "geometry": {"type": "Point", "coordinates": [-76.61732681395809, 41.63204667870433]}, "properties": {"SGL": 36, "PGC_REGION": 5}}, {"type": "Feature", "geometry": {"type": "Point", "coordinates": [-76.6240451484463, 41.63294667874185]}, "properties": {"SGL": 36, "PGC_REGION": 5}}, {"type": "Feature", "geometry": {"type": "Point", "coordinates": [-76.60969514770613, 41.6341466782204]}, "properties": {"SGL": 36, "PGC_REGION": 5}}, {"type": "Feature", "geometry": {"type": "Point", "coordinates": [-76.54228348124973, 41.67869334511301]}, "properties": {"SGL": 36, "PGC_REGION": 5}}, {"type": "Feature", "geometry": {"type": "Point", "coordinates": [-76.48903542767866, 41.688161353058284]}, "properties": {"SGL": 36, "PGC_REGION": 5}}, {"type": "Feature", "geometry": {"type": "Point", "coordinates": [-76.48771848783147, 41.686715580233304]}, "properties": {"SGL": 36, "PGC_REGION": 5}}, {"type": "Feature", "geometry": {"type": "Point", "coordinates": [-76.4858401010922, 41.685840144090015]}, "properties": {"SGL": 36, "PGC_REGION": 5}}, {"type": "Feature", "geometry": {"type": "Point", "coordinates": [-76.4808834820818, 41.68051001259947]}, "properties": {"SGL": 36, "PGC_REGION": 5}}, {"type": "Feature", "geometry": {"type": "Point", "coordinates": [-76.27509502886551, 41.12401475307216]}, "properties": {"SGL": 55, "PGC_REGION": 5}}, {"type": "Feature", "geometry": {"type": "Point", "coordinates": [-76.24794348334933, 41.114042384980145]}, "properties": {"SGL": 55, "PGC_REGION": 5}}, {"type": "Feature", "geometry": {"type": "Point", "coordinates": [-76.28083643480834, 41.110389030186006]}, "properties": {"SGL": 55, "PGC_REGION": 5}}, {"type": "Feature", "geometry": {"type": "Point", "coordinates": [-76.30606275505274, 40.98591261782619]}, "properties": {"SGL": 58, "PGC_REGION": 5}}, {"type": "Feature", "geometry": {"type": "Point", "coordinates": [-76.27692250628851, 40.91759985766228]}, "properties": {"SGL": 58, "PGC_REGION": 5}}, {"type": "Feature", "geometry": {"type": "Point", "coordinates": [-76.27327436812115, 41.48203307990377]}, "properties": {"SGL": 66, "PGC_REGION": 5}}, {"type": "Feature", "geometry": {"type": "Point", "coordinates": [-76.28348214649095, 41.48851030657793]}, "properties": {"SGL": 66, "PGC_REGION": 5}}, {"type": "Feature", "geometry": {"type": "Point", "coordinates": [-76.31023347498581, 41.5152276649244]}, "properties": {"SGL": 66, "PGC_REGION": 5}}, {"type": "Feature", "geometry": {"type": "Point", "coordinates": [-76.31727623505765, 41.5225765462892]}, "properties": {"SGL": 66, "PGC_REGION": 5}}, {"type": "Feature", "geometry": {"type": "Point", "coordinates": [-76.3123044342328, 41.52500300955574]}, "properties": {"SGL": 66, "PGC_REGION": 5}}, {"type": "Feature", "geometry": {"type": "Point", "coordinates": [-76.78779058603341, 40.75270093045619]}, "properties": {"SGL": 84, "PGC_REGION": 5}}, {"type": "Feature", "geometry": {"type": "Point", "coordinates": [-76.78958230569512, 40.74949259027377]}, "properties": {"SGL": 84, "PGC_REGION": 5}}, {"type": "Feature", "geometry": {"type": "Point", "coordinates": [-76.63311410209252, 40.73509511043058]}, "properties": {"SGL": 84, "PGC_REGION": 5}}, {"type": "Feature", "geometry": {"type": "Point", "coordinates": [-76.54884777361714, 40.73987698351045]}, "properties": {"SGL": 84, "PGC_REGION": 5}}, {"type": "Feature", "geometry": {"type": "Point", "coordinates": [-75.69131045809927, 41.2595822012885]}, "properties": {"SGL": 91, "PGC_REGION": 5}}, {"type": "Feature", "geometry": {"type": "Point", "coordinates": [-75.69123101803855, 41.25627300039788]}, "properties": {"SGL": 91, "PGC_REGION": 5}}, {"type": "Feature", "geometry": {"type": "Point", "coordinates": [-75.689785792612, 41.24207868581368]}, "properties": {"SGL": 91, "PGC_REGION": 5}}, {"type": "Feature", "geometry": {"type": "Point", "coordinates": [-75.68590722397674, 41.21425921253082]}, "properties": {"SGL": 91, "PGC_REGION": 5}}, {"type": "Feature", "geometry": {"type": "Point", "coordinates": [-75.71433868711866, 41.201181921553875]}, "properties": {"SGL": 91, "PGC_REGION": 5}}, {"type": "Feature", "geometry": {"type": "Point", "coordinates": [-75.6965800424098, 41.26861898464179]}, "properties": {"SGL": 91, "PGC_REGION": 5}}, {"type": "Feature", "geometry": {"type": "Point", "coordinates": [-75.70320458253434, 41.26292762373051]}, "properties": {"SGL": 91, "PGC_REGION": 5}}, {"type": "Feature", "geometry": {"type": "Point", "coordinates": [-75.70345036062358, 41.283700981308264]}, "properties": {"SGL": 91, "PGC_REGION": 5}}, {"type": "Feature", "geometry": {"type": "Point", "coordinates": [-75.65305570364501, 41.249286859112125]}, "properties": {"SGL": 91, "PGC_REGION": 5}}, {"type": "Feature", "geometry": {"type": "Point", "coordinates": [-75.78506107873024, 41.20007488648557]}, "properties": {"SGL": 91, "PGC_REGION": 5}}, {"type": "Feature", "geometry": {"type": "Point", "coordinates": [-75.77804193115567, 41.204259167736275]}, "properties": {"SGL": 91, "PGC_REGION": 5}}, {"type": "Feature", "geometry": {"type": "Point", "coordinates": [-75.47677881774926, 41.133920503024804]}, "properties": {"SGL": 127, "PGC_REGION": 5}}, {"type": "Feature", "geometry": {"type": "Point", "coordinates": [-75.47791800834217, 41.13556107715119]}, "properties": {"SGL": 127, "PGC_REGION": 5}}, {"type": "Feature", "geometry": {"type": "Point", "coordinates": [-75.4787144572598, 41.136569174161465]}, "properties": {"SGL": 127, "PGC_REGION": 5}}, {"type": "Feature", "geometry": {"type": "Point", "coordinates": [-75.4796006316351, 41.13861749019959]}, "properties": {"SGL": 127, "PGC_REGION": 5}}, {"type": "Feature", "geometry": {"type": "Point", "coordinates": [-75.46889881976213, 41.148990656189014]}, "properties": {"SGL": 127, "PGC_REGION": 5}}, {"type": "Feature", "geometry": {"type": "Point", "coordinates": [-75.46037597204848, 41.15444360775226]}, "properties": {"SGL": 127, "PGC_REGION": 5}}, {"type": "Feature", "geometry": {"type": "Point", "coordinates": [-75.45717687777915, 41.159226632410416]}, "properties": {"SGL": 127, "PGC_REGION": 5}}, {"type": "Feature", "geometry": {"type": "Point", "coordinates": [-75.52812938295851, 41.16331361215384]}, "properties": {"SGL": 127, "PGC_REGION": 5}}, {"type": "Feature", "geometry": {"type": "Point", "coordinates": [-75.44318888362646, 41.16932767620946]}, "properties": {"SGL": 127, "PGC_REGION": 5}}, {"type": "Feature", "geometry": {"type": "Point", "coordinates": [-75.51367121600504, 41.12045851676063]}, "properties": {"SGL": 127, "PGC_REGION": 5}}, {"type": "Feature", "geometry": {"type": "Point", "coordinates": [-75.51398416228956, 41.12196382656106]}, "properties": {"SGL": 127, "PGC_REGION": 5}}, {"type": "Feature", "geometry": {"type": "Point", "coordinates": [-75.51855762134451, 41.14012511160209]}, "properties": {"SGL": 127, "PGC_REGION": 5}}, {"type": "Feature", "geometry": {"type": "Point", "coordinates": [-75.52134100991256, 41.1452328857851]}, "properties": {"SGL": 127, "PGC_REGION": 5}}, {"type": "Feature", "geometry": {"type": "Point", "coordinates": [-75.52238829168694, 41.148770366097104]}, "properties": {"SGL": 127, "PGC_REGION": 5}}, {"type": "Feature", "geometry": {"type": "Point", "coordinates": [-75.52307476443023, 41.15212798467684]}, "properties": {"SGL": 127, "PGC_REGION": 5}}, {"type": "Feature", "geometry": {"type": "Point", "coordinates": [-75.64388199870821, 40.97416703086064]}, "properties": {"SGL": 141, "PGC_REGION": 5}}, {"type": "Feature", "geometry": {"type": "Point", "coordinates": [-75.64302952322369, 40.977950472276596]}, "properties": {"SGL": 141, "PGC_REGION": 5}}, {"type": "Feature", "geometry": {"type": "Point", "coordinates": [-75.64106161821829, 40.98124619690566]}, "properties": {"SGL": 141, "PGC_REGION": 5}}, {"type": "Feature", "geometry": {"type": "Point", "coordinates": [-75.65756189703986, 40.96906225889043]}, "properties": {"SGL": 141, "PGC_REGION": 5}}, {"type": "Feature", "geometry": {"type": "Point", "coordinates": [-75.66534148467727, 40.96603715358787]}, "properties": {"SGL": 141, "PGC_REGION": 5}}, {"type": "Feature", "geometry": {"type": "Point", "coordinates": [-75.78770002534517, 40.87926287087429]}, "properties": {"SGL": 141, "PGC_REGION": 5}}, {"type": "Feature", "geometry": {"type": "Point", "coordinates": [-75.67979476935672, 40.942953769389135]}, "properties": {"SGL": 141, "PGC_REGION": 5}}, {"type": "Feature", "geometry": {"type": "Point", "coordinates": [-76.36107241728102, 41.59153286242666]}, "properties": {"SGL": 142, "PGC_REGION": 5}}, {"type": "Feature", "geometry": {"type": "Point", "coordinates": [-76.35207589781409, 41.5897705401737]}, "properties": {"SGL": 142, "PGC_REGION": 5}}, {"type": "Feature", "geometry": {"type": "Point", "coordinates": [-75.76889173693047, 41.02106870426139]}, "properties": {"SGL": 149, "PGC_REGION": 5}}, {"type": "Feature", "geometry": {"type": "Point", "coordinates": [-75.77373451696911, 41.02599427028973]}, "properties": {"SGL": 149, "PGC_REGION": 5}}, {"type": "Feature", "geometry": {"type": "Point", "coordinates": [-75.77084161899556, 41.023527465524495]}, "properties": {"SGL": 149, "PGC_REGION": 5}}, {"type": "Feature", "geometry": {"type": "Point", "coordinates": [-75.25147029898402, 41.76269941887285]}, "properties": {"SGL": 159, "PGC_REGION": 5}}, {"type": "Feature", "geometry": {"type": "Point", "coordinates": [-75.27924396646266, 41.698140853035106]}, "properties": {"SGL": 159, "PGC_REGION": 5}}, {"type": "Feature", "geometry": {"type": "Point", "coordinates": [-75.2921964383664, 41.69764570551697]}, "properties": {"SGL": 159, "PGC_REGION": 5}}, {"type": "Feature", "geometry": {"type": "Point", "coordinates": [-76.30519917492482, 41.62199247191957]}, "properties": {"SGL": 172, "PGC_REGION": 5}}, {"type": "Feature", "geometry": {"type": "Point", "coordinates": [-76.30524996689887, 41.622670417876364]}, "properties": {"SGL": 172, "PGC_REGION": 5}}, {"type": "Feature", "geometry": {"type": "Point", "coordinates": [-76.27221534333697, 41.625994978684844]}, "properties": {"SGL": 172, "PGC_REGION": 5}}, {"type": "Feature", "geometry": {"type": "Point", "coordinates": [-75.05211240095605, 41.372432100113535]}, "properties": {"SGL": 180, "PGC_REGION": 5}}, {"type": "Feature", "geometry": {"type": "Point", "coordinates": [-75.04179472774342, 41.37421043014487]}, "properties": {"SGL": 180, "PGC_REGION": 5}}, {"type": "Feature", "geometry": {"type": "Point", "coordinates": [-75.03850073946003, 41.37572614073991]}, "properties": {"SGL": 180, "PGC_REGION": 5}}, {"type": "Feature", "geometry": {"type": "Point", "coordinates": [-74.97068841989713, 41.362913800883874]}, "properties": {"SGL": 180, "PGC_REGION": 5}}, {"type": "Feature", "geometry": {"type": "Point", "coordinates": [-75.08154023328112, 41.373412490637484]}, "properties": {"SGL": 180, "PGC_REGION": 5}}, {"type": "Feature", "geometry": {"type": "Point", "coordinates": [-75.06908104457739, 41.379957899401305]}, "properties": {"SGL": 180, "PGC_REGION": 5}}, {"type": "Feature", "geometry": {"type": "Point", "coordinates": [-75.01312404728093, 41.35644700525986]}, "properties": {"SGL": 180, "PGC_REGION": 5}}, {"type": "Feature", "geometry": {"type": "Point", "coordinates": [-75.0337027731787, 41.37892469100514]}, "properties": {"SGL": 180, "PGC_REGION": 5}}, {"type": "Feature", "geometry": {"type": "Point", "coordinates": [-75.01128569182613, 41.365459331816005]}, "properties": {"SGL": 180, "PGC_REGION": 5}}, {"type": "Feature", "geometry": {"type": "Point", "coordinates": [-74.97933472259449, 41.36505964453068]}, "properties": {"SGL": 180, "PGC_REGION": 5}}, {"type": "Feature", "geometry": {"type": "Point", "coordinates": [-75.16717754153372, 41.44147386111479]}, "properties": {"SGL": 183, "PGC_REGION": 5}}, {"type": "Feature", "geometry": {"type": "Point", "coordinates": [-75.15580610068926, 41.44056577902478]}, "properties": {"SGL": 183, "PGC_REGION": 5}}, {"type": "Feature", "geometry": {"type": "Point", "coordinates": [-75.15473427372307, 41.4372501057504]}, "properties": {"SGL": 183, "PGC_REGION": 5}}, {"type": "Feature", "geometry": {"type": "Point", "coordinates": [-75.14462970631526, 41.43427212470963]}, "properties": {"SGL": 183, "PGC_REGION": 5}}, {"type": "Feature", "geometry": {"type": "Point", "coordinates": [-76.19513074724209, 41.30254615336255]}, "properties": {"SGL": 206, "PGC_REGION": 5}}, {"type": "Feature", "geometry": {"type": "Point", "coordinates": [-76.21445591705513, 41.27673535674781]}, "properties": {"SGL": 206, "PGC_REGION": 5}}, {"type": "Feature", "geometry": {"type": "Point", "coordinates": [-76.19863430821393, 41.30130594741871]}, "properties": {"SGL": 206, "PGC_REGION": 5}}, {"type": "Feature", "geometry": {"type": "Point", "coordinates": [-76.19710788654199, 41.27378189782177]}, "properties": {"SGL": 206, "PGC_REGION": 5}}, {"type": "Feature", "geometry": {"type": "Point", "coordinates": [-75.88542411677373, 41.17797908073181]}, "properties": {"SGL": 207, "PGC_REGION": 5}}, {"type": "Feature", "geometry": {"type": "Point", "coordinates": [-75.93256406982452, 41.162807128189755]}, "properties": {"SGL": 207, "PGC_REGION": 5}}, {"type": "Feature", "geometry": {"type": "Point", "coordinates": [-75.93403215052557, 41.162001627705315]}, "properties": {"SGL": 207, "PGC_REGION": 5}}, {"type": "Feature", "geometry": {"type": "Point", "coordinates": [-76.59356212906798, 41.133533533042005]}, "properties": {"SGL": 226, "PGC_REGION": 5}}, {"type": "Feature", "geometry": {"type": "Point", "coordinates": [-76.59262893713458, 41.13027130378548]}, "properties": {"SGL": 226, "PGC_REGION": 5}}, {"type": "Feature", "geometry": {"type": "Point", "coordinates": [-76.5977441107853, 41.11716521919658]}, "properties": {"SGL": 226, "PGC_REGION": 5}}, {"type": "Feature", "geometry": {"type": "Point", "coordinates": [-76.61073131723347, 41.130738015333876]}, "properties": {"SGL": 226, "PGC_REGION": 5}}, {"type": "Feature", "geometry": {"type": "Point", "coordinates": [-76.60747332160074, 41.144731894554965]}, "properties": {"SGL": 226, "PGC_REGION": 5}}, {"type": "Feature", "geometry": {"type": "Point", "coordinates": [-76.60655257771062, 41.13599018405616]}, "properties": {"SGL": 226, "PGC_REGION": 5}}, {"type": "Feature", "geometry": {"type": "Point", "coordinates": [-76.58933138544792, 41.11424525788001]}, "properties": {"SGL": 226, "PGC_REGION": 5}}, {"type": "Feature", "geometry": {"type": "Point", "coordinates": [-78.18072227564755, 40.650144874954094]}, "properties": {"SGL": 131, "PGC_REGION": 3}}, {"type": "Feature", "geometry": {"type": "Point", "coordinates": [-76.52375279439931, 40.245282401118224]}, "properties": {"SGL": 145, "PGC_REGION": 6}}, {"type": "Feature", "geometry": {"type": "Point", "coordinates": [-76.52610173962213, 40.242733619328455]}, "properties": {"SGL": 145, "PGC_REGION": 6}}, {"type": "Feature", "geometry": {"type": "Point", "coordinates": [-76.51512322723593, 40.243116947750394]}, "properties": {"SGL": 145, "PGC_REGION": 6}}, {"type": "Feature", "geometry": {"type": "Point", "coordinates": [-76.52057435141549, 40.23834943989417]}, "properties": {"SGL": 145, "PGC_REGION": 6}}, {"type": "Feature", "geometry": {"type": "Point", "coordinates": [-80.1289167938163, 40.083628373771894]}, "properties": {"SGL": 297, "PGC_REGION": 2}}, {"type": "Feature", "geometry": {"type": "Point", "coordinates": [-80.1287905406101, 40.083032727490725]}, "properties": {"SGL": 297, "PGC_REGION": 2}}, {"type": "Feature", "geometry": {"type": "Point", "coordinates": [-79.38418460244924, 40.475714102252034]}, "properties": {"SGL": 328, "PGC_REGION": 2}}, {"type": "Feature", "geometry": {"type": "Point", "coordinates": [-76.23360242422478, 40.29270454435311]}, "properties": {"SGL": 46, "PGC_REGION": 6}}, {"type": "Feature", "geometry": {"type": "Point", "coordinates": [-76.2320925775315, 40.28473313569433]}, "properties": {"SGL": 46, "PGC_REGION": 6}}, {"type": "Feature", "geometry": {"type": "Point", "coordinates": [-76.20398384810662, 40.28616106079534]}, "properties": {"SGL": 46, "PGC_REGION": 6}}, {"type": "Feature", "geometry": {"type": "Point", "coordinates": [-76.21008948603088, 40.27420457881446]}, "properties": {"SGL": 46, "PGC_REGION": 6}}, {"type": "Feature", "geometry": {"type": "Point", "coordinates": [-76.25089429671812, 40.27111866278465]}, "properties": {"SGL": 46, "PGC_REGION": 6}}, {"type": "Feature", "geometry": {"type": "Point", "coordinates": [-76.24158464035493, 40.267915573257774]}, "properties": {"SGL": 46, "PGC_REGION": 6}}, {"type": "Feature", "geometry": {"type": "Point", "coordinates": [-76.25053468959341, 40.24937558485352]}, "properties": {"SGL": 46, "PGC_REGION": 6}}, {"type": "Feature", "geometry": {"type": "Point", "coordinates": [-80.35384886703352, 39.76472131455117]}, "properties": {"SGL": 179, "PGC_REGION": 2}}, {"type": "Feature", "geometry": {"type": "Point", "coordinates": [-80.35030541722452, 39.7612336837781]}, "properties": {"SGL": 179, "PGC_REGION": 2}}, {"type": "Feature", "geometry": {"type": "Point", "coordinates": [-80.36134229862454, 39.791383967046436]}, "properties": {"SGL": 179, "PGC_REGION": 2}}, {"type": "Feature", "geometry": {"type": "Point", "coordinates": [-78.91534225272687, 41.47019392332923]}, "properties": {"SGL": 28, "PGC_REGION": 3}}, {"type": "Feature", "geometry": {"type": "Point", "coordinates": [-76.68931719167817, 40.518349767504766]}, "properties": {"SGL": 210, "PGC_REGION": 6}}, {"type": "Feature", "geometry": {"type": "Point", "coordinates": [-76.59411560434857, 40.55943307112051]}, "properties": {"SGL": 210, "PGC_REGION": 6}}, {"type": "Feature", "geometry": {"type": "Point", "coordinates": [-76.69385732597237, 40.53099551209211]}, "properties": {"SGL": 210, "PGC_REGION": 6}}, {"type": "Feature", "geometry": {"type": "Point", "coordinates": [-76.68861537043465, 40.5185029787634]}, "properties": {"SGL": 210, "PGC_REGION": 6}}, {"type": "Feature", "geometry": {"type": "Point", "coordinates": [-78.3586128781622, 40.92977969448743]}, "properties": {"SGL": 98, "PGC_REGION": 3}}, {"type": "Feature", "geometry": {"type": "Point", "coordinates": [-80.35785369661284, 40.522698217935535]}, "properties": {"SGL": 189, "PGC_REGION": 2}}, {"type": "Feature", "geometry": {"type": "Point", "coordinates": [-80.36531382143934, 40.51919008754761]}, "properties": {"SGL": 189, "PGC_REGION": 2}}, {"type": "Feature", "geometry": {"type": "Point", "coordinates": [-80.36793273635826, 40.53355294851609]}, "properties": {"SGL": 189, "PGC_REGION": 2}}, {"type": "Feature", "geometry": {"type": "Point", "coordinates": [-77.18375367628977, 40.88738444190656]}, "properties": {"SGL": 317, "PGC_REGION": 3}}, {"type": "Feature", "geometry": {"type": "Point", "coordinates": [-77.19220866086978, 40.87870163123935]}, "properties": {"SGL": 317, "PGC_REGION": 3}}, {"type": "Feature", "geometry": {"type": "Point", "coordinates": [-77.20049422980385, 40.90318894105228]}, "properties": {"SGL": 317, "PGC_REGION": 3}}, {"type": "Feature", "geometry": {"type": "Point", "coordinates": [-79.08292302974498, 40.37919799648524]}, "properties": {"SGL": 42, "PGC_REGION": 2}}, {"type": "Feature", "geometry": {"type": "Point", "coordinates": [-76.93784525018837, 41.12433932574328]}, "properties": {"SGL": 252, "PGC_REGION": 3}}, {"type": "Feature", "geometry": {"type": "Point", "coordinates": [-76.94518738184861, 41.128655676395645]}, "properties": {"SGL": 252, "PGC_REGION": 3}}, {"type": "Feature", "geometry": {"type": "Point", "coordinates": [-76.95162533208415, 41.13217373472376]}, "properties": {"SGL": 252, "PGC_REGION": 3}}, {"type": "Feature", "geometry": {"type": "Point", "coordinates": [-76.95206071107971, 41.13171466578788]}, "properties": {"SGL": 252, "PGC_REGION": 3}}, {"type": "Feature", "geometry": {"type": "Point", "coordinates": [-76.95592038147261, 41.134339721537735]}, "properties": {"SGL": 252, "PGC_REGION": 3}}, {"type": "Feature", "geometry": {"type": "Point", "coordinates": [-76.95917435732068, 41.136161918193544]}, "properties": {"SGL": 252, "PGC_REGION": 3}}, {"type": "Feature", "geometry": {"type": "Point", "coordinates": [-79.26333904337851, 39.786429314258925]}, "properties": {"SGL": 271, "PGC_REGION": 2}}, {"type": "Feature", "geometry": {"type": "Point", "coordinates": [-79.26642056483718, 39.78368885359409]}, "properties": {"SGL": 271, "PGC_REGION": 2}}, {"type": "Feature", "geometry": {"type": "Point", "coordinates": [-77.03861667389482, 41.41055624898104]}, "properties": {"SGL": 133, "PGC_REGION": 3}}, {"type": "Feature", "geometry": {"type": "Point", "coordinates": [-77.03963464014248, 41.40940613183784]}, "properties": {"SGL": 133, "PGC_REGION": 3}}, {"type": "Feature", "geometry": {"type": "Point", "coordinates": [-78.5065802573846, 40.57459531019695]}, "properties": {"SGL": 184, "PGC_REGION": 2}}, {"type": "Feature", "geometry": {"type": "Point", "coordinates": [-78.61166915004907, 40.76824804080208]}, "properties": {"SGL": 120, "PGC_REGION": 2}}, {"type": "Feature", "geometry": {"type": "Point", "coordinates": [-78.56948360877904, 40.79273970809037]}, "properties": {"SGL": 120, "PGC_REGION": 2}}, {"type": "Feature", "geometry": {"type": "Point", "coordinates": [-78.5662776973604, 40.780368855729535]}, "properties": {"SGL": 120, "PGC_REGION": 2}}, {"type": "Feature", "geometry": {"type": "Point", "coordinates": [-78.56915403494074, 40.72900991543596]}, "properties": {"SGL": 120, "PGC_REGION": 2}}, {"type": "Feature", "geometry": {"type": "Point", "coordinates": [-76.62917476314644, 41.6163426345577]}, "properties": {"SGL": 12, "PGC_REGION": 5}}, {"type": "Feature", "geometry": {"type": "Point", "coordinates": [-76.64181909197411, 41.65202173930302]}, "properties": {"SGL": 12, "PGC_REGION": 5}}, {"type": "Feature", "geometry": {"type": "Point", "coordinates": [-76.66147666828469, 41.65075447750492]}, "properties": {"SGL": 12, "PGC_REGION": 5}}, {"type": "Feature", "geometry": {"type": "Point", "coordinates": [-76.62741050766478, 41.65444175930241]}, "properties": {"SGL": 12, "PGC_REGION": 5}}, {"type": "Feature", "geometry": {"type": "Point", "coordinates": [-76.6692057906641, 41.65097257722326]}, "properties": {"SGL": 12, "PGC_REGION": 5}}, {"type": "Feature", "geometry": {"type": "Point", "coordinates": [-76.6618178180222, 41.64940892688052]}, "properties": {"SGL": 12, "PGC_REGION": 5}}, {"type": "Feature", "geometry": {"type": "Point", "coordinates": [-76.66082430602873, 41.62350264197859]}, "properties": {"SGL": 12, "PGC_REGION": 5}}, {"type": "Feature", "geometry": {"type": "Point", "coordinates": [-76.6427109205597, 41.63093755439694]}, "properties": {"SGL": 12, "PGC_REGION": 5}}, {"type": "Feature", "geometry": {"type": "Point", "coordinates": [-75.65917333993745, 41.95866563516715]}, "properties": {"SGL": 35, "PGC_REGION": 5}}, {"type": "Feature", "geometry": {"type": "Point", "coordinates": [-75.67430418502605, 41.964664895268726]}, "properties": {"SGL": 35, "PGC_REGION": 5}}, {"type": "Feature", "geometry": {"type": "Point", "coordinates": [-75.69554929772231, 41.90428182344386]}, "properties": {"SGL": 35, "PGC_REGION": 5}}, {"type": "Feature", "geometry": {"type": "Point", "coordinates": [-75.72383898607343, 41.90074499132152]}, "properties": {"SGL": 35, "PGC_REGION": 5}}, {"type": "Feature", "geometry": {"type": "Point", "coordinates": [-75.71227979460264, 41.91286734172178]}, "properties": {"SGL": 35, "PGC_REGION": 5}}, {"type": "Feature", "geometry": {"type": "Point", "coordinates": [-75.70758976424405, 41.944039812212026]}, "properties": {"SGL": 35, "PGC_REGION": 5}}, {"type": "Feature", "geometry": {"type": "Point", "coordinates": [-75.7066683909715, 41.95044755048142]}, "properties": {"SGL": 35, "PGC_REGION": 5}}, {"type": "Feature", "geometry": {"type": "Point", "coordinates": [-76.54006593155606, 41.63074753978617]}, "properties": {"SGL": 36, "PGC_REGION": 5}}, {"type": "Feature", "geometry": {"type": "Point", "coordinates": [-75.37256500360733, 41.04454256604976]}, "properties": {"SGL": 38, "PGC_REGION": 5}}, {"type": "Feature", "geometry": {"type": "Point", "coordinates": [-75.74753962953886, 41.04864077138565]}, "properties": {"SGL": 40, "PGC_REGION": 5}}, {"type": "Feature", "geometry": {"type": "Point", "coordinates": [-75.74750157815905, 41.04633331471846]}, "properties": {"SGL": 40, "PGC_REGION": 5}}, {"type": "Feature", "geometry": {"type": "Point", "coordinates": [-75.74953989097799, 41.054665656411586]}, "properties": {"SGL": 40, "PGC_REGION": 5}}, {"type": "Feature", "geometry": {"type": "Point", "coordinates": [-75.74948474655497, 41.05804670506184]}, "properties": {"SGL": 40, "PGC_REGION": 5}}, {"type": "Feature", "geometry": {"type": "Point", "coordinates": [-75.74698468828247, 41.03470483832271]}, "properties": {"SGL": 40, "PGC_REGION": 5}}, {"type": "Feature", "geometry": {"type": "Point", "coordinates": [-75.73564775218544, 41.067431648256104]}, "properties": {"SGL": 40, "PGC_REGION": 5}}, {"type": "Feature", "geometry": {"type": "Point", "coordinates": [-75.83631085156405, 41.122757434734076]}, "properties": {"SGL": 119, "PGC_REGION": 5}}, {"type": "Feature", "geometry": {"type": "Point", "coordinates": [-75.8359412408662, 41.122591034057294]}, "properties": {"SGL": 119, "PGC_REGION": 5}}, {"type": "Feature", "geometry": {"type": "Point", "coordinates": [-75.84497041716972, 41.12065532447528]}, "properties": {"SGL": 119, "PGC_REGION": 5}}, {"type": "Feature", "geometry": {"type": "Point", "coordinates": [-76.79651452987714, 41.92449495052124]}, "properties": {"SGL": 123, "PGC_REGION": 5}}, {"type": "Feature", "geometry": {"type": "Point", "coordinates": [-76.78423932112145, 41.89540761055596]}, "properties": {"SGL": 123, "PGC_REGION": 5}}, {"type": "Feature", "geometry": {"type": "Point", "coordinates": [-76.78735054960813, 41.90085116642648]}, "properties": {"SGL": 123, "PGC_REGION": 5}}, {"type": "Feature", "geometry": {"type": "Point", "coordinates": [-76.78968981702185, 41.908095358755716]}, "properties": {"SGL": 123, "PGC_REGION": 5}}, {"type": "Feature", "geometry": {"type": "Point", "coordinates": [-76.78883439528083, 41.91047718489708]}, "properties": {"SGL": 123, "PGC_REGION": 5}}, {"type": "Feature", "geometry": {"type": "Point", "coordinates": [-76.10655210595775, 41.917572736646136]}, "properties": {"SGL": 140, "PGC_REGION": 5}}, {"type": "Feature", "geometry": {"type": "Point", "coordinates": [-76.07520702972215, 41.93911571285877]}, "properties": {"SGL": 140, "PGC_REGION": 5}}, {"type": "Feature", "geometry": {"type": "Point", "coordinates": [-76.07441315693295, 41.94484353384925]}, "properties": {"SGL": 140, "PGC_REGION": 5}}, {"type": "Feature", "geometry": {"type": "Point", "coordinates": [-76.07623082574167, 41.94308572577081]}, "properties": {"SGL": 140, "PGC_REGION": 5}}, {"type": "Feature", "geometry": {"type": "Point", "coordinates": [-75.80760396096724, 40.889490395880884]}, "properties": {"SGL": 141, "PGC_REGION": 5}}, {"type": "Feature", "geometry": {"type": "Point", "coordinates": [-75.82054972031669, 40.90304590888958]}, "properties": {"SGL": 141, "PGC_REGION": 5}}, {"type": "Feature", "geometry": {"type": "Point", "coordinates": [-75.83394228759774, 40.894043671377396]}, "properties": {"SGL": 141, "PGC_REGION": 5}}, {"type": "Feature", "geometry": {"type": "Point", "coordinates": [-75.25224044264192, 41.722494062618345]}, "properties": {"SGL": 159, "PGC_REGION": 5}}, {"type": "Feature", "geometry": {"type": "Point", "coordinates": [-75.26196464864142, 41.74867996537926]}, "properties": {"SGL": 159, "PGC_REGION": 5}}, {"type": "Feature", "geometry": {"type": "Point", "coordinates": [-75.26363977482839, 41.77295548142423]}, "properties": {"SGL": 159, "PGC_REGION": 5}}, {"type": "Feature", "geometry": {"type": "Point", "coordinates": [-75.26344436904002, 41.771002661694375]}, "properties": {"SGL": 159, "PGC_REGION": 5}}, {"type": "Feature", "geometry": {"type": "Point", "coordinates": [-75.25723576048568, 41.782531677767984]}, "properties": {"SGL": 159, "PGC_REGION": 5}}, {"type": "Feature", "geometry": {"type": "Point", "coordinates": [-75.27369611717667, 41.79200613292158]}, "properties": {"SGL": 159, "PGC_REGION": 5}}, {"type": "Feature", "geometry": {"type": "Point", "coordinates": [-75.2834464466362, 41.76416665376282]}, "properties": {"SGL": 159, "PGC_REGION": 5}}, {"type": "Feature", "geometry": {"type": "Point", "coordinates": [-75.2844007544627, 41.76453509974353]}, "properties": {"SGL": 159, "PGC_REGION": 5}}, {"type": "Feature", "geometry": {"type": "Point", "coordinates": [-75.13293749504221, 41.44488597902547]}, "properties": {"SGL": 183, "PGC_REGION": 5}}, {"type": "Feature", "geometry": {"type": "Point", "coordinates": [-75.12940455182981, 41.452613858575084]}, "properties": {"SGL": 183, "PGC_REGION": 5}}, {"type": "Feature", "geometry": {"type": "Point", "coordinates": [-75.16040914791584, 41.45202016175834]}, "properties": {"SGL": 183, "PGC_REGION": 5}}, {"type": "Feature", "geometry": {"type": "Point", "coordinates": [-75.33508795540502, 40.995175913656304]}, "properties": {"SGL": 186, "PGC_REGION": 5}}, {"type": "Feature", "geometry": {"type": "Point", "coordinates": [-75.33529187295964, 40.9784303630417]}, "properties": {"SGL": 186, "PGC_REGION": 5}}, {"type": "Feature", "geometry": {"type": "Point", "coordinates": [-76.24921086006859, 41.96314285804131]}, "properties": {"SGL": 219, "PGC_REGION": 5}}, {"type": "Feature", "geometry": {"type": "Point", "coordinates": [-76.24984425821188, 41.963532619767506]}, "properties": {"SGL": 219, "PGC_REGION": 5}}, {"type": "Feature", "geometry": {"type": "Point", "coordinates": [-76.24650322553462, 41.96571122616646]}, "properties": {"SGL": 219, "PGC_REGION": 5}}, {"type": "Feature", "geometry": {"type": "Point", "coordinates": [-76.24226059076474, 41.968219555601316]}, "properties": {"SGL": 219, "PGC_REGION": 5}}, {"type": "Feature", "geometry": {"type": "Point", "coordinates": [-76.23799507709191, 41.96871936937947]}, "properties": {"SGL": 219, "PGC_REGION": 5}}, {"type": "Feature", "geometry": {"type": "Point", "coordinates": [-76.23216110387813, 41.968911307454036]}, "properties": {"SGL": 219, "PGC_REGION": 5}}, {"type": "Feature", "geometry": {"type": "Point", "coordinates": [-76.20543531871833, 41.94165939204931]}, "properties": {"SGL": 219, "PGC_REGION": 5}}, {"type": "Feature", "geometry": {"type": "Point", "coordinates": [-76.19659365817016, 41.96699057694351]}, "properties": {"SGL": 219, "PGC_REGION": 5}}, {"type": "Feature", "geometry": {"type": "Point", "coordinates": [-76.19587449806521, 41.99354226226837]}, "properties": {"SGL": 219, "PGC_REGION": 5}}, {"type": "Feature", "geometry": {"type": "Point", "coordinates": [-76.20093726211975, 41.99631778536074]}, "properties": {"SGL": 219, "PGC_REGION": 5}}, {"type": "Feature", "geometry": {"type": "Point", "coordinates": [-76.20156525443687, 41.99671037635479]}, "properties": {"SGL": 219, "PGC_REGION": 5}}, {"type": "Feature", "geometry": {"type": "Point", "coordinates": [-76.19565212359636, 41.98180059093232]}, "properties": {"SGL": 219, "PGC_REGION": 5}}, {"type": "Feature", "geometry": {"type": "Point", "coordinates": [-76.19401725616402, 41.979640622283924]}, "properties": {"SGL": 219, "PGC_REGION": 5}}, {"type": "Feature", "geometry": {"type": "Point", "coordinates": [-76.19132952340706, 41.991695608601525]}, "properties": {"SGL": 219, "PGC_REGION": 5}}, {"type": "Feature", "geometry": {"type": "Point", "coordinates": [-76.1927372587946, 41.99250966152474]}, "properties": {"SGL": 219, "PGC_REGION": 5}}, {"type": "Feature", "geometry": {"type": "Point", "coordinates": [-76.18987421026779, 41.9908389925583]}, "properties": {"SGL": 219, "PGC_REGION": 5}}, {"type": "Feature", "geometry": {"type": "Point", "coordinates": [-76.16801945737673, 41.99372703991005]}, "properties": {"SGL": 219, "PGC_REGION": 5}}, {"type": "Feature", "geometry": {"type": "Point", "coordinates": [-76.17942905581448, 41.98539454934301]}, "properties": {"SGL": 219, "PGC_REGION": 5}}, {"type": "Feature", "geometry": {"type": "Point", "coordinates": [-76.17793341705485, 41.984440248023034]}, "properties": {"SGL": 219, "PGC_REGION": 5}}, {"type": "Feature", "geometry": {"type": "Point", "coordinates": [-76.17474491905452, 41.9826365216496]}, "properties": {"SGL": 219, "PGC_REGION": 5}}, {"type": "Feature", "geometry": {"type": "Point", "coordinates": [-76.16437543093018, 41.97783208288349]}, "properties": {"SGL": 219, "PGC_REGION": 5}}, {"type": "Feature", "geometry": {"type": "Point", "coordinates": [-76.19413474813454, 41.96702732604433]}, "properties": {"SGL": 219, "PGC_REGION": 5}}, {"type": "Feature", "geometry": {"type": "Point", "coordinates": [-76.18970420425995, 41.96673055078779]}, "properties": {"SGL": 219, "PGC_REGION": 5}}, {"type": "Feature", "geometry": {"type": "Point", "coordinates": [-75.98072647271393, 41.247008561239994]}, "properties": {"SGL": 224, "PGC_REGION": 5}}, {"type": "Feature", "geometry": {"type": "Point", "coordinates": [-75.97995319758917, 41.246834832901605]}, "properties": {"SGL": 224, "PGC_REGION": 5}}, {"type": "Feature", "geometry": {"type": "Point", "coordinates": [-76.55984686638351, 41.115560674261005]}, "properties": {"SGL": 226, "PGC_REGION": 5}}, {"type": "Feature", "geometry": {"type": "Point", "coordinates": [-76.56255449046192, 41.11791556647059]}, "properties": {"SGL": 226, "PGC_REGION": 5}}, {"type": "Feature", "geometry": {"type": "Point", "coordinates": [-76.5647072634722, 41.12367690060821]}, "properties": {"SGL": 226, "PGC_REGION": 5}}, {"type": "Feature", "geometry": {"type": "Point", "coordinates": [-75.5194287585962, 41.804641692418386]}, "properties": {"SGL": 236, "PGC_REGION": 5}}, {"type": "Feature", "geometry": {"type": "Point", "coordinates": [-75.51538181585526, 41.786682034561416]}, "properties": {"SGL": 236, "PGC_REGION": 5}}, {"type": "Feature", "geometry": {"type": "Point", "coordinates": [-75.5111450589214, 41.761040119923464]}, "properties": {"SGL": 236, "PGC_REGION": 5}}, {"type": "Feature", "geometry": {"type": "Point", "coordinates": [-75.51395529959869, 41.7679982414544]}, "properties": {"SGL": 236, "PGC_REGION": 5}}, {"type": "Feature", "geometry": {"type": "Point", "coordinates": [-75.52100137989875, 41.77424039801721]}, "properties": {"SGL": 236, "PGC_REGION": 5}}, {"type": "Feature", "geometry": {"type": "Point", "coordinates": [-75.53329404205594, 41.768928300864]}, "properties": {"SGL": 236, "PGC_REGION": 5}}, {"type": "Feature", "geometry": {"type": "Point", "coordinates": [-75.53398204824073, 41.77356792483598]}, "properties": {"SGL": 236, "PGC_REGION": 5}}, {"type": "Feature", "geometry": {"type": "Point", "coordinates": [-75.53819517320312, 41.765895903973906]}, "properties": {"SGL": 236, "PGC_REGION": 5}}, {"type": "Feature", "geometry": {"type": "Point", "coordinates": [-76.61840920432824, 41.91226822881295]}, "properties": {"SGL": 239, "PGC_REGION": 5}}, {"type": "Feature", "geometry": {"type": "Point", "coordinates": [-76.61806353367292, 41.91325988984922]}, "properties": {"SGL": 239, "PGC_REGION": 5}}, {"type": "Feature", "geometry": {"type": "Point", "coordinates": [-76.61753756246041, 41.91537439964375]}, "properties": {"SGL": 239, "PGC_REGION": 5}}, {"type": "Feature", "geometry": {"type": "Point", "coordinates": [-76.62174930513329, 41.907723057803345]}, "properties": {"SGL": 239, "PGC_REGION": 5}}, {"type": "Feature", "geometry": {"type": "Point", "coordinates": [-76.62549090513309, 41.907860266344315]}, "properties": {"SGL": 239, "PGC_REGION": 5}}, {"type": "Feature", "geometry": {"type": "Point", "coordinates": [-76.61280112137659, 41.916251560050995]}, "properties": {"SGL": 239, "PGC_REGION": 5}}, {"type": "Feature", "geometry": {"type": "Point", "coordinates": [-76.60153767935253, 41.91664493033429]}, "properties": {"SGL": 239, "PGC_REGION": 5}}, {"type": "Feature", "geometry": {"type": "Point", "coordinates": [-76.34496878474242, 41.644065516667]}, "properties": {"SGL": 250, "PGC_REGION": 5}}, {"type": "Feature", "geometry": {"type": "Point", "coordinates": [-76.33389023016628, 41.64822674305063]}, "properties": {"SGL": 250, "PGC_REGION": 5}}, {"type": "Feature", "geometry": {"type": "Point", "coordinates": [-76.16979509994283, 41.147911901467886]}, "properties": {"SGL": 260, "PGC_REGION": 5}}, {"type": "Feature", "geometry": {"type": "Point", "coordinates": [-76.19303696442992, 41.13863149332447]}, "properties": {"SGL": 260, "PGC_REGION": 5}}, {"type": "Feature", "geometry": {"type": "Point", "coordinates": [-76.17950995304021, 41.16192194011208]}, "properties": {"SGL": 260, "PGC_REGION": 5}}, {"type": "Feature", "geometry": {"type": "Point", "coordinates": [-76.24293013187827, 41.14073308691008]}, "properties": {"SGL": 260, "PGC_REGION": 5}}, {"type": "Feature", "geometry": {"type": "Point", "coordinates": [-76.16277647286965, 41.13560452429362]}, "properties": {"SGL": 260, "PGC_REGION": 5}}, {"type": "Feature", "geometry": {"type": "Point", "coordinates": [-75.4777117610126, 41.482278551782635]}, "properties": {"SGL": 300, "PGC_REGION": 5}}, {"type": "Feature", "geometry": {"type": "Point", "coordinates": [-75.51104045412598, 41.493860144342904]}, "properties": {"SGL": 300, "PGC_REGION": 5}}, {"type": "Feature", "geometry": {"type": "Point", "coordinates": [-75.46072440962625, 41.52747801673617]}, "properties": {"SGL": 300, "PGC_REGION": 5}}, {"type": "Feature", "geometry": {"type": "Point", "coordinates": [-75.44963492420635, 41.53823258617618]}, "properties": {"SGL": 300, "PGC_REGION": 5}}, {"type": "Feature", "geometry": {"type": "Point", "coordinates": [-75.51483567250638, 41.49223716707022]}, "properties": {"SGL": 300, "PGC_REGION": 5}}, {"type": "Feature", "geometry": {"type": "Point", "coordinates": [-75.51440134023122, 41.49138327323169]}, "properties": {"SGL": 300, "PGC_REGION": 5}}, {"type": "Feature", "geometry": {"type": "Point", "coordinates": [-76.76985413913994, 41.17498252270547]}, "properties": {"SGL": 325, "PGC_REGION": 5}}, {"type": "Feature", "geometry": {"type": "Point", "coordinates": [-76.76878676831026, 41.158679400940116]}, "properties": {"SGL": 325, "PGC_REGION": 5}}, {"type": "Feature", "geometry": {"type": "Point", "coordinates": [-76.76954064332855, 41.172950564421306]}, "properties": {"SGL": 325, "PGC_REGION": 5}}, {"type": "Feature", "geometry": {"type": "Point", "coordinates": [-76.29988872442745, 40.83438092140572]}, "properties": {"SGL": 329, "PGC_REGION": 5}}, {"type": "Feature", "geometry": {"type": "Point", "coordinates": [-76.29201533713541, 40.83216788308001]}, "properties": {"SGL": 329, "PGC_REGION": 5}}, {"type": "Feature", "geometry": {"type": "Point", "coordinates": [-76.27869043862175, 40.82974406541916]}, "properties": {"SGL": 329, "PGC_REGION": 5}}, {"type": "Feature", "geometry": {"type": "Point", "coordinates": [-79.73405856845474, 39.771109692306005]}, "properties": {"SGL": 138, "PGC_REGION": 2}}, {"type": "Feature", "geometry": {"type": "Point", "coordinates": [-79.74467794340627, 39.79371308658179]}, "properties": {"SGL": 138, "PGC_REGION": 2}}, {"type": "Feature", "geometry": {"type": "Point", "coordinates": [-76.40377505532562, 40.236969137612434]}, "properties": {"SGL": 156, "PGC_REGION": 6}}, {"type": "Feature", "geometry": {"type": "Point", "coordinates": [-76.37650791732354, 40.24117279194753]}, "properties": {"SGL": 156, "PGC_REGION": 6}}, {"type": "Feature", "geometry": {"type": "Point", "coordinates": [-76.36983323070947, 40.22848709772379]}, "properties": {"SGL": 156, "PGC_REGION": 6}}, {"type": "Feature", "geometry": {"type": "Point", "coordinates": [-76.36511030919841, 40.230116750708746]}, "properties": {"SGL": 156, "PGC_REGION": 6}}, {"type": "Feature", "geometry": {"type": "Point", "coordinates": [-75.64743464042245, 40.65820069694113]}, "properties": {"SGL": 205, "PGC_REGION": 6}}, {"type": "Feature", "geometry": {"type": "Point", "coordinates": [-75.64631647909239, 40.66284380048379]}, "properties": {"SGL": 205, "PGC_REGION": 6}}, {"type": "Feature", "geometry": {"type": "Point", "coordinates": [-75.63873364296715, 40.65918010053384]}, "properties": {"SGL": 205, "PGC_REGION": 6}}, {"type": "Feature", "geometry": {"type": "Point", "coordinates": [-75.64295436271874, 40.65141845138315]}, "properties": {"SGL": 205, "PGC_REGION": 6}}, {"type": "Feature", "geometry": {"type": "Point", "coordinates": [-80.35149934348186, 39.84108247834536]}, "properties": {"SGL": 179, "PGC_REGION": 2}}, {"type": "Feature", "geometry": {"type": "Point", "coordinates": [-80.36666471785276, 39.834492786763406]}, "properties": {"SGL": 179, "PGC_REGION": 2}}, {"type": "Feature", "geometry": {"type": "Point", "coordinates": [-80.37377299771806, 39.82555549581036]}, "properties": {"SGL": 179, "PGC_REGION": 2}}, {"type": "Feature", "geometry": {"type": "Point", "coordinates": [-80.37150082626137, 39.82090178400943]}, "properties": {"SGL": 179, "PGC_REGION": 2}}, {"type": "Feature", "geometry": {"type": "Point", "coordinates": [-80.3919530140096, 39.82150888319016]}, "properties": {"SGL": 179, "PGC_REGION": 2}}, {"type": "Feature", "geometry": {"type": "Point", "coordinates": [-79.63232823979695, 40.89880028077166]}, "properties": {"SGL": 259, "PGC_REGION": 2}}, {"type": "Feature", "geometry": {"type": "Point", "coordinates": [-79.63214894795067, 40.89547584897402]}, "properties": {"SGL": 259, "PGC_REGION": 2}}, {"type": "Feature", "geometry": {"type": "Point", "coordinates": [-77.75239059574675, 41.011634418738815]}, "properties": {"SGL": 92, "PGC_REGION": 3}}, {"type": "Feature", "geometry": {"type": "Point", "coordinates": [-77.70788741120008, 41.016619735920834]}, "properties": {"SGL": 92, "PGC_REGION": 3}}, {"type": "Feature", "geometry": {"type": "Point", "coordinates": [-78.49832859662148, 40.653358364115846]}, "properties": {"SGL": 108, "PGC_REGION": 2}}, {"type": "Feature", "geometry": {"type": "Point", "coordinates": [-78.49225540570733, 40.66893856781523]}, "properties": {"SGL": 108, "PGC_REGION": 2}}, {"type": "Feature", "geometry": {"type": "Point", "coordinates": [-78.49532971666302, 40.65720381478368]}, "properties": {"SGL": 108, "PGC_REGION": 2}}, {"type": "Feature", "geometry": {"type": "Point", "coordinates": [-78.48041293941785, 40.654540916016416]}, "properties": {"SGL": 108, "PGC_REGION": 2}}, {"type": "Feature", "geometry": {"type": "Point", "coordinates": [-78.487471683274, 40.651473023667414]}, "properties": {"SGL": 108, "PGC_REGION": 2}}, {"type": "Feature", "geometry": {"type": "Point", "coordinates": [-78.49132325315318, 40.637155221139416]}, "properties": {"SGL": 108, "PGC_REGION": 2}}, {"type": "Feature", "geometry": {"type": "Point", "coordinates": [-78.49413246409854, 40.63139973689176]}, "properties": {"SGL": 108, "PGC_REGION": 2}}, {"type": "Feature", "geometry": {"type": "Point", "coordinates": [-78.43293573861317, 40.689175888639255]}, "properties": {"SGL": 108, "PGC_REGION": 2}}, {"type": "Feature", "geometry": {"type": "Point", "coordinates": [-78.40593761999695, 40.675216862092036]}, "properties": {"SGL": 108, "PGC_REGION": 2}}, {"type": "Feature", "geometry": {"type": "Point", "coordinates": [-78.40696009237033, 40.668809810877654]}, "properties": {"SGL": 108, "PGC_REGION": 2}}, {"type": "Feature", "geometry": {"type": "Point", "coordinates": [-78.42159401413336, 40.662672418171134]}, "properties": {"SGL": 108, "PGC_REGION": 2}}, {"type": "Feature", "geometry": {"type": "Point", "coordinates": [-78.42280779352829, 40.66298925833181]}, "properties": {"SGL": 108, "PGC_REGION": 2}}, {"type": "Feature", "geometry": {"type": "Point", "coordinates": [-78.40118483243211, 40.64476058691284]}, "properties": {"SGL": 108, "PGC_REGION": 2}}, {"type": "Feature", "geometry": {"type": "Point", "coordinates": [-79.38322603797813, 39.89268394999881]}, "properties": {"SGL": 111, "PGC_REGION": 2}}, {"type": "Feature", "geometry": {"type": "Point", "coordinates": [-79.37464438567805, 39.88807733955442]}, "properties": {"SGL": 111, "PGC_REGION": 2}}, {"type": "Feature", "geometry": {"type": "Point", "coordinates": [-79.37603402510742, 39.89205991960196]}, "properties": {"SGL": 111, "PGC_REGION": 2}}, {"type": "Feature", "geometry": {"type": "Point", "coordinates": [-79.3423925219583, 39.86799029291197]}, "properties": {"SGL": 111, "PGC_REGION": 2}}, {"type": "Feature", "geometry": {"type": "Point", "coordinates": [-79.34386778040066, 39.87098569864613]}, "properties": {"SGL": 111, "PGC_REGION": 2}}, {"type": "Feature", "geometry": {"type": "Point", "coordinates": [-79.34121533374329, 39.87408576767151]}, "properties": {"SGL": 111, "PGC_REGION": 2}}, {"type": "Feature", "geometry": {"type": "Point", "coordinates": [-79.35615645273126, 39.86158294887212]}, "properties": {"SGL": 111, "PGC_REGION": 2}}, {"type": "Feature", "geometry": {"type": "Point", "coordinates": [-79.38514380616257, 39.86984141552788]}, "properties": {"SGL": 111, "PGC_REGION": 2}}, {"type": "Feature", "geometry": {"type": "Point", "coordinates": [-79.38682672837673, 39.87790296682327]}, "properties": {"SGL": 111, "PGC_REGION": 2}}, {"type": "Feature", "geometry": {"type": "Point", "coordinates": [-79.38984220989647, 39.888002578267]}, "properties": {"SGL": 111, "PGC_REGION": 2}}, {"type": "Feature", "geometry": {"type": "Point", "coordinates": [-79.36704158505052, 39.91596720510903]}, "properties": {"SGL": 111, "PGC_REGION": 2}}, {"type": "Feature", "geometry": {"type": "Point", "coordinates": [-76.34344552781752, 41.31924261854186]}, "properties": {"SGL": 13, "PGC_REGION": 5}}, {"type": "Feature", "geometry": {"type": "Point", "coordinates": [-76.35862364910153, 41.33492249956159]}, "properties": {"SGL": 13, "PGC_REGION": 5}}, {"type": "Feature", "geometry": {"type": "Point", "coordinates": [-76.429750541276, 41.39627394997292]}, "properties": {"SGL": 13, "PGC_REGION": 5}}, {"type": "Feature", "geometry": {"type": "Point", "coordinates": [-76.54970792761156, 41.318948128295844]}, "properties": {"SGL": 13, "PGC_REGION": 5}}, {"type": "Feature", "geometry": {"type": "Point", "coordinates": [-76.55378678774322, 41.317264186853464]}, "properties": {"SGL": 13, "PGC_REGION": 5}}, {"type": "Feature", "geometry": {"type": "Point", "coordinates": [-76.50604096480721, 41.318121531486334]}, "properties": {"SGL": 13, "PGC_REGION": 5}}, {"type": "Feature", "geometry": {"type": "Point", "coordinates": [-76.41252373287222, 41.36377435947596]}, "properties": {"SGL": 13, "PGC_REGION": 5}}, {"type": "Feature", "geometry": {"type": "Point", "coordinates": [-76.38998355990441, 41.35650993046505]}, "properties": {"SGL": 13, "PGC_REGION": 5}}, {"type": "Feature", "geometry": {"type": "Point", "coordinates": [-76.3271475977709, 41.41425948192784]}, "properties": {"SGL": 13, "PGC_REGION": 5}}, {"type": "Feature", "geometry": {"type": "Point", "coordinates": [-76.4648434157903, 41.299510742398006]}, "properties": {"SGL": 13, "PGC_REGION": 5}}, {"type": "Feature", "geometry": {"type": "Point", "coordinates": [-76.4398078176818, 41.30632407145175]}, "properties": {"SGL": 13, "PGC_REGION": 5}}, {"type": "Feature", "geometry": {"type": "Point", "coordinates": [-76.44137880508715, 41.30479366509498]}, "properties": {"SGL": 13, "PGC_REGION": 5}}, {"type": "Feature", "geometry": {"type": "Point", "coordinates": [-76.4441025538213, 41.30429445392329]}, "properties": {"SGL": 13, "PGC_REGION": 5}}, {"type": "Feature", "geometry": {"type": "Point", "coordinates": [-76.28083921819626, 41.38682507224303]}, "properties": {"SGL": 13, "PGC_REGION": 5}}, {"type": "Feature", "geometry": {"type": "Point", "coordinates": [-76.45086314542185, 41.301711356533275]}, "properties": {"SGL": 13, "PGC_REGION": 5}}, {"type": "Feature", "geometry": {"type": "Point", "coordinates": [-76.44500810849357, 41.317870930550754]}, "properties": {"SGL": 13, "PGC_REGION": 5}}, {"type": "Feature", "geometry": {"type": "Point", "coordinates": [-76.46159910294612, 41.346743785702316]}, "properties": {"SGL": 13, "PGC_REGION": 5}}, {"type": "Feature", "geometry": {"type": "Point", "coordinates": [-76.44394001320586, 41.34637331870167]}, "properties": {"SGL": 13, "PGC_REGION": 5}}, {"type": "Feature", "geometry": {"type": "Point", "coordinates": [-76.42203820199063, 41.35613933740919]}, "properties": {"SGL": 13, "PGC_REGION": 5}}, {"type": "Feature", "geometry": {"type": "Point", "coordinates": [-76.41184068176362, 41.39544427646774]}, "properties": {"SGL": 13, "PGC_REGION": 5}}, {"type": "Feature", "geometry": {"type": "Point", "coordinates": [-76.44099722570381, 41.388484412590856]}, "properties": {"SGL": 13, "PGC_REGION": 5}}, {"type": "Feature", "geometry": {"type": "Point", "coordinates": [-76.43661204032912, 41.3920842233312]}, "properties": {"SGL": 13, "PGC_REGION": 5}}, {"type": "Feature", "geometry": {"type": "Point", "coordinates": [-76.39037233062479, 41.42116660502898]}, "properties": {"SGL": 13, "PGC_REGION": 5}}, {"type": "Feature", "geometry": {"type": "Point", "coordinates": [-76.3821958640083, 41.42489828893005]}, "properties": {"SGL": 13, "PGC_REGION": 5}}, {"type": "Feature", "geometry": {"type": "Point", "coordinates": [-78.48506773937207, 40.61969030207836]}, "properties": {"SGL": 108, "PGC_REGION": 2}}, {"type": "Feature", "geometry": {"type": "Point", "coordinates": [-78.45972061276132, 40.61670923882746]}, "properties": {"SGL": 108, "PGC_REGION": 2}}, {"type": "Feature", "geometry": {"type": "Point", "coordinates": [-78.46151224201127, 40.6196513695926]}, "properties": {"SGL": 108, "PGC_REGION": 2}}, {"type": "Feature", "geometry": {"type": "Point", "coordinates": [-78.46352021307962, 40.62174902959113]}, "properties": {"SGL": 108, "PGC_REGION": 2}}, {"type": "Feature", "geometry": {"type": "Point", "coordinates": [-78.45665510043935, 40.61108875747551]}, "properties": {"SGL": 108, "PGC_REGION": 2}}, {"type": "Feature", "geometry": {"type": "Point", "coordinates": [-78.45642828057441, 40.611340127937495]}, "properties": {"SGL": 108, "PGC_REGION": 2}}, {"type": "Feature", "geometry": {"type": "Point", "coordinates": [-78.43697555466177, 40.61185586844762]}, "properties": {"SGL": 108, "PGC_REGION": 2}}, {"type": "Feature", "geometry": {"type": "Point", "coordinates": [-78.42593873096281, 40.6096743515204]}, "properties": {"SGL": 108, "PGC_REGION": 2}}, {"type": "Feature", "geometry": {"type": "Point", "coordinates": [-78.42172711030523, 40.61291843986048]}, "properties": {"SGL": 108, "PGC_REGION": 2}}, {"type": "Feature", "geometry": {"type": "Point", "coordinates": [-78.46653242662646, 40.646508334212356]}, "properties": {"SGL": 108, "PGC_REGION": 2}}, {"type": "Feature", "geometry": {"type": "Point", "coordinates": [-78.4871823271819, 40.625737933643734]}, "properties": {"SGL": 108, "PGC_REGION": 2}}, {"type": "Feature", "geometry": {"type": "Point", "coordinates": [-78.48038430557128, 40.637368045294764]}, "properties": {"SGL": 108, "PGC_REGION": 2}}, {"type": "Feature", "geometry": {"type": "Point", "coordinates": [-78.48424163193975, 40.647295064155024]}, "properties": {"SGL": 108, "PGC_REGION": 2}}, {"type": "Feature", "geometry": {"type": "Point", "coordinates": [-78.46522794781207, 40.67054411899564]}, "properties": {"SGL": 108, "PGC_REGION": 2}}, {"type": "Feature", "geometry": {"type": "Point", "coordinates": [-77.05742448679645, 41.21783015176011]}, "properties": {"SGL": 126, "PGC_REGION": 3}}, {"type": "Feature", "geometry": {"type": "Point", "coordinates": [-77.03718699456016, 41.21131089836596]}, "properties": {"SGL": 126, "PGC_REGION": 3}}, {"type": "Feature", "geometry": {"type": "Point", "coordinates": [-79.36802469530636, 39.91410156381983]}, "properties": {"SGL": 111, "PGC_REGION": 2}}, {"type": "Feature", "geometry": {"type": "Point", "coordinates": [-79.36868778427747, 39.910328533858696]}, "properties": {"SGL": 111, "PGC_REGION": 2}}, {"type": "Feature", "geometry": {"type": "Point", "coordinates": [-79.3610176721305, 39.913372504271216]}, "properties": {"SGL": 111, "PGC_REGION": 2}}, {"type": "Feature", "geometry": {"type": "Point", "coordinates": [-79.35511200558851, 39.909086621697426]}, "properties": {"SGL": 111, "PGC_REGION": 2}}, {"type": "Feature", "geometry": {"type": "Point", "coordinates": [-79.34867286808739, 39.902641573513456]}, "properties": {"SGL": 111, "PGC_REGION": 2}}, {"type": "Feature", "geometry": {"type": "Point", "coordinates": [-79.34005628513472, 39.89698211215746]}, "properties": {"SGL": 111, "PGC_REGION": 2}}, {"type": "Feature", "geometry": {"type": "Point", "coordinates": [-79.36191981153634, 39.89345375091938]}, "properties": {"SGL": 111, "PGC_REGION": 2}}, {"type": "Feature", "geometry": {"type": "Point", "coordinates": [-79.36798622407278, 39.90093108253251]}, "properties": {"SGL": 111, "PGC_REGION": 2}}, {"type": "Feature", "geometry": {"type": "Point", "coordinates": [-79.40932007432386, 39.872134455060525]}, "properties": {"SGL": 111, "PGC_REGION": 2}}, {"type": "Feature", "geometry": {"type": "Point", "coordinates": [-79.40710189266551, 39.86573193384988]}, "properties": {"SGL": 111, "PGC_REGION": 2}}, {"type": "Feature", "geometry": {"type": "Point", "coordinates": [-79.38358133526071, 39.85715901355763]}, "properties": {"SGL": 111, "PGC_REGION": 2}}, {"type": "Feature", "geometry": {"type": "Point", "coordinates": [-79.38280173768018, 39.89232127045204]}, "properties": {"SGL": 111, "PGC_REGION": 2}}, {"type": "Feature", "geometry": {"type": "Point", "coordinates": [-79.32061098589409, 39.85892138914581]}, "properties": {"SGL": 111, "PGC_REGION": 2}}, {"type": "Feature", "geometry": {"type": "Point", "coordinates": [-76.28410891904325, 41.380569741104544]}, "properties": {"SGL": 13, "PGC_REGION": 5}}, {"type": "Feature", "geometry": {"type": "Point", "coordinates": [-76.28427428906909, 41.37965989141488]}, "properties": {"SGL": 13, "PGC_REGION": 5}}, {"type": "Feature", "geometry": {"type": "Point", "coordinates": [-76.28546116958591, 41.37775091088965]}, "properties": {"SGL": 13, "PGC_REGION": 5}}, {"type": "Feature", "geometry": {"type": "Point", "coordinates": [-76.28624170188219, 41.411879257307405]}, "properties": {"SGL": 13, "PGC_REGION": 5}}, {"type": "Feature", "geometry": {"type": "Point", "coordinates": [-76.28421436084618, 41.40461415569981]}, "properties": {"SGL": 13, "PGC_REGION": 5}}, {"type": "Feature", "geometry": {"type": "Point", "coordinates": [-76.28227428952087, 41.40273032574197]}, "properties": {"SGL": 13, "PGC_REGION": 5}}, {"type": "Feature", "geometry": {"type": "Point", "coordinates": [-76.27862907800994, 41.389782882847484]}, "properties": {"SGL": 13, "PGC_REGION": 5}}, {"type": "Feature", "geometry": {"type": "Point", "coordinates": [-76.28447480411057, 41.38453799317971]}, "properties": {"SGL": 13, "PGC_REGION": 5}}, {"type": "Feature", "geometry": {"type": "Point", "coordinates": [-76.3033342974811, 41.39601628651823]}, "properties": {"SGL": 13, "PGC_REGION": 5}}, {"type": "Feature", "geometry": {"type": "Point", "coordinates": [-76.35405278636219, 41.42143264485026]}, "properties": {"SGL": 13, "PGC_REGION": 5}}, {"type": "Feature", "geometry": {"type": "Point", "coordinates": [-76.3473249728185, 41.43064489541199]}, "properties": {"SGL": 13, "PGC_REGION": 5}}, {"type": "Feature", "geometry": {"type": "Point", "coordinates": [-76.40826352111405, 41.39612138889591]}, "properties": {"SGL": 13, "PGC_REGION": 5}}, {"type": "Feature", "geometry": {"type": "Point", "coordinates": [-76.38021830730726, 41.3735452610101]}, "properties": {"SGL": 13, "PGC_REGION": 5}}, {"type": "Feature", "geometry": {"type": "Point", "coordinates": [-76.38956828235251, 41.366985759074396]}, "properties": {"SGL": 13, "PGC_REGION": 5}}, {"type": "Feature", "geometry": {"type": "Point", "coordinates": [-78.37269285779932, 41.341757928646615]}, "properties": {"SGL": 311, "PGC_REGION": 3}}, {"type": "Feature", "geometry": {"type": "Point", "coordinates": [-78.37501382797919, 41.341927439095585]}, "properties": {"SGL": 311, "PGC_REGION": 3}}, {"type": "Feature", "geometry": {"type": "Point", "coordinates": [-78.34843508337855, 41.34437110821265]}, "properties": {"SGL": 311, "PGC_REGION": 3}}, {"type": "Feature", "geometry": {"type": "Point", "coordinates": [-78.35296602202935, 41.342644055935274]}, "properties": {"SGL": 311, "PGC_REGION": 3}}, {"type": "Feature", "geometry": {"type": "Point", "coordinates": [-78.34772301799893, 41.34510273744175]}, "properties": {"SGL": 311, "PGC_REGION": 3}}, {"type": "Feature", "geometry": {"type": "Point", "coordinates": [-78.34672234210598, 41.3459496184221]}, "properties": {"SGL": 311, "PGC_REGION": 3}}, {"type": "Feature", "geometry": {"type": "Point", "coordinates": [-78.34664866340707, 41.3470528358726]}, "properties": {"SGL": 311, "PGC_REGION": 3}}, {"type": "Feature", "geometry": {"type": "Point", "coordinates": [-78.3566111379167, 41.35089391977669]}, "properties": {"SGL": 311, "PGC_REGION": 3}}, {"type": "Feature", "geometry": {"type": "Point", "coordinates": [-78.35672014230383, 41.3661017372233]}, "properties": {"SGL": 311, "PGC_REGION": 3}}, {"type": "Feature", "geometry": {"type": "Point", "coordinates": [-78.35973139808712, 41.36569885333486]}, "properties": {"SGL": 311, "PGC_REGION": 3}}, {"type": "Feature", "geometry": {"type": "Point", "coordinates": [-78.45963012897512, 41.3198540259188]}, "properties": {"SGL": 311, "PGC_REGION": 3}}, {"type": "Feature", "geometry": {"type": "Point", "coordinates": [-78.34654843315751, 41.32436684393614]}, "properties": {"SGL": 311, "PGC_REGION": 3}}, {"type": "Feature", "geometry": {"type": "Point", "coordinates": [-78.20684666424297, 40.78244249268158]}, "properties": {"SGL": 33, "PGC_REGION": 3}}, {"type": "Feature", "geometry": {"type": "Point", "coordinates": [-78.19937321194254, 40.78078963587864]}, "properties": {"SGL": 33, "PGC_REGION": 3}}, {"type": "Feature", "geometry": {"type": "Point", "coordinates": [-78.19164443422902, 40.783213008300685]}, "properties": {"SGL": 33, "PGC_REGION": 3}}, {"type": "Feature", "geometry": {"type": "Point", "coordinates": [-78.17443273025633, 40.79284945971283]}, "properties": {"SGL": 33, "PGC_REGION": 3}}, {"type": "Feature", "geometry": {"type": "Point", "coordinates": [-78.16841387129125, 40.799977999574104]}, "properties": {"SGL": 33, "PGC_REGION": 3}}, {"type": "Feature", "geometry": {"type": "Point", "coordinates": [-78.16159928230897, 40.810922378027755]}, "properties": {"SGL": 33, "PGC_REGION": 3}}, {"type": "Feature", "geometry": {"type": "Point", "coordinates": [-78.14851444034203, 40.826832835609366]}, "properties": {"SGL": 33, "PGC_REGION": 3}}, {"type": "Feature", "geometry": {"type": "Point", "coordinates": [-78.15326102725736, 40.82177210827603]}, "properties": {"SGL": 33, "PGC_REGION": 3}}, {"type": "Feature", "geometry": {"type": "Point", "coordinates": [-78.13772443872678, 40.880549362912404]}, "properties": {"SGL": 33, "PGC_REGION": 3}}, {"type": "Feature", "geometry": {"type": "Point", "coordinates": [-78.16805160011143, 40.86501510369927]}, "properties": {"SGL": 33, "PGC_REGION": 3}}, {"type": "Feature", "geometry": {"type": "Point", "coordinates": [-78.15991269560308, 40.85709039626124]}, "properties": {"SGL": 33, "PGC_REGION": 3}}, {"type": "Feature", "geometry": {"type": "Point", "coordinates": [-78.1360257554131, 40.840834927821966]}, "properties": {"SGL": 33, "PGC_REGION": 3}}, {"type": "Feature", "geometry": {"type": "Point", "coordinates": [-78.15195451370371, 40.851822273156664]}, "properties": {"SGL": 33, "PGC_REGION": 3}}, {"type": "Feature", "geometry": {"type": "Point", "coordinates": [-78.15275642228548, 40.85110326231265]}, "properties": {"SGL": 33, "PGC_REGION": 3}}, {"type": "Feature", "geometry": {"type": "Point", "coordinates": [-78.20501517066327, 40.86688316529538]}, "properties": {"SGL": 33, "PGC_REGION": 3}}, {"type": "Feature", "geometry": {"type": "Point", "coordinates": [-78.18462474901695, 40.864592649103656]}, "properties": {"SGL": 33, "PGC_REGION": 3}}, {"type": "Feature", "geometry": {"type": "Point", "coordinates": [-78.21057588775425, 40.82056840180287]}, "properties": {"SGL": 33, "PGC_REGION": 3}}, {"type": "Feature", "geometry": {"type": "Point", "coordinates": [-78.23544137710293, 40.788246962616]}, "properties": {"SGL": 33, "PGC_REGION": 3}}, {"type": "Feature", "geometry": {"type": "Point", "coordinates": [-78.77141873985214, 41.169966528667764]}, "properties": {"SGL": 77, "PGC_REGION": 3}}, {"type": "Feature", "geometry": {"type": "Point", "coordinates": [-78.77069111328026, 41.16774429181236]}, "properties": {"SGL": 77, "PGC_REGION": 3}}, {"type": "Feature", "geometry": {"type": "Point", "coordinates": [-78.76645439228406, 41.16748075550898]}, "properties": {"SGL": 77, "PGC_REGION": 3}}, {"type": "Feature", "geometry": {"type": "Point", "coordinates": [-78.49686965087793, 40.711974535198635]}, "properties": {"SGL": 108, "PGC_REGION": 2}}, {"type": "Feature", "geometry": {"type": "Point", "coordinates": [-78.63895501085312, 40.65015118730228]}, "properties": {"SGL": 108, "PGC_REGION": 2}}, {"type": "Feature", "geometry": {"type": "Point", "coordinates": [-78.62668599657847, 40.644070866697376]}, "properties": {"SGL": 108, "PGC_REGION": 2}}, {"type": "Feature", "geometry": {"type": "Point", "coordinates": [-78.60157472867513, 40.6499246289021]}, "properties": {"SGL": 108, "PGC_REGION": 2}}, {"type": "Feature", "geometry": {"type": "Point", "coordinates": [-78.58186652462294, 40.66923678384939]}, "properties": {"SGL": 108, "PGC_REGION": 2}}, {"type": "Feature", "geometry": {"type": "Point", "coordinates": [-78.59382401576089, 40.66717853247194]}, "properties": {"SGL": 108, "PGC_REGION": 2}}, {"type": "Feature", "geometry": {"type": "Point", "coordinates": [-78.6009081318587, 40.65940101107353]}, "properties": {"SGL": 108, "PGC_REGION": 2}}, {"type": "Feature", "geometry": {"type": "Point", "coordinates": [-78.59371439676582, 40.671409606091544]}, "properties": {"SGL": 108, "PGC_REGION": 2}}, {"type": "Feature", "geometry": {"type": "Point", "coordinates": [-78.59907532929017, 40.67401598374999]}, "properties": {"SGL": 108, "PGC_REGION": 2}}, {"type": "Feature", "geometry": {"type": "Point", "coordinates": [-78.5854783761463, 40.687219916756355]}, "properties": {"SGL": 108, "PGC_REGION": 2}}, {"type": "Feature", "geometry": {"type": "Point", "coordinates": [-78.53251478815476, 40.6547303129203]}, "properties": {"SGL": 108, "PGC_REGION": 2}}, {"type": "Feature", "geometry": {"type": "Point", "coordinates": [-78.52630588481044, 40.65495897394508]}, "properties": {"SGL": 108, "PGC_REGION": 2}}, {"type": "Feature", "geometry": {"type": "Point", "coordinates": [-78.54648868223826, 40.652379771846725]}, "properties": {"SGL": 108, "PGC_REGION": 2}}, {"type": "Feature", "geometry": {"type": "Point", "coordinates": [-78.55876800707397, 40.643471955988524]}, "properties": {"SGL": 108, "PGC_REGION": 2}}, {"type": "Feature", "geometry": {"type": "Point", "coordinates": [-78.5627972124454, 40.64806115663187]}, "properties": {"SGL": 108, "PGC_REGION": 2}}, {"type": "Feature", "geometry": {"type": "Point", "coordinates": [-78.53251478815476, 40.6547303129203]}, "properties": {"SGL": 108, "PGC_REGION": 2}}, {"type": "Feature", "geometry": {"type": "Point", "coordinates": [-78.52024560440329, 40.65561016352142]}, "properties": {"SGL": 108, "PGC_REGION": 2}}, {"type": "Feature", "geometry": {"type": "Point", "coordinates": [-78.52630588481044, 40.65495897394508]}, "properties": {"SGL": 108, "PGC_REGION": 2}}, {"type": "Feature", "geometry": {"type": "Point", "coordinates": [-78.54005180078865, 40.654072412540344]}, "properties": {"SGL": 108, "PGC_REGION": 2}}, {"type": "Feature", "geometry": {"type": "Point", "coordinates": [-78.54648868223826, 40.652379771846725]}, "properties": {"SGL": 108, "PGC_REGION": 2}}, {"type": "Feature", "geometry": {"type": "Point", "coordinates": [-78.5558347077048, 40.65020126860684]}, "properties": {"SGL": 108, "PGC_REGION": 2}}, {"type": "Feature", "geometry": {"type": "Point", "coordinates": [-78.55617950445159, 40.63989399905313]}, "properties": {"SGL": 108, "PGC_REGION": 2}}, {"type": "Feature", "geometry": {"type": "Point", "coordinates": [-78.50487561896817, 40.664164315648584]}, "properties": {"SGL": 108, "PGC_REGION": 2}}, {"type": "Feature", "geometry": {"type": "Point", "coordinates": [-78.50757635060546, 40.666108576428186]}, "properties": {"SGL": 108, "PGC_REGION": 2}}, {"type": "Feature", "geometry": {"type": "Point", "coordinates": [-78.50700637897936, 40.65320204356917]}, "properties": {"SGL": 108, "PGC_REGION": 2}}, {"type": "Feature", "geometry": {"type": "Point", "coordinates": [-78.50527417897293, 40.65343447346806]}, "properties": {"SGL": 108, "PGC_REGION": 2}}, {"type": "Feature", "geometry": {"type": "Point", "coordinates": [-78.50158253812963, 40.65299039370523]}, "properties": {"SGL": 108, "PGC_REGION": 2}}, {"type": "Feature", "geometry": {"type": "Point", "coordinates": [-78.47249560135133, 40.66472591583308]}, "properties": {"SGL": 108, "PGC_REGION": 2}}, {"type": "Feature", "geometry": {"type": "Point", "coordinates": [-78.4463480937879, 40.64537107644958]}, "properties": {"SGL": 108, "PGC_REGION": 2}}, {"type": "Feature", "geometry": {"type": "Point", "coordinates": [-78.42766309685383, 40.67107888002027]}, "properties": {"SGL": 108, "PGC_REGION": 2}}, {"type": "Feature", "geometry": {"type": "Point", "coordinates": [-78.43786043287456, 40.673747065199024]}, "properties": {"SGL": 108, "PGC_REGION": 2}}, {"type": "Feature", "geometry": {"type": "Point", "coordinates": [-78.48566451656629, 40.62514354557195]}, "properties": {"SGL": 108, "PGC_REGION": 2}}, {"type": "Feature", "geometry": {"type": "Point", "coordinates": [-78.3427465360136, 41.344571241818485]}, "properties": {"SGL": 311, "PGC_REGION": 3}}, {"type": "Feature", "geometry": {"type": "Point", "coordinates": [-78.34362437536349, 41.345013113859686]}, "properties": {"SGL": 311, "PGC_REGION": 3}}, {"type": "Feature", "geometry": {"type": "Point", "coordinates": [-78.65331390261814, 41.149529060387025]}, "properties": {"SGL": 331, "PGC_REGION": 3}}, {"type": "Feature", "geometry": {"type": "Point", "coordinates": [-78.64619215171435, 41.133255485245506]}, "properties": {"SGL": 331, "PGC_REGION": 3}}, {"type": "Feature", "geometry": {"type": "Point", "coordinates": [-76.21662043322499, 40.52522169288235]}, "properties": {"SGL": 110, "PGC_REGION": 6}}, {"type": "Feature", "geometry": {"type": "Point", "coordinates": [-76.1267391191971, 40.5298973462672]}, "properties": {"SGL": 110, "PGC_REGION": 6}}, {"type": "Feature", "geometry": {"type": "Point", "coordinates": [-76.06182688734296, 40.579418838899954]}, "properties": {"SGL": 110, "PGC_REGION": 6}}, {"type": "Feature", "geometry": {"type": "Point", "coordinates": [-76.05470466188629, 40.55194724687709]}, "properties": {"SGL": 110, "PGC_REGION": 6}}, {"type": "Feature", "geometry": {"type": "Point", "coordinates": [-76.12356774494395, 40.53773791360402]}, "properties": {"SGL": 110, "PGC_REGION": 6}}, {"type": "Feature", "geometry": {"type": "Point", "coordinates": [-76.11386185728371, 40.55201981994022]}, "properties": {"SGL": 110, "PGC_REGION": 6}}, {"type": "Feature", "geometry": {"type": "Point", "coordinates": [-78.52373496400187, 40.652256210412]}, "properties": {"SGL": 108, "PGC_REGION": 2}}, {"type": "Feature", "geometry": {"type": "Point", "coordinates": [-78.49686965087793, 40.711974535198635]}, "properties": {"SGL": 108, "PGC_REGION": 2}}, {"type": "Feature", "geometry": {"type": "Point", "coordinates": [-78.51477607436728, 40.680398468031775]}, "properties": {"SGL": 108, "PGC_REGION": 2}}, {"type": "Feature", "geometry": {"type": "Point", "coordinates": [-76.38435558135521, 41.44021762138074]}, "properties": {"SGL": 13, "PGC_REGION": 5}}, {"type": "Feature", "geometry": {"type": "Point", "coordinates": [-76.38660625736276, 41.43391078879846]}, "properties": {"SGL": 13, "PGC_REGION": 5}}, {"type": "Feature", "geometry": {"type": "Point", "coordinates": [-76.37061429733544, 41.435760128653136]}, "properties": {"SGL": 13, "PGC_REGION": 5}}, {"type": "Feature", "geometry": {"type": "Point", "coordinates": [-76.3701579460893, 41.44843848640248]}, "properties": {"SGL": 13, "PGC_REGION": 5}}, {"type": "Feature", "geometry": {"type": "Point", "coordinates": [-76.34907382752479, 41.31501584077166]}, "properties": {"SGL": 13, "PGC_REGION": 5}}, {"type": "Feature", "geometry": {"type": "Point", "coordinates": [-76.35477243845426, 41.329745420066054]}, "properties": {"SGL": 13, "PGC_REGION": 5}}, {"type": "Feature", "geometry": {"type": "Point", "coordinates": [-78.36884845264544, 41.34110321054409]}, "properties": {"SGL": 311, "PGC_REGION": 3}}, {"type": "Feature", "geometry": {"type": "Point", "coordinates": [-78.37101020326402, 41.34209961090456]}, "properties": {"SGL": 311, "PGC_REGION": 3}}, {"type": "Feature", "geometry": {"type": "Point", "coordinates": [-77.55008177318462, 41.07703549123694]}, "properties": {"SGL": 255, "PGC_REGION": 3}}, {"type": "Feature", "geometry": {"type": "Point", "coordinates": [-77.54736358585806, 41.07740134102106]}, "properties": {"SGL": 255, "PGC_REGION": 3}}, {"type": "Feature", "geometry": {"type": "Point", "coordinates": [-79.05080603196151, 39.98972245193065]}, "properties": {"SGL": 50, "PGC_REGION": 2}}, {"type": "Feature", "geometry": {"type": "Point", "coordinates": [-79.05701851990479, 39.93658738142689]}, "properties": {"SGL": 50, "PGC_REGION": 2}}, {"type": "Feature", "geometry": {"type": "Point", "coordinates": [-79.05774959074148, 39.93698585218697]}, "properties": {"SGL": 50, "PGC_REGION": 2}}, {"type": "Feature", "geometry": {"type": "Point", "coordinates": [-79.06389453255649, 39.93803778194097]}, "properties": {"SGL": 50, "PGC_REGION": 2}}, {"type": "Feature", "geometry": {"type": "Point", "coordinates": [-79.06666425293504, 39.93908895190657]}, "properties": {"SGL": 50, "PGC_REGION": 2}}, {"type": "Feature", "geometry": {"type": "Point", "coordinates": [-79.0749462454975, 39.9415835823727]}, "properties": {"SGL": 50, "PGC_REGION": 2}}, {"type": "Feature", "geometry": {"type": "Point", "coordinates": [-79.03809268747862, 39.97979291081191]}, "properties": {"SGL": 50, "PGC_REGION": 2}}, {"type": "Feature", "geometry": {"type": "Point", "coordinates": [-79.0506609317363, 39.990239112552324]}, "properties": {"SGL": 50, "PGC_REGION": 2}}, {"type": "Feature", "geometry": {"type": "Point", "coordinates": [-79.05990710294547, 39.96536589741472]}, "properties": {"SGL": 50, "PGC_REGION": 2}}, {"type": "Feature", "geometry": {"type": "Point", "coordinates": [-79.05663690254275, 39.964954177045016]}, "properties": {"SGL": 50, "PGC_REGION": 2}}, {"type": "Feature", "geometry": {"type": "Point", "coordinates": [-79.05419030249641, 39.965575947844734]}, "properties": {"SGL": 50, "PGC_REGION": 2}}, {"type": "Feature", "geometry": {"type": "Point", "coordinates": [-79.0508612063992, 39.96552826052188]}, "properties": {"SGL": 50, "PGC_REGION": 2}}, {"type": "Feature", "geometry": {"type": "Point", "coordinates": [-79.04863293025664, 39.96499566760547]}, "properties": {"SGL": 50, "PGC_REGION": 2}}, {"type": "Feature", "geometry": {"type": "Point", "coordinates": [-78.84535794246987, 40.86616327617028]}, "properties": {"SGL": 174, "PGC_REGION": 2}}, {"type": "Feature", "geometry": {"type": "Point", "coordinates": [-78.8394705436048, 40.871099609302]}, "properties": {"SGL": 174, "PGC_REGION": 2}}, {"type": "Feature", "geometry": {"type": "Point", "coordinates": [-78.8249385428147, 40.875298208997584]}, "properties": {"SGL": 174, "PGC_REGION": 2}}, {"type": "Feature", "geometry": {"type": "Point", "coordinates": [-78.82285067691383, 40.87412860906604]}, "properties": {"SGL": 174, "PGC_REGION": 2}}, {"type": "Feature", "geometry": {"type": "Point", "coordinates": [-78.81127574251737, 40.86810380900287]}, "properties": {"SGL": 174, "PGC_REGION": 2}}, {"type": "Feature", "geometry": {"type": "Point", "coordinates": [-78.80881287614608, 40.87724600939712]}, "properties": {"SGL": 174, "PGC_REGION": 2}}, {"type": "Feature", "geometry": {"type": "Point", "coordinates": [-78.80578687628605, 40.881856408251785]}, "properties": {"SGL": 174, "PGC_REGION": 2}}, {"type": "Feature", "geometry": {"type": "Point", "coordinates": [-78.81091107604583, 40.88917360925522]}, "properties": {"SGL": 174, "PGC_REGION": 2}}, {"type": "Feature", "geometry": {"type": "Point", "coordinates": [-78.85576854294263, 40.88186407556888]}, "properties": {"SGL": 174, "PGC_REGION": 2}}, {"type": "Feature", "geometry": {"type": "Point", "coordinates": [-78.85309047590239, 40.87826254291259]}, "properties": {"SGL": 174, "PGC_REGION": 2}}, {"type": "Feature", "geometry": {"type": "Point", "coordinates": [-78.83368754375914, 40.87997834260034]}, "properties": {"SGL": 174, "PGC_REGION": 2}}, {"type": "Feature", "geometry": {"type": "Point", "coordinates": [-75.81308948709679, 40.174544629547746]}, "properties": {"SGL": 52, "PGC_REGION": 6}}, {"type": "Feature", "geometry": {"type": "Point", "coordinates": [-75.79708678008447, 40.1747109561891]}, "properties": {"SGL": 52, "PGC_REGION": 6}}, {"type": "Feature", "geometry": {"type": "Point", "coordinates": [-75.73932505688636, 40.18911758593071]}, "properties": {"SGL": 52, "PGC_REGION": 6}}, {"type": "Feature", "geometry": {"type": "Point", "coordinates": [-75.8055547988416, 40.1841197926768]}, "properties": {"SGL": 52, "PGC_REGION": 6}}, {"type": "Feature", "geometry": {"type": "Point", "coordinates": [-75.80623425516536, 40.17487767490157]}, "properties": {"SGL": 52, "PGC_REGION": 6}}, {"type": "Feature", "geometry": {"type": "Point", "coordinates": [-75.79548152377846, 40.172799108718216]}, "properties": {"SGL": 52, "PGC_REGION": 6}}, {"type": "Feature", "geometry": {"type": "Point", "coordinates": [-75.76670456540286, 40.187413056339985]}, "properties": {"SGL": 52, "PGC_REGION": 6}}, {"type": "Feature", "geometry": {"type": "Point", "coordinates": [-75.77472325696355, 40.18762583028487]}, "properties": {"SGL": 52, "PGC_REGION": 6}}, {"type": "Feature", "geometry": {"type": "Point", "coordinates": [-78.90820349632145, 40.436088328731515]}, "properties": {"SGL": 79, "PGC_REGION": 2}}, {"type": "Feature", "geometry": {"type": "Point", "coordinates": [-78.9133708264802, 40.44085899546577]}, "properties": {"SGL": 79, "PGC_REGION": 2}}, {"type": "Feature", "geometry": {"type": "Point", "coordinates": [-78.9271904872723, 40.45817599189794]}, "properties": {"SGL": 79, "PGC_REGION": 2}}, {"type": "Feature", "geometry": {"type": "Point", "coordinates": [-78.90082406047402, 40.465014137873716]}, "properties": {"SGL": 79, "PGC_REGION": 2}}, {"type": "Feature", "geometry": {"type": "Point", "coordinates": [-78.90567582730534, 40.46814032199784]}, "properties": {"SGL": 79, "PGC_REGION": 2}}, {"type": "Feature", "geometry": {"type": "Point", "coordinates": [-78.88860616541336, 40.48303598457355]}, "properties": {"SGL": 79, "PGC_REGION": 2}}, {"type": "Feature", "geometry": {"type": "Point", "coordinates": [-78.86687450574831, 40.48722131686965]}, "properties": {"SGL": 79, "PGC_REGION": 2}}, {"type": "Feature", "geometry": {"type": "Point", "coordinates": [-78.8664538400251, 40.480069984846]}, "properties": {"SGL": 79, "PGC_REGION": 2}}, {"type": "Feature", "geometry": {"type": "Point", "coordinates": [-78.88375483324522, 40.483981651766065]}, "properties": {"SGL": 79, "PGC_REGION": 2}}, {"type": "Feature", "geometry": {"type": "Point", "coordinates": [-78.89525482966735, 40.488303650877164]}, "properties": {"SGL": 79, "PGC_REGION": 2}}, {"type": "Feature", "geometry": {"type": "Point", "coordinates": [-78.89178049603899, 40.505471981070386]}, "properties": {"SGL": 79, "PGC_REGION": 2}}, {"type": "Feature", "geometry": {"type": "Point", "coordinates": [-78.81314952416943, 40.461953652680904]}, "properties": {"SGL": 79, "PGC_REGION": 2}}, {"type": "Feature", "geometry": {"type": "Point", "coordinates": [-78.81059852530622, 40.4614179867957]}, "properties": {"SGL": 79, "PGC_REGION": 2}}, {"type": "Feature", "geometry": {"type": "Point", "coordinates": [-78.9760921338474, 40.5396146448448]}, "properties": {"SGL": 79, "PGC_REGION": 2}}, {"type": "Feature", "geometry": {"type": "Point", "coordinates": [-78.98533146496646, 40.53000464641424]}, "properties": {"SGL": 79, "PGC_REGION": 2}}, {"type": "Feature", "geometry": {"type": "Point", "coordinates": [-79.00228879246042, 40.53959131173267]}, "properties": {"SGL": 79, "PGC_REGION": 2}}, {"type": "Feature", "geometry": {"type": "Point", "coordinates": [-78.79528826402446, 40.48462213923899]}, "properties": {"SGL": 79, "PGC_REGION": 2}}, {"type": "Feature", "geometry": {"type": "Point", "coordinates": [-80.48108000048433, 40.675409999265995]}, "properties": {"SGL": 173, "PGC_REGION": 2}}, {"type": "Feature", "geometry": {"type": "Point", "coordinates": [-80.48025999996995, 40.67253999860996]}, "properties": {"SGL": 173, "PGC_REGION": 2}}, {"type": "Feature", "geometry": {"type": "Point", "coordinates": [-80.47996999992155, 40.67154999954652]}, "properties": {"SGL": 173, "PGC_REGION": 2}}, {"type": "Feature", "geometry": {"type": "Point", "coordinates": [-80.45903999943799, 40.68213999889861]}, "properties": {"SGL": 173, "PGC_REGION": 2}}, {"type": "Feature", "geometry": {"type": "Point", "coordinates": [-80.45904000024538, 40.68092999952808]}, "properties": {"SGL": 173, "PGC_REGION": 2}}, {"type": "Feature", "geometry": {"type": "Point", "coordinates": [-80.45990000045943, 40.67907999836406]}, "properties": {"SGL": 173, "PGC_REGION": 2}}, {"type": "Feature", "geometry": {"type": "Point", "coordinates": [-80.46042000013367, 40.67664999913696]}, "properties": {"SGL": 173, "PGC_REGION": 2}}, {"type": "Feature", "geometry": {"type": "Point", "coordinates": [-80.45994000031267, 40.676379999246564]}, "properties": {"SGL": 173, "PGC_REGION": 2}}, {"type": "Feature", "geometry": {"type": "Point", "coordinates": [-80.45689999985514, 40.669509998732295]}, "properties": {"SGL": 173, "PGC_REGION": 2}}, {"type": "Feature", "geometry": {"type": "Point", "coordinates": [-80.48088781511817, 40.672968521121525]}, "properties": {"SGL": 173, "PGC_REGION": 2}}, {"type": "Feature", "geometry": {"type": "Point", "coordinates": [-80.48168562330014, 39.965650718490835]}, "properties": {"SGL": 302, "PGC_REGION": 2}}, {"type": "Feature", "geometry": {"type": "Point", "coordinates": [-80.48176239931023, 39.95278998717636]}, "properties": {"SGL": 302, "PGC_REGION": 2}}, {"type": "Feature", "geometry": {"type": "Point", "coordinates": [-80.47638917598682, 39.95312355141456]}, "properties": {"SGL": 302, "PGC_REGION": 2}}, {"type": "Feature", "geometry": {"type": "Point", "coordinates": [-80.46338155832721, 39.96065010283189]}, "properties": {"SGL": 302, "PGC_REGION": 2}}, {"type": "Feature", "geometry": {"type": "Point", "coordinates": [-80.46050430335339, 39.960543615111106]}, "properties": {"SGL": 302, "PGC_REGION": 2}}, {"type": "Feature", "geometry": {"type": "Point", "coordinates": [-80.47913723601289, 39.964202763962746]}, "properties": {"SGL": 302, "PGC_REGION": 2}}, {"type": "Feature", "geometry": {"type": "Point", "coordinates": [-78.57906001106907, 40.489880008558764]}, "properties": {"SGL": 279, "PGC_REGION": 2}}, {"type": "Feature", "geometry": {"type": "Point", "coordinates": [-76.50238696643154, 40.67460223963369]}, "properties": {"SGL": 132, "PGC_REGION": 6}}, {"type": "Feature", "geometry": {"type": "Point", "coordinates": [-76.51697724723866, 40.67419971323665]}, "properties": {"SGL": 132, "PGC_REGION": 6}}, {"type": "Feature", "geometry": {"type": "Point", "coordinates": [-75.58407191452797, 41.03582814379438]}, "properties": {"SGL": 129, "PGC_REGION": 5}}, {"type": "Feature", "geometry": {"type": "Point", "coordinates": [-75.54208957150863, 41.02483455446995]}, "properties": {"SGL": 129, "PGC_REGION": 5}}, {"type": "Feature", "geometry": {"type": "Point", "coordinates": [-75.54366907317969, 41.02902279241608]}, "properties": {"SGL": 129, "PGC_REGION": 5}}, {"type": "Feature", "geometry": {"type": "Point", "coordinates": [-75.52166442317896, 41.047493008237346]}, "properties": {"SGL": 129, "PGC_REGION": 5}}, {"type": "Feature", "geometry": {"type": "Point", "coordinates": [-75.33325072042682, 41.14096040633697]}, "properties": {"SGL": 221, "PGC_REGION": 5}}, {"type": "Feature", "geometry": {"type": "Point", "coordinates": [-75.28791854973542, 41.179725592466625]}, "properties": {"SGL": 221, "PGC_REGION": 5}}, {"type": "Feature", "geometry": {"type": "Point", "coordinates": [-75.28880966590069, 41.15450191094595]}, "properties": {"SGL": 221, "PGC_REGION": 5}}, {"type": "Feature", "geometry": {"type": "Point", "coordinates": [-75.30628336565537, 41.139508353595865]}, "properties": {"SGL": 221, "PGC_REGION": 5}}, {"type": "Feature", "geometry": {"type": "Point", "coordinates": [-78.88119986749074, 41.390276886480606]}, "properties": {"SGL": 44, "PGC_REGION": 3}}, {"type": "Feature", "geometry": {"type": "Point", "coordinates": [-78.87483133158884, 41.388646077432746]}, "properties": {"SGL": 44, "PGC_REGION": 3}}, {"type": "Feature", "geometry": {"type": "Point", "coordinates": [-78.8633213104883, 41.37384872373417]}, "properties": {"SGL": 44, "PGC_REGION": 3}}, {"type": "Feature", "geometry": {"type": "Point", "coordinates": [-78.85982805927087, 41.37374119912081]}, "properties": {"SGL": 44, "PGC_REGION": 3}}, {"type": "Feature", "geometry": {"type": "Point", "coordinates": [-78.85932795679508, 41.372135524079006]}, "properties": {"SGL": 44, "PGC_REGION": 3}}, {"type": "Feature", "geometry": {"type": "Point", "coordinates": [-78.85836843530792, 41.36787278538556]}, "properties": {"SGL": 44, "PGC_REGION": 3}}, {"type": "Feature", "geometry": {"type": "Point", "coordinates": [-78.85670564476304, 41.34106806865965]}, "properties": {"SGL": 44, "PGC_REGION": 3}}, {"type": "Feature", "geometry": {"type": "Point", "coordinates": [-78.82190458357935, 41.360514911195516]}, "properties": {"SGL": 44, "PGC_REGION": 3}}, {"type": "Feature", "geometry": {"type": "Point", "coordinates": [-78.82873123298702, 41.36893618210998]}, "properties": {"SGL": 44, "PGC_REGION": 3}}, {"type": "Feature", "geometry": {"type": "Point", "coordinates": [-78.85099901846762, 41.367057481764185]}, "properties": {"SGL": 44, "PGC_REGION": 3}}, {"type": "Feature", "geometry": {"type": "Point", "coordinates": [-78.85111007767493, 41.36831134916685]}, "properties": {"SGL": 44, "PGC_REGION": 3}}, {"type": "Feature", "geometry": {"type": "Point", "coordinates": [-78.82109629200872, 41.36653174736778]}, "properties": {"SGL": 44, "PGC_REGION": 3}}, {"type": "Feature", "geometry": {"type": "Point", "coordinates": [-78.8184308266543, 41.35618045885679]}, "properties": {"SGL": 44, "PGC_REGION": 3}}, {"type": "Feature", "geometry": {"type": "Point", "coordinates": [-78.81582071552164, 41.358238427454964]}, "properties": {"SGL": 44, "PGC_REGION": 3}}, {"type": "Feature", "geometry": {"type": "Point", "coordinates": [-78.81412986783359, 41.35421195782509]}, "properties": {"SGL": 44, "PGC_REGION": 3}}, {"type": "Feature", "geometry": {"type": "Point", "coordinates": [-78.78716890297932, 41.3420790042227]}, "properties": {"SGL": 44, "PGC_REGION": 3}}, {"type": "Feature", "geometry": {"type": "Point", "coordinates": [-78.79036342347345, 41.32848490254534]}, "properties": {"SGL": 44, "PGC_REGION": 3}}, {"type": "Feature", "geometry": {"type": "Point", "coordinates": [-78.78682675747568, 41.31643672435015]}, "properties": {"SGL": 44, "PGC_REGION": 3}}, {"type": "Feature", "geometry": {"type": "Point", "coordinates": [-78.78622980101268, 41.30720802459541]}, "properties": {"SGL": 44, "PGC_REGION": 3}}, {"type": "Feature", "geometry": {"type": "Point", "coordinates": [-78.81658897025216, 41.30545734422351]}, "properties": {"SGL": 44, "PGC_REGION": 3}}, {"type": "Feature", "geometry": {"type": "Point", "coordinates": [-78.75813110806392, 41.320222938645934]}, "properties": {"SGL": 44, "PGC_REGION": 3}}, {"type": "Feature", "geometry": {"type": "Point", "coordinates": [-78.75427772602298, 41.321520288446706]}, "properties": {"SGL": 44, "PGC_REGION": 3}}, {"type": "Feature", "geometry": {"type": "Point", "coordinates": [-78.73438135653949, 41.289236775644994]}, "properties": {"SGL": 44, "PGC_REGION": 3}}, {"type": "Feature", "geometry": {"type": "Point", "coordinates": [-78.73171461702496, 41.28121523708508]}, "properties": {"SGL": 44, "PGC_REGION": 3}}, {"type": "Feature", "geometry": {"type": "Point", "coordinates": [-78.72654447602194, 41.30678953653232]}, "properties": {"SGL": 44, "PGC_REGION": 3}}, {"type": "Feature", "geometry": {"type": "Point", "coordinates": [-78.73229562852205, 41.31481819669287]}, "properties": {"SGL": 44, "PGC_REGION": 3}}, {"type": "Feature", "geometry": {"type": "Point", "coordinates": [-78.74119068487448, 41.32012557514568]}, "properties": {"SGL": 44, "PGC_REGION": 3}}, {"type": "Feature", "geometry": {"type": "Point", "coordinates": [-78.72386691823195, 41.31848212388877]}, "properties": {"SGL": 44, "PGC_REGION": 3}}, {"type": "Feature", "geometry": {"type": "Point", "coordinates": [-78.77296398433602, 41.351940499192864]}, "properties": {"SGL": 44, "PGC_REGION": 3}}, {"type": "Feature", "geometry": {"type": "Point", "coordinates": [-78.75872920550515, 41.36196688669062]}, "properties": {"SGL": 44, "PGC_REGION": 3}}, {"type": "Feature", "geometry": {"type": "Point", "coordinates": [-78.75117930241673, 41.36848156724396]}, "properties": {"SGL": 44, "PGC_REGION": 3}}, {"type": "Feature", "geometry": {"type": "Point", "coordinates": [-78.73140497829606, 41.36205472195606]}, "properties": {"SGL": 44, "PGC_REGION": 3}}, {"type": "Feature", "geometry": {"type": "Point", "coordinates": [-78.74071045670357, 41.380958709239565]}, "properties": {"SGL": 44, "PGC_REGION": 3}}, {"type": "Feature", "geometry": {"type": "Point", "coordinates": [-78.75224453291989, 41.39633291698758]}, "properties": {"SGL": 44, "PGC_REGION": 3}}, {"type": "Feature", "geometry": {"type": "Point", "coordinates": [-78.77655518518507, 41.387183122705956]}, "properties": {"SGL": 44, "PGC_REGION": 3}}, {"type": "Feature", "geometry": {"type": "Point", "coordinates": [-78.7723220700895, 41.38187039938575]}, "properties": {"SGL": 44, "PGC_REGION": 3}}, {"type": "Feature", "geometry": {"type": "Point", "coordinates": [-78.77784264986697, 41.37830872884699]}, "properties": {"SGL": 44, "PGC_REGION": 3}}, {"type": "Feature", "geometry": {"type": "Point", "coordinates": [-78.81381567571954, 41.373239399074556]}, "properties": {"SGL": 44, "PGC_REGION": 3}}, {"type": "Feature", "geometry": {"type": "Point", "coordinates": [-78.7687876046045, 41.3920924213839]}, "properties": {"SGL": 44, "PGC_REGION": 3}}, {"type": "Feature", "geometry": {"type": "Point", "coordinates": [-78.74900081034049, 41.407763057859164]}, "properties": {"SGL": 44, "PGC_REGION": 3}}, {"type": "Feature", "geometry": {"type": "Point", "coordinates": [-78.69664157736956, 41.39682900077644]}, "properties": {"SGL": 44, "PGC_REGION": 3}}, {"type": "Feature", "geometry": {"type": "Point", "coordinates": [-78.690615372358, 41.386539705386085]}, "properties": {"SGL": 44, "PGC_REGION": 3}}, {"type": "Feature", "geometry": {"type": "Point", "coordinates": [-78.6827543080787, 41.37891473217424]}, "properties": {"SGL": 44, "PGC_REGION": 3}}, {"type": "Feature", "geometry": {"type": "Point", "coordinates": [-78.6911696658067, 41.37091261400991]}, "properties": {"SGL": 44, "PGC_REGION": 3}}, {"type": "Feature", "geometry": {"type": "Point", "coordinates": [-78.66393942136197, 41.32267716958717]}, "properties": {"SGL": 44, "PGC_REGION": 3}}, {"type": "Feature", "geometry": {"type": "Point", "coordinates": [-78.67134594626695, 41.31445788763209]}, "properties": {"SGL": 44, "PGC_REGION": 3}}, {"type": "Feature", "geometry": {"type": "Point", "coordinates": [-78.66206689984824, 41.31965283539187]}, "properties": {"SGL": 44, "PGC_REGION": 3}}, {"type": "Feature", "geometry": {"type": "Point", "coordinates": [-77.41426546723784, 41.41589054193522]}, "properties": {"SGL": 75, "PGC_REGION": 3}}, {"type": "Feature", "geometry": {"type": "Point", "coordinates": [-77.3521931155263, 41.474487632625234]}, "properties": {"SGL": 75, "PGC_REGION": 3}}, {"type": "Feature", "geometry": {"type": "Point", "coordinates": [-77.36410837903844, 41.47249456683607]}, "properties": {"SGL": 75, "PGC_REGION": 3}}, {"type": "Feature", "geometry": {"type": "Point", "coordinates": [-77.32730336961586, 41.46955335301224]}, "properties": {"SGL": 75, "PGC_REGION": 3}}, {"type": "Feature", "geometry": {"type": "Point", "coordinates": [-77.33329713099263, 41.47196725230667]}, "properties": {"SGL": 75, "PGC_REGION": 3}}, {"type": "Feature", "geometry": {"type": "Point", "coordinates": [-77.30205606854962, 41.50377585767008]}, "properties": {"SGL": 75, "PGC_REGION": 3}}, {"type": "Feature", "geometry": {"type": "Point", "coordinates": [-77.32893690329887, 41.48351899148842]}, "properties": {"SGL": 75, "PGC_REGION": 3}}, {"type": "Feature", "geometry": {"type": "Point", "coordinates": [-77.37416617981857, 41.47478924911367]}, "properties": {"SGL": 75, "PGC_REGION": 3}}, {"type": "Feature", "geometry": {"type": "Point", "coordinates": [-77.3601151995708, 41.52990157846259]}, "properties": {"SGL": 75, "PGC_REGION": 3}}, {"type": "Feature", "geometry": {"type": "Point", "coordinates": [-77.37890314024249, 41.52994158224673]}, "properties": {"SGL": 75, "PGC_REGION": 3}}, {"type": "Feature", "geometry": {"type": "Point", "coordinates": [-77.31745612423664, 41.47646483529804]}, "properties": {"SGL": 75, "PGC_REGION": 3}}, {"type": "Feature", "geometry": {"type": "Point", "coordinates": [-77.32951951760731, 41.483900596364]}, "properties": {"SGL": 75, "PGC_REGION": 3}}, {"type": "Feature", "geometry": {"type": "Point", "coordinates": [-78.28480132200463, 40.7561836072096]}, "properties": {"SGL": 60, "PGC_REGION": 3}}, {"type": "Feature", "geometry": {"type": "Point", "coordinates": [-78.29249966159662, 40.74595796253765]}, "properties": {"SGL": 60, "PGC_REGION": 3}}, {"type": "Feature", "geometry": {"type": "Point", "coordinates": [-78.27809255092808, 40.767691978502334]}, "properties": {"SGL": 60, "PGC_REGION": 3}}, {"type": "Feature", "geometry": {"type": "Point", "coordinates": [-78.23591772837597, 40.7885422883216]}, "properties": {"SGL": 60, "PGC_REGION": 3}}, {"type": "Feature", "geometry": {"type": "Point", "coordinates": [-78.25416526047732, 40.77141322194029]}, "properties": {"SGL": 60, "PGC_REGION": 3}}, {"type": "Feature", "geometry": {"type": "Point", "coordinates": [-78.25430294021665, 40.78104208325963]}, "properties": {"SGL": 60, "PGC_REGION": 3}}, {"type": "Feature", "geometry": {"type": "Point", "coordinates": [-78.26639763000607, 40.75125069070234]}, "properties": {"SGL": 60, "PGC_REGION": 3}}, {"type": "Feature", "geometry": {"type": "Point", "coordinates": [-78.28475072360715, 40.758637428568015]}, "properties": {"SGL": 60, "PGC_REGION": 3}}, {"type": "Feature", "geometry": {"type": "Point", "coordinates": [-78.27376941695974, 40.770397388125005]}, "properties": {"SGL": 60, "PGC_REGION": 3}}, {"type": "Feature", "geometry": {"type": "Point", "coordinates": [-78.2536411533258, 40.77021491917314]}, "properties": {"SGL": 60, "PGC_REGION": 3}}, {"type": "Feature", "geometry": {"type": "Point", "coordinates": [-78.28563510950558, 40.75183463781353]}, "properties": {"SGL": 60, "PGC_REGION": 3}}, {"type": "Feature", "geometry": {"type": "Point", "coordinates": [-78.4101690962759, 40.778180378673554]}, "properties": {"SGL": 60, "PGC_REGION": 3}}, {"type": "Feature", "geometry": {"type": "Point", "coordinates": [-78.43498263976795, 40.76990299796771]}, "properties": {"SGL": 60, "PGC_REGION": 3}}, {"type": "Feature", "geometry": {"type": "Point", "coordinates": [-78.44144891435013, 40.77628475183425]}, "properties": {"SGL": 60, "PGC_REGION": 3}}, {"type": "Feature", "geometry": {"type": "Point", "coordinates": [-78.25827802537007, 40.77437033711545]}, "properties": {"SGL": 60, "PGC_REGION": 3}}, {"type": "Feature", "geometry": {"type": "Point", "coordinates": [-78.24995113950528, 40.784530732387985]}, "properties": {"SGL": 60, "PGC_REGION": 3}}, {"type": "Feature", "geometry": {"type": "Point", "coordinates": [-78.28661470801137, 40.75139915987484]}, "properties": {"SGL": 60, "PGC_REGION": 3}}, {"type": "Feature", "geometry": {"type": "Point", "coordinates": [-78.27511408692823, 40.75251639373554]}, "properties": {"SGL": 60, "PGC_REGION": 3}}, {"type": "Feature", "geometry": {"type": "Point", "coordinates": [-78.26235027725524, 40.74733497178407]}, "properties": {"SGL": 60, "PGC_REGION": 3}}, {"type": "Feature", "geometry": {"type": "Point", "coordinates": [-78.25860685958374, 40.74490062540404]}, "properties": {"SGL": 60, "PGC_REGION": 3}}, {"type": "Feature", "geometry": {"type": "Point", "coordinates": [-78.25720020243841, 40.76860814138864]}, "properties": {"SGL": 60, "PGC_REGION": 3}}, {"type": "Feature", "geometry": {"type": "Point", "coordinates": [-78.26585318418022, 40.768305564072385]}, "properties": {"SGL": 60, "PGC_REGION": 3}}, {"type": "Feature", "geometry": {"type": "Point", "coordinates": [-78.28489688414888, 40.75834283488508]}, "properties": {"SGL": 60, "PGC_REGION": 3}}, {"type": "Feature", "geometry": {"type": "Point", "coordinates": [-78.29842108855897, 40.734352851185335]}, "properties": {"SGL": 60, "PGC_REGION": 3}}, {"type": "Feature", "geometry": {"type": "Point", "coordinates": [-77.04995604074803, 40.07118093625511]}, "properties": {"SGL": 243, "PGC_REGION": 4}}, {"type": "Feature", "geometry": {"type": "Point", "coordinates": [-77.04249710709895, 40.06930203568435]}, "properties": {"SGL": 243, "PGC_REGION": 4}}, {"type": "Feature", "geometry": {"type": "Point", "coordinates": [-77.03519302777254, 40.06759114378706]}, "properties": {"SGL": 243, "PGC_REGION": 4}}, {"type": "Feature", "geometry": {"type": "Point", "coordinates": [-77.05300458026389, 40.065075403395475]}, "properties": {"SGL": 243, "PGC_REGION": 4}}, {"type": "Feature", "geometry": {"type": "Point", "coordinates": [-77.03920251569964, 40.06179065199474]}, "properties": {"SGL": 243, "PGC_REGION": 4}}, {"type": "Feature", "geometry": {"type": "Point", "coordinates": [-77.02878275700395, 40.05174417186516]}, "properties": {"SGL": 243, "PGC_REGION": 4}}, {"type": "Feature", "geometry": {"type": "Point", "coordinates": [-77.03381102975274, 40.03389961418774]}, "properties": {"SGL": 243, "PGC_REGION": 4}}, {"type": "Feature", "geometry": {"type": "Point", "coordinates": [-77.04377574252601, 40.077306519624656]}, "properties": {"SGL": 243, "PGC_REGION": 4}}, {"type": "Feature", "geometry": {"type": "Point", "coordinates": [-77.03183389433424, 40.06811345407581]}, "properties": {"SGL": 243, "PGC_REGION": 4}}, {"type": "Feature", "geometry": {"type": "Point", "coordinates": [-77.03155567369846, 40.06834234598136]}, "properties": {"SGL": 243, "PGC_REGION": 4}}, {"type": "Feature", "geometry": {"type": "Point", "coordinates": [-78.59697940962177, 41.54939328463047]}, "properties": {"SGL": 25, "PGC_REGION": 3}}, {"type": "Feature", "geometry": {"type": "Point", "coordinates": [-78.59808735866176, 41.55096256317631]}, "properties": {"SGL": 25, "PGC_REGION": 3}}, {"type": "Feature", "geometry": {"type": "Point", "coordinates": [-78.59837042574127, 41.5507038236666]}, "properties": {"SGL": 25, "PGC_REGION": 3}}, {"type": "Feature", "geometry": {"type": "Point", "coordinates": [-78.54015627906524, 41.55502420963007]}, "properties": {"SGL": 25, "PGC_REGION": 3}}, {"type": "Feature", "geometry": {"type": "Point", "coordinates": [-78.49269892743278, 41.544339178256784]}, "properties": {"SGL": 25, "PGC_REGION": 3}}, {"type": "Feature", "geometry": {"type": "Point", "coordinates": [-78.51089915630376, 41.53076409122095]}, "properties": {"SGL": 25, "PGC_REGION": 3}}, {"type": "Feature", "geometry": {"type": "Point", "coordinates": [-78.60714534989374, 41.53435261299282]}, "properties": {"SGL": 25, "PGC_REGION": 3}}, {"type": "Feature", "geometry": {"type": "Point", "coordinates": [-78.58451477983579, 41.51594323371971]}, "properties": {"SGL": 25, "PGC_REGION": 3}}, {"type": "Feature", "geometry": {"type": "Point", "coordinates": [-78.58402141341409, 41.51606720710657]}, "properties": {"SGL": 25, "PGC_REGION": 3}}, {"type": "Feature", "geometry": {"type": "Point", "coordinates": [-78.57515298711962, 41.50191252873625]}, "properties": {"SGL": 25, "PGC_REGION": 3}}, {"type": "Feature", "geometry": {"type": "Point", "coordinates": [-78.5810261160542, 41.503822587246816]}, "properties": {"SGL": 25, "PGC_REGION": 3}}, {"type": "Feature", "geometry": {"type": "Point", "coordinates": [-78.57909622157102, 41.50347008629568]}, "properties": {"SGL": 25, "PGC_REGION": 3}}, {"type": "Feature", "geometry": {"type": "Point", "coordinates": [-78.51257989180708, 41.52007143960183]}, "properties": {"SGL": 25, "PGC_REGION": 3}}, {"type": "Feature", "geometry": {"type": "Point", "coordinates": [-78.62392460789833, 41.47018745076595]}, "properties": {"SGL": 25, "PGC_REGION": 3}}, {"type": "Feature", "geometry": {"type": "Point", "coordinates": [-78.61700105978974, 41.46956682430333]}, "properties": {"SGL": 25, "PGC_REGION": 3}}, {"type": "Feature", "geometry": {"type": "Point", "coordinates": [-78.61741672744996, 41.469307325759964]}, "properties": {"SGL": 25, "PGC_REGION": 3}}, {"type": "Feature", "geometry": {"type": "Point", "coordinates": [-78.60628484934239, 41.460379363403554]}, "properties": {"SGL": 25, "PGC_REGION": 3}}, {"type": "Feature", "geometry": {"type": "Point", "coordinates": [-78.60063772428624, 41.46617982735166]}, "properties": {"SGL": 25, "PGC_REGION": 3}}, {"type": "Feature", "geometry": {"type": "Point", "coordinates": [-78.40621147678027, 40.68286541048798]}, "properties": {"SGL": 158, "PGC_REGION": 2}}, {"type": "Feature", "geometry": {"type": "Point", "coordinates": [-78.37495154371165, 40.69860907693053]}, "properties": {"SGL": 158, "PGC_REGION": 2}}, {"type": "Feature", "geometry": {"type": "Point", "coordinates": [-78.370179209884, 40.70062301030944]}, "properties": {"SGL": 158, "PGC_REGION": 2}}, {"type": "Feature", "geometry": {"type": "Point", "coordinates": [-78.39526114227185, 40.687234210356955]}, "properties": {"SGL": 158, "PGC_REGION": 2}}, {"type": "Feature", "geometry": {"type": "Point", "coordinates": [-78.36553347647288, 40.653612743780634]}, "properties": {"SGL": 158, "PGC_REGION": 2}}, {"type": "Feature", "geometry": {"type": "Point", "coordinates": [-78.40628920963215, 40.66918854337039]}, "properties": {"SGL": 158, "PGC_REGION": 2}}, {"type": "Feature", "geometry": {"type": "Point", "coordinates": [-78.35320247650863, 40.72495054305743]}, "properties": {"SGL": 158, "PGC_REGION": 2}}, {"type": "Feature", "geometry": {"type": "Point", "coordinates": [-78.2896852710064, 40.68212693324697]}, "properties": {"SGL": 158, "PGC_REGION": 2}}, {"type": "Feature", "geometry": {"type": "Point", "coordinates": [-76.53812147360559, 40.553097427374205]}, "properties": {"SGL": 211, "PGC_REGION": 6}}, {"type": "Feature", "geometry": {"type": "Point", "coordinates": [-76.53994751220597, 40.54830076363641]}, "properties": {"SGL": 211, "PGC_REGION": 6}}, {"type": "Feature", "geometry": {"type": "Point", "coordinates": [-76.53983255928028, 40.52492580530782]}, "properties": {"SGL": 211, "PGC_REGION": 6}}, {"type": "Feature", "geometry": {"type": "Point", "coordinates": [-76.53698857751526, 40.52641126269424]}, "properties": {"SGL": 211, "PGC_REGION": 6}}, {"type": "Feature", "geometry": {"type": "Point", "coordinates": [-76.52561906140787, 40.527566129560114]}, "properties": {"SGL": 211, "PGC_REGION": 6}}, {"type": "Feature", "geometry": {"type": "Point", "coordinates": [-76.52526816804307, 40.52340733986821]}, "properties": {"SGL": 211, "PGC_REGION": 6}}, {"type": "Feature", "geometry": {"type": "Point", "coordinates": [-76.48987877804116, 40.54298499602137]}, "properties": {"SGL": 211, "PGC_REGION": 6}}, {"type": "Feature", "geometry": {"type": "Point", "coordinates": [-76.62597589469841, 40.47740761233194]}, "properties": {"SGL": 211, "PGC_REGION": 6}}, {"type": "Feature", "geometry": {"type": "Point", "coordinates": [-76.77618724295874, 40.45136144715719]}, "properties": {"SGL": 211, "PGC_REGION": 6}}, {"type": "Feature", "geometry": {"type": "Point", "coordinates": [-76.78681565255998, 40.44797326466728]}, "properties": {"SGL": 211, "PGC_REGION": 6}}, {"type": "Feature", "geometry": {"type": "Point", "coordinates": [-76.80195211759626, 40.44324424832912]}, "properties": {"SGL": 211, "PGC_REGION": 6}}, {"type": "Feature", "geometry": {"type": "Point", "coordinates": [-76.8237570602214, 40.43578256202337]}, "properties": {"SGL": 211, "PGC_REGION": 6}}, {"type": "Feature", "geometry": {"type": "Point", "coordinates": [-76.7697078278243, 40.39557147901054]}, "properties": {"SGL": 211, "PGC_REGION": 6}}, {"type": "Feature", "geometry": {"type": "Point", "coordinates": [-76.79055597671896, 40.398555029135956]}, "properties": {"SGL": 211, "PGC_REGION": 6}}, {"type": "Feature", "geometry": {"type": "Point", "coordinates": [-76.83945707379499, 40.42943291485981]}, "properties": {"SGL": 211, "PGC_REGION": 6}}, {"type": "Feature", "geometry": {"type": "Point", "coordinates": [-76.85119697643651, 40.424401372952566]}, "properties": {"SGL": 211, "PGC_REGION": 6}}, {"type": "Feature", "geometry": {"type": "Point", "coordinates": [-76.81887327663881, 40.40591367905451]}, "properties": {"SGL": 211, "PGC_REGION": 6}}, {"type": "Feature", "geometry": {"type": "Point", "coordinates": [-76.84539876767941, 40.427279723193564]}, "properties": {"SGL": 211, "PGC_REGION": 6}}, {"type": "Feature", "geometry": {"type": "Point", "coordinates": [-76.85556837718346, 40.42363697857274]}, "properties": {"SGL": 211, "PGC_REGION": 6}}, {"type": "Feature", "geometry": {"type": "Point", "coordinates": [-76.86172880964666, 40.42157677861423]}, "properties": {"SGL": 211, "PGC_REGION": 6}}, {"type": "Feature", "geometry": {"type": "Point", "coordinates": [-76.81887327663881, 40.40591367905451]}, "properties": {"SGL": 211, "PGC_REGION": 6}}, {"type": "Feature", "geometry": {"type": "Point", "coordinates": [-75.53478763008935, 40.80599289844709]}, "properties": {"SGL": 168, "PGC_REGION": 6}}, {"type": "Feature", "geometry": {"type": "Point", "coordinates": [-75.39527180762107, 40.84569115383]}, "properties": {"SGL": 168, "PGC_REGION": 6}}, {"type": "Feature", "geometry": {"type": "Point", "coordinates": [-75.35643224696979, 40.83054448085246]}, "properties": {"SGL": 168, "PGC_REGION": 6}}, {"type": "Feature", "geometry": {"type": "Point", "coordinates": [-75.38755291235717, 40.84579541434072]}, "properties": {"SGL": 168, "PGC_REGION": 6}}, {"type": "Feature", "geometry": {"type": "Point", "coordinates": [-75.38943410819823, 40.84085285715783]}, "properties": {"SGL": 168, "PGC_REGION": 6}}, {"type": "Feature", "geometry": {"type": "Point", "coordinates": [-75.45122786471732, 40.80918388386155]}, "properties": {"SGL": 168, "PGC_REGION": 6}}, {"type": "Feature", "geometry": {"type": "Point", "coordinates": [-75.42009102095544, 40.814550334964686]}, "properties": {"SGL": 168, "PGC_REGION": 6}}, {"type": "Feature", "geometry": {"type": "Point", "coordinates": [-75.41976791327032, 40.84155457017826]}, "properties": {"SGL": 168, "PGC_REGION": 6}}, {"type": "Feature", "geometry": {"type": "Point", "coordinates": [-75.73807996266125, 40.74474444937055]}, "properties": {"SGL": 217, "PGC_REGION": 6}}, {"type": "Feature", "geometry": {"type": "Point", "coordinates": [-75.73897155801119, 40.74467742285191]}, "properties": {"SGL": 217, "PGC_REGION": 6}}, {"type": "Feature", "geometry": {"type": "Point", "coordinates": [-75.76871387059073, 40.716512479901766]}, "properties": {"SGL": 217, "PGC_REGION": 6}}, {"type": "Feature", "geometry": {"type": "Point", "coordinates": [-75.64117711962255, 40.76887228972471]}, "properties": {"SGL": 217, "PGC_REGION": 6}}, {"type": "Feature", "geometry": {"type": "Point", "coordinates": [-75.62225418296912, 40.77520115185079]}, "properties": {"SGL": 217, "PGC_REGION": 6}}, {"type": "Feature", "geometry": {"type": "Point", "coordinates": [-75.64109926612944, 40.76797547571663]}, "properties": {"SGL": 217, "PGC_REGION": 6}}, {"type": "Feature", "geometry": {"type": "Point", "coordinates": [-75.80787113507213, 40.707963503411634]}, "properties": {"SGL": 217, "PGC_REGION": 6}}, {"type": "Feature", "geometry": {"type": "Point", "coordinates": [-75.73240645866231, 40.765247273112735]}, "properties": {"SGL": 217, "PGC_REGION": 6}}, {"type": "Feature", "geometry": {"type": "Point", "coordinates": [-75.80937044097843, 40.71843938414861]}, "properties": {"SGL": 217, "PGC_REGION": 6}}, {"type": "Feature", "geometry": {"type": "Point", "coordinates": [-80.06689100027242, 39.812755395452676]}, "properties": {"SGL": 223, "PGC_REGION": 2}}, {"type": "Feature", "geometry": {"type": "Point", "coordinates": [-80.04279123511384, 39.81495034343657]}, "properties": {"SGL": 223, "PGC_REGION": 2}}, {"type": "Feature", "geometry": {"type": "Point", "coordinates": [-80.00531001445408, 39.782126288176364]}, "properties": {"SGL": 223, "PGC_REGION": 2}}, {"type": "Feature", "geometry": {"type": "Point", "coordinates": [-80.00062628092499, 39.79595104096364]}, "properties": {"SGL": 223, "PGC_REGION": 2}}, {"type": "Feature", "geometry": {"type": "Point", "coordinates": [-80.02822440998227, 39.781947767251694]}, "properties": {"SGL": 223, "PGC_REGION": 2}}, {"type": "Feature", "geometry": {"type": "Point", "coordinates": [-80.11201094695312, 39.8583834146839]}, "properties": {"SGL": 223, "PGC_REGION": 2}}, {"type": "Feature", "geometry": {"type": "Point", "coordinates": [-80.10829509061492, 39.85289993430326]}, "properties": {"SGL": 223, "PGC_REGION": 2}}, {"type": "Feature", "geometry": {"type": "Point", "coordinates": [-80.10388909904553, 39.86312231612413]}, "properties": {"SGL": 223, "PGC_REGION": 2}}, {"type": "Feature", "geometry": {"type": "Point", "coordinates": [-80.10015260523373, 39.86009084047471]}, "properties": {"SGL": 223, "PGC_REGION": 2}}, {"type": "Feature", "geometry": {"type": "Point", "coordinates": [-80.09899339186026, 39.8546429209847]}, "properties": {"SGL": 223, "PGC_REGION": 2}}, {"type": "Feature", "geometry": {"type": "Point", "coordinates": [-80.09076393192579, 39.84655136139139]}, "properties": {"SGL": 223, "PGC_REGION": 2}}, {"type": "Feature", "geometry": {"type": "Point", "coordinates": [-80.08150572715398, 39.84910295116177]}, "properties": {"SGL": 223, "PGC_REGION": 2}}, {"type": "Feature", "geometry": {"type": "Point", "coordinates": [-80.07961402660706, 39.869779194653866]}, "properties": {"SGL": 223, "PGC_REGION": 2}}, {"type": "Feature", "geometry": {"type": "Point", "coordinates": [-80.05106352335109, 39.846576189762914]}, "properties": {"SGL": 223, "PGC_REGION": 2}}, {"type": "Feature", "geometry": {"type": "Point", "coordinates": [-80.06151703282424, 39.84560649063992]}, "properties": {"SGL": 223, "PGC_REGION": 2}}, {"type": "Feature", "geometry": {"type": "Point", "coordinates": [-80.06087527344867, 39.84184744789425]}, "properties": {"SGL": 223, "PGC_REGION": 2}}, {"type": "Feature", "geometry": {"type": "Point", "coordinates": [-80.02964203277001, 39.83715028746288]}, "properties": {"SGL": 223, "PGC_REGION": 2}}, {"type": "Feature", "geometry": {"type": "Point", "coordinates": [-80.02397424415521, 39.845137203411916]}, "properties": {"SGL": 223, "PGC_REGION": 2}}, {"type": "Feature", "geometry": {"type": "Point", "coordinates": [-80.00470890608074, 39.85197462246226]}, "properties": {"SGL": 223, "PGC_REGION": 2}}, {"type": "Feature", "geometry": {"type": "Point", "coordinates": [-80.00065506975311, 39.85530385053944]}, "properties": {"SGL": 223, "PGC_REGION": 2}}, {"type": "Feature", "geometry": {"type": "Point", "coordinates": [-80.0070249119556, 39.85172415573013]}, "properties": {"SGL": 223, "PGC_REGION": 2}}, {"type": "Feature", "geometry": {"type": "Point", "coordinates": [-80.09690877112531, 39.80862382606449]}, "properties": {"SGL": 223, "PGC_REGION": 2}}, {"type": "Feature", "geometry": {"type": "Point", "coordinates": [-80.0895146460951, 39.81683753496341]}, "properties": {"SGL": 223, "PGC_REGION": 2}}, {"type": "Feature", "geometry": {"type": "Point", "coordinates": [-80.08204481416168, 39.810299070635644]}, "properties": {"SGL": 223, "PGC_REGION": 2}}, {"type": "Feature", "geometry": {"type": "Point", "coordinates": [-80.07614766992366, 39.81052140132456]}, "properties": {"SGL": 223, "PGC_REGION": 2}}, {"type": "Feature", "geometry": {"type": "Point", "coordinates": [-80.06587507904808, 39.81326507287408]}, "properties": {"SGL": 223, "PGC_REGION": 2}}, {"type": "Feature", "geometry": {"type": "Point", "coordinates": [-80.0665346228662, 39.821857672178524]}, "properties": {"SGL": 223, "PGC_REGION": 2}}, {"type": "Feature", "geometry": {"type": "Point", "coordinates": [-80.0557497533694, 39.80712702018538]}, "properties": {"SGL": 223, "PGC_REGION": 2}}, {"type": "Feature", "geometry": {"type": "Point", "coordinates": [-80.04225434091317, 39.806898069506694]}, "properties": {"SGL": 223, "PGC_REGION": 2}}, {"type": "Feature", "geometry": {"type": "Point", "coordinates": [-80.04053586447712, 39.8057702709519]}, "properties": {"SGL": 223, "PGC_REGION": 2}}, {"type": "Feature", "geometry": {"type": "Point", "coordinates": [-80.03306939230501, 39.785053244484665]}, "properties": {"SGL": 223, "PGC_REGION": 2}}, {"type": "Feature", "geometry": {"type": "Point", "coordinates": [-80.03009483429827, 39.785599452457404]}, "properties": {"SGL": 223, "PGC_REGION": 2}}, {"type": "Feature", "geometry": {"type": "Point", "coordinates": [-80.02454432478137, 39.77208938913469]}, "properties": {"SGL": 223, "PGC_REGION": 2}}, {"type": "Feature", "geometry": {"type": "Point", "coordinates": [-80.01367944918839, 39.774439767316665]}, "properties": {"SGL": 223, "PGC_REGION": 2}}, {"type": "Feature", "geometry": {"type": "Point", "coordinates": [-80.01769242152763, 39.7629117728907]}, "properties": {"SGL": 223, "PGC_REGION": 2}}, {"type": "Feature", "geometry": {"type": "Point", "coordinates": [-79.99554468743264, 39.77500378880412]}, "properties": {"SGL": 223, "PGC_REGION": 2}}, {"type": "Feature", "geometry": {"type": "Point", "coordinates": [-80.00731004884922, 39.79487594503397]}, "properties": {"SGL": 223, "PGC_REGION": 2}}, {"type": "Feature", "geometry": {"type": "Point", "coordinates": [-80.05014286030566, 39.811438119335406]}, "properties": {"SGL": 223, "PGC_REGION": 2}}, {"type": "Feature", "geometry": {"type": "Point", "coordinates": [-80.05062231780325, 39.81128302130575]}, "properties": {"SGL": 223, "PGC_REGION": 2}}, {"type": "Feature", "geometry": {"type": "Point", "coordinates": [-80.05197180366227, 39.80641072188806]}, "properties": {"SGL": 223, "PGC_REGION": 2}}, {"type": "Feature", "geometry": {"type": "Point", "coordinates": [-80.05935761244675, 39.80783950266571]}, "properties": {"SGL": 223, "PGC_REGION": 2}}, {"type": "Feature", "geometry": {"type": "Point", "coordinates": [-80.07922676454626, 39.80139167447103]}, "properties": {"SGL": 223, "PGC_REGION": 2}}, {"type": "Feature", "geometry": {"type": "Point", "coordinates": [-80.07641201940046, 39.810173717947144]}, "properties": {"SGL": 223, "PGC_REGION": 2}}, {"type": "Feature", "geometry": {"type": "Point", "coordinates": [-80.07614585958763, 39.81051867457964]}, "properties": {"SGL": 223, "PGC_REGION": 2}}, {"type": "Feature", "geometry": {"type": "Point", "coordinates": [-80.09045893811502, 39.81660840830615]}, "properties": {"SGL": 223, "PGC_REGION": 2}}, {"type": "Feature", "geometry": {"type": "Point", "coordinates": [-80.11201571516105, 39.858397059200406]}, "properties": {"SGL": 223, "PGC_REGION": 2}}, {"type": "Feature", "geometry": {"type": "Point", "coordinates": [-80.1038563996812, 39.86305705770794]}, "properties": {"SGL": 223, "PGC_REGION": 2}}, {"type": "Feature", "geometry": {"type": "Point", "coordinates": [-80.08070730993533, 39.86506632079628]}, "properties": {"SGL": 223, "PGC_REGION": 2}}, {"type": "Feature", "geometry": {"type": "Point", "coordinates": [-80.06662868477574, 39.82170500773105]}, "properties": {"SGL": 223, "PGC_REGION": 2}}, {"type": "Feature", "geometry": {"type": "Point", "coordinates": [-80.00062969986996, 39.85529734664222]}, "properties": {"SGL": 223, "PGC_REGION": 2}}, {"type": "Feature", "geometry": {"type": "Point", "coordinates": [-80.00468987191829, 39.85189794085467]}, "properties": {"SGL": 223, "PGC_REGION": 2}}, {"type": "Feature", "geometry": {"type": "Point", "coordinates": [-80.00717122900032, 39.85173412830804]}, "properties": {"SGL": 223, "PGC_REGION": 2}}, {"type": "Feature", "geometry": {"type": "Point", "coordinates": [-80.01214819331683, 39.80631095276432]}, "properties": {"SGL": 223, "PGC_REGION": 2}}, {"type": "Feature", "geometry": {"type": "Point", "coordinates": [-80.02867347129649, 39.794630310455005]}, "properties": {"SGL": 223, "PGC_REGION": 2}}, {"type": "Feature", "geometry": {"type": "Point", "coordinates": [-80.03342312061302, 39.79289562201297]}, "properties": {"SGL": 223, "PGC_REGION": 2}}, {"type": "Feature", "geometry": {"type": "Point", "coordinates": [-80.0346364460418, 39.795997708954395]}, "properties": {"SGL": 223, "PGC_REGION": 2}}, {"type": "Feature", "geometry": {"type": "Point", "coordinates": [-80.04080263765043, 39.80574287039126]}, "properties": {"SGL": 223, "PGC_REGION": 2}}, {"type": "Feature", "geometry": {"type": "Point", "coordinates": [-80.05213934013389, 39.8052498992423]}, "properties": {"SGL": 223, "PGC_REGION": 2}}, {"type": "Feature", "geometry": {"type": "Point", "coordinates": [-80.03312652985183, 39.7850863152583]}, "properties": {"SGL": 223, "PGC_REGION": 2}}, {"type": "Feature", "geometry": {"type": "Point", "coordinates": [-80.01102498611971, 39.775594629359894]}, "properties": {"SGL": 223, "PGC_REGION": 2}}, {"type": "Feature", "geometry": {"type": "Point", "coordinates": [-75.41804598224007, 41.262801623294195]}, "properties": {"SGL": 312, "PGC_REGION": 5}}, {"type": "Feature", "geometry": {"type": "Point", "coordinates": [-75.45189171870169, 41.26809816044074]}, "properties": {"SGL": 312, "PGC_REGION": 5}}, {"type": "Feature", "geometry": {"type": "Point", "coordinates": [-75.42884904991439, 41.255449647561925]}, "properties": {"SGL": 312, "PGC_REGION": 5}}, {"type": "Feature", "geometry": {"type": "Point", "coordinates": [-75.41007700751877, 41.25697695280342]}, "properties": {"SGL": 312, "PGC_REGION": 5}}, {"type": "Feature", "geometry": {"type": "Point", "coordinates": [-77.98409269685067, 40.78616404552589]}, "properties": {"SGL": 176, "PGC_REGION": 3}}, {"type": "Feature", "geometry": {"type": "Point", "coordinates": [-78.00918694767284, 40.77824324787726]}, "properties": {"SGL": 176, "PGC_REGION": 3}}, {"type": "Feature", "geometry": {"type": "Point", "coordinates": [-78.01584059747253, 40.76640754128504]}, "properties": {"SGL": 176, "PGC_REGION": 3}}, {"type": "Feature", "geometry": {"type": "Point", "coordinates": [-77.99365452745333, 40.78594939670754]}, "properties": {"SGL": 176, "PGC_REGION": 3}}, {"type": "Feature", "geometry": {"type": "Point", "coordinates": [-77.99876962556543, 40.78625989558857]}, "properties": {"SGL": 176, "PGC_REGION": 3}}, {"type": "Feature", "geometry": {"type": "Point", "coordinates": [-77.98785888109855, 40.753615163208735]}, "properties": {"SGL": 176, "PGC_REGION": 3}}, {"type": "Feature", "geometry": {"type": "Point", "coordinates": [-77.94628969621876, 40.79825902438523]}, "properties": {"SGL": 176, "PGC_REGION": 3}}, {"type": "Feature", "geometry": {"type": "Point", "coordinates": [-77.94666878657364, 40.79702669842266]}, "properties": {"SGL": 176, "PGC_REGION": 3}}, {"type": "Feature", "geometry": {"type": "Point", "coordinates": [-77.94738329712294, 40.79502335742832]}, "properties": {"SGL": 176, "PGC_REGION": 3}}, {"type": "Feature", "geometry": {"type": "Point", "coordinates": [-77.9487030083559, 40.79194302859023]}, "properties": {"SGL": 176, "PGC_REGION": 3}}, {"type": "Feature", "geometry": {"type": "Point", "coordinates": [-77.95007342942102, 40.785231697085585]}, "properties": {"SGL": 176, "PGC_REGION": 3}}, {"type": "Feature", "geometry": {"type": "Point", "coordinates": [-77.95184196354391, 40.78064753150821]}, "properties": {"SGL": 176, "PGC_REGION": 3}}, {"type": "Feature", "geometry": {"type": "Point", "coordinates": [-77.95203182038397, 40.78070423106837]}, "properties": {"SGL": 176, "PGC_REGION": 3}}, {"type": "Feature", "geometry": {"type": "Point", "coordinates": [-77.96110563423044, 40.77489318284348]}, "properties": {"SGL": 176, "PGC_REGION": 3}}, {"type": "Feature", "geometry": {"type": "Point", "coordinates": [-77.96413487905356, 40.77301716959303]}, "properties": {"SGL": 176, "PGC_REGION": 3}}, {"type": "Feature", "geometry": {"type": "Point", "coordinates": [-77.96481986944251, 40.77236114458378]}, "properties": {"SGL": 176, "PGC_REGION": 3}}, {"type": "Feature", "geometry": {"type": "Point", "coordinates": [-77.96605393295471, 40.771273507839965]}, "properties": {"SGL": 176, "PGC_REGION": 3}}, {"type": "Feature", "geometry": {"type": "Point", "coordinates": [-77.97077992805283, 40.76567055845666]}, "properties": {"SGL": 176, "PGC_REGION": 3}}, {"type": "Feature", "geometry": {"type": "Point", "coordinates": [-77.97256614426433, 40.755593277909696]}, "properties": {"SGL": 176, "PGC_REGION": 3}}, {"type": "Feature", "geometry": {"type": "Point", "coordinates": [-77.97929963499708, 40.7564398501091]}, "properties": {"SGL": 176, "PGC_REGION": 3}}, {"type": "Feature", "geometry": {"type": "Point", "coordinates": [-75.89337890339048, 40.784274595981515]}, "properties": {"SGL": 257, "PGC_REGION": 6}}, {"type": "Feature", "geometry": {"type": "Point", "coordinates": [-75.93794109455604, 40.767760933014884]}, "properties": {"SGL": 257, "PGC_REGION": 6}}, {"type": "Feature", "geometry": {"type": "Point", "coordinates": [-75.95493551240023, 40.77063374345933]}, "properties": {"SGL": 257, "PGC_REGION": 6}}, {"type": "Feature", "geometry": {"type": "Point", "coordinates": [-75.98885531263443, 40.764603027657074]}, "properties": {"SGL": 257, "PGC_REGION": 6}}, {"type": "Feature", "geometry": {"type": "Point", "coordinates": [-76.00216605379178, 40.74989062913952]}, "properties": {"SGL": 257, "PGC_REGION": 6}}, {"type": "Feature", "geometry": {"type": "Point", "coordinates": [-75.99357709093142, 40.76019437458587]}, "properties": {"SGL": 257, "PGC_REGION": 6}}, {"type": "Feature", "geometry": {"type": "Point", "coordinates": [-75.98372514550086, 40.751186944364086]}, "properties": {"SGL": 257, "PGC_REGION": 6}}, {"type": "Feature", "geometry": {"type": "Point", "coordinates": [-75.99783010520876, 40.76417745005526]}, "properties": {"SGL": 257, "PGC_REGION": 6}}, {"type": "Feature", "geometry": {"type": "Point", "coordinates": [-75.9876482704082, 40.76959885706573]}, "properties": {"SGL": 257, "PGC_REGION": 6}}, {"type": "Feature", "geometry": {"type": "Point", "coordinates": [-78.6639452343655, 40.23599697992229]}, "properties": {"SGL": 26, "PGC_REGION": 4}}, {"type": "Feature", "geometry": {"type": "Point", "coordinates": [-78.64165369037515, 40.29851901808398]}, "properties": {"SGL": 26, "PGC_REGION": 4}}, {"type": "Feature", "geometry": {"type": "Point", "coordinates": [-78.64135039304585, 40.29886927712137]}, "properties": {"SGL": 26, "PGC_REGION": 4}}, {"type": "Feature", "geometry": {"type": "Point", "coordinates": [-78.6583013011444, 40.24398665768067]}, "properties": {"SGL": 26, "PGC_REGION": 4}}, {"type": "Feature", "geometry": {"type": "Point", "coordinates": [-78.6512197513885, 40.24720216388394]}, "properties": {"SGL": 26, "PGC_REGION": 4}}, {"type": "Feature", "geometry": {"type": "Point", "coordinates": [-78.63817597390276, 40.28332934812522]}, "properties": {"SGL": 26, "PGC_REGION": 4}}, {"type": "Feature", "geometry": {"type": "Point", "coordinates": [-78.640079384434, 40.286524445640126]}, "properties": {"SGL": 26, "PGC_REGION": 4}}, {"type": "Feature", "geometry": {"type": "Point", "coordinates": [-78.62286102061269, 40.34188789220353]}, "properties": {"SGL": 26, "PGC_REGION": 4}}, {"type": "Feature", "geometry": {"type": "Point", "coordinates": [-78.62654882638004, 40.31154171346099]}, "properties": {"SGL": 26, "PGC_REGION": 4}}, {"type": "Feature", "geometry": {"type": "Point", "coordinates": [-78.63172294802641, 40.33923230574034]}, "properties": {"SGL": 26, "PGC_REGION": 4}}, {"type": "Feature", "geometry": {"type": "Point", "coordinates": [-78.59812780614791, 40.295067432882774]}, "properties": {"SGL": 26, "PGC_REGION": 4}}, {"type": "Feature", "geometry": {"type": "Point", "coordinates": [-78.58001971327928, 40.31496967806329]}, "properties": {"SGL": 26, "PGC_REGION": 4}}, {"type": "Feature", "geometry": {"type": "Point", "coordinates": [-78.59005179853331, 40.32655270232526]}, "properties": {"SGL": 26, "PGC_REGION": 4}}, {"type": "Feature", "geometry": {"type": "Point", "coordinates": [-78.60448815274127, 40.32156488263697]}, "properties": {"SGL": 26, "PGC_REGION": 4}}, {"type": "Feature", "geometry": {"type": "Point", "coordinates": [-78.58615147168865, 40.2995864627768]}, "properties": {"SGL": 26, "PGC_REGION": 4}}, {"type": "Feature", "geometry": {"type": "Point", "coordinates": [-78.65991791117926, 40.29413389251291]}, "properties": {"SGL": 26, "PGC_REGION": 4}}, {"type": "Feature", "geometry": {"type": "Point", "coordinates": [-78.41000343465709, 40.22675442291764]}, "properties": {"SGL": 41, "PGC_REGION": 4}}, {"type": "Feature", "geometry": {"type": "Point", "coordinates": [-78.40518945873056, 40.23050737297939]}, "properties": {"SGL": 41, "PGC_REGION": 4}}, {"type": "Feature", "geometry": {"type": "Point", "coordinates": [-78.38102724977672, 40.26954391902386]}, "properties": {"SGL": 41, "PGC_REGION": 4}}, {"type": "Feature", "geometry": {"type": "Point", "coordinates": [-78.40383758369896, 40.25328267858216]}, "properties": {"SGL": 41, "PGC_REGION": 4}}, {"type": "Feature", "geometry": {"type": "Point", "coordinates": [-78.40764309059027, 40.25594590966614]}, "properties": {"SGL": 41, "PGC_REGION": 4}}, {"type": "Feature", "geometry": {"type": "Point", "coordinates": [-78.41072613397601, 40.2570357459784]}, "properties": {"SGL": 41, "PGC_REGION": 4}}, {"type": "Feature", "geometry": {"type": "Point", "coordinates": [-78.3892090854892, 40.242656708707045]}, "properties": {"SGL": 41, "PGC_REGION": 4}}, {"type": "Feature", "geometry": {"type": "Point", "coordinates": [-78.39658460547209, 40.24866191274698]}, "properties": {"SGL": 41, "PGC_REGION": 4}}, {"type": "Feature", "geometry": {"type": "Point", "coordinates": [-78.44863046521583, 40.27701895575763]}, "properties": {"SGL": 41, "PGC_REGION": 4}}, {"type": "Feature", "geometry": {"type": "Point", "coordinates": [-78.44553946846179, 40.27935804801172]}, "properties": {"SGL": 41, "PGC_REGION": 4}}, {"type": "Feature", "geometry": {"type": "Point", "coordinates": [-78.43013277534739, 40.287392493528294]}, "properties": {"SGL": 41, "PGC_REGION": 4}}, {"type": "Feature", "geometry": {"type": "Point", "coordinates": [-78.64332243730111, 39.901537926358586]}, "properties": {"SGL": 48, "PGC_REGION": 4}}, {"type": "Feature", "geometry": {"type": "Point", "coordinates": [-78.58425767505449, 39.97380264928196]}, "properties": {"SGL": 48, "PGC_REGION": 4}}, {"type": "Feature", "geometry": {"type": "Point", "coordinates": [-78.6616372030756, 39.87622050951001]}, "properties": {"SGL": 48, "PGC_REGION": 4}}, {"type": "Feature", "geometry": {"type": "Point", "coordinates": [-78.57679393575671, 39.97649784453721]}, "properties": {"SGL": 48, "PGC_REGION": 4}}, {"type": "Feature", "geometry": {"type": "Point", "coordinates": [-78.61139917560162, 39.901183871689504]}, "properties": {"SGL": 48, "PGC_REGION": 4}}, {"type": "Feature", "geometry": {"type": "Point", "coordinates": [-78.63446845545617, 39.87863943917478]}, "properties": {"SGL": 48, "PGC_REGION": 4}}, {"type": "Feature", "geometry": {"type": "Point", "coordinates": [-78.63327890663574, 39.88021949980274]}, "properties": {"SGL": 48, "PGC_REGION": 4}}, {"type": "Feature", "geometry": {"type": "Point", "coordinates": [-78.65381046575247, 39.86486428340228]}, "properties": {"SGL": 48, "PGC_REGION": 4}}, {"type": "Feature", "geometry": {"type": "Point", "coordinates": [-78.63572218805712, 39.91717912400075]}, "properties": {"SGL": 48, "PGC_REGION": 4}}, {"type": "Feature", "geometry": {"type": "Point", "coordinates": [-78.63973689907125, 39.909232940218814]}, "properties": {"SGL": 48, "PGC_REGION": 4}}, {"type": "Feature", "geometry": {"type": "Point", "coordinates": [-78.63707758972676, 39.89991516621336]}, "properties": {"SGL": 48, "PGC_REGION": 4}}, {"type": "Feature", "geometry": {"type": "Point", "coordinates": [-78.63443339741204, 39.895283664075095]}, "properties": {"SGL": 48, "PGC_REGION": 4}}, {"type": "Feature", "geometry": {"type": "Point", "coordinates": [-78.64723643968205, 39.896203439961596]}, "properties": {"SGL": 48, "PGC_REGION": 4}}, {"type": "Feature", "geometry": {"type": "Point", "coordinates": [-78.57214303571462, 39.97976589444323]}, "properties": {"SGL": 48, "PGC_REGION": 4}}, {"type": "Feature", "geometry": {"type": "Point", "coordinates": [-78.64268180698913, 39.903700143418995]}, "properties": {"SGL": 48, "PGC_REGION": 4}}, {"type": "Feature", "geometry": {"type": "Point", "coordinates": [-78.0478466706499, 39.93136848728014]}, "properties": {"SGL": 53, "PGC_REGION": 4}}, {"type": "Feature", "geometry": {"type": "Point", "coordinates": [-78.05012933518962, 39.91968064108503]}, "properties": {"SGL": 53, "PGC_REGION": 4}}, {"type": "Feature", "geometry": {"type": "Point", "coordinates": [-78.05242172344231, 39.91156145835052]}, "properties": {"SGL": 53, "PGC_REGION": 4}}, {"type": "Feature", "geometry": {"type": "Point", "coordinates": [-78.05712421557963, 39.90477191173383]}, "properties": {"SGL": 53, "PGC_REGION": 4}}, {"type": "Feature", "geometry": {"type": "Point", "coordinates": [-78.0560754214023, 39.905015588527576]}, "properties": {"SGL": 53, "PGC_REGION": 4}}, {"type": "Feature", "geometry": {"type": "Point", "coordinates": [-78.03276205564335, 39.96946181487634]}, "properties": {"SGL": 53, "PGC_REGION": 4}}, {"type": "Feature", "geometry": {"type": "Point", "coordinates": [-78.05044433545865, 39.92018248355675]}, "properties": {"SGL": 53, "PGC_REGION": 4}}, {"type": "Feature", "geometry": {"type": "Point", "coordinates": [-78.05730872053526, 39.904580196913145]}, "properties": {"SGL": 53, "PGC_REGION": 4}}, {"type": "Feature", "geometry": {"type": "Point", "coordinates": [-78.0502766430083, 39.90212880939184]}, "properties": {"SGL": 53, "PGC_REGION": 4}}, {"type": "Feature", "geometry": {"type": "Point", "coordinates": [-78.05109166635471, 39.90060188972887]}, "properties": {"SGL": 53, "PGC_REGION": 4}}, {"type": "Feature", "geometry": {"type": "Point", "coordinates": [-78.04316819609679, 39.92897148797559]}, "properties": {"SGL": 53, "PGC_REGION": 4}}, {"type": "Feature", "geometry": {"type": "Point", "coordinates": [-78.04878899497855, 39.918069351593715]}, "properties": {"SGL": 53, "PGC_REGION": 4}}, {"type": "Feature", "geometry": {"type": "Point", "coordinates": [-78.06988349604275, 39.93400244740571]}, "properties": {"SGL": 53, "PGC_REGION": 4}}, {"type": "Feature", "geometry": {"type": "Point", "coordinates": [-78.2322475822672, 39.8800306061293]}, "properties": {"SGL": 65, "PGC_REGION": 4}}, {"type": "Feature", "geometry": {"type": "Point", "coordinates": [-78.22495964408347, 39.86631295408851]}, "properties": {"SGL": 65, "PGC_REGION": 4}}, {"type": "Feature", "geometry": {"type": "Point", "coordinates": [-78.20292561650353, 39.90390466341577]}, "properties": {"SGL": 65, "PGC_REGION": 4}}, {"type": "Feature", "geometry": {"type": "Point", "coordinates": [-78.1958501653967, 39.91234783166792]}, "properties": {"SGL": 65, "PGC_REGION": 4}}, {"type": "Feature", "geometry": {"type": "Point", "coordinates": [-78.20396348488039, 39.9046514650439]}, "properties": {"SGL": 65, "PGC_REGION": 4}}, {"type": "Feature", "geometry": {"type": "Point", "coordinates": [-78.2072784386983, 39.911500703851935]}, "properties": {"SGL": 65, "PGC_REGION": 4}}, {"type": "Feature", "geometry": {"type": "Point", "coordinates": [-78.21181668453923, 39.92604537271505]}, "properties": {"SGL": 65, "PGC_REGION": 4}}, {"type": "Feature", "geometry": {"type": "Point", "coordinates": [-78.20895077345055, 39.923644040404895]}, "properties": {"SGL": 65, "PGC_REGION": 4}}, {"type": "Feature", "geometry": {"type": "Point", "coordinates": [-78.20808893838158, 39.92224355022514]}, "properties": {"SGL": 65, "PGC_REGION": 4}}, {"type": "Feature", "geometry": {"type": "Point", "coordinates": [-78.20589999720792, 39.91447955947931]}, "properties": {"SGL": 65, "PGC_REGION": 4}}, {"type": "Feature", "geometry": {"type": "Point", "coordinates": [-78.1935122452834, 39.93269470924591]}, "properties": {"SGL": 65, "PGC_REGION": 4}}, {"type": "Feature", "geometry": {"type": "Point", "coordinates": [-78.19130426800803, 39.93608860301085]}, "properties": {"SGL": 65, "PGC_REGION": 4}}, {"type": "Feature", "geometry": {"type": "Point", "coordinates": [-78.22145981115567, 39.899130379533666]}, "properties": {"SGL": 65, "PGC_REGION": 4}}, {"type": "Feature", "geometry": {"type": "Point", "coordinates": [-78.22561189682476, 39.898017284656184]}, "properties": {"SGL": 65, "PGC_REGION": 4}}, {"type": "Feature", "geometry": {"type": "Point", "coordinates": [-78.22872398079345, 39.89421507338478]}, "properties": {"SGL": 65, "PGC_REGION": 4}}, {"type": "Feature", "geometry": {"type": "Point", "coordinates": [-78.19692373544444, 40.248446478313866]}, "properties": {"SGL": 67, "PGC_REGION": 4}}, {"type": "Feature", "geometry": {"type": "Point", "coordinates": [-78.19162071192044, 40.25641447070247]}, "properties": {"SGL": 67, "PGC_REGION": 4}}, {"type": "Feature", "geometry": {"type": "Point", "coordinates": [-78.18287880169036, 40.21882448757223]}, "properties": {"SGL": 67, "PGC_REGION": 4}}, {"type": "Feature", "geometry": {"type": "Point", "coordinates": [-78.18010183142316, 40.25053192988096]}, "properties": {"SGL": 67, "PGC_REGION": 4}}, {"type": "Feature", "geometry": {"type": "Point", "coordinates": [-78.1471533455277, 40.25906744427042]}, "properties": {"SGL": 67, "PGC_REGION": 4}}, {"type": "Feature", "geometry": {"type": "Point", "coordinates": [-78.15548595797263, 40.25732363206842]}, "properties": {"SGL": 67, "PGC_REGION": 4}}, {"type": "Feature", "geometry": {"type": "Point", "coordinates": [-78.1259034292227, 40.234175578431866]}, "properties": {"SGL": 67, "PGC_REGION": 4}}, {"type": "Feature", "geometry": {"type": "Point", "coordinates": [-78.13804067290476, 40.2261559835572]}, "properties": {"SGL": 67, "PGC_REGION": 4}}, {"type": "Feature", "geometry": {"type": "Point", "coordinates": [-78.15308709061996, 40.24876551014554]}, "properties": {"SGL": 67, "PGC_REGION": 4}}, {"type": "Feature", "geometry": {"type": "Point", "coordinates": [-78.15221348819351, 40.251402586432455]}, "properties": {"SGL": 67, "PGC_REGION": 4}}, {"type": "Feature", "geometry": {"type": "Point", "coordinates": [-78.15325264581058, 40.246477610128444]}, "properties": {"SGL": 67, "PGC_REGION": 4}}, {"type": "Feature", "geometry": {"type": "Point", "coordinates": [-78.15390463250955, 40.253677518148095]}, "properties": {"SGL": 67, "PGC_REGION": 4}}, {"type": "Feature", "geometry": {"type": "Point", "coordinates": [-78.15293419658198, 40.25821978518032]}, "properties": {"SGL": 67, "PGC_REGION": 4}}, {"type": "Feature", "geometry": {"type": "Point", "coordinates": [-78.15271898784508, 40.25815175775829]}, "properties": {"SGL": 67, "PGC_REGION": 4}}, {"type": "Feature", "geometry": {"type": "Point", "coordinates": [-78.13790006310688, 40.25449088289728]}, "properties": {"SGL": 67, "PGC_REGION": 4}}, {"type": "Feature", "geometry": {"type": "Point", "coordinates": [-78.13283724383723, 40.23276587708188]}, "properties": {"SGL": 67, "PGC_REGION": 4}}, {"type": "Feature", "geometry": {"type": "Point", "coordinates": [-78.12845476266956, 40.23522428786287]}, "properties": {"SGL": 67, "PGC_REGION": 4}}, {"type": "Feature", "geometry": {"type": "Point", "coordinates": [-78.19586249028502, 40.25066068430701]}, "properties": {"SGL": 67, "PGC_REGION": 4}}, {"type": "Feature", "geometry": {"type": "Point", "coordinates": [-78.16478176389963, 40.2350088555583]}, "properties": {"SGL": 67, "PGC_REGION": 4}}, {"type": "Feature", "geometry": {"type": "Point", "coordinates": [-78.13790330880742, 40.22897600353804]}, "properties": {"SGL": 67, "PGC_REGION": 4}}, {"type": "Feature", "geometry": {"type": "Point", "coordinates": [-77.96110605996896, 40.366755008574124]}, "properties": {"SGL": 71, "PGC_REGION": 4}}, {"type": "Feature", "geometry": {"type": "Point", "coordinates": [-77.97960289399886, 40.3344241599765]}, "properties": {"SGL": 71, "PGC_REGION": 4}}, {"type": "Feature", "geometry": {"type": "Point", "coordinates": [-77.90693334134401, 40.36153245146685]}, "properties": {"SGL": 71, "PGC_REGION": 4}}, {"type": "Feature", "geometry": {"type": "Point", "coordinates": [-77.95104457534494, 40.33442343267388]}, "properties": {"SGL": 71, "PGC_REGION": 4}}, {"type": "Feature", "geometry": {"type": "Point", "coordinates": [-77.94136396245061, 40.33744166994998]}, "properties": {"SGL": 71, "PGC_REGION": 4}}, {"type": "Feature", "geometry": {"type": "Point", "coordinates": [-77.94297107028174, 40.33665653820477]}, "properties": {"SGL": 71, "PGC_REGION": 4}}, {"type": "Feature", "geometry": {"type": "Point", "coordinates": [-77.94486949359134, 40.33289167763886]}, "properties": {"SGL": 71, "PGC_REGION": 4}}, {"type": "Feature", "geometry": {"type": "Point", "coordinates": [-77.9494422547564, 40.337392089991354]}, "properties": {"SGL": 71, "PGC_REGION": 4}}, {"type": "Feature", "geometry": {"type": "Point", "coordinates": [-78.37996554655976, 40.12409840425785]}, "properties": {"SGL": 73, "PGC_REGION": 4}}, {"type": "Feature", "geometry": {"type": "Point", "coordinates": [-78.39305282022714, 40.12013137020494]}, "properties": {"SGL": 73, "PGC_REGION": 4}}, {"type": "Feature", "geometry": {"type": "Point", "coordinates": [-78.26834071957137, 40.1497844255611]}, "properties": {"SGL": 73, "PGC_REGION": 4}}, {"type": "Feature", "geometry": {"type": "Point", "coordinates": [-78.37658154029921, 40.107544482251846]}, "properties": {"SGL": 73, "PGC_REGION": 4}}, {"type": "Feature", "geometry": {"type": "Point", "coordinates": [-78.37319542036452, 40.11328944446601]}, "properties": {"SGL": 73, "PGC_REGION": 4}}, {"type": "Feature", "geometry": {"type": "Point", "coordinates": [-78.3766527914717, 40.115734614209934]}, "properties": {"SGL": 73, "PGC_REGION": 4}}, {"type": "Feature", "geometry": {"type": "Point", "coordinates": [-78.26602143956033, 40.15449924650325]}, "properties": {"SGL": 73, "PGC_REGION": 4}}, {"type": "Feature", "geometry": {"type": "Point", "coordinates": [-78.37248362443306, 40.04335787070725]}, "properties": {"SGL": 73, "PGC_REGION": 4}}, {"type": "Feature", "geometry": {"type": "Point", "coordinates": [-78.29340487875412, 40.16398102709717]}, "properties": {"SGL": 73, "PGC_REGION": 4}}, {"type": "Feature", "geometry": {"type": "Point", "coordinates": [-78.28284242371001, 40.154467815411216]}, "properties": {"SGL": 73, "PGC_REGION": 4}}, {"type": "Feature", "geometry": {"type": "Point", "coordinates": [-78.38993920415322, 40.10264777114426]}, "properties": {"SGL": 73, "PGC_REGION": 4}}, {"type": "Feature", "geometry": {"type": "Point", "coordinates": [-78.38857722446319, 40.10128370083871]}, "properties": {"SGL": 73, "PGC_REGION": 4}}, {"type": "Feature", "geometry": {"type": "Point", "coordinates": [-78.38311113187603, 40.10424386151854]}, "properties": {"SGL": 73, "PGC_REGION": 4}}, {"type": "Feature", "geometry": {"type": "Point", "coordinates": [-78.37844132165952, 40.11883884511627]}, "properties": {"SGL": 73, "PGC_REGION": 4}}, {"type": "Feature", "geometry": {"type": "Point", "coordinates": [-78.30979117598866, 40.19781249325041]}, "properties": {"SGL": 73, "PGC_REGION": 4}}, {"type": "Feature", "geometry": {"type": "Point", "coordinates": [-78.30526905583086, 40.208742405140285]}, "properties": {"SGL": 73, "PGC_REGION": 4}}, {"type": "Feature", "geometry": {"type": "Point", "coordinates": [-78.29953281376689, 40.22122146795195]}, "properties": {"SGL": 73, "PGC_REGION": 4}}, {"type": "Feature", "geometry": {"type": "Point", "coordinates": [-78.29429931348308, 40.23246588094393]}, "properties": {"SGL": 73, "PGC_REGION": 4}}, {"type": "Feature", "geometry": {"type": "Point", "coordinates": [-78.31283925848003, 40.21573945636342]}, "properties": {"SGL": 73, "PGC_REGION": 4}}, {"type": "Feature", "geometry": {"type": "Point", "coordinates": [-78.31340779836832, 40.21580550706086]}, "properties": {"SGL": 73, "PGC_REGION": 4}}, {"type": "Feature", "geometry": {"type": "Point", "coordinates": [-78.3098896573242, 40.21296177659821]}, "properties": {"SGL": 73, "PGC_REGION": 4}}, {"type": "Feature", "geometry": {"type": "Point", "coordinates": [-78.30911290615418, 40.2103335452121]}, "properties": {"SGL": 73, "PGC_REGION": 4}}, {"type": "Feature", "geometry": {"type": "Point", "coordinates": [-78.3117682970908, 40.205607914404446]}, "properties": {"SGL": 73, "PGC_REGION": 4}}, {"type": "Feature", "geometry": {"type": "Point", "coordinates": [-78.31050078758074, 40.203775623672776]}, "properties": {"SGL": 73, "PGC_REGION": 4}}, {"type": "Feature", "geometry": {"type": "Point", "coordinates": [-78.30992134587903, 40.20039839356591]}, "properties": {"SGL": 73, "PGC_REGION": 4}}, {"type": "Feature", "geometry": {"type": "Point", "coordinates": [-78.3922262944401, 40.12004799767267]}, "properties": {"SGL": 73, "PGC_REGION": 4}}, {"type": "Feature", "geometry": {"type": "Point", "coordinates": [-78.29156502159651, 40.240015315177516]}, "properties": {"SGL": 73, "PGC_REGION": 4}}, {"type": "Feature", "geometry": {"type": "Point", "coordinates": [-78.2741831126228, 40.273342954500514]}, "properties": {"SGL": 73, "PGC_REGION": 4}}, {"type": "Feature", "geometry": {"type": "Point", "coordinates": [-78.26535654943335, 40.291605022635785]}, "properties": {"SGL": 73, "PGC_REGION": 4}}, {"type": "Feature", "geometry": {"type": "Point", "coordinates": [-78.2298242634604, 40.32220130689233]}, "properties": {"SGL": 73, "PGC_REGION": 4}}, {"type": "Feature", "geometry": {"type": "Point", "coordinates": [-78.23629674792546, 40.316775501422924]}, "properties": {"SGL": 73, "PGC_REGION": 4}}, {"type": "Feature", "geometry": {"type": "Point", "coordinates": [-78.25199247033729, 40.29115907446986]}, "properties": {"SGL": 73, "PGC_REGION": 4}}, {"type": "Feature", "geometry": {"type": "Point", "coordinates": [-78.2594296212312, 40.27621394415981]}, "properties": {"SGL": 73, "PGC_REGION": 4}}, {"type": "Feature", "geometry": {"type": "Point", "coordinates": [-78.26397290629671, 40.29501872573287]}, "properties": {"SGL": 73, "PGC_REGION": 4}}, {"type": "Feature", "geometry": {"type": "Point", "coordinates": [-78.21505470336857, 40.36968726448828]}, "properties": {"SGL": 73, "PGC_REGION": 4}}, {"type": "Feature", "geometry": {"type": "Point", "coordinates": [-78.21532971156248, 40.368575474684924]}, "properties": {"SGL": 73, "PGC_REGION": 4}}, {"type": "Feature", "geometry": {"type": "Point", "coordinates": [-78.27210107741779, 40.27772597949065]}, "properties": {"SGL": 73, "PGC_REGION": 4}}, {"type": "Feature", "geometry": {"type": "Point", "coordinates": [-78.26804397415198, 40.28573975991914]}, "properties": {"SGL": 73, "PGC_REGION": 4}}, {"type": "Feature", "geometry": {"type": "Point", "coordinates": [-78.26068254137166, 40.26989120258277]}, "properties": {"SGL": 73, "PGC_REGION": 4}}, {"type": "Feature", "geometry": {"type": "Point", "coordinates": [-77.74033851619672, 40.083441051626515]}, "properties": {"SGL": 76, "PGC_REGION": 4}}, {"type": "Feature", "geometry": {"type": "Point", "coordinates": [-77.732999566308, 40.091489560420676]}, "properties": {"SGL": 76, "PGC_REGION": 4}}, {"type": "Feature", "geometry": {"type": "Point", "coordinates": [-77.72192445263221, 40.09619634716741]}, "properties": {"SGL": 76, "PGC_REGION": 4}}, {"type": "Feature", "geometry": {"type": "Point", "coordinates": [-77.74750774895092, 40.066120647645896]}, "properties": {"SGL": 76, "PGC_REGION": 4}}, {"type": "Feature", "geometry": {"type": "Point", "coordinates": [-77.72641897065661, 40.12310917600593]}, "properties": {"SGL": 76, "PGC_REGION": 4}}, {"type": "Feature", "geometry": {"type": "Point", "coordinates": [-77.72726339290813, 40.12243856308311]}, "properties": {"SGL": 76, "PGC_REGION": 4}}, {"type": "Feature", "geometry": {"type": "Point", "coordinates": [-77.998745854731, 40.203957949537944]}, "properties": {"SGL": 99, "PGC_REGION": 4}}, {"type": "Feature", "geometry": {"type": "Point", "coordinates": [-77.97097172649612, 40.27311757770102]}, "properties": {"SGL": 99, "PGC_REGION": 4}}, {"type": "Feature", "geometry": {"type": "Point", "coordinates": [-77.93959657425083, 40.279208243195]}, "properties": {"SGL": 99, "PGC_REGION": 4}}, {"type": "Feature", "geometry": {"type": "Point", "coordinates": [-77.93637198329708, 40.29670479724255]}, "properties": {"SGL": 99, "PGC_REGION": 4}}, {"type": "Feature", "geometry": {"type": "Point", "coordinates": [-77.97098794474775, 40.28439739949575]}, "properties": {"SGL": 99, "PGC_REGION": 4}}, {"type": "Feature", "geometry": {"type": "Point", "coordinates": [-77.97055645058393, 40.28132310517331]}, "properties": {"SGL": 99, "PGC_REGION": 4}}, {"type": "Feature", "geometry": {"type": "Point", "coordinates": [-77.9707357529247, 40.280618470917915]}, "properties": {"SGL": 99, "PGC_REGION": 4}}, {"type": "Feature", "geometry": {"type": "Point", "coordinates": [-77.98180276257196, 40.259428089029605]}, "properties": {"SGL": 99, "PGC_REGION": 4}}, {"type": "Feature", "geometry": {"type": "Point", "coordinates": [-77.98331817153831, 40.2533383690218]}, "properties": {"SGL": 99, "PGC_REGION": 4}}, {"type": "Feature", "geometry": {"type": "Point", "coordinates": [-77.98358357169137, 40.24371761684684]}, "properties": {"SGL": 99, "PGC_REGION": 4}}, {"type": "Feature", "geometry": {"type": "Point", "coordinates": [-77.98852039159425, 40.22879678362042]}, "properties": {"SGL": 99, "PGC_REGION": 4}}, {"type": "Feature", "geometry": {"type": "Point", "coordinates": [-77.9986469770228, 40.20518533821354]}, "properties": {"SGL": 99, "PGC_REGION": 4}}, {"type": "Feature", "geometry": {"type": "Point", "coordinates": [-77.975792847865, 40.27402782199636]}, "properties": {"SGL": 99, "PGC_REGION": 4}}, {"type": "Feature", "geometry": {"type": "Point", "coordinates": [-77.45460303701931, 40.64841831713368]}, "properties": {"SGL": 107, "PGC_REGION": 4}}, {"type": "Feature", "geometry": {"type": "Point", "coordinates": [-77.45253143497894, 40.64165082938154]}, "properties": {"SGL": 107, "PGC_REGION": 4}}, {"type": "Feature", "geometry": {"type": "Point", "coordinates": [-77.37319027701741, 40.66184406257055]}, "properties": {"SGL": 107, "PGC_REGION": 4}}, {"type": "Feature", "geometry": {"type": "Point", "coordinates": [-77.37381934372857, 40.65798361310057]}, "properties": {"SGL": 107, "PGC_REGION": 4}}, {"type": "Feature", "geometry": {"type": "Point", "coordinates": [-77.40351487351982, 40.64509769598041]}, "properties": {"SGL": 107, "PGC_REGION": 4}}, {"type": "Feature", "geometry": {"type": "Point", "coordinates": [-77.46422802311712, 40.643534994400405]}, "properties": {"SGL": 107, "PGC_REGION": 4}}, {"type": "Feature", "geometry": {"type": "Point", "coordinates": [-77.45667261950061, 40.646740992079046]}, "properties": {"SGL": 107, "PGC_REGION": 4}}, {"type": "Feature", "geometry": {"type": "Point", "coordinates": [-77.38570837410684, 40.63145451276991]}, "properties": {"SGL": 107, "PGC_REGION": 4}}, {"type": "Feature", "geometry": {"type": "Point", "coordinates": [-77.45495408164764, 40.64191702416527]}, "properties": {"SGL": 107, "PGC_REGION": 4}}, {"type": "Feature", "geometry": {"type": "Point", "coordinates": [-77.37609669944207, 40.657705362715305]}, "properties": {"SGL": 107, "PGC_REGION": 4}}, {"type": "Feature", "geometry": {"type": "Point", "coordinates": [-77.88455126091993, 40.51896904663476]}, "properties": {"SGL": 112, "PGC_REGION": 4}}, {"type": "Feature", "geometry": {"type": "Point", "coordinates": [-77.90719736066012, 40.51606726476886]}, "properties": {"SGL": 112, "PGC_REGION": 4}}, {"type": "Feature", "geometry": {"type": "Point", "coordinates": [-77.9010774912345, 40.517948129988675]}, "properties": {"SGL": 112, "PGC_REGION": 4}}, {"type": "Feature", "geometry": {"type": "Point", "coordinates": [-77.89248724537664, 40.519100599169015]}, "properties": {"SGL": 112, "PGC_REGION": 4}}, {"type": "Feature", "geometry": {"type": "Point", "coordinates": [-77.90755362588949, 40.47112156029478]}, "properties": {"SGL": 112, "PGC_REGION": 4}}, {"type": "Feature", "geometry": {"type": "Point", "coordinates": [-77.90036670084444, 40.45006070583932]}, "properties": {"SGL": 112, "PGC_REGION": 4}}, {"type": "Feature", "geometry": {"type": "Point", "coordinates": [-77.91450012547901, 40.39184505897376]}, "properties": {"SGL": 112, "PGC_REGION": 4}}, {"type": "Feature", "geometry": {"type": "Point", "coordinates": [-77.9315438369009, 40.40756745540183]}, "properties": {"SGL": 112, "PGC_REGION": 4}}, {"type": "Feature", "geometry": {"type": "Point", "coordinates": [-77.92820463602304, 40.407740060651285]}, "properties": {"SGL": 112, "PGC_REGION": 4}}, {"type": "Feature", "geometry": {"type": "Point", "coordinates": [-77.70727934862259, 40.53798757022635]}, "properties": {"SGL": 113, "PGC_REGION": 4}}, {"type": "Feature", "geometry": {"type": "Point", "coordinates": [-78.06627611124647, 40.20369924689757]}, "properties": {"SGL": 121, "PGC_REGION": 4}}, {"type": "Feature", "geometry": {"type": "Point", "coordinates": [-78.06947518880148, 40.2048603670841]}, "properties": {"SGL": 121, "PGC_REGION": 4}}, {"type": "Feature", "geometry": {"type": "Point", "coordinates": [-78.05789573208722, 40.20387575091134]}, "properties": {"SGL": 121, "PGC_REGION": 4}}, {"type": "Feature", "geometry": {"type": "Point", "coordinates": [-78.05112866431404, 40.20370923627816]}, "properties": {"SGL": 121, "PGC_REGION": 4}}, {"type": "Feature", "geometry": {"type": "Point", "coordinates": [-78.08307627629294, 40.14074232995206]}, "properties": {"SGL": 121, "PGC_REGION": 4}}, {"type": "Feature", "geometry": {"type": "Point", "coordinates": [-78.06710624622372, 40.193683041134406]}, "properties": {"SGL": 121, "PGC_REGION": 4}}, {"type": "Feature", "geometry": {"type": "Point", "coordinates": [-78.06423525345112, 40.197003530444334]}, "properties": {"SGL": 121, "PGC_REGION": 4}}, {"type": "Feature", "geometry": {"type": "Point", "coordinates": [-78.05024517458885, 40.20418205047454]}, "properties": {"SGL": 112, "PGC_REGION": 4}}, {"type": "Feature", "geometry": {"type": "Point", "coordinates": [-78.24304647318442, 39.802748043022035]}, "properties": {"SGL": 128, "PGC_REGION": 4}}, {"type": "Feature", "geometry": {"type": "Point", "coordinates": [-78.24137864091682, 39.811028994016894]}, "properties": {"SGL": 128, "PGC_REGION": 4}}, {"type": "Feature", "geometry": {"type": "Point", "coordinates": [-78.2304115903984, 39.797423478605914]}, "properties": {"SGL": 128, "PGC_REGION": 4}}, {"type": "Feature", "geometry": {"type": "Point", "coordinates": [-78.24133429633716, 39.79919541993897]}, "properties": {"SGL": 128, "PGC_REGION": 4}}, {"type": "Feature", "geometry": {"type": "Point", "coordinates": [-78.25079069797056, 39.7917066869742]}, "properties": {"SGL": 128, "PGC_REGION": 4}}, {"type": "Feature", "geometry": {"type": "Point", "coordinates": [-78.24016763786524, 39.81267967662175]}, "properties": {"SGL": 128, "PGC_REGION": 4}}, {"type": "Feature", "geometry": {"type": "Point", "coordinates": [-78.24116714176633, 39.79579675716127]}, "properties": {"SGL": 128, "PGC_REGION": 4}}, {"type": "Feature", "geometry": {"type": "Point", "coordinates": [-78.2587674846849, 39.77876755598209]}, "properties": {"SGL": 128, "PGC_REGION": 4}}, {"type": "Feature", "geometry": {"type": "Point", "coordinates": [-78.33776829854108, 40.3402677128367]}, "properties": {"SGL": 147, "PGC_REGION": 4}}, {"type": "Feature", "geometry": {"type": "Point", "coordinates": [-78.24547620509195, 40.46520724035902]}, "properties": {"SGL": 147, "PGC_REGION": 4}}, {"type": "Feature", "geometry": {"type": "Point", "coordinates": [-78.3432650833106, 40.36471592295418]}, "properties": {"SGL": 147, "PGC_REGION": 4}}, {"type": "Feature", "geometry": {"type": "Point", "coordinates": [-78.33545987007328, 40.33659913118185]}, "properties": {"SGL": 147, "PGC_REGION": 4}}, {"type": "Feature", "geometry": {"type": "Point", "coordinates": [-78.34942775006199, 40.39411512039521]}, "properties": {"SGL": 147, "PGC_REGION": 4}}, {"type": "Feature", "geometry": {"type": "Point", "coordinates": [-78.35129242695524, 40.38691442537287]}, "properties": {"SGL": 147, "PGC_REGION": 4}}, {"type": "Feature", "geometry": {"type": "Point", "coordinates": [-78.34859657176953, 40.37669133788333]}, "properties": {"SGL": 147, "PGC_REGION": 4}}, {"type": "Feature", "geometry": {"type": "Point", "coordinates": [-78.28404875124974, 40.42663194623027]}, "properties": {"SGL": 147, "PGC_REGION": 4}}, {"type": "Feature", "geometry": {"type": "Point", "coordinates": [-78.24423042800893, 40.467749698068374]}, "properties": {"SGL": 147, "PGC_REGION": 4}}, {"type": "Feature", "geometry": {"type": "Point", "coordinates": [-78.29607980593129, 40.55110928168093]}, "properties": {"SGL": 166, "PGC_REGION": 4}}, {"type": "Feature", "geometry": {"type": "Point", "coordinates": [-78.20721444421301, 40.53191626347709]}, "properties": {"SGL": 166, "PGC_REGION": 4}}, {"type": "Feature", "geometry": {"type": "Point", "coordinates": [-78.21576098275189, 40.552876445929336]}, "properties": {"SGL": 166, "PGC_REGION": 4}}, {"type": "Feature", "geometry": {"type": "Point", "coordinates": [-78.21737452070141, 40.55159102213282]}, "properties": {"SGL": 166, "PGC_REGION": 4}}, {"type": "Feature", "geometry": {"type": "Point", "coordinates": [-78.25249669978406, 40.52509420562268]}, "properties": {"SGL": 166, "PGC_REGION": 4}}, {"type": "Feature", "geometry": {"type": "Point", "coordinates": [-78.31399712891904, 40.51491188448977]}, "properties": {"SGL": 166, "PGC_REGION": 4}}, {"type": "Feature", "geometry": {"type": "Point", "coordinates": [-78.2846033659396, 40.540968227133824]}, "properties": {"SGL": 166, "PGC_REGION": 4}}, {"type": "Feature", "geometry": {"type": "Point", "coordinates": [-78.25339770575849, 40.5139150926076]}, "properties": {"SGL": 166, "PGC_REGION": 4}}, {"type": "Feature", "geometry": {"type": "Point", "coordinates": [-77.5083827390156, 40.173142258751874]}, "properties": {"SGL": 169, "PGC_REGION": 4}}, {"type": "Feature", "geometry": {"type": "Point", "coordinates": [-77.50443841412589, 40.16444955060904]}, "properties": {"SGL": 169, "PGC_REGION": 4}}, {"type": "Feature", "geometry": {"type": "Point", "coordinates": [-77.50929287686023, 40.16368807180992]}, "properties": {"SGL": 169, "PGC_REGION": 4}}, {"type": "Feature", "geometry": {"type": "Point", "coordinates": [-77.51842924067196, 40.16212090265428]}, "properties": {"SGL": 169, "PGC_REGION": 4}}, {"type": "Feature", "geometry": {"type": "Point", "coordinates": [-77.50502180949263, 40.158123802616515]}, "properties": {"SGL": 169, "PGC_REGION": 4}}, {"type": "Feature", "geometry": {"type": "Point", "coordinates": [-77.49324509974737, 40.16820285705264]}, "properties": {"SGL": 169, "PGC_REGION": 4}}, {"type": "Feature", "geometry": {"type": "Point", "coordinates": [-77.49724282205204, 40.17916119888746]}, "properties": {"SGL": 169, "PGC_REGION": 4}}, {"type": "Feature", "geometry": {"type": "Point", "coordinates": [-77.49181465144974, 40.17279514261076]}, "properties": {"SGL": 169, "PGC_REGION": 4}}, {"type": "Feature", "geometry": {"type": "Point", "coordinates": [-77.4838942992384, 40.16256020942962]}, "properties": {"SGL": 169, "PGC_REGION": 4}}, {"type": "Feature", "geometry": {"type": "Point", "coordinates": [-77.48664815478564, 40.17865686210093]}, "properties": {"SGL": 169, "PGC_REGION": 4}}, {"type": "Feature", "geometry": {"type": "Point", "coordinates": [-77.50343150881571, 40.154739481389115]}, "properties": {"SGL": 169, "PGC_REGION": 4}}, {"type": "Feature", "geometry": {"type": "Point", "coordinates": [-77.51091557232073, 40.171460683479424]}, "properties": {"SGL": 169, "PGC_REGION": 4}}, {"type": "Feature", "geometry": {"type": "Point", "coordinates": [-77.46364968872314, 40.15259496458077]}, "properties": {"SGL": 169, "PGC_REGION": 4}}, {"type": "Feature", "geometry": {"type": "Point", "coordinates": [-77.4611836068556, 40.156335334830075]}, "properties": {"SGL": 169, "PGC_REGION": 4}}, {"type": "Feature", "geometry": {"type": "Point", "coordinates": [-77.49056081735448, 40.162265469798925]}, "properties": {"SGL": 169, "PGC_REGION": 4}}, {"type": "Feature", "geometry": {"type": "Point", "coordinates": [-77.21263749990887, 40.5541198854867]}, "properties": {"SGL": 171, "PGC_REGION": 4}}, {"type": "Feature", "geometry": {"type": "Point", "coordinates": [-77.20365691793886, 40.560709853769374]}, "properties": {"SGL": 171, "PGC_REGION": 4}}, {"type": "Feature", "geometry": {"type": "Point", "coordinates": [-77.2083963122185, 40.55745397439668]}, "properties": {"SGL": 171, "PGC_REGION": 4}}, {"type": "Feature", "geometry": {"type": "Point", "coordinates": [-77.13832101209066, 40.79638553573998]}, "properties": {"SGL": 188, "PGC_REGION": 4}}, {"type": "Feature", "geometry": {"type": "Point", "coordinates": [-77.18290271590637, 40.79582164185425]}, "properties": {"SGL": 188, "PGC_REGION": 4}}, {"type": "Feature", "geometry": {"type": "Point", "coordinates": [-77.16638627453972, 40.781651719277825]}, "properties": {"SGL": 188, "PGC_REGION": 4}}, {"type": "Feature", "geometry": {"type": "Point", "coordinates": [-77.17551602183244, 40.77686632646254]}, "properties": {"SGL": 188, "PGC_REGION": 4}}, {"type": "Feature", "geometry": {"type": "Point", "coordinates": [-77.15924058324586, 40.79741020466101]}, "properties": {"SGL": 188, "PGC_REGION": 4}}, {"type": "Feature", "geometry": {"type": "Point", "coordinates": [-77.1658353342155, 40.77907700115512]}, "properties": {"SGL": 188, "PGC_REGION": 4}}, {"type": "Feature", "geometry": {"type": "Point", "coordinates": [-77.18818032395049, 40.77840765542601]}, "properties": {"SGL": 188, "PGC_REGION": 4}}, {"type": "Feature", "geometry": {"type": "Point", "coordinates": [-77.14781778464969, 40.793518024884484]}, "properties": {"SGL": 188, "PGC_REGION": 4}}, {"type": "Feature", "geometry": {"type": "Point", "coordinates": [-76.98563823329759, 40.66127613072158]}, "properties": {"SGL": 194, "PGC_REGION": 4}}, {"type": "Feature", "geometry": {"type": "Point", "coordinates": [-76.99360140969026, 40.661570535228854]}, "properties": {"SGL": 194, "PGC_REGION": 4}}, {"type": "Feature", "geometry": {"type": "Point", "coordinates": [-76.8749716391229, 40.752233481838104]}, "properties": {"SGL": 212, "PGC_REGION": 4}}, {"type": "Feature", "geometry": {"type": "Point", "coordinates": [-76.87534147241591, 40.759235388787495]}, "properties": {"SGL": 212, "PGC_REGION": 4}}, {"type": "Feature", "geometry": {"type": "Point", "coordinates": [-76.87149348445966, 40.7600338251913]}, "properties": {"SGL": 212, "PGC_REGION": 4}}, {"type": "Feature", "geometry": {"type": "Point", "coordinates": [-77.6321269910767, 40.410370201495375]}, "properties": {"SGL": 215, "PGC_REGION": 4}}, {"type": "Feature", "geometry": {"type": "Point", "coordinates": [-77.62922532353731, 40.403765546849684]}, "properties": {"SGL": 215, "PGC_REGION": 4}}, {"type": "Feature", "geometry": {"type": "Point", "coordinates": [-77.1896108094483, 40.27330446443072]}, "properties": {"SGL": 230, "PGC_REGION": 4}}, {"type": "Feature", "geometry": {"type": "Point", "coordinates": [-77.19062630345032, 40.27199813771064]}, "properties": {"SGL": 230, "PGC_REGION": 4}}, {"type": "Feature", "geometry": {"type": "Point", "coordinates": [-77.19246694816425, 40.27057914027314]}, "properties": {"SGL": 230, "PGC_REGION": 4}}, {"type": "Feature", "geometry": {"type": "Point", "coordinates": [-77.18516435028755, 40.272910655900375]}, "properties": {"SGL": 230, "PGC_REGION": 4}}, {"type": "Feature", "geometry": {"type": "Point", "coordinates": [-77.17823865730647, 40.27234708151187]}, "properties": {"SGL": 230, "PGC_REGION": 4}}, {"type": "Feature", "geometry": {"type": "Point", "coordinates": [-77.17571139254382, 40.27314733989197]}, "properties": {"SGL": 230, "PGC_REGION": 4}}, {"type": "Feature", "geometry": {"type": "Point", "coordinates": [-77.18828996308807, 40.27382830438778]}, "properties": {"SGL": 230, "PGC_REGION": 4}}, {"type": "Feature", "geometry": {"type": "Point", "coordinates": [-77.1880654499065, 40.27292477244792]}, "properties": {"SGL": 230, "PGC_REGION": 4}}, {"type": "Feature", "geometry": {"type": "Point", "coordinates": [-77.19646779252837, 40.27572312562636]}, "properties": {"SGL": 230, "PGC_REGION": 4}}, {"type": "Feature", "geometry": {"type": "Point", "coordinates": [-76.85824378140097, 40.75030342549436]}, "properties": {"SGL": 233, "PGC_REGION": 4}}, {"type": "Feature", "geometry": {"type": "Point", "coordinates": [-77.82255719778246, 39.99435412883223]}, "properties": {"SGL": 235, "PGC_REGION": 4}}, {"type": "Feature", "geometry": {"type": "Point", "coordinates": [-77.85010854487153, 39.98928520235835]}, "properties": {"SGL": 235, "PGC_REGION": 4}}, {"type": "Feature", "geometry": {"type": "Point", "coordinates": [-77.8502028558631, 39.98866580946278]}, "properties": {"SGL": 235, "PGC_REGION": 4}}, {"type": "Feature", "geometry": {"type": "Point", "coordinates": [-77.83394368531687, 39.958195777678085]}, "properties": {"SGL": 235, "PGC_REGION": 4}}, {"type": "Feature", "geometry": {"type": "Point", "coordinates": [-77.85945906533325, 39.94941892417967]}, "properties": {"SGL": 235, "PGC_REGION": 4}}, {"type": "Feature", "geometry": {"type": "Point", "coordinates": [-77.86744776289996, 39.93971152378608]}, "properties": {"SGL": 235, "PGC_REGION": 4}}, {"type": "Feature", "geometry": {"type": "Point", "coordinates": [-77.76199088870544, 39.9950636290129]}, "properties": {"SGL": 235, "PGC_REGION": 4}}, {"type": "Feature", "geometry": {"type": "Point", "coordinates": [-77.84584256926208, 39.94026221201366]}, "properties": {"SGL": 235, "PGC_REGION": 4}}, {"type": "Feature", "geometry": {"type": "Point", "coordinates": [-77.06866309656375, 39.97876316022554]}, "properties": {"SGL": 249, "PGC_REGION": 4}}, {"type": "Feature", "geometry": {"type": "Point", "coordinates": [-77.18368238622995, 39.92473386503888]}, "properties": {"SGL": 249, "PGC_REGION": 4}}, {"type": "Feature", "geometry": {"type": "Point", "coordinates": [-77.15909766351825, 39.9324646961238]}, "properties": {"SGL": 249, "PGC_REGION": 4}}, {"type": "Feature", "geometry": {"type": "Point", "coordinates": [-77.1190453282585, 39.95929207492875]}, "properties": {"SGL": 249, "PGC_REGION": 4}}, {"type": "Feature", "geometry": {"type": "Point", "coordinates": [-77.11558364390703, 39.96915411810005]}, "properties": {"SGL": 249, "PGC_REGION": 4}}, {"type": "Feature", "geometry": {"type": "Point", "coordinates": [-77.06669894502305, 39.991023481667746]}, "properties": {"SGL": 249, "PGC_REGION": 4}}, {"type": "Feature", "geometry": {"type": "Point", "coordinates": [-77.17535365961137, 39.9382481278921]}, "properties": {"SGL": 249, "PGC_REGION": 4}}, {"type": "Feature", "geometry": {"type": "Point", "coordinates": [-77.17541679955423, 39.94316247777333]}, "properties": {"SGL": 249, "PGC_REGION": 4}}, {"type": "Feature", "geometry": {"type": "Point", "coordinates": [-77.17011818303071, 39.94279792872206]}, "properties": {"SGL": 249, "PGC_REGION": 4}}, {"type": "Feature", "geometry": {"type": "Point", "coordinates": [-77.16512537979207, 39.93671200139485]}, "properties": {"SGL": 249, "PGC_REGION": 4}}, {"type": "Feature", "geometry": {"type": "Point", "coordinates": [-77.16089495213392, 39.93457928139007]}, "properties": {"SGL": 249, "PGC_REGION": 4}}, {"type": "Feature", "geometry": {"type": "Point", "coordinates": [-77.10452769949052, 39.97725510339203]}, "properties": {"SGL": 249, "PGC_REGION": 4}}, {"type": "Feature", "geometry": {"type": "Point", "coordinates": [-77.1676403529249, 39.94064110231745]}, "properties": {"SGL": 249, "PGC_REGION": 4}}, {"type": "Feature", "geometry": {"type": "Point", "coordinates": [-77.11389440778959, 39.95049341226957]}, "properties": {"SGL": 249, "PGC_REGION": 4}}, {"type": "Feature", "geometry": {"type": "Point", "coordinates": [-77.81313111145077, 40.22944871201139]}, "properties": {"SGL": 251, "PGC_REGION": 4}}, {"type": "Feature", "geometry": {"type": "Point", "coordinates": [-77.80775942890075, 40.233707733190975]}, "properties": {"SGL": 251, "PGC_REGION": 4}}, {"type": "Feature", "geometry": {"type": "Point", "coordinates": [-77.80211614497055, 40.24176691956575]}, "properties": {"SGL": 251, "PGC_REGION": 4}}, {"type": "Feature", "geometry": {"type": "Point", "coordinates": [-77.79589516332965, 40.24942612700961]}, "properties": {"SGL": 251, "PGC_REGION": 4}}, {"type": "Feature", "geometry": {"type": "Point", "coordinates": [-77.78087787281355, 40.2656616042504]}, "properties": {"SGL": 251, "PGC_REGION": 4}}, {"type": "Feature", "geometry": {"type": "Point", "coordinates": [-77.77545448112645, 40.27136986970028]}, "properties": {"SGL": 251, "PGC_REGION": 4}}, {"type": "Feature", "geometry": {"type": "Point", "coordinates": [-77.81004946090565, 40.225291793918565]}, "properties": {"SGL": 251, "PGC_REGION": 4}}, {"type": "Feature", "geometry": {"type": "Point", "coordinates": [-77.80376572037487, 40.22439670146059]}, "properties": {"SGL": 251, "PGC_REGION": 4}}, {"type": "Feature", "geometry": {"type": "Point", "coordinates": [-77.81718104986443, 40.22196295423228]}, "properties": {"SGL": 251, "PGC_REGION": 4}}, {"type": "Feature", "geometry": {"type": "Point", "coordinates": [-77.81549331171523, 40.226054754392]}, "properties": {"SGL": 251, "PGC_REGION": 4}}, {"type": "Feature", "geometry": {"type": "Point", "coordinates": [-77.80003274978374, 40.22996482816025]}, "properties": {"SGL": 251, "PGC_REGION": 4}}, {"type": "Feature", "geometry": {"type": "Point", "coordinates": [-77.77551626672962, 40.25019965464929]}, "properties": {"SGL": 251, "PGC_REGION": 4}}, {"type": "Feature", "geometry": {"type": "Point", "coordinates": [-77.7806667610712, 40.22115459451323]}, "properties": {"SGL": 251, "PGC_REGION": 4}}, {"type": "Feature", "geometry": {"type": "Point", "coordinates": [-77.75968264077848, 40.26831075295015]}, "properties": {"SGL": 251, "PGC_REGION": 4}}, {"type": "Feature", "geometry": {"type": "Point", "coordinates": [-77.7925791034396, 40.23083282818461]}, "properties": {"SGL": 251, "PGC_REGION": 4}}, {"type": "Feature", "geometry": {"type": "Point", "coordinates": [-77.76996403452279, 40.2558269613197]}, "properties": {"SGL": 251, "PGC_REGION": 4}}, {"type": "Feature", "geometry": {"type": "Point", "coordinates": [-77.77991952580096, 40.22057155945051]}, "properties": {"SGL": 251, "PGC_REGION": 4}}, {"type": "Feature", "geometry": {"type": "Point", "coordinates": [-77.81422970908291, 40.22747578067809]}, "properties": {"SGL": 251, "PGC_REGION": 4}}, {"type": "Feature", "geometry": {"type": "Point", "coordinates": [-77.7988110097967, 40.245963191354036]}, "properties": {"SGL": 251, "PGC_REGION": 4}}, {"type": "Feature", "geometry": {"type": "Point", "coordinates": [-77.77621356011502, 40.22694878206972]}, "properties": {"SGL": 251, "PGC_REGION": 4}}, {"type": "Feature", "geometry": {"type": "Point", "coordinates": [-76.99466031134811, 40.52785439720158]}, "properties": {"SGL": 254, "PGC_REGION": 4}}, {"type": "Feature", "geometry": {"type": "Point", "coordinates": [-76.9838452134068, 40.493693285148886]}, "properties": {"SGL": 254, "PGC_REGION": 4}}, {"type": "Feature", "geometry": {"type": "Point", "coordinates": [-76.95326348829558, 40.487662818239656]}, "properties": {"SGL": 254, "PGC_REGION": 4}}, {"type": "Feature", "geometry": {"type": "Point", "coordinates": [-76.93407287235644, 40.4721932752978]}, "properties": {"SGL": 254, "PGC_REGION": 4}}, {"type": "Feature", "geometry": {"type": "Point", "coordinates": [-76.95153583196364, 40.46552863775862]}, "properties": {"SGL": 254, "PGC_REGION": 4}}, {"type": "Feature", "geometry": {"type": "Point", "coordinates": [-77.11365451404355, 40.406982795324495]}, "properties": {"SGL": 256, "PGC_REGION": 4}}, {"type": "Feature", "geometry": {"type": "Point", "coordinates": [-77.14466727738974, 40.40334627139583]}, "properties": {"SGL": 256, "PGC_REGION": 4}}, {"type": "Feature", "geometry": {"type": "Point", "coordinates": [-77.14248023776715, 40.40134700444023]}, "properties": {"SGL": 256, "PGC_REGION": 4}}, {"type": "Feature", "geometry": {"type": "Point", "coordinates": [-77.13788604302512, 40.39642867884365]}, "properties": {"SGL": 256, "PGC_REGION": 4}}, {"type": "Feature", "geometry": {"type": "Point", "coordinates": [-77.13346796192225, 40.39519262447594]}, "properties": {"SGL": 256, "PGC_REGION": 4}}, {"type": "Feature", "geometry": {"type": "Point", "coordinates": [-77.12845225777104, 40.394280573444725]}, "properties": {"SGL": 256, "PGC_REGION": 4}}, {"type": "Feature", "geometry": {"type": "Point", "coordinates": [-78.23964427671152, 40.12330224446411]}, "properties": {"SGL": 261, "PGC_REGION": 4}}, {"type": "Feature", "geometry": {"type": "Point", "coordinates": [-78.23994510220948, 40.11572734421716]}, "properties": {"SGL": 261, "PGC_REGION": 4}}, {"type": "Feature", "geometry": {"type": "Point", "coordinates": [-77.00346502193811, 40.42858904296459]}, "properties": {"SGL": 290, "PGC_REGION": 4}}, {"type": "Feature", "geometry": {"type": "Point", "coordinates": [-77.00407443954022, 40.42738576150052]}, "properties": {"SGL": 290, "PGC_REGION": 4}}, {"type": "Feature", "geometry": {"type": "Point", "coordinates": [-77.00628255172352, 40.423990231873965]}, "properties": {"SGL": 290, "PGC_REGION": 4}}, {"type": "Feature", "geometry": {"type": "Point", "coordinates": [-76.99110834068176, 40.4338625556348]}, "properties": {"SGL": 290, "PGC_REGION": 4}}, {"type": "Feature", "geometry": {"type": "Point", "coordinates": [-77.0113859020552, 40.41178961723501]}, "properties": {"SGL": 290, "PGC_REGION": 4}}, {"type": "Feature", "geometry": {"type": "Point", "coordinates": [-77.12696599238136, 40.11827049253607]}, "properties": {"SGL": 305, "PGC_REGION": 4}}, {"type": "Feature", "geometry": {"type": "Point", "coordinates": [-77.13056243266895, 40.117275615389644]}, "properties": {"SGL": 305, "PGC_REGION": 4}}, {"type": "Feature", "geometry": {"type": "Point", "coordinates": [-77.11890010365525, 40.12035230418344]}, "properties": {"SGL": 305, "PGC_REGION": 4}}, {"type": "Feature", "geometry": {"type": "Point", "coordinates": [-78.01664399178416, 40.522519480882316]}, "properties": {"SGL": 322, "PGC_REGION": 4}}, {"type": "Feature", "geometry": {"type": "Point", "coordinates": [-78.01280802995254, 40.52871120929723]}, "properties": {"SGL": 322, "PGC_REGION": 4}}, {"type": "Feature", "geometry": {"type": "Point", "coordinates": [-78.01342228101716, 40.53481661159186]}, "properties": {"SGL": 322, "PGC_REGION": 4}}, {"type": "Feature", "geometry": {"type": "Point", "coordinates": [-78.03191774898815, 40.54172196926864]}, "properties": {"SGL": 322, "PGC_REGION": 4}}, {"type": "Feature", "geometry": {"type": "Point", "coordinates": [-78.03270370218961, 40.55957949218375]}, "properties": {"SGL": 322, "PGC_REGION": 4}}, {"type": "Feature", "geometry": {"type": "Point", "coordinates": [-78.00861342731646, 40.54705404715474]}, "properties": {"SGL": 322, "PGC_REGION": 4}}, {"type": "Feature", "geometry": {"type": "Point", "coordinates": [-77.0938974714922, 40.45651013453879]}, "properties": {"SGL": 281, "PGC_REGION": 4}}, {"type": "Feature", "geometry": {"type": "Point", "coordinates": [-77.07943663854087, 40.474439700983666]}, "properties": {"SGL": 281, "PGC_REGION": 4}}, {"type": "Feature", "geometry": {"type": "Point", "coordinates": [-77.04875257914506, 40.47581939557075]}, "properties": {"SGL": 281, "PGC_REGION": 4}}, {"type": "Feature", "geometry": {"type": "Point", "coordinates": [-77.08465180224904, 40.45831291802297]}, "properties": {"SGL": 281, "PGC_REGION": 4}}, {"type": "Feature", "geometry": {"type": "Point", "coordinates": [-77.07406904912105, 40.47017955068111]}, "properties": {"SGL": 281, "PGC_REGION": 4}}, {"type": "Feature", "geometry": {"type": "Point", "coordinates": [-77.06641921128086, 40.47374328974815]}, "properties": {"SGL": 281, "PGC_REGION": 4}}, {"type": "Feature", "geometry": {"type": "Point", "coordinates": [-77.9263859408518, 40.15595707135956]}, "properties": {"SGL": 81, "PGC_REGION": 4}}, {"type": "Feature", "geometry": {"type": "Point", "coordinates": [-77.92034868092092, 40.151082155207135]}, "properties": {"SGL": 81, "PGC_REGION": 4}}, {"type": "Feature", "geometry": {"type": "Point", "coordinates": [-77.94597683762228, 40.11381834854425]}, "properties": {"SGL": 81, "PGC_REGION": 4}}, {"type": "Feature", "geometry": {"type": "Point", "coordinates": [-77.9377967445647, 40.12469063831407]}, "properties": {"SGL": 81, "PGC_REGION": 4}}, {"type": "Feature", "geometry": {"type": "Point", "coordinates": [-77.9165875291379, 40.12968699822877]}, "properties": {"SGL": 81, "PGC_REGION": 4}}, {"type": "Feature", "geometry": {"type": "Point", "coordinates": [-77.92698709394548, 40.105584304331785]}, "properties": {"SGL": 81, "PGC_REGION": 4}}, {"type": "Feature", "geometry": {"type": "Point", "coordinates": [-77.91961003938447, 40.107844940786144]}, "properties": {"SGL": 81, "PGC_REGION": 4}}, {"type": "Feature", "geometry": {"type": "Point", "coordinates": [-78.72964258766554, 39.88957909028466]}, "properties": {"SGL": 104, "PGC_REGION": 4}}, {"type": "Feature", "geometry": {"type": "Point", "coordinates": [-78.72643914170419, 39.882527318717884]}, "properties": {"SGL": 104, "PGC_REGION": 4}}, {"type": "Feature", "geometry": {"type": "Point", "coordinates": [-78.76077617231522, 39.82289807129189]}, "properties": {"SGL": 104, "PGC_REGION": 4}}, {"type": "Feature", "geometry": {"type": "Point", "coordinates": [-78.72884354342023, 39.863957437102655]}, "properties": {"SGL": 104, "PGC_REGION": 4}}, {"type": "Feature", "geometry": {"type": "Point", "coordinates": [-78.72794507937095, 39.868668282087874]}, "properties": {"SGL": 104, "PGC_REGION": 4}}, {"type": "Feature", "geometry": {"type": "Point", "coordinates": [-78.72863174632465, 39.87135714668395]}, "properties": {"SGL": 104, "PGC_REGION": 4}}, {"type": "Feature", "geometry": {"type": "Point", "coordinates": [-78.72725627373782, 39.877783743803334]}, "properties": {"SGL": 104, "PGC_REGION": 4}}, {"type": "Feature", "geometry": {"type": "Point", "coordinates": [-78.76789816528078, 39.88225594924828]}, "properties": {"SGL": 104, "PGC_REGION": 4}}, {"type": "Feature", "geometry": {"type": "Point", "coordinates": [-78.77000107115033, 39.8792259994994]}, "properties": {"SGL": 104, "PGC_REGION": 4}}, {"type": "Feature", "geometry": {"type": "Point", "coordinates": [-78.7634726480609, 39.8732038872603]}, "properties": {"SGL": 104, "PGC_REGION": 4}}, {"type": "Feature", "geometry": {"type": "Point", "coordinates": [-78.76257502333857, 39.868570594500895]}, "properties": {"SGL": 104, "PGC_REGION": 4}}, {"type": "Feature", "geometry": {"type": "Point", "coordinates": [-78.72909457316861, 39.865551277087164]}, "properties": {"SGL": 104, "PGC_REGION": 4}}, {"type": "Feature", "geometry": {"type": "Point", "coordinates": [-78.02508601522293, 40.564284776021175]}, "properties": {"SGL": 322, "PGC_REGION": 4}}, {"type": "Feature", "geometry": {"type": "Point", "coordinates": [-78.33654313934446, 39.857755548840615]}, "properties": {"SGL": 49, "PGC_REGION": 4}}, {"type": "Feature", "geometry": {"type": "Point", "coordinates": [-78.34151977713205, 39.8751442351807]}, "properties": {"SGL": 49, "PGC_REGION": 4}}, {"type": "Feature", "geometry": {"type": "Point", "coordinates": [-78.2836418881379, 39.89268418824125]}, "properties": {"SGL": 49, "PGC_REGION": 4}}, {"type": "Feature", "geometry": {"type": "Point", "coordinates": [-78.32959675875101, 39.889393426093406]}, "properties": {"SGL": 49, "PGC_REGION": 4}}, {"type": "Feature", "geometry": {"type": "Point", "coordinates": [-78.33262578608827, 39.836541598982414]}, "properties": {"SGL": 49, "PGC_REGION": 4}}, {"type": "Feature", "geometry": {"type": "Point", "coordinates": [-78.29882704939554, 39.804679793918794]}, "properties": {"SGL": 49, "PGC_REGION": 4}}, {"type": "Feature", "geometry": {"type": "Point", "coordinates": [-78.31455538643317, 39.802424156459224]}, "properties": {"SGL": 49, "PGC_REGION": 4}}, {"type": "Feature", "geometry": {"type": "Point", "coordinates": [-78.31763577316748, 39.802794717560914]}, "properties": {"SGL": 49, "PGC_REGION": 4}}, {"type": "Feature", "geometry": {"type": "Point", "coordinates": [-78.32909296801441, 39.76544929972511]}, "properties": {"SGL": 49, "PGC_REGION": 4}}, {"type": "Feature", "geometry": {"type": "Point", "coordinates": [-78.35282773316386, 39.75975230743512]}, "properties": {"SGL": 49, "PGC_REGION": 4}}, {"type": "Feature", "geometry": {"type": "Point", "coordinates": [-78.37128149086126, 39.75858519509448]}, "properties": {"SGL": 49, "PGC_REGION": 4}}, {"type": "Feature", "geometry": {"type": "Point", "coordinates": [-78.32587898096635, 39.84986341760756]}, "properties": {"SGL": 49, "PGC_REGION": 4}}, {"type": "Feature", "geometry": {"type": "Point", "coordinates": [-78.31639847367086, 39.86727135631954]}, "properties": {"SGL": 49, "PGC_REGION": 4}}, {"type": "Feature", "geometry": {"type": "Point", "coordinates": [-78.31565639709093, 39.86929357589468]}, "properties": {"SGL": 49, "PGC_REGION": 4}}, {"type": "Feature", "geometry": {"type": "Point", "coordinates": [-80.12559960057442, 40.63672228195904]}, "properties": {"SGL": 203, "PGC_REGION": 2}}, {"type": "Feature", "geometry": {"type": "Point", "coordinates": [-80.12595814402691, 40.62245304030568]}, "properties": {"SGL": 203, "PGC_REGION": 2}}, {"type": "Feature", "geometry": {"type": "Point", "coordinates": [-80.11703613168424, 40.62060380309078]}, "properties": {"SGL": 203, "PGC_REGION": 2}}, {"type": "Feature", "geometry": {"type": "Point", "coordinates": [-80.11389919486514, 40.62290600964558]}, "properties": {"SGL": 203, "PGC_REGION": 2}}, {"type": "Feature", "geometry": {"type": "Point", "coordinates": [-79.11634718863513, 40.48218312980747]}, "properties": {"SGL": 276, "PGC_REGION": 2}}, {"type": "Feature", "geometry": {"type": "Point", "coordinates": [-79.12222332584449, 40.4850421612278]}, "properties": {"SGL": 276, "PGC_REGION": 2}}, {"type": "Feature", "geometry": {"type": "Point", "coordinates": [-79.09649110528602, 40.474187198341006]}, "properties": {"SGL": 276, "PGC_REGION": 2}}, {"type": "Feature", "geometry": {"type": "Point", "coordinates": [-79.10777326984638, 40.481238241989985]}, "properties": {"SGL": 276, "PGC_REGION": 2}}, {"type": "Feature", "geometry": {"type": "Point", "coordinates": [-79.11324572944575, 40.500798511698996]}, "properties": {"SGL": 276, "PGC_REGION": 2}}, {"type": "Feature", "geometry": {"type": "Point", "coordinates": [-79.18163159024121, 40.44932239053405]}, "properties": {"SGL": 276, "PGC_REGION": 2}}, {"type": "Feature", "geometry": {"type": "Point", "coordinates": [-79.17988657134521, 40.45021679173451]}, "properties": {"SGL": 276, "PGC_REGION": 2}}, {"type": "Feature", "geometry": {"type": "Point", "coordinates": [-79.11432486402921, 40.50014792487391]}, "properties": {"SGL": 276, "PGC_REGION": 2}}, {"type": "Feature", "geometry": {"type": "Point", "coordinates": [-79.17016935998619, 40.43277256083089]}, "properties": {"SGL": 276, "PGC_REGION": 2}}, {"type": "Feature", "geometry": {"type": "Point", "coordinates": [-79.25392568138375, 41.735399467141605]}, "properties": {"SGL": 29, "PGC_REGION": 1}}, {"type": "Feature", "geometry": {"type": "Point", "coordinates": [-79.19106204225398, 41.74396921647476]}, "properties": {"SGL": 29, "PGC_REGION": 1}}, {"type": "Feature", "geometry": {"type": "Point", "coordinates": [-79.19836436630692, 41.67859186553876]}, "properties": {"SGL": 29, "PGC_REGION": 1}}, {"type": "Feature", "geometry": {"type": "Point", "coordinates": [-79.01653164686016, 41.066113506440686]}, "properties": {"SGL": 31, "PGC_REGION": 1}}, {"type": "Feature", "geometry": {"type": "Point", "coordinates": [-79.02950509514528, 41.05077834350253]}, "properties": {"SGL": 31, "PGC_REGION": 1}}, {"type": "Feature", "geometry": {"type": "Point", "coordinates": [-79.0590092643592, 41.050807732995565]}, "properties": {"SGL": 31, "PGC_REGION": 1}}, {"type": "Feature", "geometry": {"type": "Point", "coordinates": [-79.03104940221296, 41.035439144891775]}, "properties": {"SGL": 31, "PGC_REGION": 1}}, {"type": "Feature", "geometry": {"type": "Point", "coordinates": [-79.04501833895439, 41.017324131973616]}, "properties": {"SGL": 31, "PGC_REGION": 1}}, {"type": "Feature", "geometry": {"type": "Point", "coordinates": [-78.98671166627831, 41.03050882136995]}, "properties": {"SGL": 31, "PGC_REGION": 1}}, {"type": "Feature", "geometry": {"type": "Point", "coordinates": [-78.98652985525555, 41.04905957510032]}, "properties": {"SGL": 31, "PGC_REGION": 1}}, {"type": "Feature", "geometry": {"type": "Point", "coordinates": [-78.98986562691957, 41.059722011096746]}, "properties": {"SGL": 31, "PGC_REGION": 1}}, {"type": "Feature", "geometry": {"type": "Point", "coordinates": [-79.00792054938314, 41.03166557546775]}, "properties": {"SGL": 31, "PGC_REGION": 1}}, {"type": "Feature", "geometry": {"type": "Point", "coordinates": [-79.5823056732622, 41.329648531075954]}, "properties": {"SGL": 45, "PGC_REGION": 1}}, {"type": "Feature", "geometry": {"type": "Point", "coordinates": [-79.72034351647658, 41.323557211529845]}, "properties": {"SGL": 45, "PGC_REGION": 1}}, {"type": "Feature", "geometry": {"type": "Point", "coordinates": [-79.6448894000113, 41.34442605426157]}, "properties": {"SGL": 45, "PGC_REGION": 1}}, {"type": "Feature", "geometry": {"type": "Point", "coordinates": [-79.58818845748235, 41.31039620148737]}, "properties": {"SGL": 45, "PGC_REGION": 1}}, {"type": "Feature", "geometry": {"type": "Point", "coordinates": [-79.63612807374373, 41.3268375721364]}, "properties": {"SGL": 45, "PGC_REGION": 1}}, {"type": "Feature", "geometry": {"type": "Point", "coordinates": [-79.62729994947536, 41.33342530379269]}, "properties": {"SGL": 45, "PGC_REGION": 1}}, {"type": "Feature", "geometry": {"type": "Point", "coordinates": [-79.60227093507098, 41.4394376178923]}, "properties": {"SGL": 47, "PGC_REGION": 1}}, {"type": "Feature", "geometry": {"type": "Point", "coordinates": [-79.6039192050069, 41.428713630298844]}, "properties": {"SGL": 47, "PGC_REGION": 1}}, {"type": "Feature", "geometry": {"type": "Point", "coordinates": [-79.59772670774412, 41.43722289145047]}, "properties": {"SGL": 47, "PGC_REGION": 1}}, {"type": "Feature", "geometry": {"type": "Point", "coordinates": [-79.57889675006132, 41.42743634204218]}, "properties": {"SGL": 47, "PGC_REGION": 1}}, {"type": "Feature", "geometry": {"type": "Point", "coordinates": [-79.62282798784628, 41.42114564598282]}, "properties": {"SGL": 47, "PGC_REGION": 1}}, {"type": "Feature", "geometry": {"type": "Point", "coordinates": [-79.39081116955546, 41.256706859135825]}, "properties": {"SGL": 72, "PGC_REGION": 1}}, {"type": "Feature", "geometry": {"type": "Point", "coordinates": [-79.36977848025374, 41.23674668408048]}, "properties": {"SGL": 72, "PGC_REGION": 1}}, {"type": "Feature", "geometry": {"type": "Point", "coordinates": [-79.37439715051025, 41.25905676361266]}, "properties": {"SGL": 72, "PGC_REGION": 1}}, {"type": "Feature", "geometry": {"type": "Point", "coordinates": [-79.36941795437954, 41.25852229124021]}, "properties": {"SGL": 72, "PGC_REGION": 1}}, {"type": "Feature", "geometry": {"type": "Point", "coordinates": [-79.36787683442179, 41.236837653302764]}, "properties": {"SGL": 72, "PGC_REGION": 1}}, {"type": "Feature", "geometry": {"type": "Point", "coordinates": [-79.36937112676502, 41.23615717928564]}, "properties": {"SGL": 72, "PGC_REGION": 1}}, {"type": "Feature", "geometry": {"type": "Point", "coordinates": [-79.37111807114827, 41.235777253345894]}, "properties": {"SGL": 72, "PGC_REGION": 1}}, {"type": "Feature", "geometry": {"type": "Point", "coordinates": [-79.37525095082283, 41.233853643419216]}, "properties": {"SGL": 72, "PGC_REGION": 1}}, {"type": "Feature", "geometry": {"type": "Point", "coordinates": [-79.37541921131889, 41.23367766673889]}, "properties": {"SGL": 72, "PGC_REGION": 1}}, {"type": "Feature", "geometry": {"type": "Point", "coordinates": [-79.37680252451142, 41.23197653485799]}, "properties": {"SGL": 72, "PGC_REGION": 1}}, {"type": "Feature", "geometry": {"type": "Point", "coordinates": [-79.37908570333273, 41.23173822966072]}, "properties": {"SGL": 72, "PGC_REGION": 1}}, {"type": "Feature", "geometry": {"type": "Point", "coordinates": [-79.31944316538575, 41.23008814774608]}, "properties": {"SGL": 74, "PGC_REGION": 1}}, {"type": "Feature", "geometry": {"type": "Point", "coordinates": [-79.31781316438105, 41.21859814549685]}, "properties": {"SGL": 74, "PGC_REGION": 1}}, {"type": "Feature", "geometry": {"type": "Point", "coordinates": [-79.28501315575205, 41.238958150747564]}, "properties": {"SGL": 74, "PGC_REGION": 1}}, {"type": "Feature", "geometry": {"type": "Point", "coordinates": [-79.27651393590372, 41.24256753675674]}, "properties": {"SGL": 74, "PGC_REGION": 1}}, {"type": "Feature", "geometry": {"type": "Point", "coordinates": [-79.23536313995697, 41.23465815253625]}, "properties": {"SGL": 74, "PGC_REGION": 1}}, {"type": "Feature", "geometry": {"type": "Point", "coordinates": [-79.23547314033307, 41.23155815198451]}, "properties": {"SGL": 74, "PGC_REGION": 1}}, {"type": "Feature", "geometry": {"type": "Point", "coordinates": [-79.23520314064362, 41.23493815201815]}, "properties": {"SGL": 74, "PGC_REGION": 1}}, {"type": "Feature", "geometry": {"type": "Point", "coordinates": [-79.19746312957547, 41.247308156240685]}, "properties": {"SGL": 74, "PGC_REGION": 1}}, {"type": "Feature", "geometry": {"type": "Point", "coordinates": [-79.19227312636555, 41.2397781558404]}, "properties": {"SGL": 74, "PGC_REGION": 1}}, {"type": "Feature", "geometry": {"type": "Point", "coordinates": [-79.19347312719482, 41.2394381553342]}, "properties": {"SGL": 74, "PGC_REGION": 1}}, {"type": "Feature", "geometry": {"type": "Point", "coordinates": [-79.29169020317917, 41.21560574458445]}, "properties": {"SGL": 74, "PGC_REGION": 1}}, {"type": "Feature", "geometry": {"type": "Point", "coordinates": [-79.26939314924242, 41.2169681467558]}, "properties": {"SGL": 74, "PGC_REGION": 1}}, {"type": "Feature", "geometry": {"type": "Point", "coordinates": [-79.24709314153019, 41.21303814740896]}, "properties": {"SGL": 74, "PGC_REGION": 1}}, {"type": "Feature", "geometry": {"type": "Point", "coordinates": [-79.28603315524897, 41.23637814995265]}, "properties": {"SGL": 74, "PGC_REGION": 1}}, {"type": "Feature", "geometry": {"type": "Point", "coordinates": [-79.2345942031628, 41.2344388105791]}, "properties": {"SGL": 74, "PGC_REGION": 1}}, {"type": "Feature", "geometry": {"type": "Point", "coordinates": [-79.20103313006967, 41.25023815685628]}, "properties": {"SGL": 74, "PGC_REGION": 1}}, {"type": "Feature", "geometry": {"type": "Point", "coordinates": [-79.1910931268877, 41.233808153755454]}, "properties": {"SGL": 74, "PGC_REGION": 1}}, {"type": "Feature", "geometry": {"type": "Point", "coordinates": [-79.18208312392288, 41.2439281568806]}, "properties": {"SGL": 74, "PGC_REGION": 1}}, {"type": "Feature", "geometry": {"type": "Point", "coordinates": [-79.36622925123893, 41.79065136200271]}, "properties": {"SGL": 86, "PGC_REGION": 1}}, {"type": "Feature", "geometry": {"type": "Point", "coordinates": [-79.36745942691594, 41.75445772402428]}, "properties": {"SGL": 86, "PGC_REGION": 1}}, {"type": "Feature", "geometry": {"type": "Point", "coordinates": [-79.34509835710895, 41.740689653217224]}, "properties": {"SGL": 86, "PGC_REGION": 1}}, {"type": "Feature", "geometry": {"type": "Point", "coordinates": [-79.31998103602459, 41.79441587555474]}, "properties": {"SGL": 86, "PGC_REGION": 1}}, {"type": "Feature", "geometry": {"type": "Point", "coordinates": [-79.34198895915465, 41.78663988417954]}, "properties": {"SGL": 86, "PGC_REGION": 1}}, {"type": "Feature", "geometry": {"type": "Point", "coordinates": [-79.34864013148301, 41.743609634474694]}, "properties": {"SGL": 86, "PGC_REGION": 1}}, {"type": "Feature", "geometry": {"type": "Point", "coordinates": [-79.29999820681783, 41.75504536480312]}, "properties": {"SGL": 86, "PGC_REGION": 1}}, {"type": "Feature", "geometry": {"type": "Point", "coordinates": [-79.32169923926187, 41.74037196597422]}, "properties": {"SGL": 86, "PGC_REGION": 1}}, {"type": "Feature", "geometry": {"type": "Point", "coordinates": [-79.38405379239512, 41.70508371254616]}, "properties": {"SGL": 86, "PGC_REGION": 1}}, {"type": "Feature", "geometry": {"type": "Point", "coordinates": [-79.3927842934594, 41.721853793445014]}, "properties": {"SGL": 86, "PGC_REGION": 1}}, {"type": "Feature", "geometry": {"type": "Point", "coordinates": [-79.38423419938076, 41.70800840550066]}, "properties": {"SGL": 86, "PGC_REGION": 1}}, {"type": "Feature", "geometry": {"type": "Point", "coordinates": [-79.88498716427834, 41.086863120322725]}, "properties": {"SGL": 95, "PGC_REGION": 1}}, {"type": "Feature", "geometry": {"type": "Point", "coordinates": [-79.89269352240369, 41.06811280219163]}, "properties": {"SGL": 95, "PGC_REGION": 1}}, {"type": "Feature", "geometry": {"type": "Point", "coordinates": [-79.83320771581491, 41.09103977280535]}, "properties": {"SGL": 95, "PGC_REGION": 1}}, {"type": "Feature", "geometry": {"type": "Point", "coordinates": [-79.88178984843948, 41.08503237023016]}, "properties": {"SGL": 95, "PGC_REGION": 1}}, {"type": "Feature", "geometry": {"type": "Point", "coordinates": [-79.8918951040198, 41.04426354241061]}, "properties": {"SGL": 95, "PGC_REGION": 1}}, {"type": "Feature", "geometry": {"type": "Point", "coordinates": [-79.88580335644123, 41.046267133646595]}, "properties": {"SGL": 95, "PGC_REGION": 1}}, {"type": "Feature", "geometry": {"type": "Point", "coordinates": [-79.89697337254431, 41.06123366514948]}, "properties": {"SGL": 95, "PGC_REGION": 1}}, {"type": "Feature", "geometry": {"type": "Point", "coordinates": [-79.88823222134157, 41.05077459044093]}, "properties": {"SGL": 95, "PGC_REGION": 1}}, {"type": "Feature", "geometry": {"type": "Point", "coordinates": [-79.88625093658668, 41.04645663880412]}, "properties": {"SGL": 95, "PGC_REGION": 1}}, {"type": "Feature", "geometry": {"type": "Point", "coordinates": [-79.86079481627408, 41.097644123247676]}, "properties": {"SGL": 95, "PGC_REGION": 1}}, {"type": "Feature", "geometry": {"type": "Point", "coordinates": [-79.8953331219699, 41.04989382992581]}, "properties": {"SGL": 95, "PGC_REGION": 1}}, {"type": "Feature", "geometry": {"type": "Point", "coordinates": [-79.89495383429325, 41.04616906575597]}, "properties": {"SGL": 95, "PGC_REGION": 1}}, {"type": "Feature", "geometry": {"type": "Point", "coordinates": [-79.87297039772282, 41.10965312927851]}, "properties": {"SGL": 95, "PGC_REGION": 1}}, {"type": "Feature", "geometry": {"type": "Point", "coordinates": [-79.86573188854197, 41.032777758154964]}, "properties": {"SGL": 95, "PGC_REGION": 1}}, {"type": "Feature", "geometry": {"type": "Point", "coordinates": [-79.90331037934787, 41.08976200194156]}, "properties": {"SGL": 95, "PGC_REGION": 1}}, {"type": "Feature", "geometry": {"type": "Point", "coordinates": [-79.84142373051294, 41.069878268371355]}, "properties": {"SGL": 95, "PGC_REGION": 1}}, {"type": "Feature", "geometry": {"type": "Point", "coordinates": [-79.88269397239237, 41.05162874623857]}, "properties": {"SGL": 95, "PGC_REGION": 1}}, {"type": "Feature", "geometry": {"type": "Point", "coordinates": [-79.85966945048118, 41.101567867918504]}, "properties": {"SGL": 95, "PGC_REGION": 1}}, {"type": "Feature", "geometry": {"type": "Point", "coordinates": [-79.89047229221293, 41.040979776222926]}, "properties": {"SGL": 95, "PGC_REGION": 1}}, {"type": "Feature", "geometry": {"type": "Point", "coordinates": [-79.87659246511494, 41.03853280741788]}, "properties": {"SGL": 95, "PGC_REGION": 1}}, {"type": "Feature", "geometry": {"type": "Point", "coordinates": [-79.88569413305127, 41.03717872454047]}, "properties": {"SGL": 95, "PGC_REGION": 1}}, {"type": "Feature", "geometry": {"type": "Point", "coordinates": [-79.8555255482502, 41.03847765830318]}, "properties": {"SGL": 95, "PGC_REGION": 1}}, {"type": "Feature", "geometry": {"type": "Point", "coordinates": [-79.87407837573403, 41.054970423820016]}, "properties": {"SGL": 95, "PGC_REGION": 1}}, {"type": "Feature", "geometry": {"type": "Point", "coordinates": [-79.87557747884755, 41.06996141641081]}, "properties": {"SGL": 95, "PGC_REGION": 1}}, {"type": "Feature", "geometry": {"type": "Point", "coordinates": [-79.8900009367613, 41.06536549974754]}, "properties": {"SGL": 95, "PGC_REGION": 1}}, {"type": "Feature", "geometry": {"type": "Point", "coordinates": [-79.86901512489938, 41.048547214770714]}, "properties": {"SGL": 95, "PGC_REGION": 1}}, {"type": "Feature", "geometry": {"type": "Point", "coordinates": [-79.85599678041326, 41.03657356292694]}, "properties": {"SGL": 95, "PGC_REGION": 1}}, {"type": "Feature", "geometry": {"type": "Point", "coordinates": [-79.86460317807766, 41.035511497189134]}, "properties": {"SGL": 95, "PGC_REGION": 1}}, {"type": "Feature", "geometry": {"type": "Point", "coordinates": [-79.90003785030956, 41.05035522338497]}, "properties": {"SGL": 95, "PGC_REGION": 1}}, {"type": "Feature", "geometry": {"type": "Point", "coordinates": [-79.85519363228912, 41.03359134034982]}, "properties": {"SGL": 95, "PGC_REGION": 1}}, {"type": "Feature", "geometry": {"type": "Point", "coordinates": [-79.8266170386702, 41.09399075145264]}, "properties": {"SGL": 95, "PGC_REGION": 1}}, {"type": "Feature", "geometry": {"type": "Point", "coordinates": [-79.89165624704151, 41.08392996893594]}, "properties": {"SGL": 95, "PGC_REGION": 1}}, {"type": "Feature", "geometry": {"type": "Point", "coordinates": [-79.70484297524168, 41.08124107741657]}, "properties": {"SGL": 95, "PGC_REGION": 1}}, {"type": "Feature", "geometry": {"type": "Point", "coordinates": [-79.8988860586145, 41.06323835410746]}, "properties": {"SGL": 95, "PGC_REGION": 1}}, {"type": "Feature", "geometry": {"type": "Point", "coordinates": [-79.70475701381633, 41.08517495380714]}, "properties": {"SGL": 95, "PGC_REGION": 1}}, {"type": "Feature", "geometry": {"type": "Point", "coordinates": [-79.71726599683615, 41.07754013843225]}, "properties": {"SGL": 95, "PGC_REGION": 1}}, {"type": "Feature", "geometry": {"type": "Point", "coordinates": [-79.73324702994562, 41.075335947550485]}, "properties": {"SGL": 95, "PGC_REGION": 1}}, {"type": "Feature", "geometry": {"type": "Point", "coordinates": [-79.77402429530213, 41.06347281196615]}, "properties": {"SGL": 95, "PGC_REGION": 1}}, {"type": "Feature", "geometry": {"type": "Point", "coordinates": [-79.76268131988107, 41.062286429292676]}, "properties": {"SGL": 95, "PGC_REGION": 1}}, {"type": "Feature", "geometry": {"type": "Point", "coordinates": [-79.85352066201234, 41.08564446725411]}, "properties": {"SGL": 95, "PGC_REGION": 1}}, {"type": "Feature", "geometry": {"type": "Point", "coordinates": [-79.76854343665214, 41.05312145792735]}, "properties": {"SGL": 95, "PGC_REGION": 1}}, {"type": "Feature", "geometry": {"type": "Point", "coordinates": [-79.74585769309262, 41.05651239469669]}, "properties": {"SGL": 95, "PGC_REGION": 1}}, {"type": "Feature", "geometry": {"type": "Point", "coordinates": [-79.69146548711352, 41.07889018138035]}, "properties": {"SGL": 95, "PGC_REGION": 1}}, {"type": "Feature", "geometry": {"type": "Point", "coordinates": [-79.75747960405634, 41.5345277771275]}, "properties": {"SGL": 96, "PGC_REGION": 1}}, {"type": "Feature", "geometry": {"type": "Point", "coordinates": [-79.75370373457487, 41.55824481331033]}, "properties": {"SGL": 96, "PGC_REGION": 1}}, {"type": "Feature", "geometry": {"type": "Point", "coordinates": [-79.7915007073544, 41.563460815720426]}, "properties": {"SGL": 96, "PGC_REGION": 1}}, {"type": "Feature", "geometry": {"type": "Point", "coordinates": [-79.87323378197917, 41.557838073353984]}, "properties": {"SGL": 96, "PGC_REGION": 1}}, {"type": "Feature", "geometry": {"type": "Point", "coordinates": [-79.82891909651666, 41.50640135574278]}, "properties": {"SGL": 96, "PGC_REGION": 1}}, {"type": "Feature", "geometry": {"type": "Point", "coordinates": [-79.83286739753427, 41.516737234285536]}, "properties": {"SGL": 96, "PGC_REGION": 1}}, {"type": "Feature", "geometry": {"type": "Point", "coordinates": [-79.8337205231846, 41.536000444453144]}, "properties": {"SGL": 96, "PGC_REGION": 1}}, {"type": "Feature", "geometry": {"type": "Point", "coordinates": [-79.88139770350543, 41.56098173382566]}, "properties": {"SGL": 96, "PGC_REGION": 1}}, {"type": "Feature", "geometry": {"type": "Point", "coordinates": [-79.83441304503206, 41.542218223303905]}, "properties": {"SGL": 96, "PGC_REGION": 1}}, {"type": "Feature", "geometry": {"type": "Point", "coordinates": [-79.82536380772261, 41.54541198488088]}, "properties": {"SGL": 96, "PGC_REGION": 1}}, {"type": "Feature", "geometry": {"type": "Point", "coordinates": [-79.820764190668, 41.53728548383934]}, "properties": {"SGL": 96, "PGC_REGION": 1}}, {"type": "Feature", "geometry": {"type": "Point", "coordinates": [-79.82215018924664, 41.581538498452524]}, "properties": {"SGL": 96, "PGC_REGION": 1}}, {"type": "Feature", "geometry": {"type": "Point", "coordinates": [-79.76866006250116, 41.587228561027]}, "properties": {"SGL": 96, "PGC_REGION": 1}}, {"type": "Feature", "geometry": {"type": "Point", "coordinates": [-79.82649057629607, 41.573835115526606]}, "properties": {"SGL": 96, "PGC_REGION": 1}}, {"type": "Feature", "geometry": {"type": "Point", "coordinates": [-79.7846481295161, 41.57730541564091]}, "properties": {"SGL": 96, "PGC_REGION": 1}}, {"type": "Feature", "geometry": {"type": "Point", "coordinates": [-79.80841600955412, 41.5839503373446]}, "properties": {"SGL": 96, "PGC_REGION": 1}}, {"type": "Feature", "geometry": {"type": "Point", "coordinates": [-79.80765975956588, 41.57314005270655]}, "properties": {"SGL": 96, "PGC_REGION": 1}}, {"type": "Feature", "geometry": {"type": "Point", "coordinates": [-79.7830198741979, 41.57896728941782]}, "properties": {"SGL": 96, "PGC_REGION": 1}}, {"type": "Feature", "geometry": {"type": "Point", "coordinates": [-79.79672649165488, 41.56758484635339]}, "properties": {"SGL": 96, "PGC_REGION": 1}}, {"type": "Feature", "geometry": {"type": "Point", "coordinates": [-80.47082052901126, 41.8656266064623]}, "properties": {"SGL": 101, "PGC_REGION": 1}}, {"type": "Feature", "geometry": {"type": "Point", "coordinates": [-80.47044885852472, 41.861293657679035]}, "properties": {"SGL": 101, "PGC_REGION": 1}}, {"type": "Feature", "geometry": {"type": "Point", "coordinates": [-80.48794414396136, 41.86372661304148]}, "properties": {"SGL": 101, "PGC_REGION": 1}}, {"type": "Feature", "geometry": {"type": "Point", "coordinates": [-80.48796624626495, 41.85955360509818]}, "properties": {"SGL": 101, "PGC_REGION": 1}}, {"type": "Feature", "geometry": {"type": "Point", "coordinates": [-80.48804896738692, 41.85534253244017]}, "properties": {"SGL": 101, "PGC_REGION": 1}}, {"type": "Feature", "geometry": {"type": "Point", "coordinates": [-80.46905676747154, 41.846042107229614]}, "properties": {"SGL": 101, "PGC_REGION": 1}}, {"type": "Feature", "geometry": {"type": "Point", "coordinates": [-80.4524697385705, 41.83675997052439]}, "properties": {"SGL": 101, "PGC_REGION": 1}}, {"type": "Feature", "geometry": {"type": "Point", "coordinates": [-80.43077599327387, 41.86055616851213]}, "properties": {"SGL": 101, "PGC_REGION": 1}}, {"type": "Feature", "geometry": {"type": "Point", "coordinates": [-80.49698382361798, 41.83192229398707]}, "properties": {"SGL": 101, "PGC_REGION": 1}}, {"type": "Feature", "geometry": {"type": "Point", "coordinates": [-80.47165030170429, 41.87000485228564]}, "properties": {"SGL": 101, "PGC_REGION": 1}}, {"type": "Feature", "geometry": {"type": "Point", "coordinates": [-80.47427016238679, 41.84612212778259]}, "properties": {"SGL": 101, "PGC_REGION": 1}}, {"type": "Feature", "geometry": {"type": "Point", "coordinates": [-80.4784765150434, 41.84616327158174]}, "properties": {"SGL": 101, "PGC_REGION": 1}}, {"type": "Feature", "geometry": {"type": "Point", "coordinates": [-80.48268840572726, 41.846208538772885]}, "properties": {"SGL": 101, "PGC_REGION": 1}}, {"type": "Feature", "geometry": {"type": "Point", "coordinates": [-80.50741059850546, 41.86931937557106]}, "properties": {"SGL": 101, "PGC_REGION": 1}}, {"type": "Feature", "geometry": {"type": "Point", "coordinates": [-79.80337739102804, 41.92697859303591]}, "properties": {"SGL": 102, "PGC_REGION": 1}}, {"type": "Feature", "geometry": {"type": "Point", "coordinates": [-79.80655591919914, 41.92956576842661]}, "properties": {"SGL": 102, "PGC_REGION": 1}}, {"type": "Feature", "geometry": {"type": "Point", "coordinates": [-79.80709161957243, 41.93134477612448]}, "properties": {"SGL": 102, "PGC_REGION": 1}}, {"type": "Feature", "geometry": {"type": "Point", "coordinates": [-79.80721604647381, 41.93459736195462]}, "properties": {"SGL": 102, "PGC_REGION": 1}}, {"type": "Feature", "geometry": {"type": "Point", "coordinates": [-80.01114037044977, 41.32850244205965]}, "properties": {"SGL": 130, "PGC_REGION": 1}}, {"type": "Feature", "geometry": {"type": "Point", "coordinates": [-80.01273272892612, 41.32183141909621]}, "properties": {"SGL": 130, "PGC_REGION": 1}}, {"type": "Feature", "geometry": {"type": "Point", "coordinates": [-80.01276022796557, 41.33927297662757]}, "properties": {"SGL": 130, "PGC_REGION": 1}}, {"type": "Feature", "geometry": {"type": "Point", "coordinates": [-80.10710956576008, 41.30411231844913]}, "properties": {"SGL": 130, "PGC_REGION": 1}}, {"type": "Feature", "geometry": {"type": "Point", "coordinates": [-80.09654870788468, 41.28374720066544]}, "properties": {"SGL": 130, "PGC_REGION": 1}}, {"type": "Feature", "geometry": {"type": "Point", "coordinates": [-80.08687692992594, 41.286088685403136]}, "properties": {"SGL": 130, "PGC_REGION": 1}}, {"type": "Feature", "geometry": {"type": "Point", "coordinates": [-80.05876981043075, 41.333555478756324]}, "properties": {"SGL": 130, "PGC_REGION": 1}}, {"type": "Feature", "geometry": {"type": "Point", "coordinates": [-80.0554752168553, 41.33383082618326]}, "properties": {"SGL": 130, "PGC_REGION": 1}}, {"type": "Feature", "geometry": {"type": "Point", "coordinates": [-80.01323476953885, 41.313105234481355]}, "properties": {"SGL": 130, "PGC_REGION": 1}}, {"type": "Feature", "geometry": {"type": "Point", "coordinates": [-80.02408566780574, 41.321258174426575]}, "properties": {"SGL": 130, "PGC_REGION": 1}}, {"type": "Feature", "geometry": {"type": "Point", "coordinates": [-80.02405152396207, 41.319048698029995]}, "properties": {"SGL": 130, "PGC_REGION": 1}}, {"type": "Feature", "geometry": {"type": "Point", "coordinates": [-80.0614802599258, 41.34408090660279]}, "properties": {"SGL": 130, "PGC_REGION": 1}}, {"type": "Feature", "geometry": {"type": "Point", "coordinates": [-80.00463472896496, 41.33445748694735]}, "properties": {"SGL": 130, "PGC_REGION": 1}}, {"type": "Feature", "geometry": {"type": "Point", "coordinates": [-79.43731451299936, 41.82698154087876]}, "properties": {"SGL": 143, "PGC_REGION": 1}}, {"type": "Feature", "geometry": {"type": "Point", "coordinates": [-79.47053820134072, 41.84073257713089]}, "properties": {"SGL": 143, "PGC_REGION": 1}}, {"type": "Feature", "geometry": {"type": "Point", "coordinates": [-79.45128830656817, 41.87281906980104]}, "properties": {"SGL": 143, "PGC_REGION": 1}}, {"type": "Feature", "geometry": {"type": "Point", "coordinates": [-79.41903877155875, 41.838775750499174]}, "properties": {"SGL": 143, "PGC_REGION": 1}}, {"type": "Feature", "geometry": {"type": "Point", "coordinates": [-79.4818513510923, 41.823251276281496]}, "properties": {"SGL": 143, "PGC_REGION": 1}}, {"type": "Feature", "geometry": {"type": "Point", "coordinates": [-79.47152448379553, 41.84268113043005]}, "properties": {"SGL": 143, "PGC_REGION": 1}}, {"type": "Feature", "geometry": {"type": "Point", "coordinates": [-80.36466582407348, 40.855927668395736]}, "properties": {"SGL": 148, "PGC_REGION": 1}}, {"type": "Feature", "geometry": {"type": "Point", "coordinates": [-80.35639207517367, 40.859808754934534]}, "properties": {"SGL": 148, "PGC_REGION": 1}}, {"type": "Feature", "geometry": {"type": "Point", "coordinates": [-80.46554464512562, 41.09371745158531]}, "properties": {"SGL": 150, "PGC_REGION": 1}}, {"type": "Feature", "geometry": {"type": "Point", "coordinates": [-80.18478459007453, 41.074675630974916]}, "properties": {"SGL": 151, "PGC_REGION": 1}}, {"type": "Feature", "geometry": {"type": "Point", "coordinates": [-80.14802980861204, 41.07939547972636]}, "properties": {"SGL": 151, "PGC_REGION": 1}}, {"type": "Feature", "geometry": {"type": "Point", "coordinates": [-80.14387793232488, 41.089902291019]}, "properties": {"SGL": 151, "PGC_REGION": 1}}, {"type": "Feature", "geometry": {"type": "Point", "coordinates": [-80.13429179778765, 41.104590526368135]}, "properties": {"SGL": 151, "PGC_REGION": 1}}, {"type": "Feature", "geometry": {"type": "Point", "coordinates": [-80.12897992592313, 41.10111946301377]}, "properties": {"SGL": 151, "PGC_REGION": 1}}, {"type": "Feature", "geometry": {"type": "Point", "coordinates": [-80.13823412313589, 41.09611033679621]}, "properties": {"SGL": 151, "PGC_REGION": 1}}, {"type": "Feature", "geometry": {"type": "Point", "coordinates": [-80.13194557098657, 41.09196600849951]}, "properties": {"SGL": 151, "PGC_REGION": 1}}, {"type": "Feature", "geometry": {"type": "Point", "coordinates": [-80.13146387319328, 41.10269590190088]}, "properties": {"SGL": 151, "PGC_REGION": 1}}, {"type": "Feature", "geometry": {"type": "Point", "coordinates": [-80.18522962736812, 41.08045769992592]}, "properties": {"SGL": 151, "PGC_REGION": 1}}, {"type": "Feature", "geometry": {"type": "Point", "coordinates": [-80.13351665881225, 41.0868094657236]}, "properties": {"SGL": 151, "PGC_REGION": 1}}, {"type": "Feature", "geometry": {"type": "Point", "coordinates": [-80.12780513236157, 41.08019980473011]}, "properties": {"SGL": 151, "PGC_REGION": 1}}, {"type": "Feature", "geometry": {"type": "Point", "coordinates": [-80.12998938145778, 41.08296852545245]}, "properties": {"SGL": 151, "PGC_REGION": 1}}, {"type": "Feature", "geometry": {"type": "Point", "coordinates": [-80.2385671548351, 41.8427299778605]}, "properties": {"SGL": 152, "PGC_REGION": 1}}, {"type": "Feature", "geometry": {"type": "Point", "coordinates": [-80.23257511858256, 41.84301561365806]}, "properties": {"SGL": 152, "PGC_REGION": 1}}, {"type": "Feature", "geometry": {"type": "Point", "coordinates": [-80.22663150486626, 41.84730320091702]}, "properties": {"SGL": 152, "PGC_REGION": 1}}, {"type": "Feature", "geometry": {"type": "Point", "coordinates": [-79.8765790047237, 42.008513862745694]}, "properties": {"SGL": 155, "PGC_REGION": 1}}, {"type": "Feature", "geometry": {"type": "Point", "coordinates": [-79.87183655556672, 42.00153375023775]}, "properties": {"SGL": 155, "PGC_REGION": 1}}, {"type": "Feature", "geometry": {"type": "Point", "coordinates": [-79.82884471552688, 42.12783595197584]}, "properties": {"SGL": 163, "PGC_REGION": 1}}, {"type": "Feature", "geometry": {"type": "Point", "coordinates": [-79.84211925948304, 42.14504632188322]}, "properties": {"SGL": 163, "PGC_REGION": 1}}, {"type": "Feature", "geometry": {"type": "Point", "coordinates": [-79.78066110150624, 40.88395295649551]}, "properties": {"SGL": 164, "PGC_REGION": 1}}, {"type": "Feature", "geometry": {"type": "Point", "coordinates": [-79.78221395445165, 40.88767596334241]}, "properties": {"SGL": 164, "PGC_REGION": 1}}, {"type": "Feature", "geometry": {"type": "Point", "coordinates": [-79.78187280913336, 40.887880990835995]}, "properties": {"SGL": 164, "PGC_REGION": 1}}, {"type": "Feature", "geometry": {"type": "Point", "coordinates": [-79.7695978539904, 40.894509593248664]}, "properties": {"SGL": 164, "PGC_REGION": 1}}, {"type": "Feature", "geometry": {"type": "Point", "coordinates": [-79.76486765146616, 40.894295783194366]}, "properties": {"SGL": 164, "PGC_REGION": 1}}, {"type": "Feature", "geometry": {"type": "Point", "coordinates": [-80.31797824648835, 41.05267714970694]}, "properties": {"SGL": 178, "PGC_REGION": 1}}, {"type": "Feature", "geometry": {"type": "Point", "coordinates": [-79.80736024155331, 42.09588828775034]}, "properties": {"SGL": 191, "PGC_REGION": 1}}, {"type": "Feature", "geometry": {"type": "Point", "coordinates": [-79.79020599551653, 42.0961498923602]}, "properties": {"SGL": 191, "PGC_REGION": 1}}, {"type": "Feature", "geometry": {"type": "Point", "coordinates": [-79.80100116111602, 42.08315706104281]}, "properties": {"SGL": 191, "PGC_REGION": 1}}, {"type": "Feature", "geometry": {"type": "Point", "coordinates": [-79.80154218982703, 42.072007682437]}, "properties": {"SGL": 191, "PGC_REGION": 1}}, {"type": "Feature", "geometry": {"type": "Point", "coordinates": [-79.80836866051418, 42.071750100960344]}, "properties": {"SGL": 191, "PGC_REGION": 1}}, {"type": "Feature", "geometry": {"type": "Point", "coordinates": [-79.79642429931586, 42.07168354176144]}, "properties": {"SGL": 191, "PGC_REGION": 1}}, {"type": "Feature", "geometry": {"type": "Point", "coordinates": [-79.80128207102872, 42.08671169142243]}, "properties": {"SGL": 191, "PGC_REGION": 1}}, {"type": "Feature", "geometry": {"type": "Point", "coordinates": [-79.80569521025622, 42.08655061002547]}, "properties": {"SGL": 191, "PGC_REGION": 1}}, {"type": "Feature", "geometry": {"type": "Point", "coordinates": [-80.03469472386692, 41.917539365058595]}, "properties": {"SGL": 192, "PGC_REGION": 1}}, {"type": "Feature", "geometry": {"type": "Point", "coordinates": [-80.0456394611993, 41.90513961783839]}, "properties": {"SGL": 192, "PGC_REGION": 1}}, {"type": "Feature", "geometry": {"type": "Point", "coordinates": [-78.85218287771492, 40.96015700486054]}, "properties": {"SGL": 195, "PGC_REGION": 1}}, {"type": "Feature", "geometry": {"type": "Point", "coordinates": [-78.84227508049233, 40.959959166082086]}, "properties": {"SGL": 195, "PGC_REGION": 1}}, {"type": "Feature", "geometry": {"type": "Point", "coordinates": [-78.83640008893993, 40.95620151931928]}, "properties": {"SGL": 195, "PGC_REGION": 1}}, {"type": "Feature", "geometry": {"type": "Point", "coordinates": [-79.83177646913586, 41.766467820657475]}, "properties": {"SGL": 199, "PGC_REGION": 1}}, {"type": "Feature", "geometry": {"type": "Point", "coordinates": [-79.82523482209848, 41.76885399167479]}, "properties": {"SGL": 199, "PGC_REGION": 1}}, {"type": "Feature", "geometry": {"type": "Point", "coordinates": [-79.8204387200444, 41.77018494919215]}, "properties": {"SGL": 199, "PGC_REGION": 1}}, {"type": "Feature", "geometry": {"type": "Point", "coordinates": [-79.83453793028387, 41.757818051366726]}, "properties": {"SGL": 199, "PGC_REGION": 1}}, {"type": "Feature", "geometry": {"type": "Point", "coordinates": [-79.82484804598465, 41.75674942858342]}, "properties": {"SGL": 199, "PGC_REGION": 1}}, {"type": "Feature", "geometry": {"type": "Point", "coordinates": [-79.8084919436857, 41.7526524176886]}, "properties": {"SGL": 199, "PGC_REGION": 1}}, {"type": "Feature", "geometry": {"type": "Point", "coordinates": [-79.9318555989818, 42.05389893172832]}, "properties": {"SGL": 218, "PGC_REGION": 1}}, {"type": "Feature", "geometry": {"type": "Point", "coordinates": [-79.93302996167155, 42.05039244829624]}, "properties": {"SGL": 218, "PGC_REGION": 1}}, {"type": "Feature", "geometry": {"type": "Point", "coordinates": [-79.9288239029039, 42.04810503323553]}, "properties": {"SGL": 218, "PGC_REGION": 1}}, {"type": "Feature", "geometry": {"type": "Point", "coordinates": [-79.93281319022327, 42.04309263013812]}, "properties": {"SGL": 218, "PGC_REGION": 1}}, {"type": "Feature", "geometry": {"type": "Point", "coordinates": [-79.92292177341032, 42.033792412251685]}, "properties": {"SGL": 218, "PGC_REGION": 1}}, {"type": "Feature", "geometry": {"type": "Point", "coordinates": [-79.90969202877363, 42.03341159575751]}, "properties": {"SGL": 218, "PGC_REGION": 1}}, {"type": "Feature", "geometry": {"type": "Point", "coordinates": [-79.91168341486717, 42.03926655018216]}, "properties": {"SGL": 218, "PGC_REGION": 1}}, {"type": "Feature", "geometry": {"type": "Point", "coordinates": [-79.91313117209911, 42.053662561918124]}, "properties": {"SGL": 218, "PGC_REGION": 1}}, {"type": "Feature", "geometry": {"type": "Point", "coordinates": [-79.91497150765919, 42.05513610397501]}, "properties": {"SGL": 218, "PGC_REGION": 1}}, {"type": "Feature", "geometry": {"type": "Point", "coordinates": [-79.9158464568024, 42.05820073682277]}, "properties": {"SGL": 218, "PGC_REGION": 1}}, {"type": "Feature", "geometry": {"type": "Point", "coordinates": [-79.92794179276247, 42.05986512987822]}, "properties": {"SGL": 218, "PGC_REGION": 1}}, {"type": "Feature", "geometry": {"type": "Point", "coordinates": [-79.92648872210975, 42.06485157842174]}, "properties": {"SGL": 218, "PGC_REGION": 1}}, {"type": "Feature", "geometry": {"type": "Point", "coordinates": [-78.97883048396464, 41.09277298883177]}, "properties": {"SGL": 244, "PGC_REGION": 1}}, {"type": "Feature", "geometry": {"type": "Point", "coordinates": [-78.9664764280466, 41.11218845667373]}, "properties": {"SGL": 244, "PGC_REGION": 1}}, {"type": "Feature", "geometry": {"type": "Point", "coordinates": [-78.94473525479106, 41.10908510437528]}, "properties": {"SGL": 244, "PGC_REGION": 1}}, {"type": "Feature", "geometry": {"type": "Point", "coordinates": [-78.93990911077731, 41.09709900733604]}, "properties": {"SGL": 244, "PGC_REGION": 1}}, {"type": "Feature", "geometry": {"type": "Point", "coordinates": [-78.94125874318067, 41.09173096466349]}, "properties": {"SGL": 244, "PGC_REGION": 1}}, {"type": "Feature", "geometry": {"type": "Point", "coordinates": [-78.94354776626169, 41.08559659060504]}, "properties": {"SGL": 244, "PGC_REGION": 1}}, {"type": "Feature", "geometry": {"type": "Point", "coordinates": [-78.94604091083832, 41.07418995533537]}, "properties": {"SGL": 244, "PGC_REGION": 1}}, {"type": "Feature", "geometry": {"type": "Point", "coordinates": [-78.95161047016161, 41.079468734588524]}, "properties": {"SGL": 244, "PGC_REGION": 1}}, {"type": "Feature", "geometry": {"type": "Point", "coordinates": [-78.92589539640197, 41.11021344608931]}, "properties": {"SGL": 244, "PGC_REGION": 1}}, {"type": "Feature", "geometry": {"type": "Point", "coordinates": [-78.94697015934537, 41.09075422135406]}, "properties": {"SGL": 244, "PGC_REGION": 1}}, {"type": "Feature", "geometry": {"type": "Point", "coordinates": [-78.93610736851576, 41.095559036014116]}, "properties": {"SGL": 244, "PGC_REGION": 1}}, {"type": "Feature", "geometry": {"type": "Point", "coordinates": [-78.94139260276093, 41.09103633447353]}, "properties": {"SGL": 244, "PGC_REGION": 1}}, {"type": "Feature", "geometry": {"type": "Point", "coordinates": [-78.93961612493887, 41.095563544167355]}, "properties": {"SGL": 244, "PGC_REGION": 1}}, {"type": "Feature", "geometry": {"type": "Point", "coordinates": [-78.94684638144558, 41.07094439495341]}, "properties": {"SGL": 244, "PGC_REGION": 1}}, {"type": "Feature", "geometry": {"type": "Point", "coordinates": [-78.92158897946568, 41.09433172980422]}, "properties": {"SGL": 244, "PGC_REGION": 1}}, {"type": "Feature", "geometry": {"type": "Point", "coordinates": [-79.63299773323021, 41.488956473075575]}, "properties": {"SGL": 253, "PGC_REGION": 1}}, {"type": "Feature", "geometry": {"type": "Point", "coordinates": [-79.62122225304967, 41.47682962885775]}, "properties": {"SGL": 253, "PGC_REGION": 1}}, {"type": "Feature", "geometry": {"type": "Point", "coordinates": [-79.62041562385471, 41.48814346206619]}, "properties": {"SGL": 253, "PGC_REGION": 1}}, {"type": "Feature", "geometry": {"type": "Point", "coordinates": [-80.23934768967023, 41.80318956000637]}, "properties": {"SGL": 269, "PGC_REGION": 1}}, {"type": "Feature", "geometry": {"type": "Point", "coordinates": [-80.23175324886564, 41.79080010636253]}, "properties": {"SGL": 269, "PGC_REGION": 1}}, {"type": "Feature", "geometry": {"type": "Point", "coordinates": [-80.23172375664377, 41.792713543870754]}, "properties": {"SGL": 269, "PGC_REGION": 1}}, {"type": "Feature", "geometry": {"type": "Point", "coordinates": [-80.21789988216, 41.79526581373698]}, "properties": {"SGL": 269, "PGC_REGION": 1}}, {"type": "Feature", "geometry": {"type": "Point", "coordinates": [-80.24641547643044, 41.803236291166506]}, "properties": {"SGL": 269, "PGC_REGION": 1}}, {"type": "Feature", "geometry": {"type": "Point", "coordinates": [-80.2066277416788, 41.476954999883404]}, "properties": {"SGL": 270, "PGC_REGION": 1}}, {"type": "Feature", "geometry": {"type": "Point", "coordinates": [-80.2070924624118, 41.47086883319086]}, "properties": {"SGL": 270, "PGC_REGION": 1}}, {"type": "Feature", "geometry": {"type": "Point", "coordinates": [-80.18537654831738, 41.454814019806236]}, "properties": {"SGL": 270, "PGC_REGION": 1}}, {"type": "Feature", "geometry": {"type": "Point", "coordinates": [-80.1775657590154, 41.460736003866764]}, "properties": {"SGL": 270, "PGC_REGION": 1}}, {"type": "Feature", "geometry": {"type": "Point", "coordinates": [-80.16863778011438, 41.43065183533272]}, "properties": {"SGL": 270, "PGC_REGION": 1}}, {"type": "Feature", "geometry": {"type": "Point", "coordinates": [-80.18708532269795, 41.453646840691185]}, "properties": {"SGL": 270, "PGC_REGION": 1}}, {"type": "Feature", "geometry": {"type": "Point", "coordinates": [-80.17718364029464, 41.44603472791275]}, "properties": {"SGL": 270, "PGC_REGION": 1}}, {"type": "Feature", "geometry": {"type": "Point", "coordinates": [-80.18122159483471, 41.44595944097326]}, "properties": {"SGL": 270, "PGC_REGION": 1}}, {"type": "Feature", "geometry": {"type": "Point", "coordinates": [-80.18818355627994, 41.44280606355017]}, "properties": {"SGL": 270, "PGC_REGION": 1}}, {"type": "Feature", "geometry": {"type": "Point", "coordinates": [-80.17176936280391, 41.44531396007194]}, "properties": {"SGL": 270, "PGC_REGION": 1}}, {"type": "Feature", "geometry": {"type": "Point", "coordinates": [-80.11215901062823, 41.464798961983334]}, "properties": {"SGL": 270, "PGC_REGION": 1}}, {"type": "Feature", "geometry": {"type": "Point", "coordinates": [-80.19490785227337, 41.46568444352724]}, "properties": {"SGL": 270, "PGC_REGION": 1}}, {"type": "Feature", "geometry": {"type": "Point", "coordinates": [-80.19187054409616, 41.44411443331348]}, "properties": {"SGL": 270, "PGC_REGION": 1}}, {"type": "Feature", "geometry": {"type": "Point", "coordinates": [-80.18348640652701, 41.44235182330497]}, "properties": {"SGL": 270, "PGC_REGION": 1}}, {"type": "Feature", "geometry": {"type": "Point", "coordinates": [-80.17273698852625, 41.43221115824346]}, "properties": {"SGL": 270, "PGC_REGION": 1}}, {"type": "Feature", "geometry": {"type": "Point", "coordinates": [-80.17801590819606, 41.43397025204122]}, "properties": {"SGL": 270, "PGC_REGION": 1}}, {"type": "Feature", "geometry": {"type": "Point", "coordinates": [-79.60613184174379, 41.7373584434199]}, "properties": {"SGL": 272, "PGC_REGION": 1}}, {"type": "Feature", "geometry": {"type": "Point", "coordinates": [-79.13694943518726, 41.980829577054884]}, "properties": {"SGL": 282, "PGC_REGION": 1}}, {"type": "Feature", "geometry": {"type": "Point", "coordinates": [-79.13156206458545, 41.98115807541353]}, "properties": {"SGL": 282, "PGC_REGION": 1}}, {"type": "Feature", "geometry": {"type": "Point", "coordinates": [-79.12460354787194, 41.988773811400364]}, "properties": {"SGL": 282, "PGC_REGION": 1}}, {"type": "Feature", "geometry": {"type": "Point", "coordinates": [-79.20062589659744, 41.302533113236706]}, "properties": {"SGL": 283, "PGC_REGION": 1}}, {"type": "Feature", "geometry": {"type": "Point", "coordinates": [-79.19902945827876, 41.30261499929114]}, "properties": {"SGL": 283, "PGC_REGION": 1}}, {"type": "Feature", "geometry": {"type": "Point", "coordinates": [-79.19660147698127, 41.304316750849736]}, "properties": {"SGL": 283, "PGC_REGION": 1}}, {"type": "Feature", "geometry": {"type": "Point", "coordinates": [-79.20880047650238, 41.300586355482075]}, "properties": {"SGL": 283, "PGC_REGION": 1}}, {"type": "Feature", "geometry": {"type": "Point", "coordinates": [-79.21040005463303, 41.29230739115722]}, "properties": {"SGL": 283, "PGC_REGION": 1}}, {"type": "Feature", "geometry": {"type": "Point", "coordinates": [-79.21152628944385, 41.29191617785139]}, "properties": {"SGL": 283, "PGC_REGION": 1}}, {"type": "Feature", "geometry": {"type": "Point", "coordinates": [-79.16472338074598, 41.28908263590347]}, "properties": {"SGL": 283, "PGC_REGION": 1}}, {"type": "Feature", "geometry": {"type": "Point", "coordinates": [-79.16564480722327, 41.29708282732082]}, "properties": {"SGL": 283, "PGC_REGION": 1}}, {"type": "Feature", "geometry": {"type": "Point", "coordinates": [-79.20090313341095, 41.30281816689052]}, "properties": {"SGL": 283, "PGC_REGION": 1}}, {"type": "Feature", "geometry": {"type": "Point", "coordinates": [-80.18872537915783, 41.09825740879474]}, "properties": {"SGL": 284, "PGC_REGION": 1}}, {"type": "Feature", "geometry": {"type": "Point", "coordinates": [-80.2044239008872, 41.11869603246917]}, "properties": {"SGL": 284, "PGC_REGION": 1}}, {"type": "Feature", "geometry": {"type": "Point", "coordinates": [-80.21078776854692, 41.12236160118402]}, "properties": {"SGL": 284, "PGC_REGION": 1}}, {"type": "Feature", "geometry": {"type": "Point", "coordinates": [-80.2162259789235, 41.136307475054885]}, "properties": {"SGL": 284, "PGC_REGION": 1}}, {"type": "Feature", "geometry": {"type": "Point", "coordinates": [-80.20865090578394, 41.14462234598059]}, "properties": {"SGL": 284, "PGC_REGION": 1}}, {"type": "Feature", "geometry": {"type": "Point", "coordinates": [-80.20713137013415, 41.153900789128606]}, "properties": {"SGL": 284, "PGC_REGION": 1}}, {"type": "Feature", "geometry": {"type": "Point", "coordinates": [-80.21384939672534, 41.1395775105557]}, "properties": {"SGL": 284, "PGC_REGION": 1}}, {"type": "Feature", "geometry": {"type": "Point", "coordinates": [-80.20212627372759, 41.13273100972954]}, "properties": {"SGL": 284, "PGC_REGION": 1}}, {"type": "Feature", "geometry": {"type": "Point", "coordinates": [-80.19224114795414, 41.11461647631883]}, "properties": {"SGL": 284, "PGC_REGION": 1}}, {"type": "Feature", "geometry": {"type": "Point", "coordinates": [-80.19704634220027, 41.11395502821482]}, "properties": {"SGL": 284, "PGC_REGION": 1}}, {"type": "Feature", "geometry": {"type": "Point", "coordinates": [-79.5883745379434, 41.872690597347535]}, "properties": {"SGL": 291, "PGC_REGION": 1}}, {"type": "Feature", "geometry": {"type": "Point", "coordinates": [-79.60134710219243, 41.88079928872799]}, "properties": {"SGL": 291, "PGC_REGION": 1}}, {"type": "Feature", "geometry": {"type": "Point", "coordinates": [-80.23927979449245, 41.31844772538638]}, "properties": {"SGL": 294, "PGC_REGION": 1}}, {"type": "Feature", "geometry": {"type": "Point", "coordinates": [-80.24442103495575, 41.3182938790053]}, "properties": {"SGL": 294, "PGC_REGION": 1}}, {"type": "Feature", "geometry": {"type": "Point", "coordinates": [-79.70418615841929, 40.87418601477523]}, "properties": {"SGL": 304, "PGC_REGION": 1}}, {"type": "Feature", "geometry": {"type": "Point", "coordinates": [-79.70386708008934, 40.87860511508544]}, "properties": {"SGL": 304, "PGC_REGION": 1}}, {"type": "Feature", "geometry": {"type": "Point", "coordinates": [-79.70476271081962, 40.88023946140354]}, "properties": {"SGL": 304, "PGC_REGION": 1}}, {"type": "Feature", "geometry": {"type": "Point", "coordinates": [-79.5001125014545, 41.930354086568535]}, "properties": {"SGL": 306, "PGC_REGION": 1}}, {"type": "Feature", "geometry": {"type": "Point", "coordinates": [-79.5075353281847, 41.942861333453344]}, "properties": {"SGL": 306, "PGC_REGION": 1}}, {"type": "Feature", "geometry": {"type": "Point", "coordinates": [-79.51344888739989, 41.94905764524137]}, "properties": {"SGL": 306, "PGC_REGION": 1}}, {"type": "Feature", "geometry": {"type": "Point", "coordinates": [-79.43806318710047, 41.66601568286232]}, "properties": {"SGL": 309, "PGC_REGION": 1}}, {"type": "Feature", "geometry": {"type": "Point", "coordinates": [-79.4436824608727, 41.66984641302987]}, "properties": {"SGL": 309, "PGC_REGION": 1}}, {"type": "Feature", "geometry": {"type": "Point", "coordinates": [-79.4338061276672, 41.67391300641691]}, "properties": {"SGL": 309, "PGC_REGION": 1}}, {"type": "Feature", "geometry": {"type": "Point", "coordinates": [-79.43664202593074, 41.69073053581595]}, "properties": {"SGL": 309, "PGC_REGION": 1}}, {"type": "Feature", "geometry": {"type": "Point", "coordinates": [-80.51913350159265, 41.96836148994483]}, "properties": {"SGL": 314, "PGC_REGION": 1}}, {"type": "Feature", "geometry": {"type": "Point", "coordinates": [-80.49357006458861, 41.97661765121863]}, "properties": {"SGL": 314, "PGC_REGION": 1}}, {"type": "Feature", "geometry": {"type": "Point", "coordinates": [-80.51925983630665, 41.96486779132578]}, "properties": {"SGL": 314, "PGC_REGION": 1}}, {"type": "Feature", "geometry": {"type": "Point", "coordinates": [-80.51804415945234, 41.976840161296465]}, "properties": {"SGL": 314, "PGC_REGION": 1}}, {"type": "Feature", "geometry": {"type": "Point", "coordinates": [-80.50572673096089, 41.9812172278095]}, "properties": {"SGL": 314, "PGC_REGION": 1}}, {"type": "Feature", "geometry": {"type": "Point", "coordinates": [-80.50150709998857, 41.98335703749833]}, "properties": {"SGL": 314, "PGC_REGION": 1}}, {"type": "Feature", "geometry": {"type": "Point", "coordinates": [-80.50827922044452, 41.96521541044067]}, "properties": {"SGL": 314, "PGC_REGION": 1}}, {"type": "Feature", "geometry": {"type": "Point", "coordinates": [-80.5011804763179, 41.965232835133996]}, "properties": {"SGL": 314, "PGC_REGION": 1}}, {"type": "Feature", "geometry": {"type": "Point", "coordinates": [-80.49337466215057, 41.97199196135923]}, "properties": {"SGL": 314, "PGC_REGION": 1}}, {"type": "Feature", "geometry": {"type": "Point", "coordinates": [-80.48197251918396, 41.96820873547622]}, "properties": {"SGL": 314, "PGC_REGION": 1}}, {"type": "Feature", "geometry": {"type": "Point", "coordinates": [-80.47223858054716, 41.976384599140964]}, "properties": {"SGL": 314, "PGC_REGION": 1}}, {"type": "Feature", "geometry": {"type": "Point", "coordinates": [-80.46356005105132, 41.978875698678436]}, "properties": {"SGL": 314, "PGC_REGION": 1}}, {"type": "Feature", "geometry": {"type": "Point", "coordinates": [-80.50029604815295, 41.94926203284645]}, "properties": {"SGL": 314, "PGC_REGION": 1}}, {"type": "Feature", "geometry": {"type": "Point", "coordinates": [-79.16250640954088, 40.94654003116574]}, "properties": {"SGL": 320, "PGC_REGION": 1}}, {"type": "Feature", "geometry": {"type": "Point", "coordinates": [-79.1715913679756, 40.95587818527863]}, "properties": {"SGL": 320, "PGC_REGION": 1}}, {"type": "Feature", "geometry": {"type": "Point", "coordinates": [-79.2843114886064, 41.46720474561458]}, "properties": {"SGL": 24, "PGC_REGION": 1}}, {"type": "Feature", "geometry": {"type": "Point", "coordinates": [-79.28969954983178, 41.466251876622735]}, "properties": {"SGL": 24, "PGC_REGION": 1}}, {"type": "Feature", "geometry": {"type": "Point", "coordinates": [-79.27285146832132, 41.468119399072044]}, "properties": {"SGL": 24, "PGC_REGION": 1}}, {"type": "Feature", "geometry": {"type": "Point", "coordinates": [-79.2403837725491, 41.43854734515179]}, "properties": {"SGL": 24, "PGC_REGION": 1}}, {"type": "Feature", "geometry": {"type": "Point", "coordinates": [-79.2411658771193, 41.43743306960627]}, "properties": {"SGL": 24, "PGC_REGION": 1}}, {"type": "Feature", "geometry": {"type": "Point", "coordinates": [-79.33936022275131, 41.401932035861115]}, "properties": {"SGL": 24, "PGC_REGION": 1}}, {"type": "Feature", "geometry": {"type": "Point", "coordinates": [-79.32720577828469, 41.43986496353913]}, "properties": {"SGL": 24, "PGC_REGION": 1}}, {"type": "Feature", "geometry": {"type": "Point", "coordinates": [-79.28967362420872, 41.466785747564856]}, "properties": {"SGL": 24, "PGC_REGION": 1}}, {"type": "Feature", "geometry": {"type": "Point", "coordinates": [-79.33343179987261, 41.434972645028914]}, "properties": {"SGL": 24, "PGC_REGION": 1}}, {"type": "Feature", "geometry": {"type": "Point", "coordinates": [-79.19878210430404, 41.43432986391529]}, "properties": {"SGL": 24, "PGC_REGION": 1}}, {"type": "Feature", "geometry": {"type": "Point", "coordinates": [-79.24160467238973, 41.433761377106464]}, "properties": {"SGL": 24, "PGC_REGION": 1}}, {"type": "Feature", "geometry": {"type": "Point", "coordinates": [-79.30124129994654, 41.45774787987116]}, "properties": {"SGL": 24, "PGC_REGION": 1}}, {"type": "Feature", "geometry": {"type": "Point", "coordinates": [-79.34495156979797, 41.40496722920475]}, "properties": {"SGL": 24, "PGC_REGION": 1}}, {"type": "Feature", "geometry": {"type": "Point", "coordinates": [-79.48689321183383, 41.14760812556614]}, "properties": {"SGL": 330, "PGC_REGION": 1}}, {"type": "Feature", "geometry": {"type": "Point", "coordinates": [-79.49018321147211, 41.132808121824084]}, "properties": {"SGL": 330, "PGC_REGION": 1}}, {"type": "Feature", "geometry": {"type": "Point", "coordinates": [-79.47317320642263, 41.13898812362885]}, "properties": {"SGL": 330, "PGC_REGION": 1}}, {"type": "Feature", "geometry": {"type": "Point", "coordinates": [-79.49231321348881, 41.14801812453047]}, "properties": {"SGL": 330, "PGC_REGION": 1}}, {"type": "Feature", "geometry": {"type": "Point", "coordinates": [-79.49919321627827, 41.14711812482771]}, "properties": {"SGL": 330, "PGC_REGION": 1}}, {"type": "Feature", "geometry": {"type": "Point", "coordinates": [-79.57886422467531, 41.97006284412507]}, "properties": {"SGL": 197, "PGC_REGION": 1}}, {"type": "Feature", "geometry": {"type": "Point", "coordinates": [-79.5889152279618, 41.97853703546552]}, "properties": {"SGL": 197, "PGC_REGION": 1}}, {"type": "Feature", "geometry": {"type": "Point", "coordinates": [-79.5646136522001, 41.99389519901925]}, "properties": {"SGL": 197, "PGC_REGION": 1}}, {"type": "Feature", "geometry": {"type": "Point", "coordinates": [-79.5681858525673, 41.98700233747716]}, "properties": {"SGL": 197, "PGC_REGION": 1}}, {"type": "Feature", "geometry": {"type": "Point", "coordinates": [-79.61928563201755, 41.949142352189945]}, "properties": {"SGL": 263, "PGC_REGION": 1}}, {"type": "Feature", "geometry": {"type": "Point", "coordinates": [-79.62095970669901, 41.95610268424876]}, "properties": {"SGL": 263, "PGC_REGION": 1}}, {"type": "Feature", "geometry": {"type": "Point", "coordinates": [-79.61166030476441, 41.95774235409975]}, "properties": {"SGL": 263, "PGC_REGION": 1}}, {"type": "Feature", "geometry": {"type": "Point", "coordinates": [-79.93342680967581, 41.28579500593224]}, "properties": {"SGL": 39, "PGC_REGION": 1}}, {"type": "Feature", "geometry": {"type": "Point", "coordinates": [-79.93451566698637, 41.28716353147668]}, "properties": {"SGL": 39, "PGC_REGION": 1}}, {"type": "Feature", "geometry": {"type": "Point", "coordinates": [-79.93733777129498, 41.29067160474585]}, "properties": {"SGL": 39, "PGC_REGION": 1}}, {"type": "Feature", "geometry": {"type": "Point", "coordinates": [-79.96003901262391, 41.30719936627367]}, "properties": {"SGL": 39, "PGC_REGION": 1}}, {"type": "Feature", "geometry": {"type": "Point", "coordinates": [-79.95750751817674, 41.3055891812232]}, "properties": {"SGL": 39, "PGC_REGION": 1}}, {"type": "Feature", "geometry": {"type": "Point", "coordinates": [-79.95046462238312, 41.29934299305811]}, "properties": {"SGL": 39, "PGC_REGION": 1}}, {"type": "Feature", "geometry": {"type": "Point", "coordinates": [-79.9013573628171, 41.328095282379365]}, "properties": {"SGL": 39, "PGC_REGION": 1}}, {"type": "Feature", "geometry": {"type": "Point", "coordinates": [-79.91062331441157, 41.31449592570791]}, "properties": {"SGL": 39, "PGC_REGION": 1}}, {"type": "Feature", "geometry": {"type": "Point", "coordinates": [-79.93879270587188, 41.29229251965743]}, "properties": {"SGL": 39, "PGC_REGION": 1}}, {"type": "Feature", "geometry": {"type": "Point", "coordinates": [-79.9468746939353, 41.29810095279708]}, "properties": {"SGL": 39, "PGC_REGION": 1}}, {"type": "Feature", "geometry": {"type": "Point", "coordinates": [-79.9405261172505, 41.33819707839258]}, "properties": {"SGL": 39, "PGC_REGION": 1}}, {"type": "Feature", "geometry": {"type": "Point", "coordinates": [-79.97257351232014, 41.2791963353783]}, "properties": {"SGL": 39, "PGC_REGION": 1}}, {"type": "Feature", "geometry": {"type": "Point", "coordinates": [-79.9731347917837, 41.28832205463343]}, "properties": {"SGL": 39, "PGC_REGION": 1}}, {"type": "Feature", "geometry": {"type": "Point", "coordinates": [-79.98491940829156, 41.290498485815654]}, "properties": {"SGL": 39, "PGC_REGION": 1}}, {"type": "Feature", "geometry": {"type": "Point", "coordinates": [-79.9569358377398, 41.257688949096114]}, "properties": {"SGL": 39, "PGC_REGION": 1}}, {"type": "Feature", "geometry": {"type": "Point", "coordinates": [-79.95491431536227, 41.26320291311357]}, "properties": {"SGL": 39, "PGC_REGION": 1}}, {"type": "Feature", "geometry": {"type": "Point", "coordinates": [-79.87199956364246, 41.26881686014583]}, "properties": {"SGL": 39, "PGC_REGION": 1}}, {"type": "Feature", "geometry": {"type": "Point", "coordinates": [-79.87120918443304, 41.24696007843013]}, "properties": {"SGL": 39, "PGC_REGION": 1}}, {"type": "Feature", "geometry": {"type": "Point", "coordinates": [-79.90018438116715, 41.36232093990081]}, "properties": {"SGL": 39, "PGC_REGION": 1}}, {"type": "Feature", "geometry": {"type": "Point", "coordinates": [-79.90004309315408, 41.362591177238976]}, "properties": {"SGL": 39, "PGC_REGION": 1}}, {"type": "Feature", "geometry": {"type": "Point", "coordinates": [-79.90304573257751, 41.36293248427552]}, "properties": {"SGL": 39, "PGC_REGION": 1}}, {"type": "Feature", "geometry": {"type": "Point", "coordinates": [-79.47510781646871, 41.23955739508363]}, "properties": {"SGL": 63, "PGC_REGION": 1}}, {"type": "Feature", "geometry": {"type": "Point", "coordinates": [-79.45656512913988, 41.23903771355372]}, "properties": {"SGL": 63, "PGC_REGION": 1}}, {"type": "Feature", "geometry": {"type": "Point", "coordinates": [-79.46714493615829, 41.20622059112477]}, "properties": {"SGL": 63, "PGC_REGION": 1}}, {"type": "Feature", "geometry": {"type": "Point", "coordinates": [-79.47924766227617, 41.22561394176083]}, "properties": {"SGL": 63, "PGC_REGION": 1}}, {"type": "Feature", "geometry": {"type": "Point", "coordinates": [-79.44994710729364, 41.23150625272009]}, "properties": {"SGL": 63, "PGC_REGION": 1}}, {"type": "Feature", "geometry": {"type": "Point", "coordinates": [-79.46389544159946, 41.20391806289451]}, "properties": {"SGL": 63, "PGC_REGION": 1}}, {"type": "Feature", "geometry": {"type": "Point", "coordinates": [-79.46713279425488, 41.20421281021406]}, "properties": {"SGL": 63, "PGC_REGION": 1}}, {"type": "Feature", "geometry": {"type": "Point", "coordinates": [-79.47044171403273, 41.21568477648166]}, "properties": {"SGL": 63, "PGC_REGION": 1}}, {"type": "Feature", "geometry": {"type": "Point", "coordinates": [-79.48642877707482, 41.236609997334625]}, "properties": {"SGL": 63, "PGC_REGION": 1}}, {"type": "Feature", "geometry": {"type": "Point", "coordinates": [-79.48334300415806, 41.234477827704985]}, "properties": {"SGL": 63, "PGC_REGION": 1}}, {"type": "Feature", "geometry": {"type": "Point", "coordinates": [-79.47385896882847, 41.273689711988695]}, "properties": {"SGL": 63, "PGC_REGION": 1}}, {"type": "Feature", "geometry": {"type": "Point", "coordinates": [-79.4760859956884, 41.26070888155835]}, "properties": {"SGL": 63, "PGC_REGION": 1}}, {"type": "Feature", "geometry": {"type": "Point", "coordinates": [-79.4797983407249, 41.272848894023404]}, "properties": {"SGL": 63, "PGC_REGION": 1}}, {"type": "Feature", "geometry": {"type": "Point", "coordinates": [-79.48124742771783, 41.26021107411274]}, "properties": {"SGL": 63, "PGC_REGION": 1}}, {"type": "Feature", "geometry": {"type": "Point", "coordinates": [-79.45244313263251, 41.23528013417913]}, "properties": {"SGL": 63, "PGC_REGION": 1}}, {"type": "Feature", "geometry": {"type": "Point", "coordinates": [-79.44243051324132, 41.21327226311784]}, "properties": {"SGL": 63, "PGC_REGION": 1}}, {"type": "Feature", "geometry": {"type": "Point", "coordinates": [-79.47950267498227, 41.236993872423426]}, "properties": {"SGL": 63, "PGC_REGION": 1}}, {"type": "Feature", "geometry": {"type": "Point", "coordinates": [-79.52822359297706, 41.9471424516011]}, "properties": {"SGL": 306, "PGC_REGION": 1}}, {"type": "Feature", "geometry": {"type": "Point", "coordinates": [-80.19282908613982, 41.00865756855484]}, "properties": {"SGL": 216, "PGC_REGION": 1}}, {"type": "Feature", "geometry": {"type": "Point", "coordinates": [-80.1921808183237, 41.00460801238127]}, "properties": {"SGL": 216, "PGC_REGION": 1}}, {"type": "Feature", "geometry": {"type": "Point", "coordinates": [-80.19270846570524, 41.000509559107634]}, "properties": {"SGL": 216, "PGC_REGION": 1}}, {"type": "Feature", "geometry": {"type": "Point", "coordinates": [-80.18674927702148, 40.9983224814885]}, "properties": {"SGL": 216, "PGC_REGION": 1}}, {"type": "Feature", "geometry": {"type": "Point", "coordinates": [-80.19650099059979, 41.011063776924146]}, "properties": {"SGL": 216, "PGC_REGION": 1}}, {"type": "Feature", "geometry": {"type": "Point", "coordinates": [-79.77857235760099, 41.998748078697886]}, "properties": {"SGL": 167, "PGC_REGION": 1}}, {"type": "Feature", "geometry": {"type": "Point", "coordinates": [-79.78192281486896, 42.00443487689769]}, "properties": {"SGL": 167, "PGC_REGION": 1}}, {"type": "Feature", "geometry": {"type": "Point", "coordinates": [-80.31604616243435, 41.055827029445894]}, "properties": {"SGL": 178, "PGC_REGION": 1}}, {"type": "Feature", "geometry": {"type": "Point", "coordinates": [-79.9126568566684, 41.66976064818845]}, "properties": {"SGL": 69, "PGC_REGION": 1}}, {"type": "Feature", "geometry": {"type": "Point", "coordinates": [-79.91136429584746, 41.67084628034304]}, "properties": {"SGL": 69, "PGC_REGION": 1}}, {"type": "Feature", "geometry": {"type": "Point", "coordinates": [-79.92514817857904, 41.648199646705066]}, "properties": {"SGL": 69, "PGC_REGION": 1}}, {"type": "Feature", "geometry": {"type": "Point", "coordinates": [-79.92394854562605, 41.637843805793736]}, "properties": {"SGL": 69, "PGC_REGION": 1}}, {"type": "Feature", "geometry": {"type": "Point", "coordinates": [-79.91753665354246, 41.63804195554126]}, "properties": {"SGL": 69, "PGC_REGION": 1}}, {"type": "Feature", "geometry": {"type": "Point", "coordinates": [-79.91730605289662, 41.637889437698895]}, "properties": {"SGL": 69, "PGC_REGION": 1}}, {"type": "Feature", "geometry": {"type": "Point", "coordinates": [-79.91683241884982, 41.63097779578246]}, "properties": {"SGL": 69, "PGC_REGION": 1}}, {"type": "Feature", "geometry": {"type": "Point", "coordinates": [-79.91665512712657, 41.62821102650736]}, "properties": {"SGL": 69, "PGC_REGION": 1}}, {"type": "Feature", "geometry": {"type": "Point", "coordinates": [-79.91668970854201, 41.625355807983915]}, "properties": {"SGL": 69, "PGC_REGION": 1}}, {"type": "Feature", "geometry": {"type": "Point", "coordinates": [-79.9169100080086, 41.62119479518348]}, "properties": {"SGL": 69, "PGC_REGION": 1}}, {"type": "Feature", "geometry": {"type": "Point", "coordinates": [-79.91668482020779, 41.61881722378563]}, "properties": {"SGL": 69, "PGC_REGION": 1}}, {"type": "Feature", "geometry": {"type": "Point", "coordinates": [-79.90518601643576, 41.62827288240013]}, "properties": {"SGL": 69, "PGC_REGION": 1}}, {"type": "Feature", "geometry": {"type": "Point", "coordinates": [-79.89821357958456, 41.630252236041464]}, "properties": {"SGL": 69, "PGC_REGION": 1}}, {"type": "Feature", "geometry": {"type": "Point", "coordinates": [-79.89090096856835, 41.630983094844765]}, "properties": {"SGL": 69, "PGC_REGION": 1}}, {"type": "Feature", "geometry": {"type": "Point", "coordinates": [-79.87267493444139, 41.630669278069405]}, "properties": {"SGL": 69, "PGC_REGION": 1}}, {"type": "Feature", "geometry": {"type": "Point", "coordinates": [-79.88145815699353, 41.642523435315496]}, "properties": {"SGL": 69, "PGC_REGION": 1}}, {"type": "Feature", "geometry": {"type": "Point", "coordinates": [-79.90062196496896, 41.65539850896854]}, "properties": {"SGL": 69, "PGC_REGION": 1}}, {"type": "Feature", "geometry": {"type": "Point", "coordinates": [-79.90888836173353, 41.649137214218754]}, "properties": {"SGL": 69, "PGC_REGION": 1}}, {"type": "Feature", "geometry": {"type": "Point", "coordinates": [-79.91788869002899, 41.65391900175104]}, "properties": {"SGL": 69, "PGC_REGION": 1}}, {"type": "Feature", "geometry": {"type": "Point", "coordinates": [-79.90042731264538, 41.62888167338783]}, "properties": {"SGL": 69, "PGC_REGION": 1}}, {"type": "Feature", "geometry": {"type": "Point", "coordinates": [-79.9853773512558, 41.80240415919226]}, "properties": {"SGL": 85, "PGC_REGION": 1}}, {"type": "Feature", "geometry": {"type": "Point", "coordinates": [-79.97602366189797, 41.73857685476335]}, "properties": {"SGL": 146, "PGC_REGION": 1}}, {"type": "Feature", "geometry": {"type": "Point", "coordinates": [-79.97601554773266, 41.732573057019195]}, "properties": {"SGL": 146, "PGC_REGION": 1}}, {"type": "Feature", "geometry": {"type": "Point", "coordinates": [-79.97553400558346, 41.732458252265154]}, "properties": {"SGL": 146, "PGC_REGION": 1}}, {"type": "Feature", "geometry": {"type": "Point", "coordinates": [-79.95276536651774, 41.70758163663068]}, "properties": {"SGL": 200, "PGC_REGION": 1}}, {"type": "Feature", "geometry": {"type": "Point", "coordinates": [-79.81634265227021, 41.69200329467604]}, "properties": {"SGL": 122, "PGC_REGION": 1}}, {"type": "Feature", "geometry": {"type": "Point", "coordinates": [-79.8388729312654, 41.69321950105986]}, "properties": {"SGL": 122, "PGC_REGION": 1}}, {"type": "Feature", "geometry": {"type": "Point", "coordinates": [-79.84181583616837, 41.708224841325986]}, "properties": {"SGL": 122, "PGC_REGION": 1}}, {"type": "Feature", "geometry": {"type": "Point", "coordinates": [-79.82033367718772, 41.71094742606623]}, "properties": {"SGL": 122, "PGC_REGION": 1}}, {"type": "Feature", "geometry": {"type": "Point", "coordinates": [-79.81043770296638, 41.705849981873435]}, "properties": {"SGL": 122, "PGC_REGION": 1}}, {"type": "Feature", "geometry": {"type": "Point", "coordinates": [-79.8005232000455, 41.70123407166567]}, "properties": {"SGL": 122, "PGC_REGION": 1}}, {"type": "Feature", "geometry": {"type": "Point", "coordinates": [-79.80025348580641, 41.6749916471767]}, "properties": {"SGL": 122, "PGC_REGION": 1}}, {"type": "Feature", "geometry": {"type": "Point", "coordinates": [-79.79931318543242, 41.669618231174134]}, "properties": {"SGL": 122, "PGC_REGION": 1}}, {"type": "Feature", "geometry": {"type": "Point", "coordinates": [-79.79772904851755, 41.66429817738277]}, "properties": {"SGL": 122, "PGC_REGION": 1}}, {"type": "Feature", "geometry": {"type": "Point", "coordinates": [-79.67806216804284, 41.98983896390224]}, "properties": {"SGL": 154, "PGC_REGION": 1}}, {"type": "Feature", "geometry": {"type": "Point", "coordinates": [-79.67752880329466, 41.98912001967023]}, "properties": {"SGL": 154, "PGC_REGION": 1}}, {"type": "Feature", "geometry": {"type": "Point", "coordinates": [-79.70299498103712, 41.98819832568066]}, "properties": {"SGL": 154, "PGC_REGION": 1}}, {"type": "Feature", "geometry": {"type": "Point", "coordinates": [-79.70324928264203, 41.991062222646256]}, "properties": {"SGL": 154, "PGC_REGION": 1}}, {"type": "Feature", "geometry": {"type": "Point", "coordinates": [-79.72424868624108, 41.99861387168126]}, "properties": {"SGL": 154, "PGC_REGION": 1}}, {"type": "Feature", "geometry": {"type": "Point", "coordinates": [-79.7416636656205, 41.998558010401574]}, "properties": {"SGL": 154, "PGC_REGION": 1}}, {"type": "Feature", "geometry": {"type": "Point", "coordinates": [-79.70392553033534, 41.996909622826685]}, "properties": {"SGL": 154, "PGC_REGION": 1}}, {"type": "Feature", "geometry": {"type": "Point", "coordinates": [-79.91230916671238, 41.643882147026524]}, "properties": {"SGL": 69, "PGC_REGION": 1}}, {"type": "Feature", "geometry": {"type": "Point", "coordinates": [-79.9099873047219, 41.64766184460424]}, "properties": {"SGL": 69, "PGC_REGION": 1}}, {"type": "Feature", "geometry": {"type": "Point", "coordinates": [-80.21907535863292, 41.796982183613906]}, "properties": {"SGL": 269, "PGC_REGION": 1}}, {"type": "Feature", "geometry": {"type": "Point", "coordinates": [-79.26780103116664, 41.15611308456931]}, "properties": {"SGL": 266, "PGC_REGION": 1}}, {"type": "Feature", "geometry": {"type": "Point", "coordinates": [-79.26532817024186, 41.15985552054472]}, "properties": {"SGL": 266, "PGC_REGION": 1}}, {"type": "Feature", "geometry": {"type": "Point", "coordinates": [-79.21552983302166, 41.1701615187505]}, "properties": {"SGL": 266, "PGC_REGION": 1}}, {"type": "Feature", "geometry": {"type": "Point", "coordinates": [-79.19651483710173, 41.17246538343322]}, "properties": {"SGL": 266, "PGC_REGION": 1}}, {"type": "Feature", "geometry": {"type": "Point", "coordinates": [-79.19838621495693, 41.16725792371619]}, "properties": {"SGL": 266, "PGC_REGION": 1}}, {"type": "Feature", "geometry": {"type": "Point", "coordinates": [-79.21128322777614, 41.172543821682375]}, "properties": {"SGL": 266, "PGC_REGION": 1}}, {"type": "Feature", "geometry": {"type": "Point", "coordinates": [-75.34227577106857, 41.9898896587229]}, "properties": {"SGL": 299, "PGC_REGION": 5}}, {"type": "Feature", "geometry": {"type": "Point", "coordinates": [-75.37866511244813, 41.98521877289575]}, "properties": {"SGL": 299, "PGC_REGION": 5}}, {"type": "Feature", "geometry": {"type": "Point", "coordinates": [-75.34329821919542, 41.98364304391652]}, "properties": {"SGL": 299, "PGC_REGION": 5}}, {"type": "Feature", "geometry": {"type": "Point", "coordinates": [-75.3825756218059, 41.97850045538285]}, "properties": {"SGL": 299, "PGC_REGION": 5}}, {"type": "Feature", "geometry": {"type": "Point", "coordinates": [-75.34293384255926, 41.983581258695644]}, "properties": {"SGL": 299, "PGC_REGION": 5}}, {"type": "Feature", "geometry": {"type": "Point", "coordinates": [-77.370996618661, 40.47944157040812]}, "properties": {"SGL": 88, "PGC_REGION": 4}}, {"type": "Feature", "geometry": {"type": "Point", "coordinates": [-77.39705834134443, 40.4679153162086]}, "properties": {"SGL": 88, "PGC_REGION": 4}}, {"type": "Feature", "geometry": {"type": "Point", "coordinates": [-77.53272123069523, 40.40298857945678]}, "properties": {"SGL": 88, "PGC_REGION": 4}}, {"type": "Feature", "geometry": {"type": "Point", "coordinates": [-77.38898219800947, 40.47533473383858]}, "properties": {"SGL": 88, "PGC_REGION": 4}}, {"type": "Feature", "geometry": {"type": "Point", "coordinates": [-77.48687365202957, 40.44915058849834]}, "properties": {"SGL": 88, "PGC_REGION": 4}}, {"type": "Feature", "geometry": {"type": "Point", "coordinates": [-77.40963880356158, 40.461186869245594]}, "properties": {"SGL": 88, "PGC_REGION": 4}}, {"type": "Feature", "geometry": {"type": "Point", "coordinates": [-77.4316798271901, 40.45272277229058]}, "properties": {"SGL": 88, "PGC_REGION": 4}}, {"type": "Feature", "geometry": {"type": "Point", "coordinates": [-77.46014301565033, 40.440782526700836]}, "properties": {"SGL": 88, "PGC_REGION": 4}}, {"type": "Feature", "geometry": {"type": "Point", "coordinates": [-77.4638630138047, 40.4393986486214]}, "properties": {"SGL": 88, "PGC_REGION": 4}}, {"type": "Feature", "geometry": {"type": "Point", "coordinates": [-77.47382706599795, 40.43443791581258]}, "properties": {"SGL": 88, "PGC_REGION": 4}}, {"type": "Feature", "geometry": {"type": "Point", "coordinates": [-77.48148581070707, 40.430720470883635]}, "properties": {"SGL": 88, "PGC_REGION": 4}}, {"type": "Feature", "geometry": {"type": "Point", "coordinates": [-77.49707921753173, 40.422116491805724]}, "properties": {"SGL": 88, "PGC_REGION": 4}}, {"type": "Feature", "geometry": {"type": "Point", "coordinates": [-77.51847180169662, 40.4110019879692]}, "properties": {"SGL": 88, "PGC_REGION": 4}}, {"type": "Feature", "geometry": {"type": "Point", "coordinates": [-77.52980129922804, 40.40239345039535]}, "properties": {"SGL": 88, "PGC_REGION": 4}}, {"type": "Feature", "geometry": {"type": "Point", "coordinates": [-77.5167498408197, 40.403111804322016]}, "properties": {"SGL": 88, "PGC_REGION": 4}}, {"type": "Feature", "geometry": {"type": "Point", "coordinates": [-77.52364577498099, 40.400100840878814]}, "properties": {"SGL": 88, "PGC_REGION": 4}}, {"type": "Feature", "geometry": {"type": "Point", "coordinates": [-77.52347493075592, 40.40065518849816]}, "properties": {"SGL": 88, "PGC_REGION": 4}}, {"type": "Feature", "geometry": {"type": "Point", "coordinates": [-78.41980404825753, 39.99628033622284]}, "properties": {"SGL": 97, "PGC_REGION": 4}}, {"type": "Feature", "geometry": {"type": "Point", "coordinates": [-78.40588642233016, 40.002225093189004]}, "properties": {"SGL": 97, "PGC_REGION": 4}}, {"type": "Feature", "geometry": {"type": "Point", "coordinates": [-78.40614443155371, 40.001397021559015]}, "properties": {"SGL": 97, "PGC_REGION": 4}}, {"type": "Feature", "geometry": {"type": "Point", "coordinates": [-78.50212684110593, 39.86219447885339]}, "properties": {"SGL": 97, "PGC_REGION": 4}}, {"type": "Feature", "geometry": {"type": "Point", "coordinates": [-78.50418176956036, 39.85370678985593]}, "properties": {"SGL": 97, "PGC_REGION": 4}}, {"type": "Feature", "geometry": {"type": "Point", "coordinates": [-78.49217823863661, 39.910256695939935]}, "properties": {"SGL": 97, "PGC_REGION": 4}}, {"type": "Feature", "geometry": {"type": "Point", "coordinates": [-78.44936424472981, 39.94971816804003]}, "properties": {"SGL": 97, "PGC_REGION": 4}}, {"type": "Feature", "geometry": {"type": "Point", "coordinates": [-78.465450970144, 39.886370880477266]}, "properties": {"SGL": 97, "PGC_REGION": 4}}, {"type": "Feature", "geometry": {"type": "Point", "coordinates": [-78.45162486234885, 39.89808163646933]}, "properties": {"SGL": 97, "PGC_REGION": 4}}, {"type": "Feature", "geometry": {"type": "Point", "coordinates": [-78.46460259441866, 39.88623324554073]}, "properties": {"SGL": 97, "PGC_REGION": 4}}, {"type": "Feature", "geometry": {"type": "Point", "coordinates": [-78.38876183378265, 39.99662046743587]}, "properties": {"SGL": 97, "PGC_REGION": 4}}, {"type": "Feature", "geometry": {"type": "Point", "coordinates": [-78.41049946713441, 39.99799444745036]}, "properties": {"SGL": 97, "PGC_REGION": 4}}, {"type": "Feature", "geometry": {"type": "Point", "coordinates": [-78.41242229014739, 39.99702969496328]}, "properties": {"SGL": 97, "PGC_REGION": 4}}, {"type": "Feature", "geometry": {"type": "Point", "coordinates": [-78.4569981028546, 39.95164944061827]}, "properties": {"SGL": 97, "PGC_REGION": 4}}, {"type": "Feature", "geometry": {"type": "Point", "coordinates": [-78.47389356382732, 39.86438499060377]}, "properties": {"SGL": 97, "PGC_REGION": 4}}, {"type": "Feature", "geometry": {"type": "Point", "coordinates": [-78.49717391614105, 39.863862646231404]}, "properties": {"SGL": 97, "PGC_REGION": 4}}, {"type": "Feature", "geometry": {"type": "Point", "coordinates": [-78.49302673839338, 39.86963613048589]}, "properties": {"SGL": 97, "PGC_REGION": 4}}, {"type": "Feature", "geometry": {"type": "Point", "coordinates": [-78.45298132318776, 39.8772657228246]}, "properties": {"SGL": 97, "PGC_REGION": 4}}, {"type": "Feature", "geometry": {"type": "Point", "coordinates": [-80.0396698389972, 41.808008838894686]}, "properties": {"SGL": 277, "PGC_REGION": 1}}, {"type": "Feature", "geometry": {"type": "Point", "coordinates": [-80.044683079123, 41.82154357319969]}, "properties": {"SGL": 277, "PGC_REGION": 1}}, {"type": "Feature", "geometry": {"type": "Point", "coordinates": [-80.02873810031436, 41.80732525917742]}, "properties": {"SGL": 277, "PGC_REGION": 1}}, {"type": "Feature", "geometry": {"type": "Point", "coordinates": [-78.14618652954574, 40.48687809590733]}, "properties": {"SGL": 118, "PGC_REGION": 4}}, {"type": "Feature", "geometry": {"type": "Point", "coordinates": [-78.15160002247524, 40.48251981024025]}, "properties": {"SGL": 118, "PGC_REGION": 4}}, {"type": "Feature", "geometry": {"type": "Point", "coordinates": [-78.12145300899635, 40.564621329056564]}, "properties": {"SGL": 118, "PGC_REGION": 4}}, {"type": "Feature", "geometry": {"type": "Point", "coordinates": [-78.1649368013782, 40.49050850785837]}, "properties": {"SGL": 118, "PGC_REGION": 4}}, {"type": "Feature", "geometry": {"type": "Point", "coordinates": [-78.16438390534363, 40.49248236546891]}, "properties": {"SGL": 118, "PGC_REGION": 4}}, {"type": "Feature", "geometry": {"type": "Point", "coordinates": [-78.16405636786186, 40.45674065197899]}, "properties": {"SGL": 118, "PGC_REGION": 4}}, {"type": "Feature", "geometry": {"type": "Point", "coordinates": [-78.16815302103403, 40.42876216919093]}, "properties": {"SGL": 118, "PGC_REGION": 4}}, {"type": "Feature", "geometry": {"type": "Point", "coordinates": [-78.1188885917679, 40.48000421216839]}, "properties": {"SGL": 118, "PGC_REGION": 4}}, {"type": "Feature", "geometry": {"type": "Point", "coordinates": [-78.15918927656026, 40.45337193413473]}, "properties": {"SGL": 118, "PGC_REGION": 4}}, {"type": "Feature", "geometry": {"type": "Point", "coordinates": [-78.16361577543603, 40.456331329086005]}, "properties": {"SGL": 118, "PGC_REGION": 4}}, {"type": "Feature", "geometry": {"type": "Point", "coordinates": [-78.12440096574507, 40.56093850192678]}, "properties": {"SGL": 118, "PGC_REGION": 4}}, {"type": "Feature", "geometry": {"type": "Point", "coordinates": [-78.56510437099605, 40.39673218598588]}, "properties": {"SGL": 198, "PGC_REGION": 4}}, {"type": "Feature", "geometry": {"type": "Point", "coordinates": [-78.56037179738026, 40.40257324622322]}, "properties": {"SGL": 198, "PGC_REGION": 4}}, {"type": "Feature", "geometry": {"type": "Point", "coordinates": [-78.5256833467025, 40.41060065443491]}, "properties": {"SGL": 198, "PGC_REGION": 4}}, {"type": "Feature", "geometry": {"type": "Point", "coordinates": [-78.50426278778316, 40.4274090928132]}, "properties": {"SGL": 198, "PGC_REGION": 4}}, {"type": "Feature", "geometry": {"type": "Point", "coordinates": [-78.53639196603352, 40.45998384898549]}, "properties": {"SGL": 198, "PGC_REGION": 4}}, {"type": "Feature", "geometry": {"type": "Point", "coordinates": [-78.52789486410846, 40.48956904033199]}, "properties": {"SGL": 198, "PGC_REGION": 4}}, {"type": "Feature", "geometry": {"type": "Point", "coordinates": [-78.51216985853577, 40.4718000383226]}, "properties": {"SGL": 198, "PGC_REGION": 4}}, {"type": "Feature", "geometry": {"type": "Point", "coordinates": [-78.50456185607415, 40.47212403924994]}, "properties": {"SGL": 198, "PGC_REGION": 4}}, {"type": "Feature", "geometry": {"type": "Point", "coordinates": [-78.54143217517131, 40.40072553644185]}, "properties": {"SGL": 198, "PGC_REGION": 4}}, {"type": "Feature", "geometry": {"type": "Point", "coordinates": [-78.48762011785834, 40.41741093448145]}, "properties": {"SGL": 198, "PGC_REGION": 4}}, {"type": "Feature", "geometry": {"type": "Point", "coordinates": [-78.51774851019951, 40.49286032264991]}, "properties": {"SGL": 198, "PGC_REGION": 4}}, {"type": "Feature", "geometry": {"type": "Point", "coordinates": [-78.50918167720705, 40.49254347110028]}, "properties": {"SGL": 198, "PGC_REGION": 4}}, {"type": "Feature", "geometry": {"type": "Point", "coordinates": [-78.53733092300162, 40.481332544341285]}, "properties": {"SGL": 198, "PGC_REGION": 4}}, {"type": "Feature", "geometry": {"type": "Point", "coordinates": [-78.52779050939368, 40.47612174229473]}, "properties": {"SGL": 198, "PGC_REGION": 4}}, {"type": "Feature", "geometry": {"type": "Point", "coordinates": [-78.48236738715909, 40.45111505563967]}, "properties": {"SGL": 198, "PGC_REGION": 4}}, {"type": "Feature", "geometry": {"type": "Point", "coordinates": [-78.48890742886816, 40.46071320845181]}, "properties": {"SGL": 198, "PGC_REGION": 4}}, {"type": "Feature", "geometry": {"type": "Point", "coordinates": [-78.52169978758587, 40.46059767927246]}, "properties": {"SGL": 198, "PGC_REGION": 4}}, {"type": "Feature", "geometry": {"type": "Point", "coordinates": [-78.50580707340762, 40.45157875960231]}, "properties": {"SGL": 198, "PGC_REGION": 4}}, {"type": "Feature", "geometry": {"type": "Point", "coordinates": [-78.5190452560145, 40.4341946087518]}, "properties": {"SGL": 198, "PGC_REGION": 4}}, {"type": "Feature", "geometry": {"type": "Point", "coordinates": [-78.50621839204068, 40.49094493227325]}, "properties": {"SGL": 198, "PGC_REGION": 4}}, {"type": "Feature", "geometry": {"type": "Point", "coordinates": [-78.53640664342645, 40.491878663116445]}, "properties": {"SGL": 198, "PGC_REGION": 4}}, {"type": "Feature", "geometry": {"type": "Point", "coordinates": [-78.49856753019807, 40.47317925112819]}, "properties": {"SGL": 198, "PGC_REGION": 4}}, {"type": "Feature", "geometry": {"type": "Point", "coordinates": [-78.49077612507294, 40.469757890682594]}, "properties": {"SGL": 198, "PGC_REGION": 4}}, {"type": "Feature", "geometry": {"type": "Point", "coordinates": [-78.49487662725659, 40.44088567947051]}, "properties": {"SGL": 198, "PGC_REGION": 4}}, {"type": "Feature", "geometry": {"type": "Point", "coordinates": [-78.51387584258198, 40.46144070604098]}, "properties": {"SGL": 198, "PGC_REGION": 4}}, {"type": "Feature", "geometry": {"type": "Point", "coordinates": [-76.36382108889768, 40.25220592566439]}, "properties": {"SGL": 156, "PGC_REGION": 6}}, {"type": "Feature", "geometry": {"type": "Point", "coordinates": [-76.70711243698328, 40.57287951225884]}, "properties": {"SGL": 264, "PGC_REGION": 6}}, {"type": "Feature", "geometry": {"type": "Point", "coordinates": [-77.9964801406441, 39.81581296361043]}, "properties": {"SGL": 124, "PGC_REGION": 4}}, {"type": "Feature", "geometry": {"type": "Point", "coordinates": [-77.97331131087081, 39.834277989592756]}, "properties": {"SGL": 124, "PGC_REGION": 4}}, {"type": "Feature", "geometry": {"type": "Point", "coordinates": [-77.96281724913999, 39.84918933161891]}, "properties": {"SGL": 124, "PGC_REGION": 4}}, {"type": "Feature", "geometry": {"type": "Point", "coordinates": [-78.04609733430402, 39.746926027830426]}, "properties": {"SGL": 124, "PGC_REGION": 4}}, {"type": "Feature", "geometry": {"type": "Point", "coordinates": [-78.06566877671982, 39.79565838004144]}, "properties": {"SGL": 124, "PGC_REGION": 4}}, {"type": "Feature", "geometry": {"type": "Point", "coordinates": [-75.75232433387899, 41.88701259539335]}, "properties": {"SGL": 175, "PGC_REGION": 5}}, {"type": "Feature", "geometry": {"type": "Point", "coordinates": [-75.7511725566061, 41.88887339292683]}, "properties": {"SGL": 175, "PGC_REGION": 5}}, {"type": "Feature", "geometry": {"type": "Point", "coordinates": [-75.75327605919736, 41.89235396946909]}, "properties": {"SGL": 175, "PGC_REGION": 5}}, {"type": "Feature", "geometry": {"type": "Point", "coordinates": [-75.75322313006806, 41.88641142903432]}, "properties": {"SGL": 175, "PGC_REGION": 5}}, {"type": "Feature", "geometry": {"type": "Point", "coordinates": [-76.08818208829473, 40.42341429169062]}, "properties": {"SGL": 280, "PGC_REGION": 6}}, {"type": "Feature", "geometry": {"type": "Point", "coordinates": [-76.07778575558265, 40.420373749301554]}, "properties": {"SGL": 280, "PGC_REGION": 6}}, {"type": "Feature", "geometry": {"type": "Point", "coordinates": [-76.06267022432712, 40.415516601383175]}, "properties": {"SGL": 280, "PGC_REGION": 6}}, {"type": "Feature", "geometry": {"type": "Point", "coordinates": [-76.07819442136484, 40.40993364261913]}, "properties": {"SGL": 280, "PGC_REGION": 6}}, {"type": "Feature", "geometry": {"type": "Point", "coordinates": [-76.0645300152005, 40.40758549482661]}, "properties": {"SGL": 280, "PGC_REGION": 6}}, {"type": "Feature", "geometry": {"type": "Point", "coordinates": [-76.04393429482603, 40.41164039560931]}, "properties": {"SGL": 280, "PGC_REGION": 6}}, {"type": "Feature", "geometry": {"type": "Point", "coordinates": [-76.05696671109442, 40.41209884620463]}, "properties": {"SGL": 280, "PGC_REGION": 6}}, {"type": "Feature", "geometry": {"type": "Point", "coordinates": [-76.05489707460383, 40.41317042648151]}, "properties": {"SGL": 280, "PGC_REGION": 6}}, {"type": "Feature", "geometry": {"type": "Point", "coordinates": [-76.03578089396142, 40.40040151394887]}, "properties": {"SGL": 280, "PGC_REGION": 6}}, {"type": "Feature", "geometry": {"type": "Point", "coordinates": [-76.03931427817479, 40.39786493052286]}, "properties": {"SGL": 280, "PGC_REGION": 6}}, {"type": "Feature", "geometry": {"type": "Point", "coordinates": [-76.0436365226126, 40.39311024974575]}, "properties": {"SGL": 280, "PGC_REGION": 6}}, {"type": "Feature", "geometry": {"type": "Point", "coordinates": [-76.07026559927712, 40.37085263079205]}, "properties": {"SGL": 280, "PGC_REGION": 6}}, {"type": "Feature", "geometry": {"type": "Point", "coordinates": [-76.06560725291087, 40.37571870702862]}, "properties": {"SGL": 280, "PGC_REGION": 6}}, {"type": "Feature", "geometry": {"type": "Point", "coordinates": [-76.06201694798455, 40.379732382240476]}, "properties": {"SGL": 280, "PGC_REGION": 6}}, {"type": "Feature", "geometry": {"type": "Point", "coordinates": [-76.09023417927023, 41.400333362513344]}, "properties": {"SGL": 57, "PGC_REGION": 5}}, {"type": "Feature", "geometry": {"type": "Point", "coordinates": [-76.23850775655761, 41.36467104088769]}, "properties": {"SGL": 57, "PGC_REGION": 5}}, {"type": "Feature", "geometry": {"type": "Point", "coordinates": [-76.16358090805316, 41.41816554507152]}, "properties": {"SGL": 57, "PGC_REGION": 5}}, {"type": "Feature", "geometry": {"type": "Point", "coordinates": [-76.13139152326508, 41.39351131121794]}, "properties": {"SGL": 57, "PGC_REGION": 5}}, {"type": "Feature", "geometry": {"type": "Point", "coordinates": [-76.1204813830347, 41.398467529441696]}, "properties": {"SGL": 57, "PGC_REGION": 5}}, {"type": "Feature", "geometry": {"type": "Point", "coordinates": [-76.22001019936059, 41.34445472512095]}, "properties": {"SGL": 57, "PGC_REGION": 5}}, {"type": "Feature", "geometry": {"type": "Point", "coordinates": [-76.19452369730627, 41.352728039953114]}, "properties": {"SGL": 57, "PGC_REGION": 5}}, {"type": "Feature", "geometry": {"type": "Point", "coordinates": [-76.16177356129079, 41.46680599340188]}, "properties": {"SGL": 57, "PGC_REGION": 5}}, {"type": "Feature", "geometry": {"type": "Point", "coordinates": [-76.17283303756238, 41.46143264075016]}, "properties": {"SGL": 57, "PGC_REGION": 5}}, {"type": "Feature", "geometry": {"type": "Point", "coordinates": [-76.1638953450384, 41.414136863912915]}, "properties": {"SGL": 57, "PGC_REGION": 5}}, {"type": "Feature", "geometry": {"type": "Point", "coordinates": [-76.16371429147055, 41.411262645401884]}, "properties": {"SGL": 57, "PGC_REGION": 5}}, {"type": "Feature", "geometry": {"type": "Point", "coordinates": [-76.15683684603555, 41.395169454453836]}, "properties": {"SGL": 57, "PGC_REGION": 5}}, {"type": "Feature", "geometry": {"type": "Point", "coordinates": [-76.14797898428682, 41.39628469978319]}, "properties": {"SGL": 57, "PGC_REGION": 5}}, {"type": "Feature", "geometry": {"type": "Point", "coordinates": [-76.16531551798788, 41.361550698710985]}, "properties": {"SGL": 57, "PGC_REGION": 5}}, {"type": "Feature", "geometry": {"type": "Point", "coordinates": [-76.09496330903829, 41.388848166854125]}, "properties": {"SGL": 57, "PGC_REGION": 5}}, {"type": "Feature", "geometry": {"type": "Point", "coordinates": [-76.13202841422813, 41.49654801379691]}, "properties": {"SGL": 57, "PGC_REGION": 5}}, {"type": "Feature", "geometry": {"type": "Point", "coordinates": [-76.14220948970787, 41.47382572027877]}, "properties": {"SGL": 57, "PGC_REGION": 5}}, {"type": "Feature", "geometry": {"type": "Point", "coordinates": [-76.27323886712213, 41.38715645658891]}, "properties": {"SGL": 57, "PGC_REGION": 5}}, {"type": "Feature", "geometry": {"type": "Point", "coordinates": [-76.1974208406968, 41.455735978536]}, "properties": {"SGL": 57, "PGC_REGION": 5}}, {"type": "Feature", "geometry": {"type": "Point", "coordinates": [-75.49239495657721, 41.96208124669018]}, "properties": {"SGL": 70, "PGC_REGION": 5}}, {"type": "Feature", "geometry": {"type": "Point", "coordinates": [-75.50304180329847, 41.99857822121313]}, "properties": {"SGL": 70, "PGC_REGION": 5}}, {"type": "Feature", "geometry": {"type": "Point", "coordinates": [-75.47812996214805, 41.959037270866155]}, "properties": {"SGL": 70, "PGC_REGION": 5}}, {"type": "Feature", "geometry": {"type": "Point", "coordinates": [-75.48255328002524, 41.98615585995911]}, "properties": {"SGL": 70, "PGC_REGION": 5}}, {"type": "Feature", "geometry": {"type": "Point", "coordinates": [-75.44780122606574, 41.95249622096853]}, "properties": {"SGL": 70, "PGC_REGION": 5}}, {"type": "Feature", "geometry": {"type": "Point", "coordinates": [-75.45215637365331, 41.981713399140155]}, "properties": {"SGL": 70, "PGC_REGION": 5}}, {"type": "Feature", "geometry": {"type": "Point", "coordinates": [-75.47215403804816, 41.95861088174896]}, "properties": {"SGL": 70, "PGC_REGION": 5}}, {"type": "Feature", "geometry": {"type": "Point", "coordinates": [-75.43242716040744, 41.9633035295075]}, "properties": {"SGL": 70, "PGC_REGION": 5}}, {"type": "Feature", "geometry": {"type": "Point", "coordinates": [-75.4804347435748, 41.95824661726264]}, "properties": {"SGL": 70, "PGC_REGION": 5}}, {"type": "Feature", "geometry": {"type": "Point", "coordinates": [-75.4793699704626, 41.98793258623125]}, "properties": {"SGL": 70, "PGC_REGION": 5}}, {"type": "Feature", "geometry": {"type": "Point", "coordinates": [-75.46607698290403, 41.95167000935024]}, "properties": {"SGL": 70, "PGC_REGION": 5}}, {"type": "Feature", "geometry": {"type": "Point", "coordinates": [-75.51805991286591, 41.99051357474916]}, "properties": {"SGL": 70, "PGC_REGION": 5}}, {"type": "Feature", "geometry": {"type": "Point", "coordinates": [-75.86620904127757, 41.099335339134456]}, "properties": {"SGL": 187, "PGC_REGION": 5}}, {"type": "Feature", "geometry": {"type": "Point", "coordinates": [-75.85440717438865, 41.10433653519535]}, "properties": {"SGL": 187, "PGC_REGION": 5}}, {"type": "Feature", "geometry": {"type": "Point", "coordinates": [-75.85521391143278, 41.117017957813665]}, "properties": {"SGL": 187, "PGC_REGION": 5}}, {"type": "Feature", "geometry": {"type": "Point", "coordinates": [-75.85225095779704, 41.05674515707571]}, "properties": {"SGL": 187, "PGC_REGION": 5}}, {"type": "Feature", "geometry": {"type": "Point", "coordinates": [-75.95837513892529, 41.071026121868506]}, "properties": {"SGL": 187, "PGC_REGION": 5}}, {"type": "Feature", "geometry": {"type": "Point", "coordinates": [-75.87211426677635, 41.09741519693888]}, "properties": {"SGL": 187, "PGC_REGION": 5}}, {"type": "Feature", "geometry": {"type": "Point", "coordinates": [-75.62735757564919, 41.16168707985079]}, "properties": {"SGL": 91, "PGC_REGION": 5}}, {"type": "Feature", "geometry": {"type": "Point", "coordinates": [-75.65232237206628, 41.143045856005315]}, "properties": {"SGL": 91, "PGC_REGION": 5}}, {"type": "Feature", "geometry": {"type": "Point", "coordinates": [-75.64673143622902, 41.1433375405869]}, "properties": {"SGL": 91, "PGC_REGION": 5}}, {"type": "Feature", "geometry": {"type": "Point", "coordinates": [-75.69176946484919, 41.148932367195265]}, "properties": {"SGL": 91, "PGC_REGION": 5}}, {"type": "Feature", "geometry": {"type": "Point", "coordinates": [-75.68537628962844, 41.15229477043698]}, "properties": {"SGL": 91, "PGC_REGION": 5}}, {"type": "Feature", "geometry": {"type": "Point", "coordinates": [-75.6792803175881, 41.15012140204399]}, "properties": {"SGL": 91, "PGC_REGION": 5}}, {"type": "Feature", "geometry": {"type": "Point", "coordinates": [-75.6676733902748, 41.151734139932074]}, "properties": {"SGL": 91, "PGC_REGION": 5}}, {"type": "Feature", "geometry": {"type": "Point", "coordinates": [-75.65841282182559, 41.152119272325244]}, "properties": {"SGL": 91, "PGC_REGION": 5}}, {"type": "Feature", "geometry": {"type": "Point", "coordinates": [-76.98289013770581, 40.66900867864325]}, "properties": {"SGL": 194, "PGC_REGION": 4}}, {"type": "Feature", "geometry": {"type": "Point", "coordinates": [-78.87342189291972, 41.28053547836179]}, "properties": {"SGL": 54, "PGC_REGION": 1}}, {"type": "Feature", "geometry": {"type": "Point", "coordinates": [-78.96969429404027, 41.374355063667636]}, "properties": {"SGL": 54, "PGC_REGION": 1}}, {"type": "Feature", "geometry": {"type": "Point", "coordinates": [-78.90044658259484, 41.265336574742975]}, "properties": {"SGL": 54, "PGC_REGION": 1}}, {"type": "Feature", "geometry": {"type": "Point", "coordinates": [-78.93040773650218, 41.281682475080444]}, "properties": {"SGL": 54, "PGC_REGION": 1}}, {"type": "Feature", "geometry": {"type": "Point", "coordinates": [-78.92665321935387, 41.27883916733387]}, "properties": {"SGL": 54, "PGC_REGION": 1}}, {"type": "Feature", "geometry": {"type": "Point", "coordinates": [-78.91828738270556, 41.27336966444751]}, "properties": {"SGL": 54, "PGC_REGION": 1}}, {"type": "Feature", "geometry": {"type": "Point", "coordinates": [-78.90848794159459, 41.266086958963704]}, "properties": {"SGL": 54, "PGC_REGION": 1}}, {"type": "Feature", "geometry": {"type": "Point", "coordinates": [-78.9015814923075, 41.265448454874715]}, "properties": {"SGL": 54, "PGC_REGION": 1}}, {"type": "Feature", "geometry": {"type": "Point", "coordinates": [-78.89229739726352, 41.28481984499218]}, "properties": {"SGL": 54, "PGC_REGION": 1}}, {"type": "Feature", "geometry": {"type": "Point", "coordinates": [-78.88683878600557, 41.261883631275346]}, "properties": {"SGL": 54, "PGC_REGION": 1}}, {"type": "Feature", "geometry": {"type": "Point", "coordinates": [-78.88127884507132, 41.25852086610024]}, "properties": {"SGL": 54, "PGC_REGION": 1}}, {"type": "Feature", "geometry": {"type": "Point", "coordinates": [-78.88154670187534, 41.25777183590424]}, "properties": {"SGL": 54, "PGC_REGION": 1}}, {"type": "Feature", "geometry": {"type": "Point", "coordinates": [-78.89411815555236, 41.28743636444326]}, "properties": {"SGL": 54, "PGC_REGION": 1}}, {"type": "Feature", "geometry": {"type": "Point", "coordinates": [-78.88737565335988, 41.28326914480602]}, "properties": {"SGL": 54, "PGC_REGION": 1}}, {"type": "Feature", "geometry": {"type": "Point", "coordinates": [-78.87077522788923, 41.282021685776776]}, "properties": {"SGL": 54, "PGC_REGION": 1}}, {"type": "Feature", "geometry": {"type": "Point", "coordinates": [-78.85337269939366, 41.27892828609642]}, "properties": {"SGL": 54, "PGC_REGION": 1}}, {"type": "Feature", "geometry": {"type": "Point", "coordinates": [-78.86181669299435, 41.27834159939977]}, "properties": {"SGL": 54, "PGC_REGION": 1}}, {"type": "Feature", "geometry": {"type": "Point", "coordinates": [-78.86605208841875, 41.27898856352693]}, "properties": {"SGL": 54, "PGC_REGION": 1}}, {"type": "Feature", "geometry": {"type": "Point", "coordinates": [-78.87141124379245, 41.28021135102996]}, "properties": {"SGL": 54, "PGC_REGION": 1}}, {"type": "Feature", "geometry": {"type": "Point", "coordinates": [-78.88358596021527, 41.28172379733733]}, "properties": {"SGL": 54, "PGC_REGION": 1}}, {"type": "Feature", "geometry": {"type": "Point", "coordinates": [-78.87172014501692, 41.28278167506147]}, "properties": {"SGL": 54, "PGC_REGION": 1}}, {"type": "Feature", "geometry": {"type": "Point", "coordinates": [-78.87563014331157, 41.285718342340346]}, "properties": {"SGL": 54, "PGC_REGION": 1}}, {"type": "Feature", "geometry": {"type": "Point", "coordinates": [-78.87471947048267, 41.295662654429485]}, "properties": {"SGL": 54, "PGC_REGION": 1}}, {"type": "Feature", "geometry": {"type": "Point", "coordinates": [-78.8771683737721, 41.29602012141567]}, "properties": {"SGL": 54, "PGC_REGION": 1}}, {"type": "Feature", "geometry": {"type": "Point", "coordinates": [-78.87453836384434, 41.29288083768674]}, "properties": {"SGL": 54, "PGC_REGION": 1}}, {"type": "Feature", "geometry": {"type": "Point", "coordinates": [-78.95438858845112, 41.33339761221408]}, "properties": {"SGL": 54, "PGC_REGION": 1}}, {"type": "Feature", "geometry": {"type": "Point", "coordinates": [-78.96349344815808, 41.36848034588796]}, "properties": {"SGL": 54, "PGC_REGION": 1}}, {"type": "Feature", "geometry": {"type": "Point", "coordinates": [-78.95684170673483, 41.35588807249643]}, "properties": {"SGL": 54, "PGC_REGION": 1}}, {"type": "Feature", "geometry": {"type": "Point", "coordinates": [-78.95434390616094, 41.35248247427474]}, "properties": {"SGL": 54, "PGC_REGION": 1}}, {"type": "Feature", "geometry": {"type": "Point", "coordinates": [-78.94881899086252, 41.35748379060766]}, "properties": {"SGL": 54, "PGC_REGION": 1}}, {"type": "Feature", "geometry": {"type": "Point", "coordinates": [-78.8343091777199, 41.29190663332328]}, "properties": {"SGL": 54, "PGC_REGION": 1}}, {"type": "Feature", "geometry": {"type": "Point", "coordinates": [-78.82600544392444, 41.300458516148694]}, "properties": {"SGL": 54, "PGC_REGION": 1}}, {"type": "Feature", "geometry": {"type": "Point", "coordinates": [-78.81711878327184, 41.27812107490535]}, "properties": {"SGL": 54, "PGC_REGION": 1}}, {"type": "Feature", "geometry": {"type": "Point", "coordinates": [-78.81586342188326, 41.277468376572614]}, "properties": {"SGL": 54, "PGC_REGION": 1}}, {"type": "Feature", "geometry": {"type": "Point", "coordinates": [-78.97821398120979, 41.34210841828661]}, "properties": {"SGL": 54, "PGC_REGION": 1}}, {"type": "Feature", "geometry": {"type": "Point", "coordinates": [-78.95383395870746, 41.33767566553041]}, "properties": {"SGL": 54, "PGC_REGION": 1}}, {"type": "Feature", "geometry": {"type": "Point", "coordinates": [-78.96628105781978, 41.33308252427432]}, "properties": {"SGL": 54, "PGC_REGION": 1}}, {"type": "Feature", "geometry": {"type": "Point", "coordinates": [-78.95873752062379, 41.33407303808476]}, "properties": {"SGL": 54, "PGC_REGION": 1}}, {"type": "Feature", "geometry": {"type": "Point", "coordinates": [-78.9443886983198, 41.32661169772991]}, "properties": {"SGL": 54, "PGC_REGION": 1}}, {"type": "Feature", "geometry": {"type": "Point", "coordinates": [-78.95113140034164, 41.3450774903699]}, "properties": {"SGL": 54, "PGC_REGION": 1}}, {"type": "Feature", "geometry": {"type": "Point", "coordinates": [-78.95328755535397, 41.345784063459995]}, "properties": {"SGL": 54, "PGC_REGION": 1}}, {"type": "Feature", "geometry": {"type": "Point", "coordinates": [-78.9562968223224, 41.32802410254375]}, "properties": {"SGL": 54, "PGC_REGION": 1}}, {"type": "Feature", "geometry": {"type": "Point", "coordinates": [-78.9184217547893, 41.331068442960984]}, "properties": {"SGL": 54, "PGC_REGION": 1}}, {"type": "Feature", "geometry": {"type": "Point", "coordinates": [-78.89855806232026, 41.26475893207077]}, "properties": {"SGL": 54, "PGC_REGION": 1}}, {"type": "Feature", "geometry": {"type": "Point", "coordinates": [-78.9506879495651, 41.32873176414618]}, "properties": {"SGL": 54, "PGC_REGION": 1}}, {"type": "Feature", "geometry": {"type": "Point", "coordinates": [-78.94987838220202, 41.32738581247381]}, "properties": {"SGL": 54, "PGC_REGION": 1}}, {"type": "Feature", "geometry": {"type": "Point", "coordinates": [-78.95201674044887, 41.35094835568193]}, "properties": {"SGL": 54, "PGC_REGION": 1}}, {"type": "Feature", "geometry": {"type": "Point", "coordinates": [-78.86418267420217, 41.265799518586704]}, "properties": {"SGL": 54, "PGC_REGION": 1}}, {"type": "Feature", "geometry": {"type": "Point", "coordinates": [-78.9124444006895, 41.269163439368704]}, "properties": {"SGL": 54, "PGC_REGION": 1}}, {"type": "Feature", "geometry": {"type": "Point", "coordinates": [-78.91985437010558, 41.2744630432426]}, "properties": {"SGL": 54, "PGC_REGION": 1}}, {"type": "Feature", "geometry": {"type": "Point", "coordinates": [-78.94952812238797, 41.26960723890928]}, "properties": {"SGL": 54, "PGC_REGION": 1}}, {"type": "Feature", "geometry": {"type": "Point", "coordinates": [-78.94545384309122, 41.266747870180865]}, "properties": {"SGL": 54, "PGC_REGION": 1}}, {"type": "Feature", "geometry": {"type": "Point", "coordinates": [-78.81704282950199, 41.270049275815204]}, "properties": {"SGL": 54, "PGC_REGION": 1}}, {"type": "Feature", "geometry": {"type": "Point", "coordinates": [-78.91003936712058, 41.33901459540474]}, "properties": {"SGL": 54, "PGC_REGION": 1}}, {"type": "Feature", "geometry": {"type": "Point", "coordinates": [-79.97017336157063, 41.96300983639601]}, "properties": {"SGL": 109, "PGC_REGION": 1}}, {"type": "Feature", "geometry": {"type": "Point", "coordinates": [-79.96282274619486, 41.965057725601795]}, "properties": {"SGL": 109, "PGC_REGION": 1}}, {"type": "Feature", "geometry": {"type": "Point", "coordinates": [-79.98387038420161, 41.97461152487176]}, "properties": {"SGL": 109, "PGC_REGION": 1}}, {"type": "Feature", "geometry": {"type": "Point", "coordinates": [-79.97582758108479, 41.976288985988226]}, "properties": {"SGL": 109, "PGC_REGION": 1}}, {"type": "Feature", "geometry": {"type": "Point", "coordinates": [-79.96666294525622, 41.977304651228785]}, "properties": {"SGL": 109, "PGC_REGION": 1}}, {"type": "Feature", "geometry": {"type": "Point", "coordinates": [-79.96478594184686, 41.98963578694663]}, "properties": {"SGL": 109, "PGC_REGION": 1}}, {"type": "Feature", "geometry": {"type": "Point", "coordinates": [-80.00363347817908, 41.99917449928065]}, "properties": {"SGL": 109, "PGC_REGION": 1}}, {"type": "Feature", "geometry": {"type": "Point", "coordinates": [-79.9945301179575, 41.98147204074769]}, "properties": {"SGL": 109, "PGC_REGION": 1}}, {"type": "Feature", "geometry": {"type": "Point", "coordinates": [-79.99743716877936, 42.008452783425334]}, "properties": {"SGL": 109, "PGC_REGION": 1}}, {"type": "Feature", "geometry": {"type": "Point", "coordinates": [-76.95344016497656, 40.6128438658763]}, "properties": {"SGL": 258, "PGC_REGION": 4}}, {"type": "Feature", "geometry": {"type": "Point", "coordinates": [-76.96459238660584, 40.608582577286626]}, "properties": {"SGL": 258, "PGC_REGION": 4}}, {"type": "Feature", "geometry": {"type": "Point", "coordinates": [-76.95997694583443, 40.61058162507238]}, "properties": {"SGL": 258, "PGC_REGION": 4}}, {"type": "Feature", "geometry": {"type": "Point", "coordinates": [-76.95790101472365, 40.607670173787504]}, "properties": {"SGL": 258, "PGC_REGION": 4}}, {"type": "Feature", "geometry": {"type": "Point", "coordinates": [-78.57837998231528, 41.74013366699264]}, "properties": {"SGL": 62, "PGC_REGION": 3}}, {"type": "Feature", "geometry": {"type": "Point", "coordinates": [-78.57687913215165, 41.75315391916392]}, "properties": {"SGL": 62, "PGC_REGION": 3}}, {"type": "Feature", "geometry": {"type": "Point", "coordinates": [-78.57198253446182, 41.75518143770615]}, "properties": {"SGL": 62, "PGC_REGION": 3}}, {"type": "Feature", "geometry": {"type": "Point", "coordinates": [-78.56302857922009, 41.75575960784356]}, "properties": {"SGL": 62, "PGC_REGION": 3}}, {"type": "Feature", "geometry": {"type": "Point", "coordinates": [-78.55753411005576, 41.75528421286673]}, "properties": {"SGL": 62, "PGC_REGION": 3}}, {"type": "Feature", "geometry": {"type": "Point", "coordinates": [-78.55709308532329, 41.75843079651926]}, "properties": {"SGL": 62, "PGC_REGION": 3}}, {"type": "Feature", "geometry": {"type": "Point", "coordinates": [-78.54289070882905, 41.765319543227584]}, "properties": {"SGL": 62, "PGC_REGION": 3}}, {"type": "Feature", "geometry": {"type": "Point", "coordinates": [-78.53909944270553, 41.774841970780024]}, "properties": {"SGL": 62, "PGC_REGION": 3}}, {"type": "Feature", "geometry": {"type": "Point", "coordinates": [-78.54109196156979, 41.77609549545847]}, "properties": {"SGL": 62, "PGC_REGION": 3}}, {"type": "Feature", "geometry": {"type": "Point", "coordinates": [-78.54345322625772, 41.781097055162235]}, "properties": {"SGL": 62, "PGC_REGION": 3}}, {"type": "Feature", "geometry": {"type": "Point", "coordinates": [-78.57756316724638, 41.796815446914856]}, "properties": {"SGL": 62, "PGC_REGION": 3}}, {"type": "Feature", "geometry": {"type": "Point", "coordinates": [-78.63175023457993, 41.76492228631802]}, "properties": {"SGL": 62, "PGC_REGION": 3}}, {"type": "Feature", "geometry": {"type": "Point", "coordinates": [-78.55293994587609, 41.76261069885569]}, "properties": {"SGL": 62, "PGC_REGION": 3}}, {"type": "Feature", "geometry": {"type": "Point", "coordinates": [-75.99282355923425, 40.60412602341258]}, "properties": {"SGL": 106, "PGC_REGION": 6}}, {"type": "Feature", "geometry": {"type": "Point", "coordinates": [-77.18310833645359, 41.86676795628832]}, "properties": {"SGL": 37, "PGC_REGION": 3}}, {"type": "Feature", "geometry": {"type": "Point", "coordinates": [-77.09359002038326, 41.89756967563562]}, "properties": {"SGL": 37, "PGC_REGION": 3}}, {"type": "Feature", "geometry": {"type": "Point", "coordinates": [-77.15576403938138, 41.84808765005645]}, "properties": {"SGL": 37, "PGC_REGION": 3}}, {"type": "Feature", "geometry": {"type": "Point", "coordinates": [-77.14186044390168, 41.84426439626773]}, "properties": {"SGL": 37, "PGC_REGION": 3}}, {"type": "Feature", "geometry": {"type": "Point", "coordinates": [-77.19243478442381, 41.82499484644096]}, "properties": {"SGL": 37, "PGC_REGION": 3}}, {"type": "Feature", "geometry": {"type": "Point", "coordinates": [-77.20134755143314, 41.82174872545656]}, "properties": {"SGL": 37, "PGC_REGION": 3}}, {"type": "Feature", "geometry": {"type": "Point", "coordinates": [-77.08675635417683, 41.89772400050552]}, "properties": {"SGL": 37, "PGC_REGION": 3}}, {"type": "Feature", "geometry": {"type": "Point", "coordinates": [-77.14650886413416, 41.84788340536604]}, "properties": {"SGL": 37, "PGC_REGION": 3}}, {"type": "Feature", "geometry": {"type": "Point", "coordinates": [-77.06106733839036, 41.895441477705624]}, "properties": {"SGL": 37, "PGC_REGION": 3}}, {"type": "Feature", "geometry": {"type": "Point", "coordinates": [-77.0711235301999, 41.89634256937643]}, "properties": {"SGL": 37, "PGC_REGION": 3}}, {"type": "Feature", "geometry": {"type": "Point", "coordinates": [-78.21343865115234, 41.88492457056955]}, "properties": {"SGL": 59, "PGC_REGION": 3}}, {"type": "Feature", "geometry": {"type": "Point", "coordinates": [-78.21413972449285, 41.87732993654233]}, "properties": {"SGL": 59, "PGC_REGION": 3}}, {"type": "Feature", "geometry": {"type": "Point", "coordinates": [-78.16250079202302, 41.879524269642154]}, "properties": {"SGL": 59, "PGC_REGION": 3}}, {"type": "Feature", "geometry": {"type": "Point", "coordinates": [-78.1581259631567, 41.88155451850209]}, "properties": {"SGL": 59, "PGC_REGION": 3}}, {"type": "Feature", "geometry": {"type": "Point", "coordinates": [-78.15825176069002, 41.838337883613086]}, "properties": {"SGL": 59, "PGC_REGION": 3}}, {"type": "Feature", "geometry": {"type": "Point", "coordinates": [-78.15807562735675, 41.84817356292522]}, "properties": {"SGL": 59, "PGC_REGION": 3}}, {"type": "Feature", "geometry": {"type": "Point", "coordinates": [-78.16077956701366, 41.85168605727081]}, "properties": {"SGL": 59, "PGC_REGION": 3}}, {"type": "Feature", "geometry": {"type": "Point", "coordinates": [-78.16104937131688, 41.8570964570367]}, "properties": {"SGL": 59, "PGC_REGION": 3}}, {"type": "Feature", "geometry": {"type": "Point", "coordinates": [-78.16384970818736, 41.86920941431962]}, "properties": {"SGL": 59, "PGC_REGION": 3}}, {"type": "Feature", "geometry": {"type": "Point", "coordinates": [-78.07430601525917, 41.744538403997716]}, "properties": {"SGL": 59, "PGC_REGION": 3}}, {"type": "Feature", "geometry": {"type": "Point", "coordinates": [-78.16849908507828, 41.88175857966901]}, "properties": {"SGL": 59, "PGC_REGION": 3}}, {"type": "Feature", "geometry": {"type": "Point", "coordinates": [-77.64901850468752, 41.81426072813323]}, "properties": {"SGL": 64, "PGC_REGION": 3}}, {"type": "Feature", "geometry": {"type": "Point", "coordinates": [-77.61694600753695, 41.790999308035225]}, "properties": {"SGL": 64, "PGC_REGION": 3}}, {"type": "Feature", "geometry": {"type": "Point", "coordinates": [-77.67156064372288, 41.799087233298756]}, "properties": {"SGL": 64, "PGC_REGION": 3}}, {"type": "Feature", "geometry": {"type": "Point", "coordinates": [-77.66731772257239, 41.783845056539064]}, "properties": {"SGL": 64, "PGC_REGION": 3}}, {"type": "Feature", "geometry": {"type": "Point", "coordinates": [-77.66325490680114, 41.79145297550125]}, "properties": {"SGL": 64, "PGC_REGION": 3}}, {"type": "Feature", "geometry": {"type": "Point", "coordinates": [-77.73039786909514, 41.76072102464237]}, "properties": {"SGL": 64, "PGC_REGION": 3}}, {"type": "Feature", "geometry": {"type": "Point", "coordinates": [-77.67312620829321, 41.798743184030904]}, "properties": {"SGL": 64, "PGC_REGION": 3}}, {"type": "Feature", "geometry": {"type": "Point", "coordinates": [-77.60450918578081, 41.758436060759]}, "properties": {"SGL": 64, "PGC_REGION": 3}}, {"type": "Feature", "geometry": {"type": "Point", "coordinates": [-77.66483279169026, 41.78574826256642]}, "properties": {"SGL": 64, "PGC_REGION": 3}}, {"type": "Feature", "geometry": {"type": "Point", "coordinates": [-77.61703777247212, 41.80157299183797]}, "properties": {"SGL": 64, "PGC_REGION": 3}}, {"type": "Feature", "geometry": {"type": "Point", "coordinates": [-77.61663047118837, 41.80159266902486]}, "properties": {"SGL": 64, "PGC_REGION": 3}}, {"type": "Feature", "geometry": {"type": "Point", "coordinates": [-77.61120225246734, 41.777800000201395]}, "properties": {"SGL": 64, "PGC_REGION": 3}}, {"type": "Feature", "geometry": {"type": "Point", "coordinates": [-77.61423272474002, 41.78634988604449]}, "properties": {"SGL": 64, "PGC_REGION": 3}}, {"type": "Feature", "geometry": {"type": "Point", "coordinates": [-77.61677622547518, 41.79237487083162]}, "properties": {"SGL": 64, "PGC_REGION": 3}}, {"type": "Feature", "geometry": {"type": "Point", "coordinates": [-77.61587343286322, 41.79513505532036]}, "properties": {"SGL": 64, "PGC_REGION": 3}}, {"type": "Feature", "geometry": {"type": "Point", "coordinates": [-77.60944778983196, 41.767245654591775]}, "properties": {"SGL": 64, "PGC_REGION": 3}}, {"type": "Feature", "geometry": {"type": "Point", "coordinates": [-77.61605733377384, 41.798997003005915]}, "properties": {"SGL": 64, "PGC_REGION": 3}}, {"type": "Feature", "geometry": {"type": "Point", "coordinates": [-77.59333542755023, 41.816273358698574]}, "properties": {"SGL": 208, "PGC_REGION": 3}}, {"type": "Feature", "geometry": {"type": "Point", "coordinates": [-77.58851351197755, 41.81434362476752]}, "properties": {"SGL": 208, "PGC_REGION": 3}}, {"type": "Feature", "geometry": {"type": "Point", "coordinates": [-77.56305175410343, 41.7759633991728]}, "properties": {"SGL": 208, "PGC_REGION": 3}}, {"type": "Feature", "geometry": {"type": "Point", "coordinates": [-77.57321443238868, 41.79483819172295]}, "properties": {"SGL": 208, "PGC_REGION": 3}}, {"type": "Feature", "geometry": {"type": "Point", "coordinates": [-77.55362607620724, 41.74949755638079]}, "properties": {"SGL": 208, "PGC_REGION": 3}}, {"type": "Feature", "geometry": {"type": "Point", "coordinates": [-77.59715201033517, 41.81633096732285]}, "properties": {"SGL": 208, "PGC_REGION": 3}}, {"type": "Feature", "geometry": {"type": "Point", "coordinates": [-77.5720567253051, 41.80087582383167]}, "properties": {"SGL": 208, "PGC_REGION": 3}}, {"type": "Feature", "geometry": {"type": "Point", "coordinates": [-77.3374598659964, 41.62643889092747]}, "properties": {"SGL": 268, "PGC_REGION": 3}}, {"type": "Feature", "geometry": {"type": "Point", "coordinates": [-77.341002592767, 41.62961535350424]}, "properties": {"SGL": 268, "PGC_REGION": 3}}, {"type": "Feature", "geometry": {"type": "Point", "coordinates": [-77.33929889126838, 41.62833180493542]}, "properties": {"SGL": 268, "PGC_REGION": 3}}, {"type": "Feature", "geometry": {"type": "Point", "coordinates": [-77.29939200122281, 41.79734369490051]}, "properties": {"SGL": 313, "PGC_REGION": 3}}, {"type": "Feature", "geometry": {"type": "Point", "coordinates": [-77.40047328204007, 41.887088135492895]}, "properties": {"SGL": 313, "PGC_REGION": 3}}, {"type": "Feature", "geometry": {"type": "Point", "coordinates": [-77.28922089690451, 41.81138957136584]}, "properties": {"SGL": 313, "PGC_REGION": 3}}, {"type": "Feature", "geometry": {"type": "Point", "coordinates": [-78.1731278214098, 41.87963744709408]}, "properties": {"SGL": 59, "PGC_REGION": 3}}, {"type": "Feature", "geometry": {"type": "Point", "coordinates": [-78.06484739467362, 41.086810420107504]}, "properties": {"SGL": 100, "PGC_REGION": 4}}, {"type": "Feature", "geometry": {"type": "Point", "coordinates": [-78.07834622392939, 41.08957709351903]}, "properties": {"SGL": 100, "PGC_REGION": 4}}, {"type": "Feature", "geometry": {"type": "Point", "coordinates": [-78.0721434729351, 41.07868083564857]}, "properties": {"SGL": 100, "PGC_REGION": 4}}, {"type": "Feature", "geometry": {"type": "Point", "coordinates": [-77.94757386642488, 41.13860592843835]}, "properties": {"SGL": 100, "PGC_REGION": 4}}, {"type": "Feature", "geometry": {"type": "Point", "coordinates": [-77.98301025434806, 41.07443426409296]}, "properties": {"SGL": 100, "PGC_REGION": 4}}, {"type": "Feature", "geometry": {"type": "Point", "coordinates": [-77.98858529221133, 41.06539072101838]}, "properties": {"SGL": 100, "PGC_REGION": 4}}, {"type": "Feature", "geometry": {"type": "Point", "coordinates": [-77.98315413087899, 41.07787022624041]}, "properties": {"SGL": 100, "PGC_REGION": 4}}, {"type": "Feature", "geometry": {"type": "Point", "coordinates": [-78.00029763495917, 41.083611749479005]}, "properties": {"SGL": 100, "PGC_REGION": 4}}, {"type": "Feature", "geometry": {"type": "Point", "coordinates": [-78.04385055924291, 41.074510980968235]}, "properties": {"SGL": 100, "PGC_REGION": 4}}, {"type": "Feature", "geometry": {"type": "Point", "coordinates": [-78.02725137770238, 41.088280497819845]}, "properties": {"SGL": 100, "PGC_REGION": 4}}, {"type": "Feature", "geometry": {"type": "Point", "coordinates": [-77.93278759951963, 41.095872858650885]}, "properties": {"SGL": 100, "PGC_REGION": 4}}, {"type": "Feature", "geometry": {"type": "Point", "coordinates": [-77.98989006368895, 41.10944349365707]}, "properties": {"SGL": 100, "PGC_REGION": 4}}, {"type": "Feature", "geometry": {"type": "Point", "coordinates": [-78.00745717309779, 41.130825049508225]}, "properties": {"SGL": 100, "PGC_REGION": 4}}, {"type": "Feature", "geometry": {"type": "Point", "coordinates": [-78.40185890514567, 41.87836473545855]}, "properties": {"SGL": 301, "PGC_REGION": 3}}, {"type": "Feature", "geometry": {"type": "Point", "coordinates": [-78.3978169354683, 41.8830928538174]}, "properties": {"SGL": 301, "PGC_REGION": 3}}, {"type": "Feature", "geometry": {"type": "Point", "coordinates": [-78.39025594492627, 41.88173039807454]}, "properties": {"SGL": 301, "PGC_REGION": 3}}, {"type": "Feature", "geometry": {"type": "Point", "coordinates": [-78.38503227312935, 41.901203888023474]}, "properties": {"SGL": 301, "PGC_REGION": 3}}, {"type": "Feature", "geometry": {"type": "Point", "coordinates": [-78.41066338189053, 41.967223405758766]}, "properties": {"SGL": 301, "PGC_REGION": 3}}, {"type": "Feature", "geometry": {"type": "Point", "coordinates": [-78.33535130608442, 41.62371409110418]}, "properties": {"SGL": 30, "PGC_REGION": 3}}, {"type": "Feature", "geometry": {"type": "Point", "coordinates": [-78.36914012801232, 41.65383616507988]}, "properties": {"SGL": 30, "PGC_REGION": 3}}, {"type": "Feature", "geometry": {"type": "Point", "coordinates": [-78.36861712981107, 41.65385767149348]}, "properties": {"SGL": 30, "PGC_REGION": 3}}, {"type": "Feature", "geometry": {"type": "Point", "coordinates": [-78.35682579758344, 41.63391499864889]}, "properties": {"SGL": 30, "PGC_REGION": 3}}, {"type": "Feature", "geometry": {"type": "Point", "coordinates": [-78.35124398686669, 41.629885782656196]}, "properties": {"SGL": 30, "PGC_REGION": 3}}, {"type": "Feature", "geometry": {"type": "Point", "coordinates": [-78.31986601679769, 41.62125570095668]}, "properties": {"SGL": 30, "PGC_REGION": 3}}, {"type": "Feature", "geometry": {"type": "Point", "coordinates": [-78.32956658324716, 41.62205177247681]}, "properties": {"SGL": 30, "PGC_REGION": 3}}, {"type": "Feature", "geometry": {"type": "Point", "coordinates": [-78.35715503582904, 41.63309037592256]}, "properties": {"SGL": 30, "PGC_REGION": 3}}, {"type": "Feature", "geometry": {"type": "Point", "coordinates": [-78.32505820800897, 41.62798912760318]}, "properties": {"SGL": 30, "PGC_REGION": 3}}, {"type": "Feature", "geometry": {"type": "Point", "coordinates": [-78.31746339885608, 41.63194724194033]}, "properties": {"SGL": 30, "PGC_REGION": 3}}, {"type": "Feature", "geometry": {"type": "Point", "coordinates": [-78.30730541689128, 41.63789727415115]}, "properties": {"SGL": 30, "PGC_REGION": 3}}, {"type": "Feature", "geometry": {"type": "Point", "coordinates": [-78.363970032406, 41.64917733538706]}, "properties": {"SGL": 30, "PGC_REGION": 3}}, {"type": "Feature", "geometry": {"type": "Point", "coordinates": [-78.36068388039851, 41.64471658492922]}, "properties": {"SGL": 30, "PGC_REGION": 3}}, {"type": "Feature", "geometry": {"type": "Point", "coordinates": [-78.3252369802133, 41.62153796020119]}, "properties": {"SGL": 30, "PGC_REGION": 3}}, {"type": "Feature", "geometry": {"type": "Point", "coordinates": [-78.36870453471141, 41.89963596450882]}, "properties": {"SGL": 301, "PGC_REGION": 3}}, {"type": "Feature", "geometry": {"type": "Point", "coordinates": [-78.36388645983604, 41.2700375039325]}, "properties": {"SGL": 34, "PGC_REGION": 3}}, {"type": "Feature", "geometry": {"type": "Point", "coordinates": [-78.48435390702149, 41.26839719091196]}, "properties": {"SGL": 34, "PGC_REGION": 3}}, {"type": "Feature", "geometry": {"type": "Point", "coordinates": [-78.34152691564319, 41.236045140492244]}, "properties": {"SGL": 34, "PGC_REGION": 3}}, {"type": "Feature", "geometry": {"type": "Point", "coordinates": [-78.33845270785059, 41.231729067576794]}, "properties": {"SGL": 34, "PGC_REGION": 3}}, {"type": "Feature", "geometry": {"type": "Point", "coordinates": [-78.32106519571781, 41.23393166399314]}, "properties": {"SGL": 34, "PGC_REGION": 3}}, {"type": "Feature", "geometry": {"type": "Point", "coordinates": [-78.32509181121786, 41.24070454666706]}, "properties": {"SGL": 34, "PGC_REGION": 3}}, {"type": "Feature", "geometry": {"type": "Point", "coordinates": [-78.32969510969045, 41.24371001297157]}, "properties": {"SGL": 34, "PGC_REGION": 3}}, {"type": "Feature", "geometry": {"type": "Point", "coordinates": [-78.30299788149266, 41.225954073247195]}, "properties": {"SGL": 34, "PGC_REGION": 3}}, {"type": "Feature", "geometry": {"type": "Point", "coordinates": [-78.33184078034682, 41.20684713069738]}, "properties": {"SGL": 34, "PGC_REGION": 3}}, {"type": "Feature", "geometry": {"type": "Point", "coordinates": [-78.24423769218846, 41.21528265532996]}, "properties": {"SGL": 34, "PGC_REGION": 3}}, {"type": "Feature", "geometry": {"type": "Point", "coordinates": [-78.32617315777888, 41.23517313583057]}, "properties": {"SGL": 34, "PGC_REGION": 3}}, {"type": "Feature", "geometry": {"type": "Point", "coordinates": [-78.31115448423246, 41.2277043787694]}, "properties": {"SGL": 34, "PGC_REGION": 3}}, {"type": "Feature", "geometry": {"type": "Point", "coordinates": [-77.81480830655413, 40.87101503715023]}, "properties": {"SGL": 333, "PGC_REGION": 3}}, {"type": "Feature", "geometry": {"type": "Point", "coordinates": [-77.82263370699489, 40.861898596715726]}, "properties": {"SGL": 333, "PGC_REGION": 3}}, {"type": "Feature", "geometry": {"type": "Point", "coordinates": [-77.82530576679605, 40.856126859925986]}, "properties": {"SGL": 333, "PGC_REGION": 3}}, {"type": "Feature", "geometry": {"type": "Point", "coordinates": [-77.80945594671934, 40.86071068613063]}, "properties": {"SGL": 333, "PGC_REGION": 3}}, {"type": "Feature", "geometry": {"type": "Point", "coordinates": [-77.81874001940757, 40.867303794100664]}, "properties": {"SGL": 333, "PGC_REGION": 3}}, {"type": "Feature", "geometry": {"type": "Point", "coordinates": [-77.81255402863944, 40.849852601393025]}, "properties": {"SGL": 333, "PGC_REGION": 3}}, {"type": "Feature", "geometry": {"type": "Point", "coordinates": [-77.81074243607823, 40.85750757193273]}, "properties": {"SGL": 333, "PGC_REGION": 3}}, {"type": "Feature", "geometry": {"type": "Point", "coordinates": [-77.81134426945164, 40.852914299867045]}, "properties": {"SGL": 333, "PGC_REGION": 3}}, {"type": "Feature", "geometry": {"type": "Point", "coordinates": [-77.81067361370923, 40.85851348991687]}, "properties": {"SGL": 333, "PGC_REGION": 3}}, {"type": "Feature", "geometry": {"type": "Point", "coordinates": [-77.78745126813587, 40.86658286720534]}, "properties": {"SGL": 333, "PGC_REGION": 3}}, {"type": "Feature", "geometry": {"type": "Point", "coordinates": [-77.82684628074087, 40.85579498568321]}, "properties": {"SGL": 333, "PGC_REGION": 3}}, {"type": "Feature", "geometry": {"type": "Point", "coordinates": [-78.37564438356608, 41.16167787376417]}, "properties": {"SGL": 94, "PGC_REGION": 3}}, {"type": "Feature", "geometry": {"type": "Point", "coordinates": [-78.38063492338978, 41.15721567683802]}, "properties": {"SGL": 94, "PGC_REGION": 3}}, {"type": "Feature", "geometry": {"type": "Point", "coordinates": [-78.39275099498629, 41.170710391994206]}, "properties": {"SGL": 94, "PGC_REGION": 3}}, {"type": "Feature", "geometry": {"type": "Point", "coordinates": [-78.40615362345726, 41.16974899799817]}, "properties": {"SGL": 94, "PGC_REGION": 3}}, {"type": "Feature", "geometry": {"type": "Point", "coordinates": [-77.00715199998909, 40.33736799934529]}, "properties": {"SGL": 170, "PGC_REGION": 4}}, {"type": "Feature", "geometry": {"type": "Point", "coordinates": [-78.3007026928076, 39.88000452034453]}, "properties": {"SGL": 49, "PGC_REGION": 4}}, {"type": "Feature", "geometry": {"type": "Point", "coordinates": [-75.56995568027826, 41.52700114427595]}, "properties": {"SGL": 307, "PGC_REGION": 5}}, {"type": "Feature", "geometry": {"type": "Point", "coordinates": [-75.56739997516797, 41.52536661994805]}, "properties": {"SGL": 307, "PGC_REGION": 5}}, {"type": "Feature", "geometry": {"type": "Point", "coordinates": [-77.45973016648766, 40.63883881668755]}, "properties": {"SGL": 107, "PGC_REGION": 4}}, {"type": "Feature", "geometry": {"type": "Point", "coordinates": [-78.08479568905531, 41.86030221030081]}, "properties": {"SGL": 204, "PGC_REGION": 3}}, {"type": "Feature", "geometry": {"type": "Point", "coordinates": [-78.08181207249591, 41.86541140471194]}, "properties": {"SGL": 204, "PGC_REGION": 3}}, {"type": "Feature", "geometry": {"type": "Point", "coordinates": [-78.07044934621645, 41.8538661952977]}, "properties": {"SGL": 204, "PGC_REGION": 3}}, {"type": "Feature", "geometry": {"type": "Point", "coordinates": [-78.0617076451923, 41.86331055829258]}, "properties": {"SGL": 204, "PGC_REGION": 3}}, {"type": "Feature", "geometry": {"type": "Point", "coordinates": [-78.06387217340409, 41.870668126368564]}, "properties": {"SGL": 204, "PGC_REGION": 3}}, {"type": "Feature", "geometry": {"type": "Point", "coordinates": [-78.06370603716267, 41.87158681189553]}, "properties": {"SGL": 204, "PGC_REGION": 3}}, {"type": "Feature", "geometry": {"type": "Point", "coordinates": [-78.06652437541665, 41.87906856375074]}, "properties": {"SGL": 204, "PGC_REGION": 3}}, {"type": "Feature", "geometry": {"type": "Point", "coordinates": [-78.05698366835213, 41.8591536349144]}, "properties": {"SGL": 204, "PGC_REGION": 3}}, {"type": "Feature", "geometry": {"type": "Point", "coordinates": [-78.07504487357338, 41.855718333914034]}, "properties": {"SGL": 204, "PGC_REGION": 3}}, {"type": "Feature", "geometry": {"type": "Point", "coordinates": [-78.05339976771066, 41.8772965218287]}, "properties": {"SGL": 204, "PGC_REGION": 3}}, {"type": "Feature", "geometry": {"type": "Point", "coordinates": [-78.25955678497745, 40.48984734299275]}, "properties": {"SGL": 166, "PGC_REGION": 4}}, {"type": "Feature", "geometry": {"type": "Point", "coordinates": [-77.06204446090771, 40.331693502419604]}, "properties": {"SGL": 170, "PGC_REGION": 4}}, {"type": "Feature", "geometry": {"type": "Point", "coordinates": [-77.05743098428682, 40.33412102598394]}, "properties": {"SGL": 170, "PGC_REGION": 4}}, {"type": "Feature", "geometry": {"type": "Point", "coordinates": [-77.0299050091019, 40.37048795123489]}, "properties": {"SGL": 170, "PGC_REGION": 4}}, {"type": "Feature", "geometry": {"type": "Point", "coordinates": [-77.11384474186178, 40.333136822631396]}, "properties": {"SGL": 170, "PGC_REGION": 4}}, {"type": "Feature", "geometry": {"type": "Point", "coordinates": [-77.11591003369756, 40.30473519798076]}, "properties": {"SGL": 170, "PGC_REGION": 4}}, {"type": "Feature", "geometry": {"type": "Point", "coordinates": [-77.11824551635081, 40.306569492364346]}, "properties": {"SGL": 170, "PGC_REGION": 4}}, {"type": "Feature", "geometry": {"type": "Point", "coordinates": [-77.06440368090995, 40.30250874706619]}, "properties": {"SGL": 170, "PGC_REGION": 4}}, {"type": "Feature", "geometry": {"type": "Point", "coordinates": [-77.03304537957743, 40.31423741731696]}, "properties": {"SGL": 170, "PGC_REGION": 4}}, {"type": "Feature", "geometry": {"type": "Point", "coordinates": [-77.02457467411305, 40.3121331655267]}, "properties": {"SGL": 170, "PGC_REGION": 4}}, {"type": "Feature", "geometry": {"type": "Point", "coordinates": [-77.01428325698846, 40.30505037480773]}, "properties": {"SGL": 170, "PGC_REGION": 4}}, {"type": "Feature", "geometry": {"type": "Point", "coordinates": [-77.07825545513761, 40.326987711030924]}, "properties": {"SGL": 170, "PGC_REGION": 4}}, {"type": "Feature", "geometry": {"type": "Point", "coordinates": [-77.02586610391234, 40.369789473903566]}, "properties": {"SGL": 170, "PGC_REGION": 4}}, {"type": "Feature", "geometry": {"type": "Point", "coordinates": [-77.07088856426661, 40.322729646330565]}, "properties": {"SGL": 170, "PGC_REGION": 4}}, {"type": "Feature", "geometry": {"type": "Point", "coordinates": [-77.11246882078896, 40.30346668073961]}, "properties": {"SGL": 170, "PGC_REGION": 4}}, {"type": "Feature", "geometry": {"type": "Point", "coordinates": [-77.11198716172925, 40.303363314460896]}, "properties": {"SGL": 170, "PGC_REGION": 4}}, {"type": "Feature", "geometry": {"type": "Point", "coordinates": [-77.10159808556686, 40.29886530171641]}, "properties": {"SGL": 170, "PGC_REGION": 4}}, {"type": "Feature", "geometry": {"type": "Point", "coordinates": [-77.04292927549574, 40.36803603862368]}, "properties": {"SGL": 170, "PGC_REGION": 4}}, {"type": "Feature", "geometry": {"type": "Point", "coordinates": [-77.11080352968398, 40.334053936262755]}, "properties": {"SGL": 170, "PGC_REGION": 4}}, {"type": "Feature", "geometry": {"type": "Point", "coordinates": [-78.71639011583058, 40.99918961645471]}, "properties": {"SGL": 87, "PGC_REGION": 3}}, {"type": "Feature", "geometry": {"type": "Point", "coordinates": [-78.71369247196682, 40.99049598291485]}, "properties": {"SGL": 87, "PGC_REGION": 3}}, {"type": "Feature", "geometry": {"type": "Point", "coordinates": [-78.7253755372278, 40.97110874031756]}, "properties": {"SGL": 87, "PGC_REGION": 3}}, {"type": "Feature", "geometry": {"type": "Point", "coordinates": [-78.69645364257612, 40.974364794275424]}, "properties": {"SGL": 87, "PGC_REGION": 3}}, {"type": "Feature", "geometry": {"type": "Point", "coordinates": [-78.67341529239098, 40.93702723547083]}, "properties": {"SGL": 87, "PGC_REGION": 3}}, {"type": "Feature", "geometry": {"type": "Point", "coordinates": [-78.73441640230463, 40.93695913353477]}, "properties": {"SGL": 87, "PGC_REGION": 3}}, {"type": "Feature", "geometry": {"type": "Point", "coordinates": [-78.72656872272107, 40.93012495231387]}, "properties": {"SGL": 87, "PGC_REGION": 3}}, {"type": "Feature", "geometry": {"type": "Point", "coordinates": [-78.76333410606101, 40.9453330677183]}, "properties": {"SGL": 87, "PGC_REGION": 3}}, {"type": "Feature", "geometry": {"type": "Point", "coordinates": [-78.750765408475, 40.99631933192671]}, "properties": {"SGL": 87, "PGC_REGION": 3}}, {"type": "Feature", "geometry": {"type": "Point", "coordinates": [-78.7511649647147, 41.00748678424335]}, "properties": {"SGL": 87, "PGC_REGION": 3}}, {"type": "Feature", "geometry": {"type": "Point", "coordinates": [-78.79391187106962, 40.983274810646456]}, "properties": {"SGL": 87, "PGC_REGION": 3}}, {"type": "Feature", "geometry": {"type": "Point", "coordinates": [-78.76478093734424, 40.95385395860142]}, "properties": {"SGL": 87, "PGC_REGION": 3}}, {"type": "Feature", "geometry": {"type": "Point", "coordinates": [-78.77352659172996, 40.95602228255371]}, "properties": {"SGL": 87, "PGC_REGION": 3}}, {"type": "Feature", "geometry": {"type": "Point", "coordinates": [-78.79770590342443, 40.9723543264223]}, "properties": {"SGL": 87, "PGC_REGION": 3}}, {"type": "Feature", "geometry": {"type": "Point", "coordinates": [-78.7048959182832, 40.98354011804392]}, "properties": {"SGL": 87, "PGC_REGION": 3}}, {"type": "Feature", "geometry": {"type": "Point", "coordinates": [-78.66539816409724, 40.989123666905236]}, "properties": {"SGL": 87, "PGC_REGION": 3}}, {"type": "Feature", "geometry": {"type": "Point", "coordinates": [-76.21071940171875, 40.766411778318236]}, "properties": {"SGL": 326, "PGC_REGION": 6}}, {"type": "Feature", "geometry": {"type": "Point", "coordinates": [-76.2793128964901, 40.762276708309614]}, "properties": {"SGL": 326, "PGC_REGION": 6}}, {"type": "Feature", "geometry": {"type": "Point", "coordinates": [-76.17520100624654, 40.76719460729376]}, "properties": {"SGL": 326, "PGC_REGION": 6}}, {"type": "Feature", "geometry": {"type": "Point", "coordinates": [-76.32228835900835, 40.74192215529671]}, "properties": {"SGL": 326, "PGC_REGION": 6}}, {"type": "Feature", "geometry": {"type": "Point", "coordinates": [-76.15434154079703, 40.636033509231716]}, "properties": {"SGL": 286, "PGC_REGION": 6}}, {"type": "Feature", "geometry": {"type": "Point", "coordinates": [-76.19779432252668, 40.315673496063376]}, "properties": {"SGL": 225, "PGC_REGION": 6}}, {"type": "Feature", "geometry": {"type": "Point", "coordinates": [-76.1947834186879, 40.3209923180252]}, "properties": {"SGL": 225, "PGC_REGION": 6}}, {"type": "Feature", "geometry": {"type": "Point", "coordinates": [-76.19956184031182, 40.30900245505393]}, "properties": {"SGL": 225, "PGC_REGION": 6}}, {"type": "Feature", "geometry": {"type": "Point", "coordinates": [-76.12127731250882, 40.27874704611606]}, "properties": {"SGL": 220, "PGC_REGION": 6}}, {"type": "Feature", "geometry": {"type": "Point", "coordinates": [-76.1197949645306, 40.27286309923099]}, "properties": {"SGL": 220, "PGC_REGION": 6}}, {"type": "Feature", "geometry": {"type": "Point", "coordinates": [-75.31169387928634, 40.39201374503269]}, "properties": {"SGL": 139, "PGC_REGION": 6}}, {"type": "Feature", "geometry": {"type": "Point", "coordinates": [-75.31409418156315, 40.40926304464793]}, "properties": {"SGL": 139, "PGC_REGION": 6}}, {"type": "Feature", "geometry": {"type": "Point", "coordinates": [-75.82007944709927, 40.536331995729704]}, "properties": {"SGL": 182, "PGC_REGION": 6}}, {"type": "Feature", "geometry": {"type": "Point", "coordinates": [-75.80482852813907, 40.529700837605404]}, "properties": {"SGL": 182, "PGC_REGION": 6}}, {"type": "Feature", "geometry": {"type": "Point", "coordinates": [-75.82051428924439, 40.53653226308095]}, "properties": {"SGL": 182, "PGC_REGION": 6}}, {"type": "Feature", "geometry": {"type": "Point", "coordinates": [-76.34025626455134, 40.54151175277682]}, "properties": {"SGL": 160, "PGC_REGION": 6}}, {"type": "Feature", "geometry": {"type": "Point", "coordinates": [-75.36301624260324, 40.380507977412606]}, "properties": {"SGL": 196, "PGC_REGION": 6}}, {"type": "Feature", "geometry": {"type": "Point", "coordinates": [-75.36171735110817, 40.37649475833704]}, "properties": {"SGL": 196, "PGC_REGION": 6}}, {"type": "Feature", "geometry": {"type": "Point", "coordinates": [-75.35858218287494, 40.373560882478]}, "properties": {"SGL": 196, "PGC_REGION": 6}}, {"type": "Feature", "geometry": {"type": "Point", "coordinates": [-76.05372746494528, 40.279424947853556]}, "properties": {"SGL": 274, "PGC_REGION": 6}}, {"type": "Feature", "geometry": {"type": "Point", "coordinates": [-76.07112483915698, 40.27818279075621]}, "properties": {"SGL": 274, "PGC_REGION": 6}}, {"type": "Feature", "geometry": {"type": "Point", "coordinates": [-76.06432920038907, 40.27176316548636]}, "properties": {"SGL": 274, "PGC_REGION": 6}}, {"type": "Feature", "geometry": {"type": "Point", "coordinates": [-76.05935626126738, 40.26396323971625]}, "properties": {"SGL": 274, "PGC_REGION": 6}}, {"type": "Feature", "geometry": {"type": "Point", "coordinates": [-76.43859382116227, 40.48486260414178]}, "properties": {"SGL": 80, "PGC_REGION": 6}}, {"type": "Feature", "geometry": {"type": "Point", "coordinates": [-76.45084574794943, 40.512659199321924]}, "properties": {"SGL": 80, "PGC_REGION": 6}}, {"type": "Feature", "geometry": {"type": "Point", "coordinates": [-76.51457742217062, 40.476228192395936]}, "properties": {"SGL": 80, "PGC_REGION": 6}}, {"type": "Feature", "geometry": {"type": "Point", "coordinates": [-76.48098297603232, 40.50818055372031]}, "properties": {"SGL": 80, "PGC_REGION": 6}}, {"type": "Feature", "geometry": {"type": "Point", "coordinates": [-76.2819237121178, 40.53284485725672]}, "properties": {"SGL": 80, "PGC_REGION": 6}}, {"type": "Feature", "geometry": {"type": "Point", "coordinates": [-76.44812046587174, 40.485762131942884]}, "properties": {"SGL": 80, "PGC_REGION": 6}}, {"type": "Feature", "geometry": {"type": "Point", "coordinates": [-79.72663506378686, 41.848510795479505]}, "properties": {"SGL": 144, "PGC_REGION": 1}}, {"type": "Feature", "geometry": {"type": "Point", "coordinates": [-79.72441682595654, 41.84909381987295]}, "properties": {"SGL": 144, "PGC_REGION": 1}}, {"type": "Feature", "geometry": {"type": "Point", "coordinates": [-79.7119606945615, 41.83724817668371]}, "properties": {"SGL": 144, "PGC_REGION": 1}}, {"type": "Feature", "geometry": {"type": "Point", "coordinates": [-79.73132283960375, 41.878894630911255]}, "properties": {"SGL": 144, "PGC_REGION": 1}}, {"type": "Feature", "geometry": {"type": "Point", "coordinates": [-79.73978934043534, 41.8769997874121]}, "properties": {"SGL": 144, "PGC_REGION": 1}}, {"type": "Feature", "geometry": {"type": "Point", "coordinates": [-79.7440596277793, 41.87776464727256]}, "properties": {"SGL": 144, "PGC_REGION": 1}}, {"type": "Feature", "geometry": {"type": "Point", "coordinates": [-80.29274683457983, 41.595537227145535]}, "properties": {"SGL": 213, "PGC_REGION": 1}}, {"type": "Feature", "geometry": {"type": "Point", "coordinates": [-80.26505264086755, 41.58744057925558]}, "properties": {"SGL": 213, "PGC_REGION": 1}}, {"type": "Feature", "geometry": {"type": "Point", "coordinates": [-80.25855084649164, 41.56831881745396]}, "properties": {"SGL": 213, "PGC_REGION": 1}}, {"type": "Feature", "geometry": {"type": "Point", "coordinates": [-80.204535937578, 41.554339077323526]}, "properties": {"SGL": 213, "PGC_REGION": 1}}, {"type": "Feature", "geometry": {"type": "Point", "coordinates": [-80.21608980735853, 41.56266627708557]}, "properties": {"SGL": 213, "PGC_REGION": 1}}, {"type": "Feature", "geometry": {"type": "Point", "coordinates": [-80.15604342730579, 41.542635889281236]}, "properties": {"SGL": 213, "PGC_REGION": 1}}, {"type": "Feature", "geometry": {"type": "Point", "coordinates": [-80.18132054918836, 41.5496665400931]}, "properties": {"SGL": 213, "PGC_REGION": 1}}, {"type": "Feature", "geometry": {"type": "Point", "coordinates": [-80.19218991680111, 41.56847042097894]}, "properties": {"SGL": 213, "PGC_REGION": 1}}, {"type": "Feature", "geometry": {"type": "Point", "coordinates": [-80.2132349688816, 41.57387560013884]}, "properties": {"SGL": 213, "PGC_REGION": 1}}, {"type": "Feature", "geometry": {"type": "Point", "coordinates": [-80.2181935967335, 41.575975118882006]}, "properties": {"SGL": 213, "PGC_REGION": 1}}, {"type": "Feature", "geometry": {"type": "Point", "coordinates": [-80.2187514945171, 41.58200554463543]}, "properties": {"SGL": 213, "PGC_REGION": 1}}, {"type": "Feature", "geometry": {"type": "Point", "coordinates": [-80.22375384877716, 41.58983827035814]}, "properties": {"SGL": 213, "PGC_REGION": 1}}, {"type": "Feature", "geometry": {"type": "Point", "coordinates": [-80.24214113293284, 41.58703938095629]}, "properties": {"SGL": 213, "PGC_REGION": 1}}, {"type": "Feature", "geometry": {"type": "Point", "coordinates": [-80.18540208132005, 41.54994410851635]}, "properties": {"SGL": 213, "PGC_REGION": 1}}, {"type": "Feature", "geometry": {"type": "Point", "coordinates": [-80.20009405377142, 41.56017224237077]}, "properties": {"SGL": 213, "PGC_REGION": 1}}, {"type": "Feature", "geometry": {"type": "Point", "coordinates": [-80.39194361276473, 41.57766474503694]}, "properties": {"SGL": 214, "PGC_REGION": 1}}, {"type": "Feature", "geometry": {"type": "Point", "coordinates": [-80.41824718330852, 41.60628835861913]}, "properties": {"SGL": 214, "PGC_REGION": 1}}, {"type": "Feature", "geometry": {"type": "Point", "coordinates": [-80.41383151525343, 41.59594495728356]}, "properties": {"SGL": 214, "PGC_REGION": 1}}, {"type": "Feature", "geometry": {"type": "Point", "coordinates": [-80.41333118197724, 41.60967680348771]}, "properties": {"SGL": 214, "PGC_REGION": 1}}, {"type": "Feature", "geometry": {"type": "Point", "coordinates": [-80.36929040523049, 41.5851674081636]}, "properties": {"SGL": 214, "PGC_REGION": 1}}, {"type": "Feature", "geometry": {"type": "Point", "coordinates": [-80.36012895303105, 41.57510476464273]}, "properties": {"SGL": 214, "PGC_REGION": 1}}, {"type": "Feature", "geometry": {"type": "Point", "coordinates": [-80.36529701042839, 41.5529596546088]}, "properties": {"SGL": 214, "PGC_REGION": 1}}, {"type": "Feature", "geometry": {"type": "Point", "coordinates": [-80.35685398438781, 41.54062354158816]}, "properties": {"SGL": 214, "PGC_REGION": 1}}, {"type": "Feature", "geometry": {"type": "Point", "coordinates": [-80.35897147543828, 41.537640237005185]}, "properties": {"SGL": 214, "PGC_REGION": 1}}, {"type": "Feature", "geometry": {"type": "Point", "coordinates": [-80.36454870559344, 41.53780627051996]}, "properties": {"SGL": 214, "PGC_REGION": 1}}, {"type": "Feature", "geometry": {"type": "Point", "coordinates": [-80.37923067584794, 41.60503497052006]}, "properties": {"SGL": 214, "PGC_REGION": 1}}, {"type": "Feature", "geometry": {"type": "Point", "coordinates": [-80.37752443343211, 41.56593332395342]}, "properties": {"SGL": 214, "PGC_REGION": 1}}, {"type": "Feature", "geometry": {"type": "Point", "coordinates": [-80.37039468236938, 41.55337675912161]}, "properties": {"SGL": 214, "PGC_REGION": 1}}, {"type": "Feature", "geometry": {"type": "Point", "coordinates": [-80.39462585332159, 41.62285614292064]}, "properties": {"SGL": 214, "PGC_REGION": 1}}, {"type": "Feature", "geometry": {"type": "Point", "coordinates": [-80.39347091917601, 41.63239472667067]}, "properties": {"SGL": 214, "PGC_REGION": 1}}, {"type": "Feature", "geometry": {"type": "Point", "coordinates": [-80.39345775745936, 41.630722380361156]}, "properties": {"SGL": 214, "PGC_REGION": 1}}, {"type": "Feature", "geometry": {"type": "Point", "coordinates": [-80.39349355382441, 41.627477499014944]}, "properties": {"SGL": 214, "PGC_REGION": 1}}, {"type": "Feature", "geometry": {"type": "Point", "coordinates": [-80.43393185713144, 41.63522555284091]}, "properties": {"SGL": 214, "PGC_REGION": 1}}, {"type": "Feature", "geometry": {"type": "Point", "coordinates": [-80.43451196459559, 41.60786381571476]}, "properties": {"SGL": 214, "PGC_REGION": 1}}, {"type": "Feature", "geometry": {"type": "Point", "coordinates": [-80.4095134421719, 41.59200906302644]}, "properties": {"SGL": 214, "PGC_REGION": 1}}, {"type": "Feature", "geometry": {"type": "Point", "coordinates": [-80.40840092432346, 41.58735666332958]}, "properties": {"SGL": 214, "PGC_REGION": 1}}, {"type": "Feature", "geometry": {"type": "Point", "coordinates": [-80.40372796332875, 41.60540217975885]}, "properties": {"SGL": 214, "PGC_REGION": 1}}, {"type": "Feature", "geometry": {"type": "Point", "coordinates": [-80.39431342689363, 41.5885767222506]}, "properties": {"SGL": 214, "PGC_REGION": 1}}, {"type": "Feature", "geometry": {"type": "Point", "coordinates": [-80.39464806985318, 41.58516017017244]}, "properties": {"SGL": 214, "PGC_REGION": 1}}, {"type": "Feature", "geometry": {"type": "Point", "coordinates": [-80.41279923964747, 41.649824423930745]}, "properties": {"SGL": 214, "PGC_REGION": 1}}, {"type": "Feature", "geometry": {"type": "Point", "coordinates": [-80.40272270289533, 41.586273402102904]}, "properties": {"SGL": 214, "PGC_REGION": 1}}, {"type": "Feature", "geometry": {"type": "Point", "coordinates": [-80.4340579748331, 41.63939819745615]}, "properties": {"SGL": 214, "PGC_REGION": 1}}, {"type": "Feature", "geometry": {"type": "Point", "coordinates": [-80.35922714639506, 41.52530309836402]}, "properties": {"SGL": 214, "PGC_REGION": 1}}, {"type": "Feature", "geometry": {"type": "Point", "coordinates": [-80.36955372292749, 41.55916002691186]}, "properties": {"SGL": 214, "PGC_REGION": 1}}, {"type": "Feature", "geometry": {"type": "Point", "coordinates": [-77.478853806306, 41.307756466796484]}, "properties": {"SGL": 89, "PGC_REGION": 3}}, {"type": "Feature", "geometry": {"type": "Point", "coordinates": [-77.51163410010196, 41.18525513772574]}, "properties": {"SGL": 89, "PGC_REGION": 3}}, {"type": "Feature", "geometry": {"type": "Point", "coordinates": [-77.53186492284495, 41.202889729519626]}, "properties": {"SGL": 89, "PGC_REGION": 3}}, {"type": "Feature", "geometry": {"type": "Point", "coordinates": [-77.48230453591336, 41.297254040618085]}, "properties": {"SGL": 89, "PGC_REGION": 3}}, {"type": "Feature", "geometry": {"type": "Point", "coordinates": [-77.49659792031669, 41.265798668999714]}, "properties": {"SGL": 89, "PGC_REGION": 3}}, {"type": "Feature", "geometry": {"type": "Point", "coordinates": [-75.57141483204973, 40.2053268679587]}, "properties": {"SGL": 234, "PGC_REGION": 6}}, {"type": "Feature", "geometry": {"type": "Point", "coordinates": [-75.51308297527677, 40.247547000676775]}, "properties": {"SGL": 234, "PGC_REGION": 6}}, {"type": "Feature", "geometry": {"type": "Point", "coordinates": [-75.5149376209467, 40.250843641585014]}, "properties": {"SGL": 234, "PGC_REGION": 6}}, {"type": "Feature", "geometry": {"type": "Point", "coordinates": [-75.5118007246203, 40.25433583669684]}, "properties": {"SGL": 234, "PGC_REGION": 6}}, {"type": "Feature", "geometry": {"type": "Point", "coordinates": [-75.50711256362023, 40.254595320108834]}, "properties": {"SGL": 234, "PGC_REGION": 6}}, {"type": "Feature", "geometry": {"type": "Point", "coordinates": [-76.03572111204835, 40.68568785086609]}, "properties": {"SGL": 222, "PGC_REGION": 6}}, {"type": "Feature", "geometry": {"type": "Point", "coordinates": [-76.0291318910789, 40.71980158460255]}, "properties": {"SGL": 222, "PGC_REGION": 6}}, {"type": "Feature", "geometry": {"type": "Point", "coordinates": [-78.2467248173656, 40.10591309180853]}, "properties": {"SGL": 261, "PGC_REGION": 4}}, {"type": "Feature", "geometry": {"type": "Point", "coordinates": [-76.98291895618989, 41.63309459297781]}, "properties": {"SGL": 335, "PGC_REGION": 3}}, {"type": "Feature", "geometry": {"type": "Point", "coordinates": [-79.84662869841713, 41.666864996384625]}, "properties": {"SGL": 69, "PGC_REGION": 1}}, {"type": "Feature", "geometry": {"type": "Point", "coordinates": [-75.75312796120681, 41.25511180668214]}, "properties": {"SGL": 91, "PGC_REGION": 5}}, {"type": "Feature", "geometry": {"type": "Point", "coordinates": [-76.11023909129602, 39.85139875146646]}, "properties": {"SGL": 136, "PGC_REGION": 6}}, {"type": "Feature", "geometry": {"type": "Point", "coordinates": [-75.61313033992677, 40.40495304806436]}, "properties": {"SGL": 315, "PGC_REGION": 6}}, {"type": "Feature", "geometry": {"type": "Point", "coordinates": [-75.59898158813971, 40.426466408159854]}, "properties": {"SGL": 315, "PGC_REGION": 6}}, {"type": "Feature", "geometry": {"type": "Point", "coordinates": [-75.66905484576137, 41.16763507042129]}, "properties": {"SGL": 91, "PGC_REGION": 5}}, {"type": "Feature", "geometry": {"type": "Point", "coordinates": [-76.5996899935701, 41.14587309968154]}, "properties": {"SGL": 226, "PGC_REGION": 5}}, {"type": "Feature", "geometry": {"type": "Point", "coordinates": [-75.46098170826185, 41.53814123619175]}, "properties": {"SGL": 300, "PGC_REGION": 5}}, {"type": "Feature", "geometry": {"type": "Point", "coordinates": [-75.47275107979522, 41.51740752389937]}, "properties": {"SGL": 300, "PGC_REGION": 5}}, {"type": "Feature", "geometry": {"type": "Point", "coordinates": [-75.45344207632343, 41.14034535896267]}, "properties": {"SGL": 127, "PGC_REGION": 5}}, {"type": "Feature", "geometry": {"type": "Point", "coordinates": [-79.91886015123148, 41.998546384996935]}, "properties": {"SGL": 161, "PGC_REGION": 1}}, {"type": "Feature", "geometry": {"type": "Point", "coordinates": [-79.91911691567934, 42.00754337255478]}, "properties": {"SGL": 161, "PGC_REGION": 1}}, {"type": "Feature", "geometry": {"type": "Point", "coordinates": [-79.8434458351047, 41.974269639465106]}, "properties": {"SGL": 162, "PGC_REGION": 1}}, {"type": "Feature", "geometry": {"type": "Point", "coordinates": [-79.81726613050526, 41.974772899550935]}, "properties": {"SGL": 162, "PGC_REGION": 1}}, {"type": "Feature", "geometry": {"type": "Point", "coordinates": [-79.81178361323886, 41.97300557337169]}, "properties": {"SGL": 162, "PGC_REGION": 1}}, {"type": "Feature", "geometry": {"type": "Point", "coordinates": [-79.84275224317628, 41.96962058703141]}, "properties": {"SGL": 162, "PGC_REGION": 1}}, {"type": "Feature", "geometry": {"type": "Point", "coordinates": [-79.84119165885471, 41.978557656431455]}, "properties": {"SGL": 162, "PGC_REGION": 1}}, {"type": "Feature", "geometry": {"type": "Point", "coordinates": [-79.89153211481108, 41.95782662964879]}, "properties": {"SGL": 190, "PGC_REGION": 1}}, {"type": "Feature", "geometry": {"type": "Point", "coordinates": [-79.90716626590478, 41.956566881774954]}, "properties": {"SGL": 190, "PGC_REGION": 1}}, {"type": "Feature", "geometry": {"type": "Point", "coordinates": [-79.84438270350633, 41.843244786528025]}, "properties": {"SGL": 202, "PGC_REGION": 1}}, {"type": "Feature", "geometry": {"type": "Point", "coordinates": [-79.84035824709746, 41.845934365364414]}, "properties": {"SGL": 202, "PGC_REGION": 1}}, {"type": "Feature", "geometry": {"type": "Point", "coordinates": [-79.8342843616603, 41.845522343862854]}, "properties": {"SGL": 202, "PGC_REGION": 1}}, {"type": "Feature", "geometry": {"type": "Point", "coordinates": [-80.48276196177183, 40.18445703096751]}, "properties": {"SGL": 232, "PGC_REGION": 2}}, {"type": "Feature", "geometry": {"type": "Point", "coordinates": [-80.40125924648045, 40.181646128262386]}, "properties": {"SGL": 232, "PGC_REGION": 2}}, {"type": "Feature", "geometry": {"type": "Point", "coordinates": [-80.4021353705855, 40.17894604276715]}, "properties": {"SGL": 232, "PGC_REGION": 2}}, {"type": "Feature", "geometry": {"type": "Point", "coordinates": [-80.38976200785393, 40.19554128745336]}, "properties": {"SGL": 232, "PGC_REGION": 2}}, {"type": "Feature", "geometry": {"type": "Point", "coordinates": [-80.38758138336577, 40.197172399945735]}, "properties": {"SGL": 232, "PGC_REGION": 2}}, {"type": "Feature", "geometry": {"type": "Point", "coordinates": [-80.40690453253896, 40.19003887725004]}, "properties": {"SGL": 232, "PGC_REGION": 2}}, {"type": "Feature", "geometry": {"type": "Point", "coordinates": [-80.4088973347353, 40.192160151646895]}, "properties": {"SGL": 232, "PGC_REGION": 2}}, {"type": "Feature", "geometry": {"type": "Point", "coordinates": [-80.40624980932644, 40.19718098316828]}, "properties": {"SGL": 232, "PGC_REGION": 2}}, {"type": "Feature", "geometry": {"type": "Point", "coordinates": [-80.42707935419625, 40.19316790435732]}, "properties": {"SGL": 232, "PGC_REGION": 2}}, {"type": "Feature", "geometry": {"type": "Point", "coordinates": [-80.45012508109446, 40.189367672535816]}, "properties": {"SGL": 232, "PGC_REGION": 2}}, {"type": "Feature", "geometry": {"type": "Point", "coordinates": [-80.4432169044421, 40.19135688005184]}, "properties": {"SGL": 232, "PGC_REGION": 2}}, {"type": "Feature", "geometry": {"type": "Point", "coordinates": [-80.4265817069767, 40.16849081028433]}, "properties": {"SGL": 232, "PGC_REGION": 2}}, {"type": "Feature", "geometry": {"type": "Point", "coordinates": [-80.41067956043236, 40.16741981263954]}, "properties": {"SGL": 232, "PGC_REGION": 2}}, {"type": "Feature", "geometry": {"type": "Point", "coordinates": [-80.38387418819528, 40.16458569875363]}, "properties": {"SGL": 232, "PGC_REGION": 2}}, {"type": "Feature", "geometry": {"type": "Point", "coordinates": [-80.38789078966231, 40.170632119743104]}, "properties": {"SGL": 232, "PGC_REGION": 2}}, {"type": "Feature", "geometry": {"type": "Point", "coordinates": [-80.40837074115791, 40.18146355924914]}, "properties": {"SGL": 232, "PGC_REGION": 2}}, {"type": "Feature", "geometry": {"type": "Point", "coordinates": [-80.40831774909493, 40.176101141883485]}, "properties": {"SGL": 232, "PGC_REGION": 2}}, {"type": "Feature", "geometry": {"type": "Point", "coordinates": [-80.45346949384854, 40.18135857131967]}, "properties": {"SGL": 232, "PGC_REGION": 2}}, {"type": "Feature", "geometry": {"type": "Point", "coordinates": [-80.33435518471026, 40.05758104462784]}, "properties": {"SGL": 245, "PGC_REGION": 2}}, {"type": "Feature", "geometry": {"type": "Point", "coordinates": [-80.40538433859278, 40.0772778735931]}, "properties": {"SGL": 245, "PGC_REGION": 2}}, {"type": "Feature", "geometry": {"type": "Point", "coordinates": [-80.33206687131339, 40.06530134016418]}, "properties": {"SGL": 245, "PGC_REGION": 2}}, {"type": "Feature", "geometry": {"type": "Point", "coordinates": [-80.33681273823565, 40.065744473788726]}, "properties": {"SGL": 245, "PGC_REGION": 2}}, {"type": "Feature", "geometry": {"type": "Point", "coordinates": [-80.34205720475275, 40.066332874010335]}, "properties": {"SGL": 245, "PGC_REGION": 2}}, {"type": "Feature", "geometry": {"type": "Point", "coordinates": [-80.34671167171804, 40.06635714022149]}, "properties": {"SGL": 245, "PGC_REGION": 2}}, {"type": "Feature", "geometry": {"type": "Point", "coordinates": [-80.35188773842772, 40.06626814037397]}, "properties": {"SGL": 245, "PGC_REGION": 2}}, {"type": "Feature", "geometry": {"type": "Point", "coordinates": [-80.35465713850658, 40.06542187355045]}, "properties": {"SGL": 245, "PGC_REGION": 2}}, {"type": "Feature", "geometry": {"type": "Point", "coordinates": [-80.35577493771414, 40.065644207538526]}, "properties": {"SGL": 245, "PGC_REGION": 2}}, {"type": "Feature", "geometry": {"type": "Point", "coordinates": [-80.34213193805482, 40.073415207349946]}, "properties": {"SGL": 245, "PGC_REGION": 2}}, {"type": "Feature", "geometry": {"type": "Point", "coordinates": [-80.40166693790047, 40.08123900681325]}, "properties": {"SGL": 245, "PGC_REGION": 2}}, {"type": "Feature", "geometry": {"type": "Point", "coordinates": [-80.40652873815006, 40.080156073364996]}, "properties": {"SGL": 245, "PGC_REGION": 2}}, {"type": "Feature", "geometry": {"type": "Point", "coordinates": [-80.40958073762756, 40.07862100664879]}, "properties": {"SGL": 245, "PGC_REGION": 2}}, {"type": "Feature", "geometry": {"type": "Point", "coordinates": [-80.4144626718319, 40.07653587391532]}, "properties": {"SGL": 245, "PGC_REGION": 2}}, {"type": "Feature", "geometry": {"type": "Point", "coordinates": [-80.41867420430536, 40.07299087325204]}, "properties": {"SGL": 245, "PGC_REGION": 2}}, {"type": "Feature", "geometry": {"type": "Point", "coordinates": [-80.4344307378787, 40.07279767387789]}, "properties": {"SGL": 245, "PGC_REGION": 2}}, {"type": "Feature", "geometry": {"type": "Point", "coordinates": [-80.4273961386124, 40.09419260731501]}, "properties": {"SGL": 245, "PGC_REGION": 2}}, {"type": "Feature", "geometry": {"type": "Point", "coordinates": [-80.40232613792287, 40.086123940714536]}, "properties": {"SGL": 245, "PGC_REGION": 2}}, {"type": "Feature", "geometry": {"type": "Point", "coordinates": [-80.4038224720738, 40.0779456734677]}, "properties": {"SGL": 245, "PGC_REGION": 2}}, {"type": "Feature", "geometry": {"type": "Point", "coordinates": [-80.4567720046941, 40.06601027319251]}, "properties": {"SGL": 245, "PGC_REGION": 2}}, {"type": "Feature", "geometry": {"type": "Point", "coordinates": [-80.43517593798578, 40.036503207263046]}, "properties": {"SGL": 245, "PGC_REGION": 2}}, {"type": "Feature", "geometry": {"type": "Point", "coordinates": [-80.43677420417501, 40.04266920673935]}, "properties": {"SGL": 245, "PGC_REGION": 2}}, {"type": "Feature", "geometry": {"type": "Point", "coordinates": [-80.43556227121245, 40.0439662065973]}, "properties": {"SGL": 245, "PGC_REGION": 2}}, {"type": "Feature", "geometry": {"type": "Point", "coordinates": [-80.44225020540881, 40.05131954050944]}, "properties": {"SGL": 245, "PGC_REGION": 2}}, {"type": "Feature", "geometry": {"type": "Point", "coordinates": [-80.38682513820592, 40.0303450069238]}, "properties": {"SGL": 245, "PGC_REGION": 2}}]}