{"type":"FeatureCollection","features":[{"type":"Feature","geometry":{"type":"MultiPolygon","coordinates":[[[[-76.70161,41.57126],[-76.69675,41.57134],[-76.69706,41.57701],[-76.70563,41.57675],[-76.70524,41.5712],[-76.70161,41.57126]]],[[[-76.61678,41.67663],[-76.61286,41.68134],[-76.61316,41.68415],[-76.61642,41.68313],[-76.61606,41.67874],[-76.61693,41.67796],[-76.61982,41.67662],[-76.62189,41.67721],[-76.62498,41.67668],[-76.62532,41.67622],[-76.62911,41.6754],[-76.63084,41.67423],[-76.64019,41.67828],[-76.64358,41.67341],[-76.64655,41.67396],[-76.64944,41.6717],[-76.64932,41.67077],[-76.65036,41.67095],[-76.65044,41.67173],[-76.65168,41.67205],[-76.65274,41.67106],[-76.65205,41.67074],[-76.65495,41.66895],[-76.65648,41.66923],[-76.6565,41.66993],[-76.65757,41.67071],[-76.65978,41.67038],[-76.66361,41.66896],[-76.66587,41.66939],[-76.67054,41.66776],[-76.67257,41.66781],[-76.67465,41.66506],[-76.68043,41.66493],[-76.68297,41.66366],[-76.68265,41.65574],[-76.69703,41.65539],[-76.69672,41.65105],[-76.70168,41.65098],[-76.70187,41.65842],[-76.7075,41.65677],[-76.70701,41.63976],[-76.72598,41.63599],[-76.72598,41.63359],[-76.74964,41.63304],[-76.74949,41.62738],[-76.74364,41.62744],[-76.74362,41.62677],[-76.73786,41.62685],[-76.73764,41.61902],[-76.74319,41.61891],[-76.74311,41.61661],[-76.74452,41.61635],[-76.74519,41.61418],[-76.75443,41.61409],[-76.75448,41.60938],[-76.76547,41.60923],[-76.76537,41.6049],[-76.77329,41.60476],[-76.77322,41.59827],[-76.78029,41.59822],[-76.78027,41.59494],[-76.79193,41.59475],[-76.79226,41.59631],[-76.79195,41.59715],[-76.79616,41.5971],[-76.7962,41.59827],[-76.79752,41.59825],[-76.79754,41.59973],[-76.81364,41.5994],[-76.81343,41.59118],[-76.82173,41.5912],[-76.81029,41.58979],[-76.81037,41.58818],[-76.80537,41.5883],[-76.80535,41.5868],[-76.79818,41.58681],[-76.7982,41.58826],[-76.79592,41.58828],[-76.79592,41.58898],[-76.79247,41.58898],[-76.79194,41.59279],[-76.78763,41.59279],[-76.78701,41.5822],[-76.7724,41.58267],[-76.77699,41.58139],[-76.78038,41.58169],[-76.78146,41.5814],[-76.78267,41.58004],[-76.78321,41.57705],[-76.78571,41.57465],[-76.78288,41.57693],[-76.78222,41.58018],[-76.78086,41.58135],[-76.77737,41.58107],[-76.7717,41.58269],[-76.76529,41.58288],[-76.76543,41.58402],[-76.75766,41.58398],[-76.69377,41.57889],[-76.69367,41.57747],[-76.6868,41.57778],[-76.68642,41.57317],[-76.69166,41.57316],[-76.69166,41.56897],[-76.68477,41.56896],[-76.68947,41.56324],[-76.67857,41.55918],[-76.67088,41.56852],[-76.68303,41.57269],[-76.67944,41.57793],[-76.66591,41.57707],[-76.66191,41.57673],[-76.66312,41.57156],[-76.66107,41.57143],[-76.66056,41.5684],[-76.65162,41.57062],[-76.64796,41.57554],[-76.64209,41.57327],[-76.64532,41.56882],[-76.64504,41.56791],[-76.641,41.56614],[-76.63979,41.56703],[-76.63611,41.56757],[-76.63782,41.56459],[-76.63412,41.56284],[-76.63041,41.56896],[-76.63926,41.57215],[-76.63558,41.5777],[-76.64421,41.58108],[-76.63759,41.58883],[-76.62639,41.60553],[-76.61061,41.59951],[-76.60487,41.60841],[-76.63532,41.62059],[-76.60997,41.65702],[-76.62517,41.66244],[-76.62374,41.66388],[-76.62483,41.66377],[-76.6253,41.66562],[-76.62571,41.66549],[-76.62567,41.66654],[-76.62615,41.66681],[-76.62222,41.67174],[-76.62121,41.67132],[-76.61678,41.67663]],[[-76.69732,41.63967],[-76.70066,41.64593],[-76.69771,41.64771],[-76.69601,41.64722],[-76.69562,41.6459],[-76.69308,41.64295],[-76.69636,41.63892],[-76.6969,41.63888],[-76.69732,41.63967]],[[-76.6565,41.62861],[-76.65021,41.63798],[-76.64118,41.63488],[-76.64357,41.6314],[-76.6459,41.63272],[-76.64703,41.63292],[-76.64919,41.63275],[-76.65122,41.632],[-76.65398,41.62965],[-76.65576,41.62682],[-76.65866,41.62544],[-76.65825,41.62603],[-76.6565,41.62861]],[[-76.64705,41.63264],[-76.64565,41.63231],[-76.64377,41.63112],[-76.65024,41.6217],[-76.66127,41.6216],[-76.65918,41.62466],[-76.65548,41.62664],[-76.65367,41.62949],[-76.65187,41.63122],[-76.64818,41.63266],[-76.64705,41.63264]],[[-76.73748,41.61033],[-76.73782,41.61378],[-76.73184,41.6141],[-76.73164,41.61053],[-76.7322,41.61023],[-76.73745,41.61008],[-76.73748,41.61033]],[[-76.7341,41.59841],[-76.73445,41.60087],[-76.73089,41.60096],[-76.73089,41.60209],[-76.72573,41.60224],[-76.72555,41.59806],[-76.73402,41.59781],[-76.7341,41.59841]]]]},"properties":{"SGL":12,"NAME":"012","ACRES":24598.7955676,"PGC_REGION":5}},{"type":"Feature","geometry":{"type":"Polygon","coordinates":[[[-79.24889,41.45017],[-79.27983,41.47372],[-79.31288,41.44948],[-79.31484,41.45102],[-79.33652,41.43517],[-79.33655,41.43249],[-79.32716,41.43234],[-79.32705,41.42291],[-79.33677,41.4231],[-79.33674,41.42192],[-79.33993,41.42189],[-79.33993,41.41443],[-79.34269,41.41449],[-79.34259,41.40854],[-79.34518,41.40858],[-79.34534,41.4011],[-79.322,41.4008],[-79.32163,41.41673],[-79.31278,41.41652],[-79.31269,41.42072],[-79.31049,41.4223],[-79.2991,41.42227],[-79.29936,41.41264],[-79.2941,41.41258],[-79.29405,41.41619],[-79.29584,41.41618],[-79.29576,41.42227],[-79.29035,41.42226],[-79.29203,41.43184],[-79.25144,41.43147],[-79.25174,41.43711],[-79.24348,41.43827],[-79.24167,41.43553],[-79.24548,41.43485],[-79.24546,41.43137],[-79.23991,41.43132],[-79.23989,41.43329],[-79.23294,41.4332],[-79.23301,41.43122],[-79.2321,41.43123],[-79.2325,41.4242],[-79.22973,41.42426],[-79.22976,41.42655],[-79.22743,41.42653],[-79.22739,41.42825],[-79.2182,41.42808],[-79.21829,41.42403],[-79.21971,41.42399],[-79.21976,41.4214],[-79.21131,41.42123],[-79.21126,41.42201],[-79.21306,41.42476],[-79.21285,41.43095],[-79.20628,41.43086],[-79.20622,41.43274],[-79.1963,41.43255],[-79.21824,41.44975],[-79.23361,41.43853],[-79.24765,41.44922],[-79.24889,41.45017]]]},"properties":{"SGL":24,"NAME":"024","ACRES":8584.99237611,"PGC_REGION":1}},{"type":"Feature","geometry":{"type":"MultiPolygon","coordinates":[[[[-78.62051,40.28488],[-78.61634,40.28493],[-78.61778,40.28643],[-78.62644,40.28822],[-78.62772,40.28863],[-78.62797,40.28906],[-78.63164,40.289],[-78.63145,40.28474],[-78.62051,40.28488]]],[[[-78.63018,40.34244],[-78.6341,40.34256],[-78.63412,40.32949],[-78.62723,40.32928],[-78.62729,40.32729],[-78.6369,40.32733],[-78.63692,40.32419],[-78.64449,40.32412],[-78.64677,40.32191],[-78.6468,40.30935],[-78.63741,40.30932],[-78.63669,40.30797],[-78.64095,40.30497],[-78.63936,40.29922],[-78.64701,40.29921],[-78.64688,40.3018],[-78.67729,40.30184],[-78.67853,40.28369],[-78.67943,40.25882],[-78.68019,40.25889],[-78.68003,40.24274],[-78.6688,40.24253],[-78.66875,40.23503],[-78.65712,40.23503],[-78.65731,40.24087],[-78.64542,40.24104],[-78.64549,40.25097],[-78.62888,40.25092],[-78.62852,40.27262],[-78.60746,40.27311],[-78.60745,40.28002],[-78.63401,40.28022],[-78.63384,40.29587],[-78.6331,40.29585],[-78.63312,40.2965],[-78.62406,40.29647],[-78.6233,40.29719],[-78.61724,40.29723],[-78.61714,40.29484],[-78.6163,40.29479],[-78.61627,40.28961],[-78.61557,40.28515],[-78.61526,40.28519],[-78.61445,40.28287],[-78.61201,40.28289],[-78.61294,40.28984],[-78.61236,40.28986],[-78.61232,40.29315],[-78.6101,40.29328],[-78.61,40.29424],[-78.60329,40.29417],[-78.60328,40.29504],[-78.60372,40.29506],[-78.60371,40.29559],[-78.60295,40.29559],[-78.60294,40.29419],[-78.59472,40.29408],[-78.59458,40.29178],[-78.59266,40.29277],[-78.58664,40.29356],[-78.58719,40.2942],[-78.58622,40.29445],[-78.58435,40.29428],[-78.58289,40.29541],[-78.58322,40.29655],[-78.58254,40.29882],[-78.59044,40.30966],[-78.57977,40.31403],[-78.57965,40.31761],[-78.58142,40.31766],[-78.59199,40.31539],[-78.59304,40.31607],[-78.59421,40.31865],[-78.5896,40.32504],[-78.58668,40.32582],[-78.58404,40.3237],[-78.58259,40.32309],[-78.57899,40.324],[-78.57983,40.32478],[-78.58309,40.32591],[-78.58282,40.3271],[-78.58191,40.327],[-78.58141,40.3277],[-78.57938,40.32636],[-78.57913,40.32654],[-78.57774,40.32441],[-78.57263,40.32437],[-78.56805,40.32327],[-78.56711,40.3245],[-78.56787,40.32477],[-78.56755,40.32518],[-78.56678,40.32494],[-78.56616,40.3257],[-78.57267,40.32751],[-78.57269,40.33116],[-78.57682,40.33123],[-78.57259,40.3402],[-78.58235,40.34021],[-78.58185,40.33781],[-78.58212,40.33638],[-78.58148,40.33522],[-78.58435,40.33471],[-78.58429,40.33212],[-78.58813,40.33216],[-78.58803,40.33087],[-78.59267,40.33079],[-78.59388,40.32919],[-78.59993,40.32883],[-78.60056,40.32943],[-78.61858,40.32918],[-78.61801,40.34248],[-78.62948,40.34242],[-78.63018,40.34244]]]]},"properties":{"SGL":26,"NAME":"026","ACRES":12346.5704457,"PGC_REGION":4}},{"type":"Feature","geometry":{"type":"Polygon","coordinates":[[[-78.89655,41.46123],[-78.89642,41.4692],[-78.89731,41.48392],[-78.89746,41.49899],[-78.92988,41.49901],[-78.93015,41.48455],[-78.95895,41.48452],[-78.95898,41.46862],[-78.96304,41.46858],[-78.96307,41.46109],[-78.97649,41.46112],[-78.97737,41.40773],[-78.94628,41.40735],[-78.94625,41.40934],[-78.93809,41.4093],[-78.93812,41.40167],[-78.94084,41.4017],[-78.94274,41.3996],[-78.93472,41.39768],[-78.93463,41.39866],[-78.93238,41.39806],[-78.93291,41.40033],[-78.93206,41.40102],[-78.92905,41.4017],[-78.92542,41.40162],[-78.92447,41.40105],[-78.92255,41.3988],[-78.91973,41.39345],[-78.91661,41.39385],[-78.91767,41.39395],[-78.91661,41.39437],[-78.91661,41.41794],[-78.92599,41.41775],[-78.92634,41.42366],[-78.92826,41.42368],[-78.92822,41.45385],[-78.89667,41.4539],[-78.89657,41.45992],[-78.89655,41.46123]],[[-78.95659,41.43781],[-78.94716,41.43797],[-78.94698,41.42315],[-78.95923,41.42296],[-78.95915,41.43777],[-78.9574,41.4378],[-78.95659,41.43781]],[[-78.9381,41.41415],[-78.93977,41.41441],[-78.93907,41.41683],[-78.93732,41.41655],[-78.93801,41.41413],[-78.9381,41.41415]],[[-78.93701,41.41007],[-78.93795,41.41196],[-78.94053,41.41369],[-78.9373,41.41321],[-78.93521,41.41032],[-78.93424,41.40973],[-78.93398,41.40809],[-78.93436,41.40697],[-78.93514,41.40698],[-78.93493,41.4065],[-78.93566,41.40651],[-78.93588,41.407],[-78.93757,41.40702],[-78.93764,41.40822],[-78.9365,41.40823],[-78.93661,41.40925],[-78.93701,41.41007]],[[-78.93359,41.40714],[-78.93342,41.40758],[-78.93305,41.40754],[-78.93331,41.4062],[-78.9338,41.40624],[-78.93373,41.40675],[-78.93359,41.40714]],[[-78.93313,41.40642],[-78.93306,41.40715],[-78.93196,41.40734],[-78.93256,41.4069],[-78.93259,41.40637],[-78.93313,41.40642]],[[-78.93351,41.40329],[-78.93363,41.40379],[-78.9333,41.40381],[-78.93308,41.40306],[-78.93337,41.40299],[-78.93351,41.40329]],[[-78.93334,41.40292],[-78.93283,41.40256],[-78.93314,41.40248],[-78.93334,41.40292]],[[-78.92355,41.40281],[-78.92223,41.4016],[-78.92317,41.40062],[-78.92472,41.40172],[-78.9245,41.40193],[-78.92355,41.40281]],[[-78.92272,41.40055],[-78.92306,41.40022],[-78.92294,41.40046],[-78.92272,41.40055]],[[-78.93019,41.40177],[-78.93117,41.40134],[-78.9302,41.40179],[-78.93019,41.40177]],[[-78.93155,41.40129],[-78.932,41.40143],[-78.93165,41.40151],[-78.93155,41.40129]],[[-78.93262,41.4015],[-78.93276,41.40079],[-78.9331,41.40107],[-78.93271,41.40152],[-78.93262,41.4015]],[[-78.93294,41.40145],[-78.93369,41.40227],[-78.9334,41.4024],[-78.93283,41.40159],[-78.93294,41.40145]],[[-78.93297,41.40215],[-78.93278,41.40246],[-78.93286,41.40205],[-78.93297,41.40215]],[[-78.93205,41.40214],[-78.9316,41.40177],[-78.93213,41.40208],[-78.93205,41.40214]],[[-78.93219,41.40184],[-78.93255,41.40176],[-78.93254,41.40211],[-78.93219,41.40184]],[[-78.93304,41.40203],[-78.93288,41.40168],[-78.93309,41.40208],[-78.93304,41.40203]],[[-78.92275,41.39971],[-78.92238,41.39991],[-78.92215,41.39963],[-78.92243,41.39949],[-78.92275,41.39971]],[[-78.92057,41.39513],[-78.92063,41.39605],[-78.92008,41.39491],[-78.92045,41.39482],[-78.92057,41.39513]],[[-78.91815,41.39483],[-78.91877,41.39526],[-78.91762,41.39503],[-78.9181,41.39482],[-78.91815,41.39483]],[[-78.91749,41.39501],[-78.91698,41.39475],[-78.91752,41.39475],[-78.91749,41.39501]],[[-78.918,41.39466],[-78.91772,41.39463],[-78.91802,41.39436],[-78.918,41.39466]],[[-78.91684,41.39462],[-78.91729,41.39434],[-78.91725,41.3946],[-78.91684,41.39462]],[[-78.91959,41.39426],[-78.92012,41.39422],[-78.9197,41.39445],[-78.91959,41.39426]],[[-78.91915,41.3937],[-78.91907,41.394],[-78.91875,41.39369],[-78.91915,41.3937]]]},"properties":{"SGL":28,"NAME":"028","ACRES":11268.2135989,"PGC_REGION":3}},{"type":"Feature","geometry":{"type":"Polygon","coordinates":[[[-79.22363,41.76772],[-79.23048,41.76777],[-79.23053,41.7478],[-79.23366,41.75099],[-79.25901,41.73256],[-79.23052,41.71118],[-79.23061,41.68728],[-79.21075,41.68726],[-79.21074,41.68687],[-79.20081,41.68678],[-79.2009,41.67854],[-79.19092,41.67851],[-79.19073,41.68682],[-79.18041,41.68677],[-79.17972,41.74377],[-79.19015,41.74373],[-79.19012,41.75177],[-79.17959,41.75977],[-79.22062,41.75965],[-79.22047,41.7677],[-79.22352,41.76772],[-79.22363,41.76772]]]},"properties":{"SGL":29,"NAME":"029","ACRES":9830.90655011,"PGC_REGION":1}},{"type":"Feature","geometry":{"type":"MultiPolygon","coordinates":[[[[-78.29947,41.66176],[-78.33035,41.66165],[-78.33037,41.65833],[-78.3714,41.65822],[-78.37101,41.65775],[-78.37179,41.65744],[-78.3722,41.65791],[-78.37158,41.65821],[-78.39021,41.6582],[-78.39013,41.65475],[-78.40249,41.65469],[-78.4021,41.64182],[-78.41313,41.64163],[-78.41287,41.61708],[-78.26976,41.61801],[-78.27199,41.62102],[-78.27573,41.62236],[-78.28052,41.62627],[-78.2809,41.62856],[-78.28261,41.63136],[-78.2863,41.63151],[-78.28989,41.63279],[-78.2907,41.63427],[-78.28973,41.63796],[-78.28751,41.63959],[-78.2859,41.64212],[-78.28387,41.64282],[-78.28247,41.64389],[-78.2843,41.64544],[-78.28612,41.649],[-78.28824,41.65024],[-78.28874,41.65344],[-78.29146,41.65465],[-78.2993,41.65462],[-78.29947,41.66176]]],[[[-78.37641,41.66232],[-78.3767,41.66266],[-78.37693,41.66231],[-78.37641,41.66232]]]]},"properties":{"SGL":30,"NAME":"030","ACRES":11653.804723,"PGC_REGION":3}},{"type":"Feature","geometry":{"type":"MultiPolygon","coordinates":[[[[-79.00953,41.0622],[-79.0094,41.06705],[-79.0224,41.06708],[-79.02234,41.06134],[-79.01638,41.06142],[-79.01643,41.05919],[-79.02822,41.0592],[-79.02825,41.05088],[-79.05869,41.05134],[-79.05976,41.04918],[-79.05815,41.04466],[-79.05695,41.04468],[-79.05695,41.04413],[-79.05574,41.04361],[-79.0533,41.04132],[-79.04523,41.04385],[-79.04806,41.04661],[-79.04643,41.0473],[-79.03671,41.04752],[-79.03647,41.047],[-79.03694,41.04619],[-79.03652,41.04513],[-79.03662,41.04327],[-79.03411,41.04164],[-79.03293,41.04132],[-79.03127,41.03914],[-79.03137,41.03659],[-79.0366,41.0367],[-79.03701,41.02945],[-79.0432,41.02945],[-79.04322,41.02745],[-79.03842,41.02765],[-79.03847,41.02466],[-79.04278,41.02458],[-79.04216,41.02412],[-79.04254,41.02296],[-79.04228,41.0226],[-79.04298,41.02143],[-79.04498,41.01974],[-79.04509,41.01894],[-79.04692,41.01764],[-79.04708,41.01528],[-79.04611,41.01528],[-79.04579,41.0128],[-79.04157,41.01279],[-79.03736,41.01089],[-79.03737,41.00857],[-79.02797,41.00847],[-79.02766,41.01822],[-79.03303,41.01821],[-79.03293,41.02226],[-79.02756,41.02224],[-79.02755,41.02311],[-79.01833,41.02306],[-79.01847,41.01751],[-79.01722,41.01713],[-79.01595,41.0175],[-79.01473,41.01574],[-79.00918,41.01731],[-79.00926,41.015],[-79.00104,41.01487],[-79.00093,41.01598],[-78.99785,41.016],[-78.99775,41.02562],[-78.9871,41.02561],[-78.98708,41.02875],[-78.98652,41.02876],[-78.98598,41.0317],[-78.98714,41.03178],[-78.98684,41.03374],[-78.99299,41.03376],[-78.99295,41.03791],[-78.99119,41.04286],[-78.9854,41.04722],[-78.97618,41.04712],[-78.97622,41.05064],[-78.99532,41.05051],[-78.99531,41.05913],[-79.00962,41.05915],[-79.00961,41.05948],[-79.00953,41.0622]]],[[[-78.99378,41.0591],[-78.98906,41.05913],[-78.9892,41.06754],[-78.99374,41.06752],[-78.99373,41.06705],[-78.99476,41.06704],[-78.99458,41.0591],[-78.99378,41.0591]]]]},"properties":{"SGL":31,"NAME":"031","ACRES":5156.33313297,"PGC_REGION":1}},{"type":"Feature","geometry":{"type":"MultiPolygon","coordinates":[[[[-78.33686,41.2068],[-78.34197,41.2068],[-78.34194,41.19205],[-78.3063,41.19202],[-78.30625,41.20682],[-78.33196,41.20681],[-78.33686,41.2068]]],[[[-78.27024,41.21816],[-78.27039,41.20646],[-78.20118,41.20599],[-78.20102,41.22055],[-78.2702,41.22087],[-78.27024,41.21816]]],[[[-78.27022,41.22508],[-78.27035,41.25057],[-78.34169,41.25066],[-78.34202,41.22147],[-78.2702,41.22087],[-78.27022,41.22508]]],[[[-78.34169,41.26737],[-78.34161,41.27924],[-78.3778,41.2795],[-78.37794,41.26515],[-78.3417,41.26504],[-78.34169,41.26737]]],[[[-78.47562,41.27973],[-78.47645,41.27956],[-78.47747,41.27856],[-78.47658,41.27456],[-78.47748,41.272],[-78.48121,41.26992],[-78.48387,41.26957],[-78.48475,41.26879],[-78.48586,41.26881],[-78.48445,41.2684],[-78.48732,41.2649],[-78.4634,41.26509],[-78.4634,41.26562],[-78.4617,41.26563],[-78.46134,41.26737],[-78.45721,41.26935],[-78.45625,41.27138],[-78.45469,41.27259],[-78.45494,41.27444],[-78.45391,41.27668],[-78.4563,41.27869],[-78.45839,41.27933],[-78.45819,41.27885],[-78.45867,41.27773],[-78.4606,41.27583],[-78.46195,41.27517],[-78.46522,41.27472],[-78.46739,41.27608],[-78.46824,41.27735],[-78.47143,41.27771],[-78.47481,41.27968],[-78.47562,41.27973]]]]},"properties":{"SGL":34,"NAME":"034","ACRES":10223.6041003,"PGC_REGION":3}},{"type":"Feature","geometry":{"type":"MultiPolygon","coordinates":[[[[-76.57612,41.61361],[-76.57794,41.61429],[-76.58095,41.60999],[-76.57452,41.60766],[-76.57173,41.61199],[-76.57532,41.61331],[-76.57612,41.61361]]],[[[-76.45974,41.68174],[-76.45951,41.68156],[-76.45971,41.68172],[-76.45974,41.68174]]],[[[-76.46019,41.68637],[-76.46106,41.68634],[-76.46019,41.68637]]],[[[-76.48686,41.68913],[-76.48684,41.69024],[-76.49436,41.69031],[-76.49441,41.69122],[-76.49937,41.68605],[-76.49683,41.65949],[-76.50181,41.66122],[-76.5076,41.65234],[-76.5163,41.65562],[-76.52464,41.63778],[-76.5424,41.64429],[-76.55579,41.62639],[-76.53437,41.61817],[-76.53111,41.62317],[-76.52,41.62458],[-76.5199,41.62299],[-76.52569,41.6156],[-76.51465,41.6115],[-76.52372,41.59871],[-76.52175,41.59796],[-76.52417,41.59446],[-76.51264,41.59062],[-76.50674,41.59687],[-76.51265,41.59918],[-76.5029,41.6142],[-76.49663,41.6248],[-76.50002,41.62569],[-76.49477,41.63642],[-76.49074,41.63497],[-76.48731,41.63633],[-76.48544,41.63666],[-76.48334,41.63787],[-76.48034,41.63881],[-76.47884,41.64017],[-76.47825,41.64154],[-76.45516,41.6334],[-76.45662,41.63628],[-76.45653,41.64027],[-76.45801,41.64183],[-76.45831,41.64291],[-76.45743,41.64522],[-76.47239,41.65005],[-76.46692,41.6502],[-76.46686,41.65884],[-76.46847,41.68082],[-76.46126,41.6811],[-76.46295,41.68577],[-76.46323,41.68845],[-76.46298,41.68955],[-76.47805,41.68947],[-76.4782,41.68278],[-76.48276,41.68267],[-76.48283,41.68866],[-76.48688,41.68859],[-76.48686,41.68913]]],[[[-76.60759,41.60418],[-76.61501,41.59301],[-76.6229,41.58206],[-76.60513,41.57502],[-76.60216,41.57906],[-76.61066,41.58219],[-76.60339,41.59305],[-76.59468,41.58984],[-76.58715,41.60069],[-76.58278,41.59906],[-76.57897,41.60528],[-76.58314,41.60689],[-76.58242,41.60756],[-76.58532,41.60874],[-76.58338,41.61144],[-76.58513,41.61205],[-76.58344,41.61441],[-76.58459,41.61483],[-76.58353,41.61647],[-76.58664,41.61771],[-76.5836,41.62203],[-76.57493,41.61886],[-76.56678,41.63096],[-76.57331,41.63347],[-76.55012,41.66784],[-76.54141,41.66466],[-76.53593,41.67326],[-76.53454,41.67283],[-76.53521,41.67905],[-76.53763,41.67972],[-76.53855,41.67896],[-76.53872,41.67824],[-76.54283,41.68091],[-76.53742,41.68578],[-76.53802,41.69155],[-76.55362,41.69046],[-76.55329,41.6804],[-76.57861,41.69004],[-76.57862,41.68926],[-76.59126,41.68748],[-76.59452,41.68236],[-76.59614,41.68273],[-76.59796,41.68164],[-76.59806,41.67888],[-76.59702,41.67846],[-76.60476,41.66576],[-76.59822,41.65387],[-76.60183,41.65293],[-76.60626,41.66103],[-76.60696,41.66135],[-76.63532,41.62059],[-76.60487,41.60841],[-76.59871,41.61689],[-76.59674,41.61611],[-76.60283,41.60755],[-76.60487,41.60841],[-76.60759,41.60418]],[[-76.60908,41.63495],[-76.60859,41.63477],[-76.60898,41.63433],[-76.60977,41.63469],[-76.60942,41.63508],[-76.60908,41.63495]]]]},"properties":{"SGL":36,"NAME":"036","ACRES":18920.993959,"PGC_REGION":5}},{"type":"Feature","geometry":{"type":"MultiPolygon","coordinates":[[[[-77.1277,41.83711],[-77.12774,41.83816],[-77.1292,41.83932],[-77.12998,41.83948],[-77.13117,41.83863],[-77.13115,41.83711],[-77.1277,41.83711]]],[[[-77.12687,41.86993],[-77.12795,41.87199],[-77.12762,41.87443],[-77.12902,41.87715],[-77.13693,41.87761],[-77.14335,41.88315],[-77.14291,41.88576],[-77.14537,41.88607],[-77.14449,41.89259],[-77.1453,41.89278],[-77.15978,41.89024],[-77.17037,41.88977],[-77.16937,41.88173],[-77.1862,41.88062],[-77.18565,41.8758],[-77.1853,41.87514],[-77.18239,41.87514],[-77.18192,41.86918],[-77.17952,41.8692],[-77.17949,41.86728],[-77.20709,41.86808],[-77.20834,41.86553],[-77.21719,41.85828],[-77.21986,41.85855],[-77.21982,41.85673],[-77.21936,41.85672],[-77.21934,41.85567],[-77.21899,41.85568],[-77.21892,41.85215],[-77.21796,41.85223],[-77.21067,41.84752],[-77.21073,41.84553],[-77.22313,41.84553],[-77.22184,41.84276],[-77.21038,41.84263],[-77.21053,41.83552],[-77.19991,41.83554],[-77.19968,41.83213],[-77.2103,41.83209],[-77.21042,41.82607],[-77.21452,41.82611],[-77.2144,41.82353],[-77.21682,41.82348],[-77.21677,41.82216],[-77.20632,41.82232],[-77.20653,41.82749],[-77.20335,41.82757],[-77.20312,41.82155],[-77.19943,41.82166],[-77.19953,41.82473],[-77.18928,41.82478],[-77.18935,41.82936],[-77.17891,41.82943],[-77.17903,41.83339],[-77.17201,41.83337],[-77.17201,41.83079],[-77.15828,41.83085],[-77.15832,41.83366],[-77.14344,41.8334],[-77.1434,41.83279],[-77.14108,41.83287],[-77.1403,41.83325],[-77.13932,41.83298],[-77.14006,41.83396],[-77.13964,41.83543],[-77.13989,41.83707],[-77.1482,41.83688],[-77.14812,41.83929],[-77.15851,41.83892],[-77.15842,41.84363],[-77.13843,41.84404],[-77.13841,41.84332],[-77.13124,41.84336],[-77.13118,41.83934],[-77.12969,41.8404],[-77.12888,41.84024],[-77.12779,41.83912],[-77.12784,41.84026],[-77.11414,41.84149],[-77.11643,41.85104],[-77.11531,41.85139],[-77.1165,41.85287],[-77.11788,41.85592],[-77.11743,41.86238],[-77.12176,41.86566],[-77.12191,41.86683],[-77.12572,41.86772],[-77.12624,41.86873],[-77.12687,41.86993]]],[[[-77.09253,41.9012],[-77.0982,41.90099],[-77.09785,41.89527],[-77.12113,41.895],[-77.1216,41.89183],[-77.13144,41.89169],[-77.13214,41.88818],[-77.13458,41.88824],[-77.13415,41.88652],[-77.13276,41.88479],[-77.1161,41.88385],[-77.11564,41.88652],[-77.10892,41.88683],[-77.11115,41.88512],[-77.11239,41.8831],[-77.09587,41.8838],[-77.09944,41.87858],[-77.10006,41.87487],[-77.09975,41.86969],[-77.09737,41.86868],[-77.09711,41.87082],[-77.09354,41.87112],[-77.09407,41.87977],[-77.07721,41.88021],[-77.0772,41.87901],[-77.07156,41.87916],[-77.07141,41.87516],[-77.06852,41.8752],[-77.06605,41.87143],[-77.05881,41.87177],[-77.05876,41.86794],[-77.05567,41.86806],[-77.05622,41.87433],[-77.04593,41.87474],[-77.0467,41.88306],[-77.0446,41.88313],[-77.0447,41.88468],[-77.04486,41.88571],[-77.04742,41.88561],[-77.04796,41.89381],[-77.06093,41.89335],[-77.0612,41.89797],[-77.06651,41.89786],[-77.06675,41.9008],[-77.08646,41.90009],[-77.08659,41.90091],[-77.09245,41.9006],[-77.09253,41.9012]]]]},"properties":{"SGL":37,"NAME":"037","ACRES":13138.6297513,"PGC_REGION":3}},{"type":"Feature","geometry":{"type":"Polygon","coordinates":[[[-75.36929,41.04628],[-75.37044,41.07041],[-75.38271,41.0701],[-75.38263,41.0673],[-75.4086,41.06673],[-75.40734,41.03738],[-75.40216,41.03752],[-75.40166,41.02768],[-75.419,41.02744],[-75.41976,41.01221],[-75.41987,41.01157],[-75.42126,41.01025],[-75.42542,41.01167],[-75.43477,41.01131],[-75.43575,41.01158],[-75.43613,41.01325],[-75.43538,41.01442],[-75.43455,41.01756],[-75.43376,41.02383],[-75.43421,41.02577],[-75.4345,41.02499],[-75.44763,41.02815],[-75.44747,41.02207],[-75.45038,41.02205],[-75.45019,41.01403],[-75.45334,41.01333],[-75.44556,40.99413],[-75.43979,40.99695],[-75.42897,41.00425],[-75.41574,41.00369],[-75.41358,41.00289],[-75.40984,41.00458],[-75.40998,41.01008],[-75.40605,41.00942],[-75.40653,41.01849],[-75.39375,41.01882],[-75.39356,41.01612],[-75.38951,41.0193],[-75.38986,41.02803],[-75.38208,41.02826],[-75.38233,41.03318],[-75.38072,41.0332],[-75.3808,41.03529],[-75.37795,41.03541],[-75.37949,41.03313],[-75.36853,41.03349],[-75.36929,41.04628]]]},"properties":{"SGL":38,"NAME":"038","ACRES":5618.86382806,"PGC_REGION":5}},{"type":"Feature","geometry":{"type":"Polygon","coordinates":[[[-75.67241,41.10569],[-75.67409,41.1068],[-75.6823,41.10428],[-75.69403,41.1038],[-75.69677,41.10291],[-75.69786,41.1033],[-75.70255,41.10308],[-75.70226,41.09452],[-75.72805,41.09357],[-75.72821,41.09667],[-75.74716,41.09609],[-75.74662,41.08513],[-75.75123,41.08496],[-75.75111,41.08149],[-75.75811,41.0812],[-75.75823,41.0831],[-75.76207,41.0798],[-75.76581,41.07972],[-75.76564,41.07436],[-75.75062,41.07499],[-75.75062,41.06991],[-75.73846,41.07013],[-75.73841,41.06683],[-75.74263,41.06649],[-75.74256,41.06576],[-75.74401,41.06576],[-75.74394,41.06377],[-75.74567,41.06374],[-75.74555,41.0612],[-75.74738,41.06114],[-75.74814,41.06153],[-75.74827,41.06212],[-75.74995,41.06205],[-75.74986,41.05985],[-75.74913,41.05957],[-75.75007,41.05562],[-75.74754,41.0461],[-75.74869,41.04458],[-75.74704,41.04536],[-75.745,41.04257],[-75.75219,41.0393],[-75.75158,41.03695],[-75.75805,41.03566],[-75.75771,41.03492],[-75.75683,41.03396],[-75.7553,41.0334],[-75.75356,41.03358],[-75.74984,41.03479],[-75.74781,41.03405],[-75.74417,41.03385],[-75.74179,41.03204],[-75.73844,41.03472],[-75.74177,41.03505],[-75.7408,41.03593],[-75.73528,41.03731],[-75.73147,41.04058],[-75.7274,41.03769],[-75.7179,41.04551],[-75.73082,41.05443],[-75.69967,41.0553],[-75.70008,41.06648],[-75.70162,41.06579],[-75.70179,41.06498],[-75.703,41.06405],[-75.70614,41.06427],[-75.71767,41.0568],[-75.72023,41.05578],[-75.72238,41.05535],[-75.7266,41.05544],[-75.72684,41.05491],[-75.72723,41.05494],[-75.72692,41.05551],[-75.73061,41.05658],[-75.73157,41.07227],[-75.71938,41.07267],[-75.71947,41.07432],[-75.70091,41.07492],[-75.70144,41.08441],[-75.67114,41.08549],[-75.67152,41.09102],[-75.66676,41.09113],[-75.66615,41.0949],[-75.66349,41.09576],[-75.66381,41.09999],[-75.67241,41.10569]]]},"properties":{"SGL":40,"NAME":"040","ACRES":6202.0514241,"PGC_REGION":5}},{"type":"Feature","geometry":{"type":"MultiPolygon","coordinates":[[[[-78.45013,40.23272],[-78.44728,40.236],[-78.44867,40.2361],[-78.44272,40.25039],[-78.43972,40.25076],[-78.43839,40.2596],[-78.44289,40.25998],[-78.44331,40.25683],[-78.44694,40.24523],[-78.45401,40.22858],[-78.45217,40.22669],[-78.45013,40.23272]]],[[[-78.3842,40.26946],[-78.38509,40.27013],[-78.38478,40.27062],[-78.38708,40.27154],[-78.38884,40.27283],[-78.39249,40.27859],[-78.40649,40.27062],[-78.40718,40.26727],[-78.40771,40.26729],[-78.40901,40.26385],[-78.4122,40.26372],[-78.41297,40.25984],[-78.41078,40.25878],[-78.41155,40.25751],[-78.41117,40.25711],[-78.40846,40.25636],[-78.41268,40.25211],[-78.41373,40.24968],[-78.41524,40.25012],[-78.41212,40.24056],[-78.41393,40.23378],[-78.41192,40.23366],[-78.41107,40.23422],[-78.4093,40.23358],[-78.41079,40.23109],[-78.41072,40.22693],[-78.41113,40.22649],[-78.40304,40.21979],[-78.40616,40.21702],[-78.40479,40.21812],[-78.40273,40.21731],[-78.40238,40.21563],[-78.39853,40.21583],[-78.39521,40.21815],[-78.39424,40.21748],[-78.3918,40.21919],[-78.38896,40.22383],[-78.38564,40.22409],[-78.38895,40.22393],[-78.38934,40.22759],[-78.40121,40.22754],[-78.40286,40.23756],[-78.38412,40.23748],[-78.38542,40.24013],[-78.38504,40.24077],[-78.38147,40.23999],[-78.37921,40.24082],[-78.38211,40.2479],[-78.39084,40.24711],[-78.39797,40.24487],[-78.39891,40.24707],[-78.39384,40.24976],[-78.39342,40.24807],[-78.39416,40.24711],[-78.38094,40.24835],[-78.38006,40.2528],[-78.40447,40.25477],[-78.40611,40.25587],[-78.40501,40.26033],[-78.40563,40.26165],[-78.40768,40.26328],[-78.40799,40.26457],[-78.40751,40.26703],[-78.37978,40.26524],[-78.37914,40.26745],[-78.38135,40.26994],[-78.38199,40.27031],[-78.38283,40.26957],[-78.38414,40.26923],[-78.3842,40.26946]]],[[[-78.44176,40.27975],[-78.44072,40.28236],[-78.44348,40.28298],[-78.44442,40.28001],[-78.44669,40.28052],[-78.44695,40.27888],[-78.44884,40.27934],[-78.4538,40.26637],[-78.44855,40.26542],[-78.44642,40.26853],[-78.44676,40.26882],[-78.44635,40.26863],[-78.44502,40.27006],[-78.44295,40.27124],[-78.44417,40.27236],[-78.44362,40.27262],[-78.44247,40.27165],[-78.44256,40.27611],[-78.44176,40.27975]]],[[[-78.44038,40.28438],[-78.44002,40.28564],[-78.44364,40.28671],[-78.44407,40.28529],[-78.44041,40.2842],[-78.44038,40.28438]]],[[[-78.44716,40.28922],[-78.44619,40.29143],[-78.44718,40.29165],[-78.4482,40.28948],[-78.44716,40.28922]]],[[[-78.43862,40.28973],[-78.43007,40.28727],[-78.42963,40.28879],[-78.43093,40.28909],[-78.43056,40.29023],[-78.43524,40.29079],[-78.43774,40.292],[-78.43831,40.29054],[-78.44407,40.29137],[-78.44436,40.29045],[-78.44253,40.29018],[-78.44278,40.28925],[-78.43891,40.28869],[-78.43865,40.28962],[-78.43862,40.28973]]]]},"properties":{"SGL":41,"NAME":"041","ACRES":2971.99094598,"PGC_REGION":4}},{"type":"Feature","geometry":{"type":"Polygon","coordinates":[[[-79.60187,41.44366],[-79.61362,41.44368],[-79.61344,41.43918],[-79.61829,41.43915],[-79.61834,41.44236],[-79.63235,41.44235],[-79.63329,41.44015],[-79.6354,41.44054],[-79.63564,41.43998],[-79.63601,41.44029],[-79.64064,41.43554],[-79.6443,41.435],[-79.6417,41.42719],[-79.62342,41.4272],[-79.62326,41.4203],[-79.62007,41.42029],[-79.62011,41.42722],[-79.60332,41.42713],[-79.60326,41.43462],[-79.59715,41.43445],[-79.59725,41.42714],[-79.5789,41.42714],[-79.58155,41.42612],[-79.58159,41.42087],[-79.57063,41.4208],[-79.57055,41.42715],[-79.57856,41.42712],[-79.57856,41.438],[-79.58802,41.4381],[-79.58554,41.44364],[-79.60091,41.44366],[-79.60187,41.44366]]]},"properties":{"SGL":47,"NAME":"047","ACRES":2214.51777296,"PGC_REGION":1}},{"type":"Feature","geometry":{"type":"MultiPolygon","coordinates":[[[[-75.95848,40.17316],[-75.95781,40.17319],[-75.95964,40.17368],[-75.95958,40.17285],[-75.95873,40.17263],[-75.95848,40.17316]]],[[[-75.94584,40.17134],[-75.94149,40.17176],[-75.94166,40.17424],[-75.94834,40.17274],[-75.95342,40.17254],[-75.95334,40.17128],[-75.95221,40.17117],[-75.95161,40.17001],[-75.94837,40.17083],[-75.94815,40.16891],[-75.94575,40.17005],[-75.94584,40.17134]]],[[[-75.92492,40.17624],[-75.92868,40.17697],[-75.93295,40.17632],[-75.93266,40.17633],[-75.93241,40.17486],[-75.92632,40.17458],[-75.92512,40.17599],[-75.92492,40.17624]]],[[[-75.96207,40.20359],[-75.96206,40.20445],[-75.96329,40.20483],[-75.96388,40.20567],[-75.96717,40.20547],[-75.96584,40.19682],[-75.9634,40.19702],[-75.95894,40.19654],[-75.95894,40.19567],[-75.95692,40.19562],[-75.95694,40.19774],[-75.95851,40.1979],[-75.95864,40.19852],[-75.95869,40.19881],[-75.95709,40.1986],[-75.95806,40.2014],[-75.95928,40.20084],[-75.95987,40.20162],[-75.96296,40.20191],[-75.96315,40.20244],[-75.96049,40.20302],[-75.96113,40.2033],[-75.96207,40.20359]]],[[[-75.91894,40.20356],[-75.91998,40.20644],[-75.92573,40.20768],[-75.92825,40.20247],[-75.92999,40.20274],[-75.93039,40.20382],[-75.93612,40.20528],[-75.93563,40.20675],[-75.93781,40.2075],[-75.94232,40.20674],[-75.94282,40.20555],[-75.94526,40.20627],[-75.94549,40.20389],[-75.94347,40.20406],[-75.94315,40.2017],[-75.94888,40.20125],[-75.94867,40.20011],[-75.95296,40.19988],[-75.95294,40.19723],[-75.95379,40.19687],[-75.9561,40.19783],[-75.95575,40.19139],[-75.9498,40.19078],[-75.94967,40.18967],[-75.95238,40.18963],[-75.9532,40.18766],[-75.95391,40.1876],[-75.95353,40.18968],[-75.95538,40.19055],[-75.95705,40.19038],[-75.95984,40.18905],[-75.96132,40.18703],[-75.9618,40.18774],[-75.96439,40.18667],[-75.96684,40.18696],[-75.96772,40.18827],[-75.96814,40.18801],[-75.9684,40.18658],[-75.96781,40.18277],[-75.96895,40.1826],[-75.96979,40.1851],[-75.97052,40.1849],[-75.97098,40.1866],[-75.97249,40.18657],[-75.97258,40.18463],[-75.97461,40.18434],[-75.97459,40.18363],[-75.97384,40.1835],[-75.97455,40.1834],[-75.975,40.18259],[-75.97735,40.1818],[-75.97708,40.17986],[-75.97492,40.17802],[-75.9777,40.17662],[-75.97713,40.17459],[-75.97568,40.17454],[-75.97587,40.17387],[-75.97799,40.17406],[-75.97899,40.17366],[-75.97922,40.17268],[-75.97704,40.17205],[-75.97455,40.1724],[-75.96925,40.17456],[-75.96647,40.17506],[-75.96645,40.1764],[-75.96438,40.17651],[-75.96425,40.17505],[-75.95605,40.17328],[-75.95156,40.17298],[-75.94641,40.17366],[-75.93054,40.17731],[-75.92583,40.17704],[-75.92953,40.17774],[-75.93214,40.18044],[-75.93687,40.18026],[-75.93639,40.18096],[-75.94272,40.18053],[-75.9428,40.18263],[-75.91894,40.20356]],[[-75.94685,40.18954],[-75.94332,40.1888],[-75.94353,40.18354],[-75.94749,40.18345],[-75.94685,40.18954]],[[-75.95168,40.18712],[-75.95163,40.18622],[-75.952,40.18602],[-75.95124,40.18529],[-75.95085,40.18353],[-75.95545,40.18351],[-75.95444,40.18644],[-75.95248,40.1868],[-75.95251,40.18718],[-75.95168,40.18712]]]]},"properties":{"SGL":52,"NAME":"052","ACRES":2431.88266132,"PGC_REGION":6}},{"type":"Feature","geometry":{"type":"MultiPolygon","coordinates":[[[[-75.14516,40.51988],[-75.14696,40.51904],[-75.14641,40.51888],[-75.14792,40.51746],[-75.14991,40.51858],[-75.15451,40.51572],[-75.15663,40.51391],[-75.1514,40.51089],[-75.1508,40.51153],[-75.14923,40.50954],[-75.14362,40.51481],[-75.1466,40.51668],[-75.14417,40.51917],[-75.14289,40.5185],[-75.14267,40.51879],[-75.14516,40.51988]],[[-75.15408,40.51257],[-75.1545,40.5127],[-75.15399,40.51344],[-75.1533,40.5133],[-75.15364,40.51244],[-75.15408,40.51257]]],[[[-75.10386,40.52992],[-75.10787,40.5295],[-75.10957,40.52859],[-75.11142,40.5285],[-75.11238,40.52789],[-75.11597,40.52697],[-75.1151,40.52537],[-75.11464,40.52564],[-75.10739,40.52093],[-75.10695,40.52138],[-75.10429,40.51987],[-75.10973,40.5187],[-75.10803,40.51767],[-75.1095,40.51628],[-75.11336,40.51677],[-75.11432,40.51738],[-75.1173,40.51705],[-75.11788,40.51606],[-75.11706,40.51561],[-75.11855,40.51386],[-75.11818,40.51368],[-75.11706,40.51475],[-75.11606,40.51493],[-75.11515,40.51568],[-75.11342,40.51439],[-75.11391,40.51379],[-75.11281,40.51325],[-75.11239,40.5136],[-75.11165,40.51269],[-75.11156,40.51181],[-75.11078,40.51151],[-75.11104,40.51071],[-75.11398,40.51107],[-75.11421,40.51052],[-75.11195,40.50942],[-75.11173,40.5097],[-75.10816,40.50743],[-75.10563,40.50986],[-75.10128,40.50835],[-75.10084,40.50733],[-75.09884,40.50892],[-75.09754,40.50868],[-75.09734,40.5092],[-75.09802,40.51084],[-75.09792,40.5116],[-75.10059,40.51252],[-75.10023,40.51336],[-75.09783,40.5126],[-75.098,40.51456],[-75.09645,40.51567],[-75.09702,40.5189],[-75.09776,40.5192],[-75.09686,40.51978],[-75.0963,40.51951],[-75.09558,40.51984],[-75.09555,40.52049],[-75.09879,40.52224],[-75.09808,40.52279],[-75.09945,40.52501],[-75.09893,40.52554],[-75.10123,40.52676],[-75.1021,40.52981],[-75.10327,40.52979],[-75.10386,40.52992]]],[[[-75.1178,40.53033],[-75.12137,40.53233],[-75.12359,40.53017],[-75.12429,40.5306],[-75.12691,40.52801],[-75.12452,40.52624],[-75.12312,40.52678],[-75.12084,40.52362],[-75.11845,40.52503],[-75.11919,40.52604],[-75.11709,40.52695],[-75.11761,40.529],[-75.1178,40.53033]]],[[[-75.13457,40.54167],[-75.13511,40.54222],[-75.13619,40.54171],[-75.13533,40.54058],[-75.13675,40.53982],[-75.1387,40.54209],[-75.14258,40.53998],[-75.14213,40.53958],[-75.14421,40.53843],[-75.14294,40.53718],[-75.14555,40.53582],[-75.14483,40.53501],[-75.14043,40.53742],[-75.13985,40.53695],[-75.13728,40.5384],[-75.13472,40.53616],[-75.13132,40.53984],[-75.13305,40.54179],[-75.13411,40.54121],[-75.13457,40.54167]]],[[[-75.12144,40.54453],[-75.12171,40.54471],[-75.12333,40.54323],[-75.1186,40.54034],[-75.11776,40.54115],[-75.11553,40.53987],[-75.11231,40.54021],[-75.11661,40.54265],[-75.11744,40.542],[-75.12144,40.54453]]],[[[-75.14002,40.55777],[-75.13807,40.56052],[-75.13903,40.56096],[-75.13887,40.56072],[-75.14204,40.56004],[-75.14144,40.5577],[-75.13994,40.55716],[-75.14002,40.55777]]],[[[-75.14601,40.56139],[-75.14648,40.56157],[-75.14667,40.56298],[-75.15112,40.55926],[-75.15815,40.55668],[-75.15806,40.55622],[-75.15894,40.55482],[-75.15977,40.55413],[-75.15855,40.55054],[-75.15754,40.54973],[-75.16447,40.54804],[-75.16429,40.54589],[-75.16169,40.5462],[-75.15852,40.54426],[-75.15778,40.54012],[-75.14707,40.54129],[-75.14553,40.54021],[-75.14495,40.53926],[-75.14288,40.54031],[-75.14569,40.54331],[-75.1436,40.54452],[-75.14387,40.54613],[-75.14348,40.5481],[-75.14199,40.54898],[-75.14207,40.5518],[-75.13842,40.55203],[-75.13869,40.55357],[-75.14295,40.55329],[-75.14308,40.55471],[-75.1453,40.55459],[-75.14579,40.55703],[-75.1427,40.55747],[-75.14313,40.55892],[-75.14498,40.55984],[-75.14483,40.56143],[-75.14545,40.56133],[-75.14601,40.56139]]]]},"properties":{"SGL":56,"NAME":"056","ACRES":1784.85335788,"PGC_REGION":6}},{"type":"Feature","geometry":{"type":"MultiPolygon","coordinates":[[[[-76.07597,41.41053],[-76.07485,41.4132],[-76.07885,41.41337],[-76.07835,41.41673],[-76.08655,41.41668],[-76.08618,41.41118],[-76.09283,41.40727],[-76.0933,41.40855],[-76.0925,41.41039],[-76.09386,41.40984],[-76.09429,41.40869],[-76.0965,41.40721],[-76.09923,41.40612],[-76.10111,41.40605],[-76.09871,41.40397],[-76.11227,41.39655],[-76.11503,41.39987],[-76.11649,41.39872],[-76.11805,41.39819],[-76.10787,41.39048],[-76.12106,41.38078],[-76.10884,41.38106],[-76.10895,41.38606],[-76.0934,41.38647],[-76.09342,41.38809],[-76.0843,41.38825],[-76.08406,41.38174],[-76.0801,41.38183],[-76.08034,41.38471],[-76.07614,41.38484],[-76.0772,41.40354],[-76.08062,41.40654],[-76.0802,41.40885],[-76.07694,41.40844],[-76.07681,41.40871],[-76.07597,41.41053]]],[[[-76.11317,41.42256],[-76.10022,41.4135],[-76.09824,41.41983],[-76.09708,41.41978],[-76.09465,41.41876],[-76.09416,41.41943],[-76.09269,41.41909],[-76.09197,41.42158],[-76.09031,41.4215],[-76.09037,41.42301],[-76.0868,41.42451],[-76.0871,41.43078],[-76.1136,41.42999],[-76.11321,41.42319],[-76.11317,41.42256]]],[[[-76.13971,41.4751],[-76.13967,41.47473],[-76.13929,41.47501],[-76.1395,41.47525],[-76.13971,41.4751]]],[[[-76.11317,41.42256],[-76.13548,41.42222],[-76.13629,41.44382],[-76.13856,41.44329],[-76.14058,41.44764],[-76.14106,41.44747],[-76.14415,41.45421],[-76.14076,41.45499],[-76.14196,41.45623],[-76.1402,41.45665],[-76.13909,41.4555],[-76.1359,41.45634],[-76.13668,41.45799],[-76.13706,41.46136],[-76.1344,41.4615],[-76.13492,41.47017],[-76.13885,41.4701],[-76.13874,41.4691],[-76.1422,41.46893],[-76.1403,41.47025],[-76.14142,41.47146],[-76.1417,41.47247],[-76.1401,41.47433],[-76.14141,41.47554],[-76.14276,41.474],[-76.14486,41.4735],[-76.14428,41.47424],[-76.1483,41.47218],[-76.14891,41.47261],[-76.1472,41.47354],[-76.14803,41.47428],[-76.15009,41.47341],[-76.14912,41.47278],[-76.15071,41.4718],[-76.1502,41.47116],[-76.15078,41.47091],[-76.15045,41.47053],[-76.14704,41.47271],[-76.14575,41.4716],[-76.14847,41.47064],[-76.15107,41.4686],[-76.15441,41.46841],[-76.15429,41.46662],[-76.15624,41.46609],[-76.15797,41.46774],[-76.15625,41.4687],[-76.15545,41.46797],[-76.15442,41.46874],[-76.15452,41.47479],[-76.14141,41.47554],[-76.13919,41.47784],[-76.13789,41.48016],[-76.13735,41.47991],[-76.13603,41.48134],[-76.13664,41.48176],[-76.13638,41.48196],[-76.13582,41.48142],[-76.13462,41.48243],[-76.13333,41.48178],[-76.13502,41.48046],[-76.13215,41.47859],[-76.13278,41.47783],[-76.13188,41.47748],[-76.12798,41.47741],[-76.13001,41.47581],[-76.12991,41.4736],[-76.12777,41.47211],[-76.12769,41.47032],[-76.1313,41.47024],[-76.13035,41.46615],[-76.12842,41.46623],[-76.12823,41.46414],[-76.116,41.46442],[-76.11581,41.46209],[-76.09407,41.46274],[-76.09413,41.48814],[-76.11592,41.48792],[-76.11619,41.49811],[-76.13023,41.49761],[-76.13279,41.49791],[-76.13967,41.49773],[-76.13953,41.50573],[-76.15355,41.50601],[-76.15442,41.52159],[-76.22573,41.5202],[-76.2282,41.5139],[-76.22798,41.50886],[-76.20908,41.50905],[-76.20918,41.498],[-76.22675,41.49769],[-76.22585,41.46646],[-76.22756,41.46515],[-76.22327,41.46176],[-76.22152,41.46301],[-76.21777,41.46009],[-76.21148,41.46367],[-76.20677,41.46003],[-76.20017,41.4645],[-76.19063,41.45619],[-76.19225,41.45405],[-76.19713,41.45386],[-76.19724,41.45602],[-76.19958,41.45588],[-76.20565,41.45167],[-76.20516,41.44752],[-76.19975,41.44301],[-76.20611,41.43873],[-76.21628,41.4469],[-76.22147,41.44319],[-76.22086,41.44275],[-76.22244,41.44172],[-76.22164,41.44106],[-76.22801,41.43669],[-76.22509,41.43427],[-76.23024,41.43072],[-76.22817,41.4291],[-76.2417,41.41988],[-76.24987,41.42671],[-76.26031,41.41947],[-76.25987,41.41919],[-76.26272,41.41733],[-76.26653,41.42075],[-76.27079,41.40647],[-76.28317,41.37808],[-76.25179,41.37768],[-76.25199,41.38388],[-76.23406,41.38418],[-76.23813,41.38174],[-76.23395,41.37823],[-76.25179,41.37768],[-76.25143,41.37043],[-76.24736,41.36802],[-76.24488,41.36493],[-76.24117,41.36393],[-76.2345,41.35884],[-76.23396,41.35807],[-76.23428,41.35611],[-76.23371,41.35489],[-76.22926,41.35196],[-76.22624,41.34566],[-76.22497,41.34476],[-76.22259,41.34406],[-76.22138,41.34392],[-76.21936,41.34477],[-76.21715,41.34498],[-76.21119,41.34766],[-76.21228,41.34905],[-76.2112,41.35402],[-76.21011,41.35292],[-76.20867,41.35318],[-76.2056,41.35246],[-76.20483,41.35289],[-76.20405,41.35477],[-76.20252,41.35505],[-76.19677,41.35284],[-76.19255,41.3528],[-76.18935,41.352],[-76.18597,41.35254],[-76.18416,41.35187],[-76.18116,41.35378],[-76.17653,41.35333],[-76.17537,41.35404],[-76.17229,41.35157],[-76.17638,41.34831],[-76.20225,41.34757],[-76.20166,41.33589],[-76.20888,41.33576],[-76.20751,41.31654],[-76.19624,41.31876],[-76.1964,41.32057],[-76.18887,41.32182],[-76.18941,41.33279],[-76.18203,41.33311],[-76.18196,41.33491],[-76.16561,41.33542],[-76.16562,41.33589],[-76.15633,41.33627],[-76.15684,41.34548],[-76.14318,41.34592],[-76.14393,41.35601],[-76.16113,41.36757],[-76.15172,41.37166],[-76.15115,41.37309],[-76.14991,41.37419],[-76.14948,41.37618],[-76.14712,41.37826],[-76.14666,41.38006],[-76.13715,41.38031],[-76.13103,41.38508],[-76.13979,41.39104],[-76.13838,41.39227],[-76.13708,41.39267],[-76.13343,41.39064],[-76.13179,41.39245],[-76.12863,41.39344],[-76.12,41.3984],[-76.12331,41.40258],[-76.11994,41.40592],[-76.11673,41.40211],[-76.11266,41.4042],[-76.11306,41.41579],[-76.11317,41.42256]],[[-76.13598,41.48192],[-76.13546,41.48241],[-76.13499,41.48225],[-76.13566,41.4817],[-76.13596,41.48191],[-76.13598,41.48192]],[[-76.13427,41.48268],[-76.1335,41.48348],[-76.13241,41.48291],[-76.13322,41.48213],[-76.13427,41.48268]],[[-76.13477,41.48346],[-76.13596,41.4838],[-76.13578,41.48446],[-76.13395,41.48455],[-76.134,41.48519],[-76.13318,41.48519],[-76.13315,41.48434],[-76.13402,41.48317],[-76.13477,41.48346]],[[-76.13326,41.48395],[-76.13295,41.48569],[-76.13225,41.48564],[-76.13199,41.4847],[-76.12957,41.48483],[-76.12993,41.48377],[-76.13116,41.48384],[-76.13132,41.48331],[-76.13323,41.48393],[-76.13326,41.48395]],[[-76.12721,41.48344],[-76.12654,41.48357],[-76.12716,41.48309],[-76.12746,41.48328],[-76.12721,41.48344]],[[-76.12491,41.48677],[-76.13307,41.48593],[-76.13319,41.48632],[-76.1246,41.48736],[-76.12457,41.4868],[-76.12491,41.48677]],[[-76.13337,41.48679],[-76.13367,41.48791],[-76.13324,41.48923],[-76.13267,41.48905],[-76.13301,41.48838],[-76.13279,41.48706],[-76.1247,41.48807],[-76.12459,41.48759],[-76.1333,41.48657],[-76.13337,41.48679]],[[-76.13479,41.48859],[-76.13351,41.48659],[-76.13559,41.48672],[-76.13495,41.48785],[-76.13505,41.48868],[-76.13479,41.48859]],[[-76.17029,41.47382],[-76.1704,41.47536],[-76.17002,41.47569],[-76.16168,41.47549],[-76.16167,41.47465],[-76.15974,41.47462],[-76.15974,41.47129],[-76.16181,41.47134],[-76.16192,41.47212],[-76.16315,41.47258],[-76.16352,41.47321],[-76.16564,41.47385],[-76.16648,41.47346],[-76.16773,41.47379],[-76.16934,41.47277],[-76.16963,41.47336],[-76.17023,41.47316],[-76.17027,41.47359],[-76.17029,41.47382]],[[-76.16047,41.46798],[-76.15981,41.4684],[-76.15952,41.46799],[-76.16042,41.46789],[-76.16047,41.46798]],[[-76.1695,41.46479],[-76.16853,41.46355],[-76.16969,41.46209],[-76.17249,41.46288],[-76.17019,41.46437],[-76.1695,41.46479]]]]},"properties":{"SGL":57,"NAME":"057","ACRES":45985.0857108,"PGC_REGION":5}},{"type":"Feature","geometry":{"type":"MultiPolygon","coordinates":[[[[-76.37895,40.97123],[-76.37868,40.97163],[-76.38121,40.97259],[-76.38708,40.9732],[-76.39013,40.97177],[-76.40035,40.96884],[-76.40496,40.96677],[-76.40844,40.96619],[-76.40786,40.96512],[-76.43539,40.95608],[-76.43599,40.95559],[-76.43345,40.95163],[-76.43352,40.94085],[-76.43278,40.93765],[-76.4296,40.9331],[-76.4205,40.93433],[-76.41223,40.93266],[-76.40296,40.93465],[-76.40322,40.93697],[-76.39776,40.93703],[-76.39745,40.93821],[-76.38709,40.9391],[-76.38689,40.93794],[-76.38132,40.93856],[-76.38177,40.94082],[-76.36937,40.93901],[-76.37142,40.93597],[-76.35829,40.93832],[-76.35673,40.93299],[-76.35208,40.93367],[-76.34931,40.92502],[-76.3447,40.92406],[-76.32555,40.91769],[-76.32611,40.91618],[-76.32025,40.91463],[-76.31987,40.91087],[-76.32258,40.9077],[-76.32017,40.90692],[-76.32309,40.90381],[-76.31191,40.90308],[-76.30679,40.90028],[-76.30426,40.89857],[-76.3054,40.89765],[-76.30676,40.89789],[-76.30844,40.8958],[-76.30355,40.89609],[-76.30323,40.89028],[-76.29866,40.89131],[-76.29916,40.88803],[-76.29526,40.88776],[-76.2924,40.89203],[-76.29869,40.8964],[-76.29541,40.89904],[-76.28304,40.89671],[-76.27369,40.89588],[-76.25666,40.90991],[-76.27766,40.91423],[-76.27661,40.9178],[-76.2842,40.9183],[-76.28535,40.91889],[-76.28572,40.91978],[-76.28543,40.92083],[-76.28444,40.92166],[-76.27734,40.92525],[-76.29472,40.92994],[-76.29426,40.93136],[-76.29466,40.93241],[-76.30586,40.93174],[-76.30615,40.93412],[-76.31036,40.93377],[-76.3105,40.93425],[-76.3131,40.93381],[-76.31484,40.93936],[-76.33433,40.93642],[-76.33691,40.94696],[-76.35982,40.94382],[-76.36025,40.94477],[-76.36282,40.94453],[-76.37581,40.96035],[-76.37968,40.95597],[-76.38541,40.95328],[-76.3872,40.95644],[-76.38454,40.95781],[-76.37747,40.96021],[-76.37683,40.9608],[-76.37791,40.96205],[-76.37542,40.9627],[-76.37425,40.9653],[-76.37429,40.96709],[-76.37529,40.9691],[-76.37773,40.97129],[-76.37821,40.97095],[-76.37895,40.97123]]],[[[-76.28955,40.99587],[-76.2977,40.99472],[-76.29679,40.9928],[-76.30109,40.99147],[-76.30189,40.99299],[-76.30702,40.99131],[-76.3082,40.99269],[-76.31567,40.99233],[-76.32068,40.98832],[-76.32259,40.98791],[-76.32313,40.98987],[-76.32933,40.98875],[-76.32985,40.9913],[-76.33101,40.99098],[-76.33024,40.98922],[-76.3305,40.98848],[-76.33133,40.98829],[-76.33052,40.98557],[-76.32993,40.98572],[-76.32965,40.9849],[-76.33387,40.98333],[-76.33447,40.98536],[-76.34024,40.98391],[-76.34556,40.98209],[-76.34573,40.98137],[-76.34759,40.9807],[-76.34727,40.98059],[-76.36819,40.97172],[-76.37226,40.97121],[-76.37223,40.9665],[-76.37189,40.96589],[-76.37,40.96682],[-76.36927,40.96503],[-76.36537,40.96698],[-76.36118,40.96662],[-76.36143,40.96731],[-76.3577,40.968],[-76.35427,40.96761],[-76.35312,40.96803],[-76.35187,40.96562],[-76.34884,40.9663],[-76.348,40.96717],[-76.34825,40.96794],[-76.34064,40.96938],[-76.34131,40.96625],[-76.34042,40.96628],[-76.34035,40.96515],[-76.33862,40.96515],[-76.33854,40.96473],[-76.33484,40.96547],[-76.33464,40.96461],[-76.33251,40.96508],[-76.33225,40.96442],[-76.32694,40.96563],[-76.32567,40.96647],[-76.3264,40.96888],[-76.33192,40.97256],[-76.32244,40.97411],[-76.32261,40.9746],[-76.31989,40.97533],[-76.31949,40.97471],[-76.31535,40.97587],[-76.31502,40.97551],[-76.29679,40.98037],[-76.2833,40.98461],[-76.28955,40.99587]]]]},"properties":{"SGL":58,"NAME":"058","ACRES":12629.0054194,"PGC_REGION":5}},{"type":"Feature","geometry":{"type":"MultiPolygon","coordinates":[[[[-78.07483,41.7413],[-78.07314,41.74276],[-78.07345,41.74333],[-78.07282,41.74394],[-78.07284,41.74623],[-78.07319,41.74624],[-78.07319,41.74691],[-78.07785,41.7428],[-78.07978,41.74201],[-78.07973,41.74096],[-78.07828,41.74047],[-78.07582,41.74069],[-78.07483,41.7413]]],[[[-78.20566,41.86965],[-78.21354,41.86959],[-78.21351,41.86578],[-78.21168,41.86432],[-78.20957,41.85989],[-78.20953,41.85773],[-78.21235,41.85659],[-78.21401,41.85438],[-78.21162,41.85301],[-78.2099,41.85302],[-78.20682,41.85139],[-78.20681,41.84891],[-78.20513,41.84698],[-78.20387,41.84706],[-78.2039,41.84368],[-78.20552,41.84335],[-78.20554,41.84234],[-78.19615,41.8424],[-78.19406,41.84329],[-78.19431,41.8446],[-78.19641,41.84509],[-78.19742,41.84575],[-78.19771,41.84553],[-78.20046,41.84698],[-78.20176,41.84698],[-78.20243,41.84843],[-78.20244,41.85007],[-78.2039,41.85154],[-78.20017,41.8515],[-78.20221,41.85336],[-78.20357,41.85608],[-78.19592,41.85614],[-78.19594,41.86116],[-78.19685,41.86115],[-78.19689,41.86492],[-78.2023,41.86484],[-78.20234,41.86603],[-78.2056,41.866],[-78.20566,41.86965],[-78.20566,41.86965]]],[[[-78.19258,41.87627],[-78.19352,41.87627],[-78.1935,41.87281],[-78.19045,41.87284],[-78.19037,41.8694],[-78.17444,41.86967],[-78.17425,41.86605],[-78.17299,41.86612],[-78.17293,41.86321],[-78.17505,41.86317],[-78.17479,41.85365],[-78.18403,41.85358],[-78.18402,41.85086],[-78.18831,41.8508],[-78.1868,41.84698],[-78.18402,41.84617],[-78.18404,41.84539],[-78.18257,41.84446],[-78.18293,41.84192],[-78.18385,41.8419],[-78.18378,41.84066],[-78.18112,41.84064],[-78.18109,41.83867],[-78.17698,41.83868],[-78.17701,41.83939],[-78.17094,41.8395],[-78.17083,41.83521],[-78.1769,41.83512],[-78.17688,41.8337],[-78.18531,41.83368],[-78.18549,41.83167],[-78.1862,41.83166],[-78.18607,41.82927],[-78.17997,41.82924],[-78.17999,41.8276],[-78.17818,41.82755],[-78.1781,41.82854],[-78.17252,41.82851],[-78.17253,41.82537],[-78.17167,41.82535],[-78.17157,41.82178],[-78.17653,41.82171],[-78.17653,41.82128],[-78.18153,41.82128],[-78.18128,41.80944],[-78.17537,41.80948],[-78.17528,41.80634],[-78.16936,41.80895],[-78.16745,41.80932],[-78.16561,41.81076],[-78.1607,41.81079],[-78.16071,41.80384],[-78.16465,41.80292],[-78.1647,41.7994],[-78.16703,41.79937],[-78.16695,41.79286],[-78.16258,41.79228],[-78.16184,41.79124],[-78.1596,41.7912],[-78.15732,41.79177],[-78.15741,41.79496],[-78.16215,41.7949],[-78.16217,41.79843],[-78.1582,41.79844],[-78.15816,41.80122],[-78.15966,41.8011],[-78.15971,41.80296],[-78.15692,41.803],[-78.15693,41.80121],[-78.15497,41.80123],[-78.15502,41.80358],[-78.15745,41.80356],[-78.15756,41.80786],[-78.15564,41.80793],[-78.15571,41.81238],[-78.14936,41.81245],[-78.14954,41.81776],[-78.15114,41.81779],[-78.15731,41.82006],[-78.15735,41.82373],[-78.15119,41.8238],[-78.15145,41.83295],[-78.14898,41.83299],[-78.14903,41.83724],[-78.14695,41.83723],[-78.14695,41.83932],[-78.14076,41.8394],[-78.14068,41.83732],[-78.13338,41.83739],[-78.13334,41.83871],[-78.13599,41.83873],[-78.13613,41.84598],[-78.13484,41.84599],[-78.13494,41.85206],[-78.14218,41.85191],[-78.14227,41.85455],[-78.14707,41.85456],[-78.14722,41.8618],[-78.1312,41.86197],[-78.15192,41.87965],[-78.15198,41.88187],[-78.16279,41.88182],[-78.16281,41.88329],[-78.16895,41.88321],[-78.18055,41.88066],[-78.18304,41.88271],[-78.18786,41.88263],[-78.18942,41.88405],[-78.20575,41.88392],[-78.20909,41.88629],[-78.21725,41.88622],[-78.21724,41.88375],[-78.21553,41.88379],[-78.21432,41.88141],[-78.21422,41.88009],[-78.21559,41.87809],[-78.21474,41.87722],[-78.21152,41.87726],[-78.21157,41.88091],[-78.18949,41.88099],[-78.18937,41.87628],[-78.19258,41.87627]]]]},"properties":{"SGL":59,"NAME":"059","ACRES":7024.02562605,"PGC_REGION":3}},{"type":"Feature","geometry":{"type":"MultiPolygon","coordinates":[[[[-78.2684,41.73398],[-78.28351,41.73395],[-78.28345,41.71947],[-78.2999,41.71943],[-78.29972,41.70583],[-78.29584,41.70581],[-78.29575,41.70061],[-78.26812,41.70075],[-78.26834,41.7195],[-78.2684,41.73398]]],[[[-78.25051,41.73936],[-78.25414,41.7394],[-78.25419,41.7367],[-78.2505,41.73665],[-78.25051,41.73936]]],[[[-78.25523,41.75624],[-78.25652,41.75754],[-78.26131,41.76035],[-78.26214,41.76154],[-78.27027,41.76009],[-78.27034,41.75934],[-78.27229,41.75892],[-78.27212,41.75263],[-78.26846,41.75269],[-78.26831,41.75213],[-78.26831,41.75024],[-78.27212,41.7501],[-78.27172,41.73666],[-78.26889,41.73611],[-78.25937,41.73849],[-78.25813,41.74049],[-78.2578,41.74508],[-78.25823,41.74617],[-78.25436,41.74699],[-78.25414,41.74628],[-78.25037,41.74631],[-78.2515,41.74796],[-78.252,41.75071],[-78.25295,41.75303],[-78.25281,41.7536],[-78.25362,41.75411],[-78.25311,41.75467],[-78.25517,41.75457],[-78.25458,41.75487],[-78.25459,41.75531],[-78.25519,41.75503],[-78.25523,41.75624]]],[[[-78.31033,41.82693],[-78.31763,41.82689],[-78.31764,41.82598],[-78.32753,41.826],[-78.32743,41.82245],[-78.33517,41.82237],[-78.33511,41.82107],[-78.34494,41.82115],[-78.34487,41.81772],[-78.35102,41.81769],[-78.35102,41.81691],[-78.36143,41.81732],[-78.36109,41.80488],[-78.36474,41.8049],[-78.36488,41.81076],[-78.36871,41.81074],[-78.36863,41.79926],[-78.37341,41.79922],[-78.37333,41.7843],[-78.36728,41.78437],[-78.35802,41.78184],[-78.35804,41.78368],[-78.34191,41.78377],[-78.34154,41.76281],[-78.31413,41.76299],[-78.31442,41.76923],[-78.31108,41.77483],[-78.31195,41.77482],[-78.31197,41.77745],[-78.31414,41.77743],[-78.31449,41.78313],[-78.31953,41.78311],[-78.3196,41.78772],[-78.31472,41.78779],[-78.31473,41.78861],[-78.30866,41.7886],[-78.30871,41.79142],[-78.30399,41.79142],[-78.30587,41.79365],[-78.30396,41.79446],[-78.30295,41.79314],[-78.30202,41.79309],[-78.29981,41.79165],[-78.3025,41.79023],[-78.30212,41.78955],[-78.30257,41.7894],[-78.30243,41.78677],[-78.296,41.78694],[-78.29607,41.78814],[-78.29907,41.79204],[-78.29956,41.79178],[-78.30076,41.79277],[-78.29895,41.79364],[-78.29809,41.7925],[-78.29517,41.79389],[-78.29709,41.79665],[-78.29586,41.79717],[-78.29725,41.79912],[-78.29155,41.80152],[-78.29225,41.80234],[-78.28809,41.80409],[-78.28834,41.80447],[-78.2878,41.80466],[-78.28984,41.80755],[-78.29284,41.80975],[-78.29256,41.81026],[-78.29332,41.81014],[-78.29404,41.81086],[-78.30002,41.80824],[-78.30274,41.81184],[-78.29951,41.81331],[-78.29895,41.81428],[-78.30026,41.81557],[-78.30106,41.81513],[-78.30118,41.81634],[-78.29768,41.8177],[-78.29796,41.81821],[-78.30392,41.81619],[-78.30726,41.81642],[-78.30264,41.81838],[-78.30274,41.81865],[-78.30427,41.81862],[-78.30422,41.82158],[-78.30758,41.82158],[-78.30762,41.82375],[-78.31174,41.82373],[-78.31177,41.8252],[-78.31026,41.82523],[-78.31033,41.82693]]]]},"properties":{"SGL":61,"NAME":"061","ACRES":9886.20050259,"PGC_REGION":3}},{"type":"Feature","geometry":{"type":"MultiPolygon","coordinates":[[[[-78.61985,41.78981],[-78.62444,41.78986],[-78.62408,41.78675],[-78.63901,41.78654],[-78.63934,41.79176],[-78.64268,41.7917],[-78.64282,41.79392],[-78.64572,41.79387],[-78.64519,41.78632],[-78.64596,41.78627],[-78.64565,41.77794],[-78.63662,41.77826],[-78.63604,41.76344],[-78.63175,41.76282],[-78.63177,41.76461],[-78.62915,41.76596],[-78.62848,41.76582],[-78.62635,41.76465],[-78.62252,41.76069],[-78.61785,41.76504],[-78.61807,41.77898],[-78.61182,41.77918],[-78.62397,41.78494],[-78.62399,41.78531],[-78.62276,41.7847],[-78.62306,41.7865],[-78.61979,41.78926],[-78.61849,41.78838],[-78.61791,41.7888],[-78.61985,41.78981]]],[[[-78.57733,41.79737],[-78.57923,41.79708],[-78.57902,41.7919],[-78.59955,41.79143],[-78.59935,41.78528],[-78.60892,41.78515],[-78.60928,41.79459],[-78.61075,41.79458],[-78.6107,41.79292],[-78.60997,41.79308],[-78.61009,41.79073],[-78.60948,41.79074],[-78.6094,41.78781],[-78.61219,41.78779],[-78.61179,41.78255],[-78.61285,41.78317],[-78.61406,41.78514],[-78.61379,41.78577],[-78.61697,41.78836],[-78.61757,41.78775],[-78.61667,41.78704],[-78.61676,41.78411],[-78.61832,41.7841],[-78.61974,41.78325],[-78.61169,41.77946],[-78.61131,41.77465],[-78.60079,41.77507],[-78.60112,41.77958],[-78.59915,41.77965],[-78.5986,41.76235],[-78.59068,41.76247],[-78.5917,41.76659],[-78.58809,41.76709],[-78.58697,41.76252],[-78.5794,41.76265],[-78.57905,41.75612],[-78.57531,41.75675],[-78.57515,41.75708],[-78.57278,41.75658],[-78.57303,41.75551],[-78.57367,41.75517],[-78.57574,41.75569],[-78.57537,41.75657],[-78.57739,41.75644],[-78.57904,41.7558],[-78.5779,41.73431],[-78.55228,41.73428],[-78.55259,41.75052],[-78.54732,41.75054],[-78.54729,41.74867],[-78.53529,41.74861],[-78.53536,41.75309],[-78.53656,41.75309],[-78.53672,41.75711],[-78.52676,41.75727],[-78.52678,41.76285],[-78.52865,41.76288],[-78.52868,41.76683],[-78.52937,41.76684],[-78.52933,41.77066],[-78.52698,41.77068],[-78.52704,41.77518],[-78.52094,41.77528],[-78.51578,41.77899],[-78.5158,41.7828],[-78.51253,41.78277],[-78.51256,41.78603],[-78.50582,41.7879],[-78.50445,41.7879],[-78.50446,41.78867],[-78.51259,41.78864],[-78.51257,41.78668],[-78.5257,41.78658],[-78.5257,41.7932],[-78.55202,41.79311],[-78.56271,41.79229],[-78.56271,41.79431],[-78.57713,41.79393],[-78.57733,41.79737]]]]},"properties":{"SGL":62,"NAME":"062","ACRES":9186.91930662,"PGC_REGION":3}},{"type":"Feature","geometry":{"type":"MultiPolygon","coordinates":[[[[-77.68475,41.72014],[-77.6863,41.71933],[-77.68255,41.71558],[-77.68185,41.71724],[-77.68227,41.7172],[-77.68475,41.72014]]],[[[-77.72164,41.77542],[-77.72165,41.77588],[-77.72792,41.77563],[-77.72776,41.77402],[-77.7309,41.774],[-77.73131,41.75223],[-77.69659,41.75297],[-77.69688,41.76711],[-77.70033,41.76713],[-77.70039,41.76883],[-77.70889,41.76879],[-77.70907,41.77232],[-77.71148,41.7723],[-77.71151,41.77344],[-77.71539,41.7734],[-77.71539,41.77495],[-77.72162,41.77483],[-77.72164,41.77542]]],[[[-77.63832,41.81201],[-77.64589,41.81207],[-77.64596,41.81454],[-77.64945,41.81434],[-77.64861,41.81208],[-77.65056,41.81206],[-77.65048,41.80807],[-77.64925,41.80809],[-77.64918,41.80332],[-77.64512,41.80327],[-77.64511,41.8018],[-77.68602,41.8018],[-77.68597,41.78995],[-77.69116,41.78995],[-77.69029,41.7815],[-77.65339,41.78158],[-77.65334,41.76339],[-77.6436,41.76342],[-77.6429,41.74607],[-77.63302,41.74626],[-77.63336,41.76383],[-77.61954,41.76401],[-77.61955,41.76254],[-77.61204,41.7626],[-77.61189,41.75649],[-77.6184,41.75643],[-77.61838,41.75463],[-77.61034,41.75469],[-77.61024,41.74706],[-77.60399,41.74689],[-77.60406,41.78265],[-77.60597,41.80247],[-77.60604,41.80826],[-77.60543,41.80826],[-77.60545,41.81206],[-77.61023,41.81202],[-77.61012,41.80485],[-77.62395,41.80461],[-77.62395,41.80216],[-77.62736,41.80213],[-77.62708,41.79552],[-77.62918,41.7955],[-77.62918,41.79171],[-77.62434,41.79174],[-77.62416,41.78745],[-77.63794,41.78706],[-77.63808,41.79032],[-77.64753,41.79021],[-77.64749,41.79153],[-77.64835,41.79148],[-77.64844,41.79407],[-77.63968,41.79426],[-77.63993,41.80937],[-77.63828,41.80937],[-77.63832,41.81201]]]]},"properties":{"SGL":64,"NAME":"064","ACRES":8057.87326401,"PGC_REGION":3}},{"type":"Feature","geometry":{"type":"Polygon","coordinates":[[[-78.20148,39.90021],[-78.19013,39.91997],[-78.18626,39.9286],[-78.18742,39.92987],[-78.18788,39.93381],[-78.18582,39.9359],[-78.20817,39.94642],[-78.20752,39.94179],[-78.20881,39.93936],[-78.2005,39.938],[-78.20401,39.9356],[-78.22532,39.91645],[-78.23755,39.90399],[-78.22797,39.89172],[-78.23494,39.88659],[-78.23309,39.88292],[-78.23839,39.88106],[-78.2371,39.8795],[-78.23493,39.87904],[-78.23391,39.87717],[-78.23226,39.87723],[-78.23239,39.87633],[-78.22847,39.87491],[-78.22782,39.87404],[-78.22864,39.87342],[-78.22854,39.87292],[-78.23174,39.86779],[-78.2331,39.86737],[-78.23322,39.86642],[-78.23219,39.86578],[-78.23382,39.86428],[-78.23119,39.8643],[-78.22847,39.86587],[-78.22594,39.86501],[-78.22512,39.86588],[-78.22207,39.86596],[-78.22009,39.85951],[-78.22236,39.85807],[-78.21785,39.85876],[-78.21843,39.855],[-78.21537,39.85578],[-78.2136,39.86166],[-78.20595,39.85876],[-78.20012,39.86999],[-78.19531,39.87656],[-78.19095,39.88038],[-78.19665,39.88082],[-78.19633,39.88942],[-78.19231,39.88879],[-78.19238,39.89106],[-78.19002,39.89595],[-78.1988,39.89921],[-78.20148,39.90021]]]},"properties":{"SGL":65,"NAME":"065","ACRES":6000.78184776,"PGC_REGION":4}},{"type":"Feature","geometry":{"type":"MultiPolygon","coordinates":[[[[-76.30808,41.43142],[-76.30795,41.43491],[-76.31139,41.43479],[-76.31097,41.42768],[-76.30006,41.42794],[-76.30013,41.42942],[-76.29688,41.4294],[-76.29698,41.43165],[-76.30387,41.43138],[-76.30808,41.43142]]],[[[-76.23584,41.45482],[-76.23901,41.45734],[-76.24369,41.45386],[-76.24426,41.4544],[-76.24693,41.45258],[-76.24346,41.44969],[-76.23855,41.45299],[-76.23584,41.45482]]],[[[-76.24155,41.47824],[-76.24428,41.48044],[-76.25254,41.47446],[-76.24984,41.4721],[-76.24155,41.47824]]],[[[-76.29132,41.52341],[-76.29989,41.5242],[-76.30018,41.52736],[-76.31733,41.52663],[-76.31708,41.52349],[-76.32726,41.51874],[-76.31771,41.51519],[-76.317,41.51594],[-76.31645,41.51333],[-76.28768,41.51426],[-76.28741,41.50694],[-76.3027,41.5064],[-76.30229,41.49907],[-76.30109,41.49906],[-76.30086,41.4919],[-76.29735,41.49192],[-76.29711,41.49291],[-76.29611,41.49298],[-76.29652,41.49916],[-76.28705,41.49941],[-76.28673,41.49222],[-76.29192,41.49211],[-76.29158,41.48493],[-76.28672,41.48489],[-76.28631,41.47809],[-76.30669,41.47721],[-76.30622,41.47005],[-76.28585,41.47072],[-76.28565,41.46494],[-76.30465,41.45226],[-76.29544,41.44477],[-76.28641,41.45072],[-76.28422,41.44874],[-76.28586,41.44765],[-76.27787,41.44097],[-76.27158,41.44492],[-76.26703,41.44109],[-76.27294,41.43635],[-76.28032,41.43153],[-76.27175,41.42464],[-76.26111,41.43153],[-76.25953,41.43518],[-76.26188,41.43695],[-76.25714,41.44021],[-76.2532,41.44952],[-76.25259,41.44893],[-76.24825,41.45191],[-76.2528,41.45541],[-76.25064,41.45679],[-76.25567,41.46079],[-76.26197,41.45635],[-76.25866,41.45381],[-76.2645,41.45019],[-76.26612,41.45131],[-76.26546,41.45169],[-76.26957,41.45511],[-76.26452,41.45848],[-76.26739,41.46067],[-76.27608,41.45454],[-76.27852,41.45673],[-76.28243,41.4541],[-76.28577,41.45653],[-76.27299,41.46523],[-76.2698,41.46281],[-76.26358,41.46703],[-76.26001,41.4642],[-76.25503,41.4676],[-76.25779,41.46979],[-76.25347,41.47264],[-76.25848,41.47664],[-76.26183,41.47408],[-76.26147,41.47373],[-76.26277,41.47289],[-76.26165,41.47207],[-76.26854,41.46721],[-76.27231,41.46991],[-76.26527,41.47465],[-76.26765,41.47664],[-76.27147,41.47419],[-76.27463,41.47677],[-76.26974,41.48017],[-76.27006,41.48371],[-76.26369,41.48383],[-76.2634,41.47934],[-76.24735,41.49055],[-76.25627,41.49069],[-76.25642,41.49552],[-76.24584,41.49574],[-76.24725,41.51729],[-76.25677,41.5169],[-76.25702,41.52141],[-76.26561,41.52119],[-76.26545,41.51866],[-76.27303,41.51839],[-76.27333,41.52269],[-76.27597,41.5226],[-76.27584,41.52051],[-76.2845,41.52126],[-76.28501,41.52586],[-76.28626,41.52571],[-76.28634,41.52547],[-76.28537,41.52551],[-76.28643,41.52339],[-76.28908,41.52339],[-76.29057,41.52285],[-76.29023,41.52427],[-76.29071,41.52435],[-76.29117,41.5234],[-76.29132,41.52341]]]]},"properties":{"SGL":66,"NAME":"066","ACRES":8106.29336168,"PGC_REGION":5}},{"type":"Feature","geometry":{"type":"Polygon","coordinates":[[[-78.13761,40.25785],[-78.13569,40.25967],[-78.15405,40.26944],[-78.16617,40.25785],[-78.16675,40.25788],[-78.16959,40.25532],[-78.17491,40.25954],[-78.18195,40.25389],[-78.18846,40.25854],[-78.18969,40.25766],[-78.18903,40.25715],[-78.19003,40.25642],[-78.1914,40.25756],[-78.19042,40.25818],[-78.19098,40.25871],[-78.18368,40.26557],[-78.19019,40.26717],[-78.19463,40.26048],[-78.19222,40.25754],[-78.19326,40.25641],[-78.19152,40.25515],[-78.19258,40.2541],[-78.18655,40.24978],[-78.18814,40.24857],[-78.19449,40.25301],[-78.19655,40.25009],[-78.19797,40.24897],[-78.19845,40.24837],[-78.19363,40.24383],[-78.20375,40.23078],[-78.20379,40.22961],[-78.18953,40.22515],[-78.18864,40.22668],[-78.18509,40.22535],[-78.18303,40.23027],[-78.17949,40.23072],[-78.1794,40.22839],[-78.18481,40.2249],[-78.186,40.22261],[-78.18595,40.22145],[-78.18344,40.21887],[-78.18334,40.21828],[-78.18393,40.21768],[-78.18366,40.21696],[-78.18104,40.21776],[-78.17868,40.21748],[-78.17664,40.21605],[-78.17667,40.21544],[-78.17496,40.21506],[-78.16845,40.21573],[-78.16602,40.21704],[-78.1644,40.2171],[-78.16527,40.2179],[-78.16804,40.21644],[-78.1696,40.21838],[-78.15746,40.22896],[-78.15553,40.2288],[-78.15549,40.23095],[-78.15411,40.23041],[-78.15259,40.23209],[-78.14435,40.22829],[-78.14525,40.22689],[-78.13636,40.22443],[-78.12903,40.22849],[-78.1357,40.23164],[-78.13173,40.2313],[-78.12258,40.23537],[-78.12168,40.23539],[-78.12286,40.24264],[-78.12372,40.2447],[-78.12986,40.24707],[-78.12881,40.25163],[-78.13502,40.25602],[-78.13761,40.25785]],[[-78.1713,40.22506],[-78.1686,40.22642],[-78.16606,40.22844],[-78.16271,40.2286],[-78.16115,40.22941],[-78.15957,40.22819],[-78.1602,40.22698],[-78.16166,40.22616],[-78.16415,40.22533],[-78.1649,40.226],[-78.17192,40.22197],[-78.16862,40.22259],[-78.16865,40.22194],[-78.17194,40.22178],[-78.17433,40.22017],[-78.17591,40.22093],[-78.17504,40.22183],[-78.17742,40.22394],[-78.18011,40.22167],[-78.1808,40.22346],[-78.17952,40.22478],[-78.17736,40.22409],[-78.17443,40.22188],[-78.1717,40.22465],[-78.1713,40.22506]],[[-78.1757,40.2185],[-78.17584,40.21811],[-78.176,40.21846],[-78.1757,40.2185]],[[-78.17753,40.21816],[-78.17787,40.21784],[-78.17885,40.21807],[-78.17862,40.21847],[-78.17753,40.21816]],[[-78.17547,40.21804],[-78.17524,40.21787],[-78.17584,40.21777],[-78.17547,40.21804]]]},"properties":{"SGL":67,"NAME":"067","ACRES":5769.90566708,"PGC_REGION":4}},{"type":"Feature","geometry":{"type":"Polygon","coordinates":[[[-77.4446,41.50554],[-77.45049,41.5102],[-77.4548,41.5073],[-77.46065,41.50479],[-77.47369,41.50433],[-77.4763,41.50258],[-77.47799,41.49822],[-77.47839,41.49211],[-77.47869,41.49119],[-77.4803,41.48943],[-77.48205,41.48808],[-77.49151,41.4864],[-77.4842,41.48442],[-77.48649,41.47947],[-77.48251,41.47832],[-77.48404,41.47504],[-77.49658,41.47819],[-77.49723,41.47752],[-77.50116,41.4787],[-77.50158,41.47786],[-77.50107,41.47771],[-77.50099,41.47715],[-77.50129,41.47503],[-77.49927,41.47441],[-77.50009,41.47125],[-77.4998,41.47016],[-77.4999,41.46977],[-77.50033,41.46979],[-77.50075,41.46821],[-77.49516,41.46507],[-77.49924,41.4592],[-77.49912,41.45703],[-77.49549,41.45543],[-77.49376,41.45548],[-77.49069,41.45957],[-77.4864,41.45971],[-77.48678,41.46821],[-77.44786,41.46918],[-77.44784,41.47496],[-77.435,41.4751],[-77.43514,41.47609],[-77.43707,41.47932],[-77.43715,41.48168],[-77.44307,41.48149],[-77.44427,41.48366],[-77.44655,41.48368],[-77.44679,41.48841],[-77.44425,41.48926],[-77.444,41.49715],[-77.43672,41.4971],[-77.43424,41.49466],[-77.43318,41.49554],[-77.43397,41.49592],[-77.43017,41.49999],[-77.43268,41.49833],[-77.43983,41.50283],[-77.4446,41.50554]],[[-77.44968,41.48127],[-77.4494,41.47654],[-77.45159,41.47642],[-77.45158,41.47553],[-77.4506,41.4756],[-77.45026,41.47216],[-77.45797,41.47196],[-77.45783,41.47256],[-77.46152,41.47343],[-77.46059,41.47426],[-77.46078,41.47759],[-77.45639,41.48103],[-77.45118,41.4809],[-77.44968,41.48127]]]},"properties":{"SGL":68,"NAME":"068","ACRES":3761.3498087,"PGC_REGION":3}},{"type":"Feature","geometry":{"type":"MultiPolygon","coordinates":[[[[-79.84324,41.67218],[-79.84843,41.67168],[-79.8481,41.66846],[-79.84916,41.66878],[-79.84899,41.6673],[-79.84071,41.66538],[-79.84045,41.66644],[-79.83857,41.66662],[-79.83856,41.66744],[-79.83938,41.66735],[-79.83939,41.6691],[-79.84294,41.66852],[-79.84324,41.67218]]],[[[-79.9144,41.67523],[-79.91518,41.67773],[-79.91719,41.6773],[-79.91654,41.67452],[-79.91917,41.67437],[-79.91885,41.67029],[-79.91962,41.67027],[-79.91932,41.66693],[-79.91873,41.66725],[-79.91854,41.66376],[-79.91569,41.66447],[-79.9156,41.66126],[-79.91224,41.66205],[-79.91221,41.66162],[-79.91182,41.6617],[-79.91179,41.65903],[-79.91825,41.6572],[-79.92526,41.65683],[-79.92842,41.65126],[-79.92686,41.65038],[-79.93541,41.65023],[-79.93504,41.6453],[-79.92589,41.64567],[-79.92634,41.64413],[-79.91787,41.64449],[-79.91768,41.64213],[-79.92175,41.64085],[-79.92589,41.63887],[-79.92515,41.63773],[-79.92557,41.63773],[-79.92556,41.63309],[-79.92764,41.63246],[-79.9276,41.63135],[-79.93051,41.63127],[-79.93017,41.62516],[-79.93246,41.62497],[-79.93238,41.62352],[-79.92511,41.62347],[-79.92403,41.61989],[-79.93242,41.61959],[-79.93238,41.61827],[-79.92424,41.61846],[-79.92463,41.61464],[-79.91633,41.61472],[-79.91632,41.61215],[-79.90853,41.61199],[-79.90866,41.62016],[-79.91644,41.61974],[-79.91652,41.62368],[-79.90861,41.62393],[-79.9085,41.6209],[-79.90421,41.62097],[-79.90411,41.62422],[-79.90033,41.62425],[-79.90041,41.61978],[-79.89011,41.6196],[-79.89078,41.62686],[-79.87999,41.62805],[-79.87992,41.62722],[-79.87186,41.62795],[-79.87151,41.627],[-79.86639,41.62766],[-79.86655,41.63066],[-79.85871,41.6315],[-79.85871,41.63181],[-79.86035,41.63158],[-79.86174,41.63209],[-79.86363,41.63394],[-79.86318,41.63422],[-79.86515,41.63653],[-79.86478,41.63805],[-79.86556,41.6397],[-79.87373,41.6387],[-79.87952,41.63977],[-79.88071,41.64164],[-79.88083,41.64365],[-79.88202,41.64366],[-79.8829,41.64494],[-79.88986,41.64485],[-79.89039,41.64956],[-79.89841,41.64917],[-79.89973,41.66379],[-79.90705,41.66196],[-79.90746,41.6665],[-79.90969,41.66599],[-79.90979,41.67182],[-79.91036,41.67138],[-79.91099,41.6724],[-79.90991,41.67279],[-79.91029,41.67466],[-79.91407,41.6742],[-79.9144,41.67523]],[[-79.91841,41.63432],[-79.91866,41.63791],[-79.91743,41.63793],[-79.91723,41.63432],[-79.91841,41.63432]],[[-79.91643,41.61939],[-79.91376,41.61938],[-79.91372,41.61805],[-79.91244,41.61808],[-79.9124,41.61555],[-79.91633,41.6155],[-79.91638,41.61803],[-79.91643,41.61939]]]]},"properties":{"SGL":69,"NAME":"069","ACRES":4475.85315703,"PGC_REGION":1}},{"type":"Feature","geometry":{"type":"MultiPolygon","coordinates":[[[[-75.45071,41.98101],[-75.45071,41.98148],[-75.45136,41.98176],[-75.45121,41.98835],[-75.45353,41.98821],[-75.45339,41.98348],[-75.45389,41.9832],[-75.45334,41.98218],[-75.45327,41.98024],[-75.46881,41.98022],[-75.46877,41.98426],[-75.47232,41.98296],[-75.4792,41.98829],[-75.49454,41.98736],[-75.49777,41.9839],[-75.49064,41.98363],[-75.49269,41.98029],[-75.49158,41.97989],[-75.49231,41.97885],[-75.49099,41.97809],[-75.49298,41.97625],[-75.49193,41.97304],[-75.48831,41.97609],[-75.48756,41.97162],[-75.49151,41.97161],[-75.4908,41.96917],[-75.49021,41.96196],[-75.495,41.96325],[-75.4978,41.96611],[-75.50088,41.96656],[-75.49981,41.95489],[-75.49634,41.95297],[-75.48997,41.95838],[-75.4811,41.95396],[-75.4806,41.94974],[-75.47777,41.94904],[-75.47558,41.94653],[-75.46317,41.93924],[-75.45782,41.9438],[-75.45902,41.94387],[-75.46251,41.94626],[-75.45945,41.94945],[-75.46505,41.95498],[-75.45361,41.96148],[-75.45066,41.95965],[-75.45009,41.94974],[-75.44961,41.95046],[-75.4475,41.94888],[-75.4418,41.95352],[-75.43746,41.95073],[-75.43084,41.95631],[-75.41802,41.95667],[-75.41882,41.96394],[-75.42131,41.97059],[-75.4284,41.97034],[-75.43016,41.97675],[-75.43881,41.97651],[-75.44278,41.97332],[-75.44146,41.97103],[-75.44182,41.96971],[-75.4455,41.97081],[-75.44595,41.97021],[-75.45402,41.97012],[-75.4543,41.97419],[-75.44266,41.97652],[-75.44258,41.98027],[-75.44896,41.98026],[-75.44897,41.98094],[-75.44985,41.98093],[-75.45071,41.98101]]],[[[-75.49566,41.99932],[-75.54038,41.99913],[-75.54031,41.98034],[-75.51096,41.98004],[-75.50229,41.9776],[-75.50222,41.98549],[-75.50875,41.98405],[-75.50993,41.98821],[-75.50084,41.99079],[-75.5021,41.99454],[-75.49549,41.99447],[-75.49566,41.99932]]]]},"properties":{"SGL":70,"NAME":"070","ACRES":6336.17424417,"PGC_REGION":5}},{"type":"Feature","geometry":{"type":"MultiPolygon","coordinates":[[[[-77.95628,40.3628],[-77.96002,40.36561],[-77.96001,40.36682],[-77.96094,40.36714],[-77.96623,40.36212],[-77.96728,40.35879],[-77.96633,40.35605],[-77.96448,40.356],[-77.96479,40.35478],[-77.96664,40.35505],[-77.96684,40.35448],[-77.96613,40.35387],[-77.96758,40.35075],[-77.97249,40.35131],[-77.97276,40.35027],[-77.9721,40.34997],[-77.97153,40.35039],[-77.97077,40.34969],[-77.97134,40.34903],[-77.96852,40.3487],[-77.97155,40.34217],[-77.97252,40.34222],[-77.97634,40.33395],[-77.97973,40.33468],[-77.97989,40.3342],[-77.97793,40.33348],[-77.97849,40.33234],[-77.97841,40.33127],[-77.97915,40.33099],[-77.98104,40.32716],[-77.9735,40.32592],[-77.97225,40.33149],[-77.96554,40.3304],[-77.96175,40.3368],[-77.9626,40.33842],[-77.96134,40.34169],[-77.95927,40.34016],[-77.95248,40.35974],[-77.95485,40.36166],[-77.95628,40.3628]],[[-77.96274,40.3625],[-77.96255,40.36242],[-77.96274,40.3625]]],[[[-77.90465,40.36971],[-77.92013,40.37282],[-77.91396,40.38651],[-77.92102,40.38848],[-77.92317,40.38986],[-77.93481,40.38555],[-77.93709,40.38172],[-77.94295,40.36162],[-77.95378,40.33396],[-77.92484,40.32803],[-77.92233,40.33327],[-77.91725,40.33993],[-77.91489,40.34708],[-77.91202,40.34959],[-77.91017,40.35507],[-77.90893,40.3548],[-77.90643,40.36128],[-77.90519,40.36165],[-77.90284,40.36798],[-77.8984,40.36593],[-77.89789,40.36945],[-77.89863,40.36962],[-77.89989,40.36801],[-77.90132,40.36907],[-77.90137,40.37036],[-77.901,40.37098],[-77.90124,40.37117],[-77.90226,40.36923],[-77.90465,40.36971]]]]},"properties":{"SGL":71,"NAME":"071","ACRES":5204.17880664,"PGC_REGION":4}},{"type":"Feature","geometry":{"type":"Polygon","coordinates":[[[-79.3818,41.25881],[-79.39055,41.25909],[-79.39258,41.25805],[-79.39074,41.2565],[-79.39113,41.23937],[-79.39003,41.23816],[-79.38771,41.23697],[-79.38757,41.22898],[-79.36452,41.22874],[-79.36429,41.24014],[-79.36461,41.24082],[-79.36427,41.24115],[-79.36357,41.26458],[-79.38163,41.26473],[-79.3818,41.25881]]]},"properties":{"SGL":72,"NAME":"072","ACRES":2027.37248131,"PGC_REGION":1}},{"type":"Feature","geometry":{"type":"MultiPolygon","coordinates":[[[[-78.36062,40.06363],[-78.35918,40.0665],[-78.35777,40.06659],[-78.35763,40.07097],[-78.35454,40.07599],[-78.35368,40.08358],[-78.35147,40.08898],[-78.35114,40.09127],[-78.35295,40.09132],[-78.35309,40.10015],[-78.35272,40.10083],[-78.36566,40.09996],[-78.36526,40.09819],[-78.36547,40.09416],[-78.36486,40.09287],[-78.3654,40.09124],[-78.36457,40.0877],[-78.36531,40.0817],[-78.36522,40.07899],[-78.37204,40.05794],[-78.37596,40.04881],[-78.37826,40.0445],[-78.372,40.04292],[-78.36339,40.06041],[-78.3626,40.06007],[-78.36062,40.06363]]],[[[-78.26684,40.14514],[-78.26482,40.15093],[-78.2634,40.15371],[-78.26612,40.15477],[-78.26734,40.1531],[-78.26799,40.15089],[-78.26909,40.14902],[-78.26825,40.14874],[-78.26963,40.14532],[-78.26877,40.14511],[-78.26972,40.14402],[-78.26992,40.14424],[-78.27103,40.1417],[-78.26942,40.14031],[-78.26986,40.13929],[-78.26833,40.13906],[-78.26858,40.13861],[-78.26744,40.13996],[-78.26771,40.14064],[-78.26729,40.14369],[-78.26684,40.14514]]],[[[-78.37206,40.14264],[-78.37208,40.14428],[-78.37134,40.14697],[-78.36722,40.15335],[-78.3705,40.15561],[-78.36933,40.15755],[-78.37094,40.1587],[-78.37775,40.15483],[-78.37542,40.15414],[-78.38394,40.13562],[-78.38456,40.13564],[-78.38517,40.13032],[-78.38829,40.13063],[-78.39001,40.12858],[-78.38514,40.12874],[-78.38533,40.12515],[-78.39397,40.12099],[-78.39274,40.1188],[-78.38504,40.11859],[-78.3841,40.1149],[-78.38039,40.11647],[-78.37866,40.11647],[-78.38081,40.10828],[-78.38297,40.10733],[-78.38192,40.10535],[-78.38643,40.10562],[-78.38819,40.10365],[-78.38869,40.10378],[-78.38959,40.103],[-78.39728,40.10368],[-78.39761,40.10146],[-78.38954,40.1009],[-78.38898,40.10028],[-78.38893,40.09844],[-78.38779,40.09727],[-78.38629,40.10178],[-78.38427,40.10174],[-78.37936,40.10491],[-78.3766,40.10571],[-78.37638,40.10616],[-78.37678,40.10701],[-78.37577,40.1073],[-78.37623,40.1088],[-78.37287,40.10928],[-78.37315,40.11017],[-78.36735,40.11099],[-78.36745,40.11158],[-78.36047,40.11208],[-78.36168,40.11808],[-78.35792,40.11917],[-78.36001,40.12737],[-78.36055,40.13279],[-78.36606,40.13541],[-78.36628,40.13629],[-78.37379,40.13582],[-78.37206,40.14264]]],[[[-78.26171,40.15777],[-78.26164,40.15839],[-78.26373,40.15924],[-78.26427,40.15819],[-78.26172,40.15772],[-78.26171,40.15777]]],[[[-78.278,40.15976],[-78.2777,40.16203],[-78.2812,40.15805],[-78.28203,40.15814],[-78.28336,40.15395],[-78.28624,40.14912],[-78.28717,40.14524],[-78.286,40.14482],[-78.28605,40.14419],[-78.28371,40.14337],[-78.27825,40.14215],[-78.27687,40.14539],[-78.27889,40.14742],[-78.27892,40.14924],[-78.27409,40.14865],[-78.27389,40.14768],[-78.2726,40.14754],[-78.27157,40.15225],[-78.26789,40.15944],[-78.26989,40.16036],[-78.26914,40.16138],[-78.27605,40.16185],[-78.27546,40.15962],[-78.278,40.15976]]],[[[-78.18697,40.39853],[-78.18477,40.4017],[-78.18913,40.40766],[-78.19121,40.40441],[-78.18907,40.40326],[-78.19046,40.40106],[-78.18689,40.39925],[-78.18838,40.39712],[-78.19434,40.40036],[-78.19515,40.39944],[-78.19554,40.39814],[-78.19947,40.40008],[-78.20293,40.39544],[-78.20118,40.3947],[-78.20566,40.3917],[-78.20675,40.39015],[-78.20603,40.38992],[-78.20622,40.38929],[-78.20576,40.38916],[-78.20683,40.38646],[-78.20612,40.38463],[-78.21122,40.38079],[-78.21466,40.37566],[-78.21939,40.37093],[-78.22041,40.36864],[-78.22157,40.36908],[-78.22384,40.36774],[-78.22401,40.36612],[-78.22593,40.36348],[-78.22636,40.36342],[-78.22979,40.35721],[-78.23146,40.35584],[-78.23705,40.34933],[-78.23951,40.34896],[-78.24208,40.34786],[-78.24464,40.34544],[-78.2426,40.34459],[-78.24501,40.34018],[-78.24719,40.34115],[-78.24877,40.34111],[-78.25053,40.3381],[-78.24397,40.33434],[-78.24982,40.32847],[-78.24192,40.32403],[-78.24339,40.32155],[-78.2475,40.31649],[-78.25852,40.29706],[-78.26665,40.30051],[-78.26876,40.29646],[-78.26824,40.29574],[-78.27113,40.29167],[-78.27177,40.2889],[-78.27387,40.28642],[-78.27323,40.28179],[-78.27693,40.28163],[-78.27855,40.27946],[-78.27649,40.27836],[-78.27907,40.27335],[-78.28863,40.26354],[-78.29231,40.25601],[-78.29299,40.24527],[-78.29508,40.23818],[-78.29372,40.23739],[-78.29416,40.23327],[-78.29711,40.23426],[-78.29973,40.23169],[-78.29891,40.23122],[-78.30146,40.22758],[-78.30272,40.22839],[-78.30329,40.22636],[-78.30399,40.22671],[-78.31089,40.22268],[-78.31321,40.22353],[-78.31723,40.21618],[-78.31879,40.21453],[-78.32246,40.21415],[-78.32493,40.21328],[-78.32578,40.21246],[-78.32931,40.21258],[-78.33251,40.2092],[-78.33248,40.21559],[-78.34372,40.20481],[-78.34524,40.20087],[-78.34692,40.19923],[-78.34822,40.19889],[-78.35309,40.19077],[-78.35487,40.18965],[-78.3563,40.18591],[-78.35828,40.18479],[-78.36657,40.17115],[-78.36521,40.16995],[-78.36652,40.16334],[-78.36065,40.15876],[-78.35637,40.15954],[-78.36059,40.1624],[-78.35258,40.16553],[-78.35156,40.16533],[-78.35076,40.16675],[-78.35,40.16646],[-78.34879,40.1684],[-78.348,40.16863],[-78.34735,40.16834],[-78.3379,40.17816],[-78.33675,40.17835],[-78.33665,40.17903],[-78.33545,40.17899],[-78.33439,40.17749],[-78.33578,40.16588],[-78.33204,40.16531],[-78.33111,40.16332],[-78.33355,40.16091],[-78.33318,40.16013],[-78.33095,40.16055],[-78.32883,40.15514],[-78.32813,40.14971],[-78.3321,40.14961],[-78.33125,40.14815],[-78.33151,40.14668],[-78.33075,40.14665],[-78.33094,40.1445],[-78.32762,40.13708],[-78.32508,40.13806],[-78.3236,40.13714],[-78.32205,40.13774],[-78.3202,40.14132],[-78.31783,40.14041],[-78.3094,40.1523],[-78.30539,40.1607],[-78.30167,40.16077],[-78.3002,40.16404],[-78.29342,40.16257],[-78.29249,40.16401],[-78.29329,40.16425],[-78.29249,40.16605],[-78.29193,40.17074],[-78.2951,40.17089],[-78.29258,40.17953],[-78.29261,40.18548],[-78.29015,40.18723],[-78.29343,40.18702],[-78.2914,40.19103],[-78.29096,40.2012],[-78.29006,40.20198],[-78.28977,40.21008],[-78.28712,40.21861],[-78.28359,40.21892],[-78.28878,40.21984],[-78.28494,40.22724],[-78.28426,40.22701],[-78.27936,40.23565],[-78.28086,40.23608],[-78.27897,40.23949],[-78.28044,40.2398],[-78.27898,40.24257],[-78.28041,40.24314],[-78.27679,40.24941],[-78.27484,40.25184],[-78.27807,40.25297],[-78.26451,40.26419],[-78.26258,40.26875],[-78.2597,40.26826],[-78.25928,40.26969],[-78.25719,40.26981],[-78.25723,40.27046],[-78.25952,40.2703],[-78.25906,40.27113],[-78.25949,40.27094],[-78.25872,40.27372],[-78.25755,40.27352],[-78.25241,40.28586],[-78.24758,40.29315],[-78.24824,40.2936],[-78.24793,40.29429],[-78.24835,40.29455],[-78.22862,40.32074],[-78.22399,40.32653],[-78.22278,40.32734],[-78.22375,40.32734],[-78.22303,40.33134],[-78.21937,40.3354],[-78.21662,40.33483],[-78.21315,40.33984],[-78.21464,40.34061],[-78.21611,40.33947],[-78.21667,40.34009],[-78.21337,40.34338],[-78.21095,40.34517],[-78.21275,40.34625],[-78.20888,40.35121],[-78.21157,40.35287],[-78.20766,40.35889],[-78.20699,40.35867],[-78.20432,40.36253],[-78.20204,40.367],[-78.19735,40.36522],[-78.1922,40.37495],[-78.20054,40.37905],[-78.19474,40.38636],[-78.18902,40.39559],[-78.18697,40.39853]],[[-78.30129,40.19699],[-78.29748,40.19808],[-78.29628,40.18714],[-78.29709,40.18757],[-78.29814,40.18747],[-78.30129,40.19699]]]]},"properties":{"SGL":73,"NAME":"073","ACRES":20814.3748428,"PGC_REGION":4}},{"type":"Feature","geometry":{"type":"MultiPolygon","coordinates":[[[[-79.32296,41.237],[-79.32112,41.23951],[-79.31969,41.24066],[-79.32389,41.24065],[-79.32589,41.2373],[-79.32332,41.23654],[-79.32296,41.237]]],[[[-79.17176,41.25108],[-79.17205,41.24378],[-79.17447,41.24377],[-79.17437,41.24059],[-79.16664,41.24034],[-79.16644,41.25107],[-79.17063,41.25108],[-79.17176,41.25108]]],[[[-79.18614,41.25194],[-79.18603,41.25575],[-79.20194,41.2556],[-79.20195,41.25114],[-79.20971,41.25127],[-79.20978,41.24616],[-79.21199,41.2462],[-79.21218,41.24284],[-79.21089,41.24284],[-79.21085,41.23864],[-79.21875,41.23862],[-79.21886,41.24234],[-79.23004,41.24241],[-79.22983,41.25306],[-79.24024,41.25319],[-79.24021,41.24913],[-79.23763,41.24913],[-79.2377,41.24184],[-79.23967,41.24186],[-79.23984,41.23912],[-79.24355,41.23912],[-79.24366,41.23549],[-79.24524,41.23549],[-79.24541,41.22978],[-79.25025,41.22979],[-79.25032,41.22705],[-79.26559,41.22721],[-79.26561,41.22453],[-79.26939,41.22456],[-79.26936,41.22551],[-79.26804,41.22721],[-79.27348,41.22714],[-79.27349,41.23445],[-79.27691,41.23443],[-79.27638,41.24496],[-79.29543,41.2448],[-79.30286,41.24434],[-79.30318,41.2403],[-79.31614,41.24075],[-79.31753,41.24023],[-79.31978,41.239],[-79.32199,41.23633],[-79.32049,41.23563],[-79.31941,41.23355],[-79.31793,41.23246],[-79.31559,41.23316],[-79.31328,41.2351],[-79.31321,41.23469],[-79.31541,41.23264],[-79.31766,41.23146],[-79.3191,41.23152],[-79.31944,41.23249],[-79.32141,41.23475],[-79.32216,41.23486],[-79.32218,41.23289],[-79.32288,41.23113],[-79.32449,41.22971],[-79.32715,41.22909],[-79.33185,41.22914],[-79.33466,41.22861],[-79.33659,41.22772],[-79.33795,41.22615],[-79.3205,41.22598],[-79.32046,41.22434],[-79.31722,41.22446],[-79.31699,41.22142],[-79.31794,41.22143],[-79.318,41.21862],[-79.31929,41.21865],[-79.31937,41.21834],[-79.31799,41.21833],[-79.31877,41.20872],[-79.31415,41.20865],[-79.31409,41.21301],[-79.31,41.21295],[-79.30992,41.21853],[-79.31291,41.21856],[-79.31298,41.22217],[-79.30539,41.22206],[-79.30547,41.22679],[-79.30326,41.22681],[-79.30324,41.22911],[-79.28989,41.22901],[-79.28995,41.23016],[-79.28699,41.23012],[-79.28707,41.22354],[-79.28997,41.22361],[-79.28992,41.22316],[-79.29153,41.22313],[-79.29157,41.21608],[-79.29284,41.21623],[-79.29291,41.21552],[-79.28696,41.21552],[-79.28716,41.22203],[-79.28341,41.22199],[-79.28361,41.21912],[-79.27735,41.21895],[-79.27732,41.22064],[-79.27151,41.22068],[-79.27154,41.21974],[-79.2685,41.2197],[-79.26845,41.21872],[-79.27146,41.2187],[-79.27165,41.21146],[-79.2687,41.21146],[-79.26885,41.20379],[-79.2658,41.20372],[-79.26566,41.20882],[-79.25784,41.20876],[-79.25778,41.20745],[-79.25404,41.20746],[-79.25404,41.21302],[-79.25605,41.21304],[-79.25622,41.21758],[-79.25148,41.21751],[-79.25155,41.21294],[-79.24683,41.21291],[-79.24677,41.21651],[-79.23733,41.21649],[-79.23686,41.21542],[-79.23716,41.21316],[-79.23669,41.21281],[-79.23883,41.2128],[-79.23906,41.20632],[-79.2351,41.20617],[-79.23521,41.20515],[-79.23021,41.20511],[-79.22983,41.21941],[-79.23879,41.21937],[-79.23864,41.22247],[-79.24357,41.22235],[-79.24346,41.22663],[-79.24104,41.22665],[-79.2411,41.23015],[-79.22325,41.23006],[-79.22327,41.2255],[-79.21581,41.22705],[-79.21597,41.23058],[-79.1938,41.23062],[-79.19373,41.22716],[-79.18609,41.22674],[-79.1861,41.24038],[-79.17923,41.2404],[-79.1793,41.24812],[-79.18455,41.24815],[-79.18455,41.25112],[-79.18616,41.25105],[-79.18614,41.25194]],[[-79.19315,41.24316],[-79.19328,41.24595],[-79.18781,41.24585],[-79.18789,41.24214],[-79.1931,41.24218],[-79.19312,41.24266],[-79.19315,41.24316]]]]},"properties":{"SGL":74,"NAME":"074","ACRES":6567.84504196,"PGC_REGION":1}},{"type":"Feature","geometry":{"type":"MultiPolygon","coordinates":[[[[-77.38946,41.43874],[-77.40664,41.43847],[-77.40636,41.43172],[-77.41316,41.43166],[-77.41309,41.42913],[-77.41387,41.42915],[-77.41379,41.42659],[-77.41475,41.42653],[-77.41529,41.42503],[-77.41807,41.42573],[-77.41777,41.41769],[-77.42297,41.41748],[-77.42318,41.42647],[-77.42395,41.42647],[-77.42404,41.4278],[-77.4335,41.42081],[-77.43319,41.41636],[-77.43813,41.41644],[-77.44948,41.41996],[-77.44928,41.41679],[-77.45491,41.4142],[-77.4533,41.41284],[-77.45364,41.41017],[-77.45413,41.40953],[-77.44712,41.40342],[-77.43976,41.39839],[-77.43806,41.40726],[-77.43546,41.40751],[-77.43552,41.40642],[-77.42914,41.40661],[-77.42712,41.41053],[-77.42348,41.41212],[-77.42358,41.41301],[-77.4178,41.41311],[-77.41694,41.41374],[-77.41661,41.41331],[-77.41546,41.41329],[-77.4146,41.41411],[-77.41392,41.41333],[-77.41205,41.41333],[-77.41212,41.41772],[-77.41316,41.41773],[-77.41318,41.41744],[-77.41367,41.41776],[-77.41314,41.42018],[-77.4115,41.4195],[-77.41042,41.41966],[-77.41068,41.42666],[-77.40092,41.42671],[-77.40086,41.42183],[-77.38909,41.42197],[-77.38913,41.42607],[-77.38946,41.43874]],[[-77.41401,41.4163],[-77.41393,41.41663],[-77.41323,41.41662],[-77.41332,41.41629],[-77.41401,41.4163]],[[-77.41446,41.41449],[-77.41434,41.4149],[-77.4134,41.41475],[-77.4136,41.41426],[-77.41446,41.41449]],[[-77.41562,41.41425],[-77.41473,41.41414],[-77.41555,41.41341],[-77.41657,41.41341],[-77.41687,41.41379],[-77.41652,41.41412],[-77.41606,41.41383],[-77.41562,41.41425]]],[[[-77.41911,41.53443],[-77.4239,41.53362],[-77.42196,41.53231],[-77.4182,41.52816],[-77.41443,41.52821],[-77.41289,41.52765],[-77.41355,41.52665],[-77.41748,41.52695],[-77.42233,41.524],[-77.42322,41.52379],[-77.42353,41.52296],[-77.42529,41.52143],[-77.42086,41.51953],[-77.41899,41.52027],[-77.41783,41.52131],[-77.41582,41.52046],[-77.41614,41.52026],[-77.41433,41.51868],[-77.40525,41.51707],[-77.4022,41.51462],[-77.40182,41.50411],[-77.39102,41.50423],[-77.38988,41.44236],[-77.35933,41.4429],[-77.35943,41.42653],[-77.32581,41.42764],[-77.32593,41.42833],[-77.30986,41.42891],[-77.30996,41.43073],[-77.30345,41.43285],[-77.29889,41.43293],[-77.295,41.43442],[-77.29377,41.43564],[-77.29393,41.43924],[-77.28565,41.43952],[-77.28567,41.44043],[-77.27915,41.44072],[-77.27889,41.43739],[-77.27648,41.43706],[-77.27639,41.43566],[-77.27817,41.43563],[-77.27365,41.43346],[-77.27358,41.43262],[-77.28026,41.43253],[-77.27924,41.43353],[-77.28089,41.43394],[-77.28204,41.43478],[-77.27995,41.43488],[-77.2795,41.43663],[-77.28017,41.43704],[-77.28132,41.43617],[-77.28075,41.4357],[-77.28162,41.43526],[-77.28503,41.4351],[-77.28522,41.43072],[-77.29315,41.43048],[-77.293,41.42638],[-77.29874,41.42613],[-77.29881,41.42722],[-77.30908,41.42535],[-77.30925,41.42709],[-77.31174,41.42571],[-77.31484,41.4228],[-77.31411,41.42273],[-77.31487,41.42098],[-77.31076,41.42107],[-77.31041,41.41515],[-77.29271,41.41534],[-77.29264,41.40903],[-77.29061,41.40809],[-77.28298,41.40674],[-77.28248,41.40692],[-77.28296,41.41553],[-77.26149,41.41579],[-77.26158,41.42061],[-77.25483,41.42087],[-77.25494,41.42518],[-77.25036,41.42527],[-77.25038,41.42453],[-77.24833,41.4246],[-77.24906,41.42683],[-77.25182,41.4294],[-77.23431,41.42865],[-77.23413,41.43637],[-77.22885,41.43652],[-77.23035,41.44404],[-77.21479,41.44417],[-77.21534,41.44986],[-77.21353,41.44882],[-77.21195,41.44938],[-77.20742,41.44902],[-77.20569,41.44845],[-77.20575,41.45015],[-77.2007,41.45021],[-77.20115,41.45894],[-77.20477,41.45894],[-77.20558,41.47549],[-77.21066,41.47723],[-77.21385,41.47732],[-77.2158,41.47604],[-77.21899,41.47711],[-77.21838,41.4778],[-77.21872,41.4786],[-77.21724,41.47988],[-77.21602,41.48013],[-77.21554,41.47957],[-77.21223,41.4803],[-77.20926,41.48315],[-77.22427,41.48308],[-77.22331,41.45896],[-77.25413,41.45852],[-77.25787,41.45704],[-77.2663,41.45562],[-77.27018,41.45401],[-77.27307,41.4502],[-77.2752,41.45012],[-77.27522,41.44599],[-77.28175,41.44559],[-77.2819,41.45033],[-77.27917,41.45034],[-77.27927,41.45393],[-77.28069,41.4551],[-77.28011,41.45554],[-77.27732,41.45371],[-77.27373,41.45408],[-77.27222,41.45536],[-77.26846,41.45733],[-77.26243,41.4584],[-77.28692,41.45853],[-77.28658,41.45183],[-77.2939,41.45175],[-77.29386,41.44999],[-77.29582,41.45009],[-77.29604,41.45465],[-77.29401,41.45465],[-77.29406,41.45837],[-77.29984,41.45823],[-77.30171,41.50646],[-77.35005,41.50621],[-77.35018,41.5145],[-77.35942,41.51448],[-77.35973,41.53014],[-77.41881,41.52992],[-77.41911,41.53443]],[[-77.27714,41.44117],[-77.27667,41.44175],[-77.27598,41.44142],[-77.27648,41.44084],[-77.27714,41.44117]]]]},"properties":{"SGL":75,"NAME":"075","ACRES":27499.463144,"PGC_REGION":3}},{"type":"Feature","geometry":{"type":"Polygon","coordinates":[[[-77.72119,40.06821],[-77.72076,40.06871],[-77.72563,40.0729],[-77.72517,40.07323],[-77.72723,40.07473],[-77.72107,40.07761],[-77.71515,40.08178],[-77.70462,40.09068],[-77.70937,40.09257],[-77.71185,40.09467],[-77.71579,40.09067],[-77.71771,40.0929],[-77.71471,40.09591],[-77.71774,40.09797],[-77.7199,40.09598],[-77.72076,40.09658],[-77.72681,40.09546],[-77.72715,40.09586],[-77.72977,40.09397],[-77.73786,40.09923],[-77.73212,40.10398],[-77.7318,40.10465],[-77.72877,40.10559],[-77.72699,40.10808],[-77.72273,40.10486],[-77.72139,40.10618],[-77.71697,40.10817],[-77.73201,40.11824],[-77.73055,40.11968],[-77.72513,40.12348],[-77.72539,40.1238],[-77.7274,40.12243],[-77.72776,40.1227],[-77.73324,40.12015],[-77.74389,40.11366],[-77.74095,40.11132],[-77.74465,40.10725],[-77.74614,40.10656],[-77.74771,40.10491],[-77.75007,40.10347],[-77.75416,40.10007],[-77.75931,40.10517],[-77.76197,40.1034],[-77.75865,40.10028],[-77.76159,40.09851],[-77.76459,40.0958],[-77.77037,40.08934],[-77.77358,40.08648],[-77.77549,40.08785],[-77.77822,40.08499],[-77.77647,40.08354],[-77.78068,40.08002],[-77.78368,40.07572],[-77.782,40.07449],[-77.77852,40.07833],[-77.77301,40.07477],[-77.76014,40.08518],[-77.75127,40.07969],[-77.74985,40.08104],[-77.7457,40.08357],[-77.74505,40.08317],[-77.74323,40.08505],[-77.73907,40.0817],[-77.74152,40.08047],[-77.73999,40.0792],[-77.74453,40.07452],[-77.74661,40.07431],[-77.74766,40.07266],[-77.75034,40.0714],[-77.75126,40.07026],[-77.75271,40.0699],[-77.754,40.07043],[-77.75193,40.06876],[-77.74988,40.06575],[-77.75356,40.0616],[-77.74959,40.05779],[-77.74668,40.05887],[-77.74501,40.05775],[-77.74391,40.05828],[-77.73988,40.0579],[-77.7398,40.059],[-77.73417,40.06003],[-77.73774,40.06146],[-77.73975,40.06094],[-77.74159,40.06188],[-77.73843,40.06331],[-77.73278,40.06472],[-77.73452,40.06571],[-77.72616,40.07092],[-77.72119,40.06821]]]},"properties":{"SGL":76,"NAME":"076","ACRES":4297.58281503,"PGC_REGION":4}},{"type":"Feature","geometry":{"type":"Polygon","coordinates":[[[-78.74145,41.18744],[-78.74096,41.20204],[-78.75768,41.20207],[-78.75806,41.18053],[-78.77249,41.18065],[-78.77274,41.17325],[-78.78281,41.17311],[-78.78451,41.16965],[-78.785,41.15036],[-78.78691,41.15034],[-78.77793,41.14052],[-78.77692,41.14007],[-78.7719,41.14053],[-78.77051,41.13995],[-78.77393,41.13623],[-78.76343,41.13335],[-78.76299,41.13439],[-78.76388,41.13457],[-78.76359,41.13576],[-78.76828,41.13574],[-78.76829,41.14414],[-78.76357,41.14412],[-78.76353,41.14863],[-78.75875,41.14865],[-78.75874,41.15395],[-78.76605,41.15398],[-78.76602,41.16326],[-78.75871,41.16326],[-78.75865,41.17301],[-78.74171,41.17287],[-78.74145,41.18744]]]},"properties":{"SGL":77,"NAME":"077","ACRES":3038.04438923,"PGC_REGION":3}},{"type":"Feature","geometry":{"type":"Polygon","coordinates":[[[-78.24082,40.99787],[-78.25517,40.99797],[-78.25515,40.99702],[-78.25985,40.99701],[-78.25986,40.9961],[-78.25514,40.99611],[-78.25512,40.99521],[-78.26764,40.99525],[-78.26726,40.99278],[-78.26864,40.99275],[-78.26867,40.98729],[-78.26263,40.98724],[-78.2627,40.98361],[-78.24859,40.98378],[-78.2489,40.98663],[-78.24109,40.98677],[-78.24088,40.99581],[-78.24082,40.99787]]]},"properties":{"SGL":78,"NAME":"078","ACRES":724.89549688,"PGC_REGION":3}},{"type":"Feature","geometry":{"type":"Polygon","coordinates":[[[-76.40117,39.88902],[-76.402,39.88932],[-76.4056,39.88179],[-76.40108,39.87838],[-76.40126,39.87436],[-76.39722,39.87514],[-76.39758,39.87322],[-76.39896,39.87242],[-76.40201,39.87232],[-76.40441,39.8726],[-76.40843,39.87406],[-76.40906,39.87374],[-76.4126,39.86941],[-76.41156,39.86891],[-76.41124,39.86963],[-76.40996,39.86896],[-76.40951,39.86938],[-76.40663,39.86611],[-76.40412,39.86716],[-76.39909,39.86792],[-76.39756,39.86581],[-76.40014,39.86333],[-76.39927,39.86204],[-76.39521,39.86278],[-76.39586,39.86225],[-76.39269,39.8601],[-76.39301,39.85987],[-76.39139,39.8585],[-76.38904,39.86019],[-76.38989,39.86141],[-76.38968,39.8616],[-76.39138,39.86304],[-76.39166,39.8629],[-76.39244,39.86404],[-76.39089,39.86501],[-76.3916,39.86724],[-76.38774,39.86875],[-76.38912,39.87128],[-76.38802,39.872],[-76.39059,39.87521],[-76.39037,39.87572],[-76.38913,39.87633],[-76.39201,39.87804],[-76.39109,39.88278],[-76.39384,39.88382],[-76.39388,39.88532],[-76.39288,39.88616],[-76.39441,39.88733],[-76.39555,39.88759],[-76.39662,39.88698],[-76.39673,39.88743],[-76.39749,39.88715],[-76.39884,39.88777],[-76.39872,39.88854],[-76.39998,39.8891],[-76.40073,39.88886],[-76.40117,39.88902]]]},"properties":{"SGL":83,"NAME":"083","ACRES":788.81691153,"PGC_REGION":4}},{"type":"Feature","geometry":{"type":"MultiPolygon","coordinates":[[[[-76.75219,40.74427],[-76.75229,40.74638],[-76.76252,40.74607],[-76.76239,40.74467],[-76.76385,40.74417],[-76.76524,40.74443],[-76.76662,40.74332],[-76.77109,40.74408],[-76.77104,40.74334],[-76.78142,40.74243],[-76.78138,40.7434],[-76.79042,40.74304],[-76.79098,40.73967],[-76.7761,40.73827],[-76.77596,40.7379],[-76.77315,40.73831],[-76.77353,40.74067],[-76.77104,40.74085],[-76.77043,40.73834],[-76.76139,40.73936],[-76.76155,40.73979],[-76.75965,40.74032],[-76.75202,40.74059],[-76.75213,40.743],[-76.75219,40.74427]]],[[[-76.65376,40.74824],[-76.65563,40.74789],[-76.65956,40.74614],[-76.65951,40.74577],[-76.65558,40.74739],[-76.65545,40.74531],[-76.66138,40.745],[-76.67475,40.74591],[-76.67473,40.74739],[-76.67302,40.74656],[-76.67273,40.74783],[-76.67642,40.74815],[-76.67916,40.74785],[-76.67917,40.74694],[-76.68023,40.74702],[-76.68025,40.74632],[-76.68511,40.74608],[-76.69004,40.74724],[-76.69492,40.74745],[-76.69494,40.74616],[-76.70713,40.74574],[-76.70731,40.74758],[-76.70894,40.74753],[-76.70899,40.74798],[-76.71208,40.74798],[-76.71371,40.74776],[-76.7135,40.74551],[-76.72014,40.74513],[-76.72454,40.74572],[-76.74573,40.74675],[-76.74546,40.7406],[-76.73978,40.74019],[-76.74066,40.73756],[-76.73594,40.73661],[-76.73501,40.74003],[-76.73044,40.73943],[-76.73117,40.73597],[-76.72794,40.73541],[-76.728,40.73657],[-76.71937,40.73708],[-76.71927,40.73662],[-76.71055,40.73552],[-76.71064,40.73895],[-76.70304,40.7389],[-76.70301,40.73624],[-76.6887,40.73429],[-76.68943,40.7375],[-76.6773,40.73716],[-76.67785,40.73645],[-76.67519,40.73667],[-76.67507,40.73607],[-76.67116,40.73514],[-76.67137,40.73787],[-76.66615,40.73823],[-76.66638,40.73643],[-76.66793,40.73535],[-76.62455,40.73291],[-76.62444,40.73152],[-76.59822,40.73058],[-76.59341,40.73034],[-76.5934,40.72997],[-76.5822,40.72969],[-76.5823,40.7312],[-76.57654,40.7311],[-76.57608,40.73148],[-76.56497,40.73054],[-76.56269,40.72972],[-76.56256,40.72813],[-76.54655,40.72804],[-76.54647,40.7261],[-76.53932,40.72612],[-76.53944,40.72703],[-76.52546,40.72785],[-76.52545,40.727],[-76.5076,40.72989],[-76.50746,40.7289],[-76.49067,40.72949],[-76.48032,40.73293],[-76.48268,40.73266],[-76.48138,40.73334],[-76.47614,40.73444],[-76.47353,40.73586],[-76.45832,40.74089],[-76.45392,40.74267],[-76.45109,40.74469],[-76.47767,40.74204],[-76.47762,40.74174],[-76.49469,40.73957],[-76.50833,40.73736],[-76.5224,40.73719],[-76.52379,40.74095],[-76.52485,40.74161],[-76.52587,40.74323],[-76.52969,40.74461],[-76.5337,40.74398],[-76.53664,40.74261],[-76.53888,40.74059],[-76.53828,40.73883],[-76.5584,40.74009],[-76.55732,40.73806],[-76.57219,40.73965],[-76.57885,40.73998],[-76.57862,40.73929],[-76.58031,40.73927],[-76.58072,40.7404],[-76.58165,40.74035],[-76.58163,40.74129],[-76.58231,40.74137],[-76.58235,40.74177],[-76.58546,40.7422],[-76.58516,40.74482],[-76.58897,40.74313],[-76.59367,40.74271],[-76.59698,40.74308],[-76.60912,40.74205],[-76.61857,40.74264],[-76.62369,40.74339],[-76.62571,40.74303],[-76.62868,40.74333],[-76.63542,40.74495],[-76.63537,40.74452],[-76.63866,40.74458],[-76.63861,40.74527],[-76.64024,40.74536],[-76.64357,40.74755],[-76.64778,40.74736],[-76.64794,40.74478],[-76.65023,40.74472],[-76.6499,40.74704],[-76.65172,40.74652],[-76.65376,40.74824]]],[[[-76.78451,40.76542],[-76.78542,40.76734],[-76.79516,40.76331],[-76.796,40.76464],[-76.81656,40.75703],[-76.83308,40.74433],[-76.8329,40.73866],[-76.82938,40.73792],[-76.82976,40.73666],[-76.8244,40.73661],[-76.82436,40.73815],[-76.81653,40.73938],[-76.8171,40.73972],[-76.79224,40.73986],[-76.79143,40.7415],[-76.79149,40.74324],[-76.79751,40.74614],[-76.79886,40.7478],[-76.80604,40.74782],[-76.80809,40.75048],[-76.79488,40.75319],[-76.79372,40.75375],[-76.79374,40.7584],[-76.79279,40.75876],[-76.79014,40.75312],[-76.79159,40.75278],[-76.791,40.75182],[-76.7924,40.75152],[-76.79162,40.749],[-76.78937,40.74928],[-76.7896,40.75125],[-76.78657,40.75282],[-76.78689,40.75364],[-76.78576,40.75391],[-76.78831,40.76067],[-76.78308,40.76238],[-76.78451,40.76542]]],[[[-76.76879,40.89241],[-76.761,40.9019],[-76.76513,40.8984],[-76.77049,40.89168],[-76.77168,40.89227],[-76.77282,40.88989],[-76.77426,40.88844],[-76.77385,40.88712],[-76.77208,40.88866],[-76.76879,40.89241]]]]},"properties":{"SGL":84,"NAME":"084","ACRES":9008.29828567,"PGC_REGION":5}},{"type":"Feature","geometry":{"type":"Polygon","coordinates":[[[-79.38734,41.71217],[-79.39009,41.71155],[-79.39144,41.70989],[-79.3903,41.70902],[-79.39511,41.70666],[-79.39525,41.70579],[-79.3982,41.70564],[-79.39811,41.70336],[-79.39758,41.70337],[-79.39613,41.70153],[-79.39524,41.70131],[-79.39356,41.70283],[-79.39223,41.70078],[-79.38796,41.70539],[-79.36949,41.69336],[-79.36189,41.69947],[-79.3592,41.69855],[-79.35598,41.70216],[-79.35394,41.70513],[-79.35504,41.7055],[-79.35539,41.70505],[-79.35748,41.70599],[-79.35719,41.7067],[-79.35361,41.70591],[-79.35247,41.70913],[-79.35196,41.70901],[-79.35105,41.71115],[-79.34883,41.71373],[-79.34612,41.71525],[-79.34755,41.71573],[-79.34777,41.71639],[-79.35068,41.71799],[-79.35346,41.72017],[-79.35802,41.72095],[-79.35785,41.72187],[-79.35648,41.72157],[-79.35483,41.722],[-79.35244,41.7214],[-79.34937,41.71819],[-79.34729,41.71674],[-79.34181,41.72138],[-79.34078,41.72284],[-79.3359,41.72574],[-79.33623,41.72595],[-79.33465,41.72742],[-79.33513,41.72772],[-79.33265,41.73022],[-79.32995,41.72731],[-79.32528,41.73312],[-79.32164,41.74012],[-79.31474,41.74821],[-79.31207,41.74976],[-79.31495,41.7502],[-79.31502,41.75212],[-79.30939,41.75789],[-79.30655,41.75777],[-79.30383,41.75556],[-79.30112,41.75425],[-79.29842,41.75599],[-79.29736,41.75768],[-79.30088,41.75952],[-79.29415,41.75975],[-79.29169,41.76392],[-79.28707,41.77758],[-79.2867,41.78187],[-79.28718,41.78187],[-79.28721,41.78227],[-79.28718,41.78537],[-79.28673,41.78538],[-79.28716,41.79202],[-79.28544,41.80219],[-79.29287,41.80214],[-79.29292,41.80697],[-79.29088,41.80717],[-79.29136,41.80858],[-79.30608,41.80863],[-79.30608,41.80756],[-79.3073,41.80794],[-79.3092,41.8079],[-79.30982,41.80817],[-79.30963,41.80882],[-79.31018,41.81119],[-79.31114,41.8132],[-79.31249,41.81451],[-79.31409,41.81453],[-79.31409,41.81029],[-79.32228,41.81032],[-79.32218,41.80443],[-79.34169,41.80435],[-79.34176,41.80605],[-79.34837,41.8059],[-79.34814,41.80089],[-79.37267,41.80061],[-79.37255,41.78788],[-79.36722,41.78789],[-79.36723,41.78953],[-79.3558,41.78953],[-79.35792,41.78587],[-79.36083,41.78579],[-79.3604,41.78339],[-79.35983,41.78252],[-79.35906,41.7823],[-79.35828,41.78102],[-79.35801,41.77957],[-79.35291,41.77966],[-79.35285,41.77784],[-79.34847,41.77789],[-79.34779,41.7776],[-79.34738,41.77606],[-79.34462,41.77412],[-79.34123,41.7742],[-79.3364,41.77328],[-79.33356,41.77233],[-79.33352,41.7711],[-79.33739,41.77103],[-79.33735,41.76822],[-79.33345,41.76827],[-79.33346,41.76553],[-79.35268,41.76545],[-79.35269,41.76313],[-79.36245,41.76311],[-79.36241,41.75683],[-79.37242,41.75682],[-79.37243,41.75014],[-79.38319,41.75006],[-79.38318,41.74591],[-79.37544,41.74606],[-79.37518,41.73621],[-79.38956,41.73611],[-79.38971,41.74622],[-79.39454,41.74616],[-79.39456,41.73608],[-79.39903,41.73601],[-79.39863,41.72824],[-79.39634,41.72691],[-79.39408,41.72278],[-79.39193,41.72125],[-79.38592,41.72125],[-79.38589,41.72],[-79.38032,41.72002],[-79.38064,41.71886],[-79.37707,41.71598],[-79.38519,41.70789],[-79.38458,41.70775],[-79.38486,41.70709],[-79.38574,41.7074],[-79.38519,41.70789],[-79.38734,41.71217]],[[-79.37763,41.73461],[-79.37746,41.73025],[-79.38362,41.73011],[-79.38374,41.73454],[-79.37763,41.73465],[-79.37763,41.73461]],[[-79.34556,41.73943],[-79.34532,41.7397],[-79.34538,41.73943],[-79.34556,41.73943]],[[-79.35276,41.75183],[-79.35263,41.74676],[-79.35187,41.74675],[-79.35187,41.74618],[-79.34807,41.74617],[-79.35222,41.74188],[-79.35725,41.74619],[-79.36584,41.74619],[-79.36599,41.75183],[-79.35276,41.75205],[-79.35276,41.75183]]]},"properties":{"SGL":86,"NAME":"086","ACRES":14321.3781799,"PGC_REGION":1}},{"type":"Feature","geometry":{"type":"Polygon","coordinates":[[[-77.37937,40.48766],[-77.39319,40.48172],[-77.3934,40.482],[-77.3982,40.4789],[-77.39215,40.47112],[-77.40567,40.46496],[-77.41346,40.47251],[-77.42602,40.46445],[-77.42518,40.46384],[-77.445,40.45645],[-77.43959,40.44953],[-77.44365,40.4478],[-77.44875,40.45445],[-77.45304,40.45214],[-77.45764,40.45015],[-77.45787,40.45041],[-77.47712,40.44087],[-77.47947,40.44384],[-77.47769,40.44516],[-77.47939,40.44721],[-77.48085,40.44637],[-77.48112,40.44668],[-77.48287,40.44559],[-77.48472,40.44792],[-77.48499,40.44764],[-77.4869,40.44926],[-77.48735,40.44864],[-77.48139,40.44328],[-77.48141,40.43897],[-77.48281,40.43854],[-77.48107,40.43747],[-77.48047,40.43584],[-77.48517,40.43369],[-77.48678,40.43658],[-77.49608,40.43072],[-77.49511,40.42976],[-77.50228,40.42537],[-77.4986,40.42131],[-77.50432,40.41835],[-77.50858,40.42316],[-77.52014,40.41562],[-77.52278,40.419],[-77.53318,40.41261],[-77.53272,40.41214],[-77.53508,40.40979],[-77.53678,40.40875],[-77.53446,40.4064],[-77.54329,40.40084],[-77.53693,40.39584],[-77.52554,40.40113],[-77.52223,40.39894],[-77.52074,40.39564],[-77.51679,40.39638],[-77.51467,40.39723],[-77.51533,40.39945],[-77.51531,40.40172],[-77.51565,40.40247],[-77.51764,40.40426],[-77.51428,40.40554],[-77.51542,40.40665],[-77.51352,40.4078],[-77.51188,40.40552],[-77.50216,40.4097],[-77.50269,40.41013],[-77.48797,40.41694],[-77.48423,40.41755],[-77.48064,40.41206],[-77.47975,40.41258],[-77.47892,40.41163],[-77.47568,40.4163],[-77.4748,40.41836],[-77.47509,40.42001],[-77.47012,40.42233],[-77.4673,40.41819],[-77.46432,40.41941],[-77.46651,40.42197],[-77.46767,40.42133],[-77.47049,40.42428],[-77.46058,40.42957],[-77.4591,40.42792],[-77.45521,40.42937],[-77.45622,40.43215],[-77.44518,40.43542],[-77.45114,40.44127],[-77.44356,40.44576],[-77.43454,40.44997],[-77.43334,40.4441],[-77.42907,40.44552],[-77.42818,40.44261],[-77.4298,40.44189],[-77.42905,40.43987],[-77.43217,40.43896],[-77.43195,40.43817],[-77.44378,40.434],[-77.44183,40.4319],[-77.43459,40.43394],[-77.43534,40.43423],[-77.43448,40.43472],[-77.43514,40.4355],[-77.4345,40.43567],[-77.43278,40.43572],[-77.43251,40.43519],[-77.43139,40.43563],[-77.43127,40.43467],[-77.42907,40.43513],[-77.42919,40.43571],[-77.42676,40.43713],[-77.427,40.43858],[-77.42529,40.43884],[-77.4247,40.43964],[-77.42027,40.44197],[-77.41863,40.44207],[-77.41993,40.4435],[-77.42284,40.44425],[-77.42403,40.44851],[-77.42187,40.44922],[-77.42012,40.44599],[-77.4191,40.44497],[-77.41943,40.44438],[-77.4183,40.44197],[-77.41436,40.44171],[-77.41513,40.44291],[-77.40946,40.44455],[-77.41558,40.45107],[-77.41212,40.45225],[-77.39904,40.45847],[-77.39509,40.46012],[-77.39381,40.46018],[-77.38345,40.46546],[-77.37903,40.46703],[-77.37942,40.46731],[-77.36613,40.47365],[-77.37154,40.48031],[-77.3732,40.47959],[-77.37937,40.48766]]]},"properties":{"SGL":88,"NAME":"088","ACRES":7004.62604213,"PGC_REGION":4}},{"type":"Feature","geometry":{"type":"Polygon","coordinates":[[[-77.50747,41.31976],[-77.50752,41.32603],[-77.50102,41.32651],[-77.50111,41.3277],[-77.52678,41.32729],[-77.5266,41.31804],[-77.5241,41.31601],[-77.52243,41.31225],[-77.521,41.3103],[-77.51214,41.30075],[-77.51279,41.29754],[-77.51052,41.29776],[-77.51087,41.29287],[-77.5107,41.27735],[-77.50993,41.27744],[-77.50989,41.27652],[-77.52237,41.24766],[-77.50937,41.24798],[-77.50913,41.22514],[-77.52147,41.22522],[-77.52335,41.22244],[-77.53404,41.2222],[-77.53401,41.21989],[-77.53849,41.21051],[-77.5287,41.19938],[-77.53393,41.19771],[-77.53598,41.19475],[-77.5456,41.188],[-77.54816,41.18331],[-77.54394,41.1773],[-77.54036,41.17471],[-77.53678,41.17141],[-77.5325,41.16892],[-77.5284,41.1677],[-77.52041,41.1684],[-77.51748,41.16938],[-77.51775,41.17126],[-77.52673,41.17477],[-77.52958,41.18631],[-77.5232,41.18684],[-77.52004,41.18447],[-77.51521,41.17936],[-77.51152,41.17904],[-77.51196,41.18448],[-77.50607,41.18404],[-77.50621,41.19682],[-77.49642,41.19725],[-77.49704,41.22498],[-77.48815,41.22517],[-77.48946,41.27626],[-77.48007,41.27635],[-77.48027,41.29747],[-77.48184,41.29864],[-77.46737,41.3096],[-77.47258,41.31225],[-77.48403,41.30735],[-77.48648,41.31085],[-77.4746,41.31578],[-77.47531,41.3166],[-77.47812,41.31724],[-77.47826,41.31779],[-77.47766,41.32113],[-77.47553,41.32422],[-77.48161,41.32397],[-77.47978,41.31633],[-77.48196,41.31508],[-77.49939,41.30918],[-77.50028,41.308],[-77.50073,41.31725],[-77.50744,41.3171],[-77.50747,41.31976]]]},"properties":{"SGL":89,"NAME":"089","ACRES":10570.3292423,"PGC_REGION":3}},{"type":"Feature","geometry":{"type":"Polygon","coordinates":[[[-78.38256,41.1763],[-78.41397,41.17639],[-78.41399,41.1619],[-78.38077,41.16192],[-78.38064,41.1474],[-78.38186,41.14739],[-78.38185,41.144],[-78.35511,41.14396],[-78.35504,41.15144],[-78.35405,41.15144],[-78.35399,41.1619],[-78.37768,41.16189],[-78.37775,41.17629],[-78.38201,41.1763],[-78.38256,41.1763]]]},"properties":{"SGL":94,"NAME":"094","ACRES":2297.16818586,"PGC_REGION":3}},{"type":"Feature","geometry":{"type":"MultiPolygon","coordinates":[[[[-79.77731,41.06783],[-79.77748,41.06936],[-79.78333,41.06958],[-79.78449,41.06615],[-79.78534,41.06626],[-79.78527,41.06565],[-79.78766,41.06732],[-79.78948,41.06477],[-79.78889,41.06186],[-79.78525,41.06301],[-79.78504,41.06037],[-79.78703,41.06035],[-79.787,41.05651],[-79.79348,41.05645],[-79.79348,41.05511],[-79.80156,41.05517],[-79.80152,41.04914],[-79.79372,41.04909],[-79.7938,41.04413],[-79.78912,41.0442],[-79.78933,41.05485],[-79.78452,41.05488],[-79.78454,41.05327],[-79.7794,41.05299],[-79.77934,41.05485],[-79.78076,41.05485],[-79.78071,41.05847],[-79.77359,41.05851],[-79.77363,41.05427],[-79.77441,41.05164],[-79.77425,41.05065],[-79.77012,41.05196],[-79.77037,41.0524],[-79.76945,41.05278],[-79.76924,41.05236],[-79.76816,41.0528],[-79.76874,41.05487],[-79.76539,41.05496],[-79.76547,41.05681],[-79.76288,41.05678],[-79.76253,41.05496],[-79.75825,41.05498],[-79.75599,41.05055],[-79.74972,41.05063],[-79.74948,41.05118],[-79.74983,41.05506],[-79.74511,41.05505],[-79.74527,41.06114],[-79.74715,41.06119],[-79.75006,41.06334],[-79.76279,41.06322],[-79.76292,41.06238],[-79.76575,41.06335],[-79.76555,41.05934],[-79.76795,41.05929],[-79.7682,41.06517],[-79.77419,41.06518],[-79.77416,41.06385],[-79.77781,41.06399],[-79.77795,41.06616],[-79.77725,41.06616],[-79.77731,41.06783]]],[[[-79.71814,41.06965],[-79.72041,41.07098],[-79.72229,41.06964],[-79.72153,41.06785],[-79.72035,41.0692],[-79.71835,41.06819],[-79.717,41.06878],[-79.71771,41.06975],[-79.71798,41.06963],[-79.71814,41.06965]]],[[[-79.83134,41.06721],[-79.83254,41.0672],[-79.83257,41.07348],[-79.846,41.07087],[-79.84402,41.0672],[-79.83347,41.06723],[-79.83342,41.06586],[-79.83135,41.06581],[-79.83134,41.06721]]],[[[-79.70966,41.09878],[-79.71534,41.09897],[-79.71552,41.09792],[-79.71907,41.0979],[-79.71911,41.09477],[-79.72543,41.09474],[-79.72534,41.08976],[-79.72086,41.08981],[-79.72075,41.08806],[-79.72296,41.08806],[-79.72292,41.08755],[-79.72807,41.08743],[-79.72811,41.0883],[-79.72998,41.0883],[-79.72958,41.08553],[-79.7319,41.08549],[-79.73162,41.08123],[-79.73472,41.08122],[-79.73512,41.08717],[-79.73841,41.08709],[-79.73827,41.08405],[-79.74438,41.08375],[-79.74425,41.08026],[-79.7424,41.08026],[-79.74222,41.07742],[-79.73798,41.07742],[-79.73776,41.07356],[-79.72891,41.07361],[-79.72748,41.06967],[-79.72619,41.06986],[-79.72594,41.07028],[-79.7243,41.07021],[-79.72197,41.07111],[-79.72148,41.07068],[-79.72054,41.07136],[-79.72164,41.07242],[-79.72095,41.07275],[-79.7218,41.07375],[-79.72079,41.07379],[-79.72092,41.07571],[-79.71468,41.07572],[-79.71569,41.07379],[-79.7097,41.07383],[-79.70969,41.07486],[-79.70258,41.07532],[-79.7018,41.06862],[-79.70189,41.07164],[-79.69424,41.07176],[-79.69458,41.07786],[-79.69023,41.07795],[-79.69032,41.08158],[-79.70368,41.08173],[-79.70369,41.08876],[-79.70639,41.08877],[-79.70714,41.0918],[-79.70932,41.0918],[-79.71077,41.09322],[-79.71168,41.09322],[-79.71192,41.09433],[-79.71267,41.09494],[-79.70963,41.0949],[-79.70964,41.09662],[-79.70966,41.09878]],[[-79.71419,41.09805],[-79.7139,41.0986],[-79.71294,41.0983],[-79.71342,41.09779],[-79.71419,41.09805]]],[[[-79.86036,41.11771],[-79.8659,41.11767],[-79.86594,41.12782],[-79.8716,41.12773],[-79.87207,41.12422],[-79.87818,41.12415],[-79.87807,41.11757],[-79.88176,41.11754],[-79.88167,41.11355],[-79.86941,41.1139],[-79.86925,41.11007],[-79.87774,41.10987],[-79.87727,41.10582],[-79.88048,41.10658],[-79.87725,41.10559],[-79.87734,41.10145],[-79.8777,41.10141],[-79.8776,41.09447],[-79.88259,41.09442],[-79.8823,41.08571],[-79.88471,41.08572],[-79.88469,41.08715],[-79.89107,41.08702],[-79.89104,41.08645],[-79.89386,41.0864],[-79.89386,41.08707],[-79.89215,41.08709],[-79.89299,41.0892],[-79.89397,41.08917],[-79.89385,41.08811],[-79.89788,41.08777],[-79.89782,41.09016],[-79.89511,41.09016],[-79.89508,41.09156],[-79.9042,41.09161],[-79.90445,41.09016],[-79.90882,41.08784],[-79.9073,41.0874],[-79.90616,41.08814],[-79.90408,41.08842],[-79.90531,41.08624],[-79.90578,41.08639],[-79.90698,41.08397],[-79.88566,41.08396],[-79.8849,41.07365],[-79.89491,41.07328],[-79.89528,41.07177],[-79.89487,41.06973],[-79.89506,41.06857],[-79.89989,41.06217],[-79.90028,41.06065],[-79.89649,41.06063],[-79.89644,41.05876],[-79.89433,41.05873],[-79.89431,41.0565],[-79.89914,41.05629],[-79.89941,41.0573],[-79.90031,41.05731],[-79.9002,41.05411],[-79.90069,41.0541],[-79.90038,41.04741],[-79.90087,41.0474],[-79.90072,41.04205],[-79.89783,41.04199],[-79.89724,41.03903],[-79.89201,41.03777],[-79.89201,41.03453],[-79.89089,41.03448],[-79.89093,41.03321],[-79.89194,41.03322],[-79.89193,41.03054],[-79.8854,41.0306],[-79.88541,41.03162],[-79.884,41.03163],[-79.88405,41.03323],[-79.88116,41.03332],[-79.88118,41.03415],[-79.88402,41.03409],[-79.88401,41.03531],[-79.88122,41.03537],[-79.88127,41.03682],[-79.88047,41.0368],[-79.88053,41.04199],[-79.87864,41.0419],[-79.87758,41.04116],[-79.87723,41.04134],[-79.87648,41.04042],[-79.87644,41.03934],[-79.87709,41.03936],[-79.87694,41.03505],[-79.87311,41.03516],[-79.87093,41.03225],[-79.86627,41.03169],[-79.86603,41.03208],[-79.86547,41.02844],[-79.85961,41.02305],[-79.85781,41.02413],[-79.85864,41.02507],[-79.85752,41.0259],[-79.85937,41.02804],[-79.85573,41.02879],[-79.85569,41.02975],[-79.84761,41.03118],[-79.84772,41.03842],[-79.84331,41.03841],[-79.84337,41.04083],[-79.84765,41.04085],[-79.84767,41.04209],[-79.85349,41.04203],[-79.85331,41.04521],[-79.85439,41.04517],[-79.85451,41.0463],[-79.85515,41.04623],[-79.8573,41.04798],[-79.86151,41.04718],[-79.86172,41.04401],[-79.86855,41.04482],[-79.86865,41.04885],[-79.87237,41.04875],[-79.8722,41.04779],[-79.87639,41.04803],[-79.87651,41.05142],[-79.8687,41.05048],[-79.86866,41.05536],[-79.87309,41.0558],[-79.87303,41.05896],[-79.87296,41.06052],[-79.87223,41.06044],[-79.87261,41.06593],[-79.87065,41.06598],[-79.87067,41.07032],[-79.86832,41.07009],[-79.86838,41.07124],[-79.86908,41.07125],[-79.86889,41.07462],[-79.87712,41.07462],[-79.8774,41.08403],[-79.85221,41.08413],[-79.85262,41.08515],[-79.84976,41.08519],[-79.84978,41.08614],[-79.8477,41.08615],[-79.84766,41.08414],[-79.84448,41.08417],[-79.84455,41.08697],[-79.8406,41.087],[-79.84083,41.08787],[-79.83698,41.08791],[-79.83495,41.08669],[-79.83308,41.08458],[-79.83463,41.08666],[-79.83661,41.08791],[-79.83205,41.08812],[-79.83204,41.08937],[-79.83428,41.08951],[-79.8343,41.08904],[-79.83487,41.08905],[-79.83443,41.09028],[-79.83363,41.09036],[-79.83293,41.09108],[-79.83453,41.09222],[-79.82777,41.09251],[-79.82756,41.09372],[-79.82332,41.09394],[-79.8233,41.09447],[-79.82173,41.09468],[-79.82125,41.09489],[-79.82126,41.09533],[-79.82008,41.09538],[-79.82025,41.10235],[-79.81125,41.10256],[-79.81127,41.10477],[-79.81304,41.10476],[-79.81312,41.10781],[-79.81755,41.10776],[-79.81774,41.10678],[-79.81829,41.10677],[-79.81882,41.10701],[-79.81883,41.10778],[-79.82198,41.10778],[-79.82171,41.10472],[-79.824,41.10606],[-79.82389,41.10237],[-79.83552,41.10212],[-79.83553,41.1031],[-79.83888,41.10306],[-79.83887,41.10201],[-79.84818,41.102],[-79.8482,41.10398],[-79.8456,41.10405],[-79.84575,41.10784],[-79.85555,41.10761],[-79.85546,41.10515],[-79.86515,41.105],[-79.86568,41.11511],[-79.86021,41.11513],[-79.86036,41.11771]],[[-79.8364,41.09811],[-79.83629,41.09854],[-79.83465,41.09787],[-79.83479,41.09743],[-79.8364,41.09811]]]]},"properties":{"SGL":95,"NAME":"095","ACRES":9962.54032897,"PGC_REGION":1}},{"type":"Feature","geometry":{"type":"MultiPolygon","coordinates":[[[[-79.8047,41.52125],[-79.79721,41.52328],[-79.80125,41.53175],[-79.80864,41.52977],[-79.80553,41.52305],[-79.8047,41.52125]]],[[[-79.8047,41.52125],[-79.80555,41.52107],[-79.80579,41.52036],[-79.8067,41.52081],[-79.81958,41.51746],[-79.82338,41.52524],[-79.82122,41.52602],[-79.8166,41.52891],[-79.82277,41.54207],[-79.82608,41.55123],[-79.83271,41.54955],[-79.83235,41.54877],[-79.83317,41.54863],[-79.83154,41.5477],[-79.83294,41.54733],[-79.83315,41.54789],[-79.83416,41.54784],[-79.83418,41.54815],[-79.84107,41.54636],[-79.83603,41.53432],[-79.83445,41.53477],[-79.83383,41.53576],[-79.83014,41.5273],[-79.83253,41.52659],[-79.83026,41.52144],[-79.83691,41.51688],[-79.83538,41.51367],[-79.839,41.5127],[-79.83505,41.50389],[-79.83035,41.50496],[-79.82912,41.50226],[-79.82685,41.50291],[-79.82847,41.50577],[-79.8289,41.50731],[-79.83019,41.5091],[-79.82712,41.5089],[-79.82538,41.51092],[-79.82747,41.51556],[-79.8235,41.51652],[-79.82116,41.51165],[-79.81925,41.51222],[-79.81873,41.51137],[-79.80941,41.51384],[-79.81085,41.51674],[-79.80693,41.5171],[-79.80097,41.51423],[-79.80313,41.51859],[-79.80378,41.51838],[-79.80425,41.51936],[-79.80357,41.51923],[-79.8047,41.52125]]],[[[-79.7481,41.56184],[-79.74805,41.56374],[-79.75405,41.56379],[-79.755,41.55812],[-79.75439,41.55811],[-79.75445,41.55311],[-79.75491,41.55318],[-79.75485,41.54846],[-79.75779,41.54852],[-79.76237,41.55818],[-79.76462,41.55759],[-79.76371,41.55555],[-79.76691,41.55471],[-79.76612,41.55263],[-79.76446,41.55298],[-79.76108,41.54639],[-79.75706,41.54751],[-79.7568,41.547],[-79.76437,41.54507],[-79.76296,41.54231],[-79.75562,41.54398],[-79.75435,41.54126],[-79.7618,41.53959],[-79.75914,41.5338],[-79.7516,41.53544],[-79.74902,41.53541],[-79.74892,41.53822],[-79.74369,41.5381],[-79.74367,41.54202],[-79.73783,41.54207],[-79.7378,41.54451],[-79.74889,41.54469],[-79.74879,41.54676],[-79.7436,41.54669],[-79.74004,41.54978],[-79.74175,41.55111],[-79.74882,41.55223],[-79.74859,41.56076],[-79.74813,41.56076],[-79.7481,41.56184]]],[[[-79.78811,41.55943],[-79.78457,41.56032],[-79.78662,41.56495],[-79.79218,41.56357],[-79.79007,41.55894],[-79.78811,41.55943]]],[[[-79.87114,41.56343],[-79.87108,41.56832],[-79.88253,41.56826],[-79.8824,41.56239],[-79.88294,41.56208],[-79.88148,41.5607],[-79.8822,41.56025],[-79.8831,41.56125],[-79.8848,41.56129],[-79.88477,41.56232],[-79.89082,41.56216],[-79.89117,41.55693],[-79.88522,41.55763],[-79.88549,41.55565],[-79.87789,41.55563],[-79.8779,41.55603],[-79.87413,41.55603],[-79.8742,41.55141],[-79.87469,41.55141],[-79.87477,41.5494],[-79.86828,41.54942],[-79.86776,41.55249],[-79.86832,41.55271],[-79.86753,41.55349],[-79.86799,41.55378],[-79.8677,41.55418],[-79.86722,41.55389],[-79.86748,41.55671],[-79.86937,41.55707],[-79.86938,41.55777],[-79.87304,41.55777],[-79.87304,41.56237],[-79.87115,41.56236],[-79.87114,41.56343]]],[[[-79.82193,41.58141],[-79.81863,41.58226],[-79.821,41.58788],[-79.82306,41.58734],[-79.82179,41.58465],[-79.82322,41.5844],[-79.82301,41.58394],[-79.82619,41.58311],[-79.82562,41.5818],[-79.83022,41.58058],[-79.82858,41.57682],[-79.82727,41.57712],[-79.826,41.57419],[-79.82728,41.57384],[-79.82596,41.57108],[-79.81854,41.57307],[-79.82086,41.57888],[-79.82193,41.58141]]],[[[-79.77043,41.58584],[-79.76852,41.58622],[-79.76848,41.58851],[-79.7698,41.58851],[-79.77022,41.58973],[-79.77658,41.59007],[-79.78263,41.58859],[-79.78136,41.58523],[-79.78518,41.58417],[-79.78278,41.57808],[-79.78966,41.57615],[-79.79318,41.58406],[-79.80029,41.58217],[-79.80008,41.58294],[-79.80058,41.58429],[-79.79967,41.58518],[-79.80378,41.58412],[-79.80455,41.58585],[-79.81169,41.58396],[-79.81075,41.5813],[-79.81057,41.58215],[-79.80981,41.58294],[-79.80884,41.58001],[-79.81238,41.57904],[-79.81108,41.57585],[-79.81489,41.57477],[-79.81625,41.57542],[-79.81713,41.57451],[-79.8179,41.57132],[-79.81576,41.56653],[-79.80821,41.56857],[-79.80735,41.56584],[-79.8147,41.56427],[-79.81272,41.55979],[-79.81128,41.56263],[-79.80682,41.56393],[-79.80731,41.56561],[-79.80091,41.56708],[-79.80261,41.56562],[-79.80217,41.56549],[-79.80227,41.56467],[-79.79839,41.56567],[-79.79127,41.57379],[-79.78924,41.57471],[-79.78764,41.56866],[-79.78025,41.57067],[-79.78228,41.57655],[-79.77462,41.57854],[-79.77194,41.57053],[-79.76737,41.5728],[-79.76957,41.57638],[-79.76567,41.57805],[-79.76751,41.58176],[-79.76856,41.58468],[-79.76847,41.58545],[-79.77026,41.58521],[-79.77043,41.58584]]],[[[-79.78528,41.58425],[-79.78742,41.59019],[-79.791,41.58923],[-79.78872,41.58339],[-79.78528,41.58425]]]]},"properties":{"SGL":96,"NAME":"096","ACRES":4954.40595383,"PGC_REGION":1}},{"type":"Feature","geometry":{"type":"Polygon","coordinates":[[[-78.34502,40.94094],[-78.36765,40.94121],[-78.3679,40.91621],[-78.35317,40.91632],[-78.35324,40.92846],[-78.34586,40.92864],[-78.34589,40.9336],[-78.34336,40.93258],[-78.34303,40.93052],[-78.34214,40.92973],[-78.33782,40.92755],[-78.34203,40.9298],[-78.34291,40.93059],[-78.34328,40.93264],[-78.34589,40.93392],[-78.33765,40.93394],[-78.33761,40.94019],[-78.34496,40.94005],[-78.34502,40.94094]]]},"properties":{"SGL":98,"NAME":"098","ACRES":1169.53356444,"PGC_REGION":3}},{"type":"Feature","geometry":{"type":"Polygon","coordinates":[[[-77.93893,40.28905],[-77.9375,40.29313],[-77.93521,40.2936],[-77.93637,40.29375],[-77.93464,40.30006],[-77.93411,40.31398],[-77.94231,40.31573],[-77.9442,40.31023],[-77.94618,40.30771],[-77.95026,40.29606],[-77.95613,40.28819],[-77.96147,40.28959],[-77.96205,40.28804],[-77.96974,40.28972],[-77.9712,40.28677],[-77.97463,40.28749],[-77.9781,40.27785],[-77.98095,40.27819],[-77.98671,40.26036],[-77.98913,40.25463],[-77.99105,40.25499],[-77.99352,40.24971],[-78.00051,40.22278],[-77.99953,40.22168],[-78.00068,40.21485],[-78.0022,40.21445],[-78.00123,40.21014],[-78.00315,40.2101],[-78.00221,40.2086],[-78.00314,40.20831],[-78.0029,40.20794],[-78.001,40.20636],[-77.99897,40.20371],[-77.9847,40.20514],[-77.98479,40.20725],[-77.98682,40.20709],[-77.98678,40.20872],[-77.98757,40.20862],[-77.9877,40.21044],[-77.99166,40.21032],[-77.9913,40.21169],[-77.99195,40.21164],[-77.97759,40.2525],[-77.97431,40.26049],[-77.97057,40.25982],[-77.96615,40.27345],[-77.95024,40.2688],[-77.94254,40.27808],[-77.93617,40.27671],[-77.93452,40.27925],[-77.93961,40.28143],[-77.93744,40.28261],[-77.94113,40.28361],[-77.93893,40.28905]]]},"properties":{"SGL":99,"NAME":"099","ACRES":4470.7567745,"PGC_REGION":4}},{"type":"Feature","geometry":{"type":"MultiPolygon","coordinates":[[[[-78.08157,41.05802],[-78.08154,41.04744],[-78.06269,41.04757],[-78.06188,41.04838],[-78.06198,41.05331],[-78.06586,41.05165],[-78.06779,41.05015],[-78.07144,41.04994],[-78.07255,41.0514],[-78.07317,41.05326],[-78.07334,41.05749],[-78.07429,41.05884],[-78.07602,41.05991],[-78.07973,41.05899],[-78.08157,41.05802]]],[[[-78.08157,41.05802],[-78.08167,41.07073],[-78.06231,41.07067],[-78.06236,41.0756],[-78.07207,41.07555],[-78.07213,41.078],[-78.06553,41.07802],[-78.06568,41.08124],[-78.06225,41.08131],[-78.06221,41.08345],[-78.06003,41.08457],[-78.06207,41.08747],[-78.07353,41.08748],[-78.07325,41.09261],[-78.09122,41.09238],[-78.09121,41.09375],[-78.10146,41.09378],[-78.10023,41.09082],[-78.09857,41.08861],[-78.0976,41.08626],[-78.09624,41.08529],[-78.092,41.07946],[-78.09218,41.07823],[-78.09376,41.07536],[-78.09705,41.07214],[-78.1004,41.0747],[-78.10126,41.07681],[-78.10215,41.07765],[-78.11212,41.08066],[-78.11349,41.08154],[-78.11428,41.08443],[-78.11389,41.08652],[-78.11272,41.08818],[-78.11079,41.08964],[-78.10984,41.09115],[-78.11002,41.09236],[-78.11265,41.09486],[-78.11444,41.09728],[-78.11684,41.09872],[-78.1196,41.09909],[-78.12201,41.09807],[-78.12426,41.09613],[-78.12491,41.09489],[-78.12443,41.09109],[-78.1246,41.0891],[-78.12515,41.08704],[-78.12685,41.08399],[-78.12418,41.08037],[-78.11813,41.07711],[-78.11643,41.07558],[-78.11606,41.07385],[-78.11608,41.0725],[-78.11675,41.07099],[-78.11805,41.0699],[-78.12047,41.06908],[-78.12695,41.06906],[-78.12675,41.05801],[-78.12443,41.05805],[-78.12419,41.04753],[-78.11589,41.04765],[-78.11605,41.06745],[-78.09714,41.06717],[-78.09688,41.05798],[-78.08924,41.05798],[-78.08157,41.05802]]],[[[-78.12807,41.08483],[-78.12757,41.08483],[-78.12538,41.08873],[-78.12598,41.09361],[-78.12506,41.09657],[-78.12239,41.09889],[-78.12054,41.09973],[-78.11879,41.09994],[-78.11651,41.09952],[-78.11635,41.10254],[-78.12218,41.10388],[-78.12334,41.10447],[-78.12334,41.09845],[-78.13022,41.09845],[-78.14263,41.10068],[-78.15745,41.1001],[-78.15752,41.10269],[-78.15865,41.10228],[-78.1587,41.10316],[-78.15996,41.10269],[-78.15964,41.10227],[-78.16045,41.10193],[-78.16076,41.10234],[-78.16216,41.10154],[-78.16195,41.10131],[-78.16417,41.10039],[-78.16412,41.09004],[-78.1301,41.08997],[-78.13003,41.08483],[-78.12807,41.08483]]],[[[-77.96523,41.18066],[-77.96552,41.1822],[-77.96766,41.18475],[-77.96897,41.18535],[-77.97166,41.18455],[-77.96977,41.17713],[-77.97003,41.17462],[-77.97092,41.17351],[-77.97469,41.17189],[-77.98109,41.17151],[-77.98359,41.1705],[-77.98457,41.16925],[-77.98613,41.16366],[-77.98889,41.16147],[-77.99113,41.1614],[-77.99655,41.16322],[-77.99826,41.16289],[-77.99918,41.16222],[-78.00069,41.15989],[-78.00115,41.1581],[-78.00024,41.1554],[-77.99967,41.15191],[-77.9997,41.14828],[-78.00078,41.14657],[-78.00289,41.14453],[-78.00493,41.1433],[-78.0061,41.14294],[-78.00958,41.1429],[-78.01097,41.14339],[-78.012,41.14457],[-78.01457,41.15141],[-78.01599,41.15289],[-78.01881,41.15257],[-78.0254,41.14993],[-78.0276,41.14974],[-78.03044,41.15064],[-78.03476,41.1535],[-78.0368,41.15366],[-78.03819,41.15325],[-78.0393,41.15239],[-78.04087,41.15024],[-78.04034,41.13542],[-78.02381,41.13569],[-78.02341,41.10338],[-78.04414,41.1032],[-78.04414,41.1021],[-78.04278,41.10208],[-78.04282,41.10016],[-78.04419,41.10012],[-78.0443,41.09256],[-78.04499,41.09256],[-78.04419,41.08334],[-78.04404,41.07228],[-78.03006,41.07243],[-78.0306,41.08694],[-78.002,41.08707],[-78.00178,41.07979],[-78.00917,41.07978],[-78.00912,41.07254],[-78.0013,41.07255],[-78.00117,41.06484],[-77.99799,41.06496],[-77.99808,41.07074],[-77.99503,41.07075],[-77.99477,41.05963],[-77.9883,41.05961],[-77.98838,41.06507],[-77.98715,41.06507],[-77.9859,41.07291],[-77.93167,41.07305],[-77.93218,41.10328],[-77.96057,41.10251],[-77.99168,41.10227],[-77.99166,41.0978],[-78.00124,41.09777],[-78.0013,41.10228],[-77.99906,41.10235],[-77.99907,41.10914],[-77.9897,41.10911],[-77.98981,41.11729],[-77.98056,41.11744],[-77.98059,41.12514],[-77.96087,41.12524],[-77.96091,41.12996],[-77.94877,41.13612],[-77.94223,41.1469],[-77.94197,41.16807],[-77.96201,41.16807],[-77.96183,41.1781],[-77.96434,41.17919],[-77.9648,41.17973],[-77.96523,41.18066]]]]},"properties":{"SGL":100,"NAME":"100","ACRES":21068.4022575,"PGC_REGION":3}},{"type":"Feature","geometry":{"type":"MultiPolygon","coordinates":[[[[-80.48698,41.81785],[-80.49751,41.81793],[-80.49772,41.80784],[-80.4872,41.80781],[-80.48698,41.81785]]],[[[-80.4957,41.87268],[-80.49912,41.87261],[-80.49931,41.87417],[-80.49931,41.8726],[-80.50274,41.87282],[-80.50766,41.86937],[-80.50756,41.85752],[-80.50307,41.85748],[-80.50312,41.85563],[-80.50743,41.85556],[-80.50757,41.85077],[-80.49231,41.85075],[-80.49227,41.84965],[-80.4861,41.84968],[-80.48617,41.84612],[-80.48666,41.84612],[-80.4869,41.83259],[-80.49722,41.83285],[-80.49709,41.83728],[-80.50828,41.83742],[-80.50843,41.82223],[-80.49742,41.82231],[-80.49724,41.83141],[-80.48671,41.83124],[-80.48693,41.82756],[-80.48421,41.82752],[-80.48411,41.83197],[-80.48124,41.83192],[-80.48104,41.83693],[-80.48335,41.83697],[-80.48328,41.84155],[-80.46677,41.84132],[-80.46675,41.84236],[-80.45838,41.84219],[-80.45845,41.83663],[-80.45588,41.83659],[-80.45617,41.83144],[-80.45179,41.83131],[-80.4518,41.82682],[-80.45546,41.8269],[-80.45536,41.82099],[-80.44943,41.82074],[-80.44944,41.82679],[-80.44662,41.82675],[-80.44648,41.8341],[-80.43938,41.83414],[-80.43922,41.8365],[-80.42911,41.83671],[-80.42912,41.84172],[-80.43756,41.84175],[-80.43784,41.84386],[-80.43755,41.84686],[-80.42905,41.84668],[-80.42905,41.84705],[-80.43046,41.8471],[-80.43056,41.85059],[-80.439,41.85062],[-80.43893,41.85557],[-80.42902,41.85577],[-80.42901,41.85802],[-80.42417,41.858],[-80.42416,41.86064],[-80.44148,41.86068],[-80.44145,41.8555],[-80.44421,41.85551],[-80.444,41.86068],[-80.44906,41.86069],[-80.449,41.8626],[-80.45877,41.86274],[-80.45878,41.86545],[-80.46325,41.86541],[-80.46344,41.87039],[-80.47139,41.87036],[-80.47175,41.87465],[-80.47498,41.87466],[-80.47499,41.87034],[-80.48792,41.87019],[-80.48824,41.85525],[-80.49632,41.85515],[-80.49621,41.86063],[-80.49575,41.86065],[-80.4957,41.87268]]],[[[-80.4733,41.89376],[-80.47333,41.89522],[-80.48021,41.89522],[-80.48019,41.89273],[-80.47324,41.89287],[-80.4733,41.89376]]]]},"properties":{"SGL":101,"NAME":"101","ACRES":5059.01604286,"PGC_REGION":1}},{"type":"Feature","geometry":{"type":"Polygon","coordinates":[[[-79.80866,41.94708],[-79.80867,41.94756],[-79.81469,41.94866],[-79.81476,41.94682],[-79.81169,41.94625],[-79.81158,41.94309],[-79.81487,41.94315],[-79.81496,41.93763],[-79.81141,41.93764],[-79.81124,41.93362],[-79.81397,41.93358],[-79.81389,41.92959],[-79.80686,41.92955],[-79.80678,41.92497],[-79.7994,41.92501],[-79.79939,41.92772],[-79.80064,41.92772],[-79.80076,41.9316],[-79.8029,41.93155],[-79.80293,41.93757],[-79.8071,41.9377],[-79.80698,41.93504],[-79.80754,41.93546],[-79.80781,41.93703],[-79.80838,41.93756],[-79.80854,41.94303],[-79.80866,41.94708]]]},"properties":{"SGL":102,"NAME":"102","ACRES":383.73916472,"PGC_REGION":1}},{"type":"Feature","geometry":{"type":"Polygon","coordinates":[[[-77.87415,41.00231],[-77.87419,41.00572],[-77.87777,41.00631],[-77.87984,41.00992],[-77.88439,41.01108],[-77.88597,41.0125],[-77.91271,41.01198],[-77.91255,41.00237],[-77.92865,41.00223],[-77.92463,40.99982],[-77.92366,40.99668],[-77.92709,40.99573],[-77.92798,40.999],[-77.93127,41.00076],[-77.93137,40.99136],[-77.9375,40.96626],[-77.94632,40.95794],[-77.95142,40.95032],[-77.95457,40.95025],[-77.96764,40.95529],[-77.96677,40.92279],[-77.9641,40.92423],[-77.96459,40.92562],[-77.94796,40.93107],[-77.94821,40.93991],[-77.91076,40.94047],[-77.91153,40.94128],[-77.91048,40.94176],[-77.9109,40.95733],[-77.89123,40.95787],[-77.89125,40.96114],[-77.89608,40.96072],[-77.89633,40.96438],[-77.89254,40.96469],[-77.89256,40.96668],[-77.89137,40.9667],[-77.89142,40.9674],[-77.88404,40.96745],[-77.88533,40.96939],[-77.87464,40.97046],[-77.87346,40.97149],[-77.87152,40.97097],[-77.87144,40.96759],[-77.86793,40.96758],[-77.8634,40.96663],[-77.86014,40.97368],[-77.85656,40.9724],[-77.85035,40.97717],[-77.8527,40.9789],[-77.85485,40.97827],[-77.85489,40.97884],[-77.85735,40.97863],[-77.86273,40.9775],[-77.86413,40.97853],[-77.86736,40.9775],[-77.86875,40.97748],[-77.86907,40.97615],[-77.87078,40.97625],[-77.87306,40.97685],[-77.87217,40.97829],[-77.87459,40.97965],[-77.87945,40.97589],[-77.88625,40.98218],[-77.89209,40.9814],[-77.89255,40.99186],[-77.87403,40.99186],[-77.87415,41.00231]]]},"properties":{"SGL":103,"NAME":"103","ACRES":8993.5257562,"PGC_REGION":3}},{"type":"Feature","geometry":{"type":"MultiPolygon","coordinates":[[[[-78.71373,39.90113],[-78.71531,39.90046],[-78.71704,39.8982],[-78.71967,39.89894],[-78.72006,39.89556],[-78.71661,39.89388],[-78.71694,39.89446],[-78.71272,39.89366],[-78.70977,39.89386],[-78.71063,39.89576],[-78.7107,39.89798],[-78.71145,39.8989],[-78.71235,39.89823],[-78.71373,39.90113]]],[[[-78.72931,39.89991],[-78.74424,39.90132],[-78.75273,39.89158],[-78.75208,39.88742],[-78.76705,39.88907],[-78.76696,39.88743],[-78.7676,39.88707],[-78.76694,39.88476],[-78.76829,39.88178],[-78.77015,39.88002],[-78.77197,39.87695],[-78.77341,39.876],[-78.77325,39.87493],[-78.7745,39.87503],[-78.77385,39.86814],[-78.77749,39.87002],[-78.78603,39.85945],[-78.77326,39.85272],[-78.77277,39.85338],[-78.76897,39.85186],[-78.76739,39.8431],[-78.7679,39.84136],[-78.76617,39.84095],[-78.76631,39.8404],[-78.76219,39.83944],[-78.76131,39.83603],[-78.7625,39.83398],[-78.76563,39.8356],[-78.76741,39.8334],[-78.77035,39.83246],[-78.77105,39.83383],[-78.77177,39.83365],[-78.77792,39.83606],[-78.78195,39.83161],[-78.79109,39.83807],[-78.79139,39.83772],[-78.79088,39.83745],[-78.79111,39.83721],[-78.7903,39.83674],[-78.79072,39.83634],[-78.7917,39.83682],[-78.79258,39.8365],[-78.79411,39.83765],[-78.79551,39.83777],[-78.79592,39.83732],[-78.79899,39.83671],[-78.80241,39.83672],[-78.80212,39.8359],[-78.79969,39.8332],[-78.79582,39.83488],[-78.79593,39.83119],[-78.79956,39.82757],[-78.79433,39.82367],[-78.79051,39.82689],[-78.77898,39.81911],[-78.77358,39.81951],[-78.77504,39.82099],[-78.77427,39.82201],[-78.77729,39.8246],[-78.77411,39.8274],[-78.77185,39.82365],[-78.77124,39.82437],[-78.76938,39.82357],[-78.76851,39.82459],[-78.76536,39.82269],[-78.76618,39.82137],[-78.76585,39.82113],[-78.76633,39.82053],[-78.76644,39.81945],[-78.76781,39.81748],[-78.76615,39.81718],[-78.76242,39.81389],[-78.76187,39.81462],[-78.75795,39.81482],[-78.75864,39.81348],[-78.75542,39.81207],[-78.75423,39.81446],[-78.75275,39.81605],[-78.75156,39.81905],[-78.74894,39.82081],[-78.74832,39.82082],[-78.7472,39.82001],[-78.74411,39.82459],[-78.73276,39.82369],[-78.73189,39.82399],[-78.73571,39.82609],[-78.73764,39.82673],[-78.74257,39.83111],[-78.74864,39.83359],[-78.74827,39.83112],[-78.7489,39.83015],[-78.75211,39.82763],[-78.75332,39.8259],[-78.75638,39.82422],[-78.75485,39.82566],[-78.75551,39.82621],[-78.75255,39.82919],[-78.75133,39.83156],[-78.75113,39.83444],[-78.75043,39.83509],[-78.74939,39.83428],[-78.74897,39.83493],[-78.74674,39.836],[-78.74374,39.83555],[-78.73998,39.83404],[-78.73201,39.83247],[-78.72865,39.83579],[-78.73101,39.84708],[-78.73609,39.8489],[-78.73642,39.85223],[-78.73749,39.856],[-78.73677,39.86452],[-78.73731,39.86388],[-78.73817,39.87194],[-78.73383,39.87152],[-78.73234,39.8692],[-78.73032,39.86861],[-78.72851,39.86985],[-78.72848,39.87074],[-78.72783,39.87066],[-78.72808,39.86953],[-78.72909,39.86872],[-78.72912,39.86792],[-78.73022,39.86667],[-78.73021,39.86397],[-78.72885,39.86177],[-78.72608,39.86102],[-78.72478,39.8611],[-78.724,39.86061],[-78.72312,39.86083],[-78.71805,39.86983],[-78.72055,39.87004],[-78.71989,39.8744],[-78.7202,39.8768],[-78.72126,39.87715],[-78.71944,39.88172],[-78.7173,39.88407],[-78.72189,39.88529],[-78.72402,39.89123],[-78.72802,39.89155],[-78.72931,39.89991]],[[-78.76636,39.87029],[-78.7656,39.87076],[-78.76658,39.8716],[-78.76514,39.87257],[-78.764,39.87147],[-78.76603,39.86996],[-78.76636,39.87029]],[[-78.76257,39.87011],[-78.76189,39.86947],[-78.76224,39.86918],[-78.76306,39.86977],[-78.76257,39.87011]],[[-78.74954,39.83523],[-78.74914,39.83522],[-78.74957,39.83474],[-78.74954,39.83523]],[[-78.76432,39.82568],[-78.76438,39.82529],[-78.7663,39.82522],[-78.76628,39.82566],[-78.76554,39.82565],[-78.76432,39.82568]],[[-78.75961,39.82279],[-78.76025,39.82336],[-78.75788,39.82346],[-78.75784,39.82252],[-78.75864,39.82247],[-78.75961,39.82279]]]]},"properties":{"SGL":104,"NAME":"104","ACRES":8139.76210015,"PGC_REGION":4}},{"type":"Feature","geometry":{"type":"MultiPolygon","coordinates":[[[[-79.5775,40.98282],[-79.58111,40.98029],[-79.58594,40.9752],[-79.58654,40.9628],[-79.59294,40.9623],[-79.59281,40.95992],[-79.59335,40.95858],[-79.59558,40.95698],[-79.59184,40.95697],[-79.59134,40.94855],[-79.58584,40.94862],[-79.58566,40.94385],[-79.58705,40.94376],[-79.58865,40.9425],[-79.58535,40.94258],[-79.58534,40.94208],[-79.58209,40.94065],[-79.57934,40.9403],[-79.57828,40.94075],[-79.57888,40.94176],[-79.58074,40.9417],[-79.58238,40.94264],[-79.57691,40.94289],[-79.57681,40.93886],[-79.57128,40.93863],[-79.57126,40.94702],[-79.57736,40.94692],[-79.57713,40.95346],[-79.56543,40.95326],[-79.56524,40.95953],[-79.56882,40.95947],[-79.56823,40.96005],[-79.57098,40.96172],[-79.56502,40.96177],[-79.56875,40.96488],[-79.57692,40.96506],[-79.57689,40.98273],[-79.57752,40.98242],[-79.5775,40.98282]],[[-79.58658,40.95786],[-79.58664,40.95919],[-79.57991,40.95934],[-79.57926,40.95859],[-79.57716,40.95824],[-79.57709,40.95438],[-79.58637,40.95404],[-79.58652,40.9569],[-79.58658,40.95786]]],[[[-79.62435,40.98316],[-79.62353,40.98457],[-79.62847,40.98722],[-79.63274,40.98583],[-79.63324,40.98413],[-79.63298,40.98302],[-79.63535,40.98299],[-79.63546,40.98569],[-79.6372,40.98526],[-79.63845,40.98331],[-79.63895,40.98164],[-79.63971,40.98177],[-79.63903,40.98452],[-79.63937,40.98547],[-79.64228,40.98637],[-79.64931,40.98619],[-79.64872,40.97898],[-79.64748,40.97903],[-79.64723,40.976],[-79.65009,40.9759],[-79.64987,40.97225],[-79.6471,40.97238],[-79.64704,40.97177],[-79.64775,40.97085],[-79.64776,40.96993],[-79.65038,40.96761],[-79.64692,40.96928],[-79.64682,40.96653],[-79.64054,40.96683],[-79.64052,40.96616],[-79.63977,40.96615],[-79.63936,40.96858],[-79.63639,40.9687],[-79.63477,40.97037],[-79.63837,40.97029],[-79.63857,40.97264],[-79.63375,40.97273],[-79.63376,40.97344],[-79.63281,40.9734],[-79.63237,40.97244],[-79.62547,40.9725],[-79.62525,40.96648],[-79.6277,40.96645],[-79.62724,40.95602],[-79.62449,40.95609],[-79.62432,40.95184],[-79.6196,40.95202],[-79.62005,40.95821],[-79.61538,40.95828],[-79.61559,40.95878],[-79.61893,40.95996],[-79.61525,40.9602],[-79.61536,40.96346],[-79.60843,40.96358],[-79.60806,40.96544],[-79.60747,40.96582],[-79.6094,40.96638],[-79.61551,40.96681],[-79.61556,40.96824],[-79.60759,40.9684],[-79.60686,40.97128],[-79.6125,40.97295],[-79.61765,40.97392],[-79.62076,40.97505],[-79.62297,40.97635],[-79.62441,40.97907],[-79.62444,40.98212],[-79.62435,40.98316]]],[[[-79.62072,41.03366],[-79.62791,41.03584],[-79.62825,41.02319],[-79.62251,41.02333],[-79.62238,41.02813],[-79.61282,41.02836],[-79.61268,41.03358],[-79.61614,41.03319],[-79.6199,41.03348],[-79.62072,41.03366]]]]},"properties":{"SGL":105,"NAME":"105","ACRES":3056.81595837,"PGC_REGION":2}},{"type":"Feature","geometry":{"type":"MultiPolygon","coordinates":[[[[-79.9625,41.9642],[-79.96303,41.97006],[-79.9694,41.96351],[-79.97169,41.96766],[-79.97527,41.96764],[-79.97527,41.96964],[-79.9843,41.96958],[-79.98428,41.96835],[-79.97934,41.96838],[-79.97925,41.96109],[-79.96222,41.96105],[-79.96235,41.96256],[-79.9625,41.9642]]],[[[-79.98432,41.98744],[-79.98517,41.98884],[-79.99485,41.98874],[-79.99485,41.98701],[-79.99772,41.98699],[-79.99587,41.98354],[-79.99798,41.98354],[-80.00083,41.98391],[-80.00153,41.9865],[-80.0025,41.98811],[-80.00592,41.98795],[-80.00586,41.98304],[-79.9956,41.98303],[-79.99377,41.97961],[-79.98817,41.97968],[-79.98821,41.98127],[-79.98433,41.98136],[-79.98439,41.97603],[-79.9858,41.9739],[-79.98338,41.97441],[-79.97941,41.97453],[-79.97693,41.97578],[-79.98387,41.98675],[-79.98432,41.98744]]],[[[-80.0027,42.01673],[-80.00383,42.01854],[-80.00994,42.01845],[-80.01075,42.01979],[-80.01335,42.01885],[-80.01205,42.01611],[-80.01121,42.01639],[-80.01112,42.01248],[-80.00979,42.00995],[-80.00403,42.0098],[-80.00414,41.99905],[-80.00325,41.99738],[-79.99426,41.99717],[-79.99422,41.99531],[-79.9894,41.99618],[-79.97665,41.97587],[-79.97349,41.97685],[-79.96369,41.97722],[-79.96389,41.97974],[-79.97399,41.9795],[-79.97399,41.98398],[-79.97261,41.98404],[-79.97258,41.98436],[-79.96702,41.98452],[-79.96714,41.98787],[-79.96425,41.98796],[-79.96433,41.98983],[-79.97429,41.98945],[-79.97449,41.99423],[-79.97522,41.99411],[-79.97576,41.99906],[-79.98389,41.99909],[-79.98389,42.00411],[-79.98976,42.00422],[-79.9897,42.0079],[-79.99665,42.00785],[-79.99121,41.99907],[-79.9915,41.99907],[-80.00153,42.01487],[-80.0027,42.01673]]]]},"properties":{"SGL":109,"NAME":"109","ACRES":1969.8241502,"PGC_REGION":1}},{"type":"Feature","geometry":{"type":"MultiPolygon","coordinates":[[[[-76.18965,40.51994],[-76.18982,40.52153],[-76.19259,40.52147],[-76.19212,40.51989],[-76.18965,40.51994]]],[[[-76.15304,40.51763],[-76.15585,40.52516],[-76.15619,40.52501],[-76.15339,40.51748],[-76.15304,40.51763]]],[[[-76.05877,40.5765],[-76.06219,40.58338],[-76.06247,40.58324],[-76.0611,40.57899],[-76.05787,40.57536],[-76.05877,40.5765]]],[[[-76.05492,40.57414],[-76.05771,40.57636],[-76.0584,40.57869],[-76.0581,40.57942],[-76.059,40.5816],[-76.06119,40.58262],[-76.06188,40.58348],[-76.0585,40.57665],[-76.05678,40.57501],[-76.05519,40.57411],[-76.05492,40.57414]]],[[[-76.03289,40.5994],[-76.03294,40.60084],[-76.03483,40.60175],[-76.03794,40.60175],[-76.04106,40.60096],[-76.04037,40.60048],[-76.04767,40.59676],[-76.05534,40.59617],[-76.05587,40.59669],[-76.06091,40.59251],[-76.06233,40.59244],[-76.06423,40.59144],[-76.06181,40.58898],[-76.06176,40.58495],[-76.06073,40.58286],[-76.05884,40.58189],[-76.05805,40.58067],[-76.0477,40.5842],[-76.04683,40.58228],[-76.04695,40.57955],[-76.04805,40.57801],[-76.04732,40.57787],[-76.05058,40.57459],[-76.05394,40.5733],[-76.05617,40.57385],[-76.05812,40.57525],[-76.06066,40.57781],[-76.06187,40.57984],[-76.06736,40.57693],[-76.06673,40.57637],[-76.07256,40.57253],[-76.07271,40.56747],[-76.06088,40.56731],[-76.06846,40.56496],[-76.08022,40.55876],[-76.09972,40.55714],[-76.09973,40.5577],[-76.10105,40.55841],[-76.10559,40.55769],[-76.11948,40.55673],[-76.11994,40.55746],[-76.12972,40.55412],[-76.14923,40.54979],[-76.16042,40.54663],[-76.16137,40.5508],[-76.16994,40.54923],[-76.17616,40.54327],[-76.17987,40.54763],[-76.17631,40.5491],[-76.17516,40.54908],[-76.17436,40.55734],[-76.17732,40.5558],[-76.17683,40.55412],[-76.17965,40.55336],[-76.18007,40.55512],[-76.18145,40.55484],[-76.18286,40.5538],[-76.19826,40.55042],[-76.19929,40.549],[-76.19798,40.54638],[-76.19948,40.54612],[-76.19955,40.54692],[-76.20074,40.5487],[-76.20219,40.54898],[-76.21006,40.5471],[-76.20811,40.54268],[-76.2135,40.54147],[-76.21366,40.53905],[-76.21553,40.53886],[-76.21381,40.53313],[-76.22009,40.5307],[-76.22102,40.52757],[-76.21884,40.52678],[-76.21908,40.52526],[-76.21778,40.52509],[-76.21722,40.52161],[-76.21017,40.51996],[-76.20523,40.51992],[-76.1899,40.5224],[-76.19028,40.52677],[-76.18009,40.52803],[-76.17977,40.52275],[-76.17709,40.52273],[-76.17528,40.52337],[-76.17497,40.52185],[-76.16488,40.52357],[-76.16477,40.52316],[-76.15348,40.52767],[-76.15455,40.53059],[-76.15306,40.53076],[-76.15206,40.52872],[-76.14875,40.5285],[-76.14809,40.52867],[-76.14444,40.53217],[-76.14407,40.53114],[-76.14247,40.53002],[-76.14227,40.52938],[-76.14346,40.52801],[-76.14193,40.52619],[-76.13961,40.52826],[-76.13592,40.52795],[-76.13518,40.52668],[-76.13425,40.52689],[-76.13079,40.52458],[-76.13193,40.52331],[-76.12974,40.51951],[-76.13125,40.51905],[-76.12979,40.51597],[-76.12842,40.51544],[-76.12843,40.51618],[-76.12696,40.51828],[-76.12625,40.51822],[-76.12513,40.52551],[-76.12385,40.52515],[-76.12306,40.5262],[-76.12202,40.52606],[-76.12405,40.52646],[-76.12379,40.53325],[-76.12503,40.53519],[-76.12386,40.53621],[-76.12388,40.53668],[-76.11949,40.53715],[-76.1203,40.53974],[-76.11849,40.53982],[-76.11952,40.54141],[-76.11802,40.54177],[-76.11879,40.54323],[-76.10542,40.54648],[-76.10383,40.54271],[-76.10672,40.54096],[-76.1065,40.53977],[-76.10178,40.5403],[-76.09613,40.54252],[-76.09576,40.54196],[-76.08706,40.54521],[-76.08672,40.54485],[-76.07462,40.5461],[-76.07508,40.54689],[-76.07071,40.54838],[-76.07251,40.55057],[-76.07277,40.55453],[-76.0692,40.55548],[-76.06668,40.55207],[-76.06505,40.55252],[-76.06087,40.55516],[-76.05908,40.55545],[-76.05859,40.55486],[-76.05835,40.55549],[-76.05582,40.55166],[-76.05407,40.5518],[-76.05359,40.55147],[-76.05296,40.54852],[-76.05261,40.54857],[-76.05339,40.55199],[-76.05372,40.5519],[-76.05654,40.55625],[-76.05563,40.55646],[-76.05474,40.5575],[-76.05083,40.55871],[-76.05008,40.55929],[-76.04947,40.55784],[-76.04816,40.55884],[-76.04879,40.56016],[-76.04714,40.56067],[-76.04501,40.56233],[-76.04347,40.56282],[-76.04303,40.56216],[-76.04251,40.56226],[-76.04012,40.56463],[-76.03057,40.56803],[-76.03258,40.57003],[-76.03171,40.57184],[-76.0295,40.56986],[-76.0267,40.5719],[-76.02682,40.57219],[-76.02396,40.57346],[-76.02108,40.57303],[-76.02424,40.57458],[-76.02683,40.57746],[-76.02835,40.57768],[-76.03133,40.57655],[-76.03362,40.57655],[-76.03591,40.57751],[-76.03901,40.5798],[-76.03523,40.57763],[-76.03872,40.58023],[-76.03815,40.58253],[-76.03758,40.5819],[-76.03904,40.58537],[-76.02925,40.58684],[-76.02877,40.59236],[-76.02683,40.59656],[-76.02953,40.59724],[-76.02818,40.60015],[-76.02882,40.60019],[-76.03057,40.59868],[-76.03289,40.5994]]]]},"properties":{"SGL":110,"NAME":"110","ACRES":10322.2626226,"PGC_REGION":6}},{"type":"Feature","geometry":{"type":"MultiPolygon","coordinates":[[[[-79.35763,39.86835],[-79.35941,39.87083],[-79.36023,39.86921],[-79.35861,39.86894],[-79.35895,39.86825],[-79.36064,39.8685],[-79.36128,39.86727],[-79.3594,39.86713],[-79.35822,39.86186],[-79.35864,39.86177],[-79.35819,39.86096],[-79.36491,39.85939],[-79.36312,39.85869],[-79.36348,39.8574],[-79.3617,39.85583],[-79.35568,39.85667],[-79.35673,39.85466],[-79.36001,39.85243],[-79.35858,39.85155],[-79.35401,39.85364],[-79.35322,39.85463],[-79.3517,39.85533],[-79.35309,39.85712],[-79.35291,39.86024],[-79.35332,39.85974],[-79.3555,39.86239],[-79.35415,39.86477],[-79.35642,39.86668],[-79.35749,39.86815],[-79.35763,39.86835]]],[[[-79.35797,39.92051],[-79.35798,39.92127],[-79.35947,39.92128],[-79.35942,39.92165],[-79.36832,39.92168],[-79.36847,39.91835],[-79.37132,39.91825],[-79.37005,39.91129],[-79.37068,39.91199],[-79.37244,39.91183],[-79.37393,39.91238],[-79.37472,39.91336],[-79.37461,39.91375],[-79.37649,39.91524],[-79.37801,39.91518],[-79.38009,39.91591],[-79.38182,39.91725],[-79.38318,39.91658],[-79.38294,39.91569],[-79.38166,39.91461],[-79.38001,39.91166],[-79.38151,39.91067],[-79.38556,39.91466],[-79.39044,39.91844],[-79.39034,39.91241],[-79.39848,39.91243],[-79.3997,39.90285],[-79.39682,39.89731],[-79.39861,39.89563],[-79.38381,39.89572],[-79.38377,39.89228],[-79.39261,39.89226],[-79.39263,39.89275],[-79.39453,39.89292],[-79.3966,39.89421],[-79.39785,39.89305],[-79.40028,39.89181],[-79.40021,39.88367],[-79.39925,39.88368],[-79.39918,39.8812],[-79.40877,39.88101],[-79.40656,39.87613],[-79.40736,39.87216],[-79.41278,39.87377],[-79.41378,39.87244],[-79.41274,39.8711],[-79.4154,39.87016],[-79.41598,39.86944],[-79.41489,39.86771],[-79.41319,39.86766],[-79.41336,39.86239],[-79.41419,39.86241],[-79.41403,39.86165],[-79.41675,39.86149],[-79.41749,39.86073],[-79.41759,39.85988],[-79.41654,39.8576],[-79.41813,39.85544],[-79.41662,39.85426],[-79.41102,39.85132],[-79.40493,39.84901],[-79.40171,39.84729],[-79.39632,39.84542],[-79.38714,39.83984],[-79.38342,39.83802],[-79.38302,39.83883],[-79.38195,39.83931],[-79.38205,39.84101],[-79.38287,39.84161],[-79.37674,39.8485],[-79.3791,39.8496],[-79.37872,39.85405],[-79.38023,39.85541],[-79.38315,39.85644],[-79.38227,39.85793],[-79.38123,39.85822],[-79.37951,39.86077],[-79.37492,39.8634],[-79.37187,39.85947],[-79.37058,39.8597],[-79.36987,39.85764],[-79.37105,39.85741],[-79.36795,39.85608],[-79.36719,39.85938],[-79.3673,39.86096],[-79.36822,39.86333],[-79.36657,39.86334],[-79.3653,39.86147],[-79.36198,39.86321],[-79.36596,39.86718],[-79.36286,39.87087],[-79.35888,39.87263],[-79.36193,39.87651],[-79.36268,39.87667],[-79.36419,39.87811],[-79.36502,39.88137],[-79.36499,39.8837],[-79.36628,39.88462],[-79.37032,39.8847],[-79.37033,39.8856],[-79.37364,39.88562],[-79.37367,39.88864],[-79.36978,39.88861],[-79.36968,39.89321],[-79.37137,39.89502],[-79.36944,39.8976],[-79.36801,39.89756],[-79.36455,39.89569],[-79.36034,39.89078],[-79.35763,39.89076],[-79.35401,39.88821],[-79.35129,39.88692],[-79.34398,39.88588],[-79.34205,39.88392],[-79.34348,39.87755],[-79.34678,39.87784],[-79.35141,39.876],[-79.34556,39.86719],[-79.34385,39.86801],[-79.3429,39.868],[-79.34239,39.86651],[-79.34301,39.86603],[-79.33441,39.86211],[-79.33268,39.86188],[-79.33103,39.86221],[-79.32909,39.8603],[-79.32684,39.86075],[-79.32733,39.86103],[-79.3215,39.86091],[-79.32099,39.8575],[-79.31983,39.85673],[-79.31729,39.853],[-79.31475,39.85418],[-79.31782,39.85747],[-79.31834,39.85958],[-79.31773,39.86156],[-79.31796,39.86186],[-79.3169,39.86843],[-79.31507,39.86893],[-79.32164,39.87173],[-79.32291,39.87482],[-79.3211,39.87642],[-79.3267,39.87504],[-79.33214,39.87622],[-79.33208,39.88254],[-79.32518,39.88291],[-79.32564,39.88183],[-79.32531,39.88173],[-79.32198,39.88813],[-79.31997,39.88858],[-79.31956,39.88904],[-79.32011,39.89175],[-79.31829,39.8918],[-79.31817,39.8955],[-79.31466,39.89929],[-79.31417,39.90076],[-79.31241,39.90283],[-79.31518,39.90399],[-79.31628,39.90352],[-79.31591,39.90248],[-79.31645,39.90124],[-79.31828,39.90038],[-79.31921,39.89878],[-79.3208,39.89861],[-79.32171,39.89774],[-79.32036,39.89529],[-79.32168,39.89444],[-79.32348,39.89608],[-79.3249,39.89614],[-79.32653,39.89413],[-79.32615,39.89357],[-79.33364,39.89906],[-79.32687,39.89859],[-79.32661,39.9089],[-79.3422,39.90877],[-79.34208,39.92043],[-79.35797,39.92042],[-79.35797,39.92051]],[[-79.36427,39.9194],[-79.36392,39.91963],[-79.3637,39.91938],[-79.36401,39.91918],[-79.36427,39.9194]],[[-79.40985,39.8695],[-79.40862,39.87015],[-79.40755,39.86895],[-79.40879,39.86831],[-79.40985,39.8695]],[[-79.38713,39.85457],[-79.38669,39.85502],[-79.387,39.85449],[-79.38713,39.85457]],[[-79.34078,39.89446],[-79.34036,39.89581],[-79.33938,39.89583],[-79.34018,39.8943],[-79.34078,39.89446]],[[-79.31724,39.85592],[-79.31689,39.85614],[-79.31655,39.85553],[-79.31693,39.85541],[-79.31724,39.85592]]]]},"properties":{"SGL":111,"NAME":"111","ACRES":10218.8944696,"PGC_REGION":2}},{"type":"Feature","geometry":{"type":"MultiPolygon","coordinates":[[[[-77.69929,40.54023],[-77.69377,40.54408],[-77.68437,40.55153],[-77.68991,40.5548],[-77.69739,40.55091],[-77.6986,40.54904],[-77.7044,40.54619],[-77.70766,40.5417],[-77.7067,40.54128],[-77.70606,40.5391],[-77.70926,40.53791],[-77.71025,40.53679],[-77.70713,40.53624],[-77.70756,40.53424],[-77.69929,40.54023]]],[[[-77.66832,40.56939],[-77.67809,40.56314],[-77.67907,40.56174],[-77.67896,40.56085],[-77.67982,40.56068],[-77.67951,40.56012],[-77.68012,40.55939],[-77.67918,40.55651],[-77.67654,40.55812],[-77.67143,40.56267],[-77.6728,40.56419],[-77.66811,40.56772],[-77.66702,40.56691],[-77.66832,40.56939]]]]},"properties":{"SGL":113,"NAME":"113","ACRES":523.29670106,"PGC_REGION":4}},{"type":"Feature","geometry":{"type":"Polygon","coordinates":[[[-77.20159,41.3959],[-77.20127,41.39858],[-77.20256,41.39392],[-77.20325,41.39409],[-77.20272,41.39537],[-77.21602,41.39515],[-77.21574,41.38916],[-77.22698,41.38804],[-77.22679,41.38519],[-77.20597,41.3857],[-77.20439,41.34237],[-77.21486,41.3423],[-77.21448,41.32782],[-77.1933,41.32807],[-77.19362,41.33573],[-77.18343,41.3358],[-77.18426,41.36001],[-77.1945,41.35985],[-77.19552,41.38582],[-77.19315,41.38582],[-77.19431,41.39545],[-77.20185,41.39539],[-77.20159,41.3959]]]},"properties":{"SGL":114,"NAME":"114","ACRES":2883.73139539,"PGC_REGION":3}},{"type":"Feature","geometry":{"type":"Polygon","coordinates":[[[-74.99272,41.46416],[-74.992,41.46658],[-75.00856,41.47153],[-75.00366,41.46652],[-75.00004,41.46508],[-74.99977,41.46038],[-74.99694,41.46225],[-74.99342,41.46353],[-74.99035,41.46031],[-74.99385,41.45894],[-74.9898,41.45323],[-74.99137,41.4526],[-74.9897,41.45023],[-74.99871,41.44711],[-74.99738,41.44522],[-74.994,41.44631],[-74.99082,41.44076],[-74.99639,41.43892],[-74.98957,41.42667],[-74.9879,41.42822],[-74.97862,41.42312],[-74.9757,41.42587],[-74.97257,41.4241],[-74.97024,41.42527],[-74.97057,41.42684],[-74.978,41.42964],[-74.97585,41.43295],[-74.96609,41.42927],[-74.964,41.43067],[-74.96825,41.43799],[-74.95977,41.43861],[-74.95804,41.42659],[-74.9568,41.42704],[-74.95203,41.43296],[-74.95662,41.43497],[-74.95337,41.43904],[-74.94876,41.43691],[-74.94919,41.43642],[-74.94727,41.43561],[-74.94604,41.43632],[-74.93541,41.43853],[-74.93531,41.43885],[-74.94228,41.43959],[-74.94169,41.44285],[-74.94974,41.44211],[-74.95578,41.45274],[-74.95685,41.45233],[-74.96164,41.46075],[-74.96913,41.46197],[-74.97762,41.45942],[-74.97647,41.46302],[-74.98741,41.46518],[-74.98841,41.46307],[-74.98873,41.46315],[-74.99272,41.46416]],[[-74.98108,41.43492],[-74.98253,41.43695],[-74.97966,41.43796],[-74.97206,41.4376],[-74.97569,41.43381],[-74.97832,41.43543],[-74.98059,41.43454],[-74.98108,41.43492]]]},"properties":{"SGL":116,"NAME":"116","ACRES":3087.98431062,"PGC_REGION":5}},{"type":"Feature","geometry":{"type":"Polygon","coordinates":[[[-80.40397,40.42119],[-80.41137,40.42182],[-80.41647,40.4161],[-80.41142,40.4133],[-80.41013,40.41413],[-80.40703,40.41065],[-80.40291,40.40819],[-80.40116,40.40799],[-80.40253,40.40622],[-80.40159,40.40575],[-80.39984,40.40086],[-80.40536,40.3993],[-80.40539,40.39956],[-80.40806,40.39985],[-80.40785,40.40096],[-80.40563,40.40084],[-80.40618,40.40161],[-80.4048,40.40184],[-80.40444,40.40281],[-80.40685,40.40551],[-80.40633,40.40583],[-80.40757,40.40722],[-80.4082,40.40782],[-80.4089,40.40755],[-80.40987,40.4083],[-80.40919,40.40863],[-80.41303,40.41294],[-80.41898,40.41604],[-80.41966,40.41529],[-80.42715,40.41618],[-80.42842,40.41349],[-80.43066,40.41236],[-80.42871,40.40781],[-80.43247,40.40676],[-80.43092,40.40063],[-80.42261,40.40129],[-80.42362,40.39729],[-80.42098,40.39695],[-80.41921,40.39815],[-80.41507,40.39597],[-80.41287,40.39518],[-80.41153,40.39519],[-80.41186,40.3944],[-80.40797,40.3932],[-80.40362,40.39068],[-80.40236,40.3908],[-80.40033,40.38986],[-80.39818,40.39181],[-80.3966,40.3911],[-80.39301,40.39418],[-80.39142,40.39297],[-80.39161,40.39445],[-80.39074,40.39442],[-80.39052,40.39355],[-80.38974,40.39346],[-80.38907,40.39549],[-80.38974,40.3955],[-80.38965,40.39772],[-80.38891,40.39769],[-80.38764,40.40104],[-80.38633,40.40139],[-80.38473,40.399],[-80.38281,40.39274],[-80.38293,40.3914],[-80.37489,40.39164],[-80.37379,40.39122],[-80.3738,40.39152],[-80.37113,40.39244],[-80.3738,40.39448],[-80.37325,40.39471],[-80.37668,40.39694],[-80.37719,40.39867],[-80.37682,40.39872],[-80.37704,40.4003],[-80.37829,40.40356],[-80.38033,40.40438],[-80.38152,40.40551],[-80.38396,40.40684],[-80.38229,40.40969],[-80.37846,40.40792],[-80.37776,40.4097],[-80.37715,40.40739],[-80.37437,40.40614],[-80.36767,40.40766],[-80.36841,40.40809],[-80.36806,40.40858],[-80.37019,40.4097],[-80.37262,40.41018],[-80.37259,40.41073],[-80.37021,40.41193],[-80.36894,40.41369],[-80.37614,40.4162],[-80.3793,40.41637],[-80.38193,40.41717],[-80.38171,40.41986],[-80.40382,40.42118],[-80.40397,40.42119]]]},"properties":{"SGL":117,"NAME":"117","ACRES":2894.92872605,"PGC_REGION":2}},{"type":"Feature","geometry":{"type":"MultiPolygon","coordinates":[[[[-78.17059,40.4185],[-78.1682,40.42176],[-78.17391,40.42524],[-78.17578,40.42176],[-78.17537,40.421],[-78.17615,40.42071],[-78.17442,40.4199],[-78.17177,40.41695],[-78.17388,40.41395],[-78.17596,40.41633],[-78.1789,40.41313],[-78.1818,40.41777],[-78.18976,40.41054],[-78.19019,40.40999],[-78.18985,40.40865],[-78.1902,40.40844],[-78.18896,40.40762],[-78.18477,40.4017],[-78.17562,40.41147],[-78.16882,40.4057],[-78.16529,40.41029],[-78.17059,40.4185]]],[[[-78.15008,40.51055],[-78.15006,40.5127],[-78.15956,40.51278],[-78.16006,40.50834],[-78.16219,40.50437],[-78.16285,40.50191],[-78.16491,40.49769],[-78.16407,40.49491],[-78.16496,40.49419],[-78.16449,40.4927],[-78.16523,40.48947],[-78.16456,40.48749],[-78.16547,40.48338],[-78.15714,40.48141],[-78.15808,40.47701],[-78.16614,40.47904],[-78.16728,40.47651],[-78.16655,40.47482],[-78.16696,40.47482],[-78.16698,40.47368],[-78.16594,40.47314],[-78.16586,40.47239],[-78.16681,40.47194],[-78.16628,40.47054],[-78.16619,40.46776],[-78.16694,40.4666],[-78.16544,40.45865],[-78.16612,40.45862],[-78.16597,40.45631],[-78.16488,40.45634],[-78.16443,40.45468],[-78.16353,40.45445],[-78.16132,40.4523],[-78.15906,40.45347],[-78.15982,40.45469],[-78.15966,40.45504],[-78.1546,40.45439],[-78.15572,40.45162],[-78.15722,40.44929],[-78.15884,40.45025],[-78.16281,40.44863],[-78.16319,40.44878],[-78.16645,40.44384],[-78.16616,40.4437],[-78.16731,40.4418],[-78.16387,40.43984],[-78.1659,40.43685],[-78.16107,40.43555],[-78.16416,40.43036],[-78.16844,40.43311],[-78.16843,40.4281],[-78.16958,40.4266],[-78.16624,40.4246],[-78.16037,40.43262],[-78.15696,40.43637],[-78.15015,40.44705],[-78.13542,40.4717],[-78.13222,40.46963],[-78.13468,40.46623],[-78.13363,40.46616],[-78.13171,40.46946],[-78.12736,40.46759],[-78.12707,40.46856],[-78.13056,40.47059],[-78.12857,40.4717],[-78.12935,40.47203],[-78.12641,40.47337],[-78.12549,40.47516],[-78.12041,40.47336],[-78.12086,40.47485],[-78.11561,40.48187],[-78.11807,40.48298],[-78.12237,40.47715],[-78.13043,40.48147],[-78.12953,40.48345],[-78.12955,40.4896],[-78.12884,40.492],[-78.12243,40.48863],[-78.12246,40.49853],[-78.13039,40.50154],[-78.13513,40.50176],[-78.13672,40.49818],[-78.14995,40.4882],[-78.15354,40.48725],[-78.15379,40.4962],[-78.15201,40.50544],[-78.15075,40.5083],[-78.15109,40.50826],[-78.15008,40.51055]]],[[[-78.12789,40.56616],[-78.13062,40.5676],[-78.13834,40.56145],[-78.14044,40.55713],[-78.14498,40.55356],[-78.1445,40.54969],[-78.14564,40.54777],[-78.14956,40.546],[-78.14873,40.54248],[-78.15147,40.54048],[-78.1539,40.5408],[-78.15324,40.53931],[-78.1542,40.53718],[-78.14232,40.52775],[-78.13701,40.53052],[-78.13758,40.53322],[-78.13243,40.54127],[-78.1286,40.54993],[-78.12426,40.55679],[-78.12265,40.55798],[-78.12269,40.55925],[-78.12105,40.56204],[-78.12218,40.56253],[-78.12096,40.56406],[-78.12107,40.56455],[-78.12274,40.56594],[-78.11922,40.56389],[-78.12132,40.5652],[-78.12153,40.56575],[-78.12266,40.56607],[-78.12789,40.56616]]]]},"properties":{"SGL":118,"NAME":"118","ACRES":6132.95591842,"PGC_REGION":4}},{"type":"Feature","geometry":{"type":"MultiPolygon","coordinates":[[[[-75.73955,41.1254],[-75.73779,41.12619],[-75.73964,41.12757],[-75.74037,41.12717],[-75.74027,41.12537],[-75.73955,41.1254]]],[[[-75.73344,41.12756],[-75.73455,41.13128],[-75.73903,41.12798],[-75.7372,41.12667],[-75.73614,41.1274],[-75.7341,41.12731],[-75.73344,41.12756]]],[[[-75.7711,41.16042],[-75.77114,41.16098],[-75.8214,41.15942],[-75.82089,41.15057],[-75.8434,41.14992],[-75.84242,41.13645],[-75.84712,41.13629],[-75.84708,41.132],[-75.85574,41.13172],[-75.85489,41.11326],[-75.83322,41.11408],[-75.83386,41.12227],[-75.81939,41.12289],[-75.8069,41.12874],[-75.80255,41.12675],[-75.80542,41.124],[-75.80397,41.12271],[-75.80255,41.11937],[-75.80091,41.1189],[-75.79878,41.11726],[-75.78061,41.13499],[-75.77605,41.13243],[-75.77979,41.12894],[-75.77439,41.12587],[-75.76944,41.12598],[-75.76928,41.1229],[-75.7644,41.12016],[-75.76135,41.12097],[-75.7598,41.12231],[-75.75627,41.12436],[-75.75655,41.12612],[-75.7556,41.1262],[-75.75469,41.12742],[-75.74983,41.12853],[-75.74899,41.12835],[-75.74626,41.12634],[-75.74324,41.12646],[-75.74051,41.12715],[-75.74123,41.13957],[-75.74414,41.13951],[-75.74444,41.154],[-75.75829,41.15378],[-75.75825,41.15646],[-75.77085,41.15635],[-75.7711,41.16042]]]]},"properties":{"SGL":119,"NAME":"119","ACRES":8143.43839837,"PGC_REGION":5}},{"type":"Feature","geometry":{"type":"Polygon","coordinates":[[[-78.05318,40.20574],[-78.06061,40.20718],[-78.05802,40.21072],[-78.0711,40.21542],[-78.071,40.21894],[-78.07388,40.21611],[-78.07392,40.20889],[-78.07599,40.20433],[-78.0771,40.20442],[-78.08069,40.20354],[-78.08596,40.20334],[-78.08742,40.20252],[-78.06941,40.19886],[-78.07015,40.19273],[-78.06015,40.18755],[-78.0611,40.18349],[-78.06169,40.18357],[-78.06401,40.18044],[-78.06547,40.17989],[-78.06731,40.17722],[-78.06666,40.17707],[-78.06967,40.16965],[-78.06788,40.16945],[-78.07355,40.15799],[-78.07433,40.15479],[-78.07863,40.148],[-78.07748,40.14761],[-78.08297,40.14249],[-78.08483,40.13928],[-78.08515,40.13589],[-78.07533,40.13613],[-78.06419,40.16036],[-78.0602,40.1597],[-78.05716,40.16666],[-78.05662,40.17031],[-78.05697,40.17283],[-78.05349,40.17984],[-78.05642,40.18052],[-78.05236,40.19224],[-78.05213,40.19529],[-78.04925,40.20367],[-78.0534,40.20413],[-78.05318,40.20574]],[[-78.06148,40.20183],[-78.06006,40.20354],[-78.05524,40.20186],[-78.05857,40.19612],[-78.0639,40.19726],[-78.06602,40.19904],[-78.06452,40.20118],[-78.06287,40.20018],[-78.06148,40.20183]]]},"properties":{"SGL":121,"NAME":"121","ACRES":2233.70849099,"PGC_REGION":4}},{"type":"Feature","geometry":{"type":"Polygon","coordinates":[[[-77.97508,39.87213],[-77.96899,39.887],[-77.96742,39.89547],[-77.97173,39.89607],[-77.97442,39.89006],[-77.97298,39.89001],[-77.973,39.8888],[-77.97499,39.88311],[-77.97534,39.88042],[-77.9794,39.87184],[-77.98026,39.87211],[-77.98067,39.8681],[-77.98309,39.86376],[-77.98206,39.86348],[-77.98593,39.85752],[-77.98716,39.85783],[-77.99137,39.85123],[-77.99103,39.85117],[-77.99671,39.84433],[-77.99798,39.84342],[-78.00013,39.84417],[-78.00419,39.83541],[-78.00665,39.82864],[-78.00821,39.82912],[-78.00829,39.83155],[-78.00748,39.8323],[-78.01347,39.83564],[-78.01409,39.83334],[-78.01249,39.83223],[-78.01539,39.82956],[-78.01842,39.82808],[-78.01673,39.82633],[-78.01649,39.82268],[-78.01355,39.82118],[-78.0158,39.81752],[-78.01586,39.8167],[-78.02085,39.81271],[-78.02334,39.81196],[-78.01801,39.80821],[-78.0196,39.80673],[-78.02267,39.80483],[-78.03135,39.79742],[-78.0338,39.7942],[-78.03647,39.79163],[-78.03736,39.78988],[-78.04228,39.7844],[-78.04458,39.78076],[-78.05805,39.76471],[-78.06017,39.76314],[-78.06104,39.76454],[-78.06366,39.76592],[-78.06373,39.77169],[-78.06146,39.7809],[-78.05985,39.78959],[-78.05855,39.79349],[-78.05392,39.80395],[-78.05127,39.8087],[-78.057,39.81016],[-78.05775,39.80875],[-78.05707,39.80854],[-78.06205,39.79856],[-78.06461,39.79863],[-78.06554,39.79754],[-78.06642,39.79725],[-78.06617,39.79688],[-78.06687,39.79538],[-78.06492,39.79506],[-78.06503,39.79455],[-78.06146,39.79396],[-78.06255,39.79063],[-78.06585,39.79124],[-78.06667,39.78651],[-78.06813,39.78224],[-78.0682,39.77759],[-78.07203,39.76286],[-78.07415,39.76424],[-78.0747,39.7633],[-78.07435,39.76256],[-78.07717,39.76145],[-78.07198,39.75901],[-78.07324,39.7543],[-78.07461,39.75353],[-78.07901,39.75308],[-78.07619,39.75041],[-78.07583,39.75157],[-78.07419,39.75082],[-78.07444,39.75008],[-78.07372,39.7496],[-78.07369,39.74856],[-78.0728,39.74853],[-78.07287,39.74426],[-78.07164,39.7443],[-78.0699,39.7471],[-78.07099,39.7478],[-78.06707,39.75179],[-78.06212,39.74975],[-78.05947,39.74809],[-78.05904,39.74726],[-78.05673,39.74674],[-78.05506,39.74934],[-78.05294,39.751],[-78.05226,39.75119],[-78.04972,39.75059],[-78.04886,39.75185],[-78.04801,39.75117],[-78.0496,39.75014],[-78.04745,39.74802],[-78.0502,39.74588],[-78.05092,39.74465],[-78.04752,39.74242],[-78.04837,39.7439],[-78.04341,39.74399],[-78.04307,39.74447],[-78.04408,39.74568],[-78.04333,39.74927],[-78.0398,39.75335],[-78.04666,39.75649],[-78.04721,39.75591],[-78.05083,39.75684],[-78.04765,39.76053],[-78.04842,39.76058],[-78.05003,39.75926],[-78.05345,39.75904],[-78.05404,39.76001],[-78.05349,39.76135],[-78.04748,39.76583],[-78.04396,39.76581],[-78.03599,39.77488],[-78.02048,39.7895],[-78.01804,39.78743],[-78.01741,39.78843],[-78.01991,39.79005],[-78.01165,39.79785],[-78.00528,39.80116],[-77.99553,39.81562],[-77.99465,39.81605],[-77.99142,39.81468],[-77.99464,39.81612],[-77.99539,39.81584],[-77.99273,39.81971],[-77.98478,39.82951],[-77.98852,39.83324],[-77.98717,39.83486],[-77.9869,39.83583],[-77.98145,39.83635],[-77.98047,39.8372],[-77.97899,39.83632],[-77.97429,39.83526],[-77.97323,39.83413],[-77.97298,39.8353],[-77.97821,39.83687],[-77.97746,39.84039],[-77.97884,39.8405],[-77.97518,39.84567],[-77.98106,39.84956],[-77.979,39.85302],[-77.96617,39.85009],[-77.96687,39.8483],[-77.96546,39.84976],[-77.96295,39.84866],[-77.96212,39.84784],[-77.96731,39.84076],[-77.96505,39.83972],[-77.96327,39.8374],[-77.96796,39.83117],[-77.96266,39.82977],[-77.9573,39.84416],[-77.95462,39.84504],[-77.95621,39.84825],[-77.95836,39.84794],[-77.9584,39.84924],[-77.96612,39.8514],[-77.96616,39.85298],[-77.96669,39.85404],[-77.96866,39.85416],[-77.97751,39.85755],[-77.97157,39.86324],[-77.96684,39.86169],[-77.96585,39.86424],[-77.96557,39.8641],[-77.96504,39.8674],[-77.96663,39.86802],[-77.9678,39.865],[-77.97132,39.86625],[-77.97424,39.87166],[-77.97655,39.86712],[-77.9775,39.86735],[-77.9766,39.86964],[-77.97508,39.87213]]]},"properties":{"SGL":124,"NAME":"124","ACRES":6849.01307081,"PGC_REGION":4}},{"type":"Feature","geometry":{"type":"MultiPolygon","coordinates":[[[[-77.07869,41.21525],[-77.07862,41.21192],[-77.0743,41.21202],[-77.07443,41.21567],[-77.07869,41.21525]]],[[[-77.06933,41.21275],[-77.06932,41.21605],[-77.07286,41.21577],[-77.07291,41.21208],[-77.06933,41.21275]]],[[[-77.06933,41.21275],[-77.0693,41.21101],[-77.06852,41.2099],[-77.06043,41.21215],[-77.05617,41.21228],[-77.05467,41.21281],[-77.05396,41.21143],[-77.05457,41.20988],[-77.05363,41.20862],[-77.05599,41.20838],[-77.05581,41.20605],[-77.03519,41.2075],[-77.03173,41.20881],[-77.03578,41.2124],[-77.03861,41.21407],[-77.03835,41.21554],[-77.03939,41.21676],[-77.05026,41.21591],[-77.04961,41.21484],[-77.05067,41.21433],[-77.05163,41.21594],[-77.05228,41.21562],[-77.05518,41.22047],[-77.06144,41.2181],[-77.06117,41.21455],[-77.06933,41.21275]]]]},"properties":{"SGL":126,"NAME":"126","ACRES":645.47831201,"PGC_REGION":3}},{"type":"Feature","geometry":{"type":"Polygon","coordinates":[[[-78.23999,39.8185],[-78.24616,39.81918],[-78.24877,39.81874],[-78.24906,39.81827],[-78.25092,39.81869],[-78.25344,39.81679],[-78.25434,39.81479],[-78.2509,39.81372],[-78.25231,39.80933],[-78.25577,39.80162],[-78.25133,39.80038],[-78.25019,39.80139],[-78.24782,39.80115],[-78.24228,39.79797],[-78.24727,39.79656],[-78.24735,39.79584],[-78.24896,39.79513],[-78.24935,39.79262],[-78.25112,39.79208],[-78.25098,39.7869],[-78.2501,39.78692],[-78.25122,39.7834],[-78.25403,39.77831],[-78.25823,39.77949],[-78.2592,39.7784],[-78.25672,39.77741],[-78.2615,39.77018],[-78.25593,39.76786],[-78.25833,39.76371],[-78.25479,39.76273],[-78.25012,39.77236],[-78.25219,39.773],[-78.25342,39.77223],[-78.25372,39.77293],[-78.24916,39.77956],[-78.24769,39.77895],[-78.24594,39.78155],[-78.24687,39.78181],[-78.24457,39.7862],[-78.24277,39.78556],[-78.24332,39.78801],[-78.2435,39.79182],[-78.2396,39.7926],[-78.23886,39.79577],[-78.23108,39.79557],[-78.23149,39.79673],[-78.23088,39.79671],[-78.23022,39.79574],[-78.22816,39.79559],[-78.2251,39.79805],[-78.22389,39.79846],[-78.2227,39.79664],[-78.22001,39.79509],[-78.2165,39.79463],[-78.21451,39.79513],[-78.21197,39.79402],[-78.2132,39.79552],[-78.21487,39.79544],[-78.21597,39.79622],[-78.21433,39.79862],[-78.21468,39.79912],[-78.21257,39.80267],[-78.21158,39.80595],[-78.21325,39.80652],[-78.21295,39.80768],[-78.21406,39.80691],[-78.21594,39.80124],[-78.22109,39.80279],[-78.22194,39.80195],[-78.22205,39.8013],[-78.2236,39.80195],[-78.22345,39.80235],[-78.2238,39.8025],[-78.22401,39.80207],[-78.23823,39.80683],[-78.23528,39.81325],[-78.239,39.81387],[-78.23716,39.81819],[-78.23999,39.8185]]]},"properties":{"SGL":128,"NAME":"128","ACRES":1710.31893935,"PGC_REGION":4}},{"type":"Feature","geometry":{"type":"MultiPolygon","coordinates":[[[[-77.08611,41.35751],[-77.08528,41.35912],[-77.08594,41.35956],[-77.08767,41.35834],[-77.08663,41.35724],[-77.08611,41.35751]]],[[[-76.98104,41.43136],[-76.98443,41.43217],[-76.98538,41.43276],[-76.99568,41.43262],[-77.00023,41.43052],[-76.99966,41.42446],[-76.99889,41.42427],[-76.99661,41.42165],[-76.99666,41.42127],[-77.01353,41.42042],[-77.01363,41.42264],[-77.02095,41.42085],[-77.02511,41.42061],[-77.02734,41.41999],[-77.02477,41.41719],[-77.02833,41.41623],[-77.03282,41.4144],[-77.03405,41.41017],[-77.04278,41.41235],[-77.04356,41.4086],[-77.03302,41.40762],[-77.03242,41.40716],[-77.02847,41.40656],[-77.0279,41.39587],[-77.02056,41.39678],[-77.01697,41.39619],[-77.01582,41.39625],[-77.01536,41.39669],[-77.01262,41.39668],[-77.01275,41.39827],[-77.00887,41.39831],[-77.00553,41.40053],[-77.00558,41.4016],[-77.01074,41.40597],[-77.00197,41.41162],[-76.99849,41.40879],[-76.99546,41.4108],[-76.99518,41.40739],[-76.99411,41.40806],[-76.99466,41.41499],[-76.9917,41.41509],[-76.99282,41.41352],[-76.99113,41.41257],[-76.98946,41.41517],[-76.98561,41.41529],[-76.9862,41.42353],[-76.98058,41.42378],[-76.98099,41.43068],[-76.98104,41.43136]]],[[[-76.98104,41.43136],[-76.97198,41.42977],[-76.97023,41.42908],[-76.96871,41.42904],[-76.96836,41.42857],[-76.96888,41.43068],[-76.9615,41.4311],[-76.96187,41.43855],[-76.97944,41.43793],[-76.97907,41.43586],[-76.9816,41.43652],[-76.98106,41.43157],[-76.98104,41.43136]]]]},"properties":{"SGL":133,"NAME":"133","ACRES":2542.23605285,"PGC_REGION":3}},{"type":"Feature","geometry":{"type":"MultiPolygon","coordinates":[[[[-76.81679,41.40211],[-76.82243,41.40987],[-76.83876,41.40938],[-76.8381,41.39945],[-76.82759,41.39951],[-76.82728,41.38969],[-76.82792,41.3897],[-76.82821,41.38683],[-76.82405,41.38048],[-76.82606,41.37941],[-76.81963,41.37933],[-76.81519,41.38012],[-76.81192,41.38115],[-76.80953,41.38279],[-76.80755,41.38526],[-76.80645,41.38501],[-76.80677,41.38624],[-76.80802,41.38592],[-76.80836,41.38616],[-76.80745,41.38715],[-76.8079,41.38746],[-76.80572,41.38856],[-76.80354,41.39132],[-76.80144,41.39265],[-76.80686,41.39292],[-76.80685,41.40003],[-76.81539,41.4002],[-76.81679,41.40211]]],[[[-76.75327,41.43993],[-76.75329,41.44101],[-76.75368,41.441],[-76.75319,41.43779],[-76.75667,41.43759],[-76.75604,41.42729],[-76.78078,41.42647],[-76.79715,41.42743],[-76.79881,41.42664],[-76.79685,41.42666],[-76.7971,41.41954],[-76.80259,41.4195],[-76.80356,41.41865],[-76.80701,41.41853],[-76.80805,41.41796],[-76.80842,41.41906],[-76.81322,41.41888],[-76.81316,41.41598],[-76.81657,41.41597],[-76.8166,41.4182],[-76.817,41.41817],[-76.81691,41.41548],[-76.82016,41.41532],[-76.82025,41.4102],[-76.80357,41.41074],[-76.80101,41.40733],[-76.79501,41.40608],[-76.79586,41.40468],[-76.78714,41.4027],[-76.78684,41.40121],[-76.7835,41.39975],[-76.77324,41.40024],[-76.77961,41.41073],[-76.75114,41.41163],[-76.75103,41.40635],[-76.74827,41.40702],[-76.74126,41.40472],[-76.73099,41.40972],[-76.72686,41.41095],[-76.72241,41.40909],[-76.71546,41.40905],[-76.71219,41.41417],[-76.71175,41.4142],[-76.70905,41.41213],[-76.70811,41.41268],[-76.70912,41.41735],[-76.71433,41.41674],[-76.71522,41.4212],[-76.71199,41.42158],[-76.71209,41.42203],[-76.71077,41.4221],[-76.71046,41.42276],[-76.71179,41.42611],[-76.71105,41.42742],[-76.71194,41.42973],[-76.7154,41.43175],[-76.71512,41.43212],[-76.71698,41.43218],[-76.71883,41.43286],[-76.7198,41.43198],[-76.72751,41.43531],[-76.72637,41.43644],[-76.73354,41.43619],[-76.7337,41.43859],[-76.74016,41.43832],[-76.73998,41.43505],[-76.7451,41.43478],[-76.74503,41.43316],[-76.75128,41.4329],[-76.75157,41.43787],[-76.75275,41.43781],[-76.75327,41.43993]]],[[[-76.80192,41.44457],[-76.80279,41.44699],[-76.80757,41.44985],[-76.80885,41.45023],[-76.8097,41.45148],[-76.80866,41.45151],[-76.80915,41.45214],[-76.81202,41.45425],[-76.82804,41.45373],[-76.82743,41.43609],[-76.82609,41.43609],[-76.82608,41.42719],[-76.82718,41.42717],[-76.827,41.42374],[-76.82198,41.42515],[-76.81873,41.42653],[-76.81869,41.42769],[-76.80922,41.42807],[-76.80971,41.43683],[-76.80429,41.43696],[-76.78623,41.43571],[-76.78692,41.43979],[-76.78159,41.43948],[-76.7825,41.45288],[-76.79596,41.45337],[-76.79574,41.4481],[-76.80181,41.44574],[-76.80165,41.44465],[-76.80191,41.44456],[-76.80192,41.44457]]]]},"properties":{"SGL":134,"NAME":"134","ACRES":8365.04233657,"PGC_REGION":3}},{"type":"Feature","geometry":{"type":"Polygon","coordinates":[[[-75.55847,41.25958],[-75.56863,41.25953],[-75.5843,41.25852],[-75.5836,41.24615],[-75.59968,41.24555],[-75.58285,41.23366],[-75.59857,41.23307],[-75.59782,41.22743],[-75.6068,41.21863],[-75.59415,41.21166],[-75.59556,41.21021],[-75.58456,41.21116],[-75.58476,41.22192],[-75.56505,41.22308],[-75.56216,41.22132],[-75.55536,41.22243],[-75.55405,41.22115],[-75.55253,41.22142],[-75.55177,41.22098],[-75.55097,41.22112],[-75.55135,41.22235],[-75.549,41.22273],[-75.54885,41.22222],[-75.54777,41.22265],[-75.54794,41.22431],[-75.54897,41.22427],[-75.55117,41.22718],[-75.5534,41.22895],[-75.55083,41.22939],[-75.55224,41.23424],[-75.55844,41.23316],[-75.56061,41.24104],[-75.55753,41.24148],[-75.556,41.24488],[-75.55596,41.24748],[-75.55138,41.24765],[-75.55108,41.24842],[-75.55197,41.24858],[-75.55202,41.24906],[-75.55601,41.24887],[-75.55391,41.25639],[-75.55473,41.25795],[-75.55711,41.25911],[-75.55847,41.25958]]]},"properties":{"SGL":135,"NAME":"135","ACRES":3540.05761352,"PGC_REGION":5}},{"type":"Feature","geometry":{"type":"MultiPolygon","coordinates":[[[[-79.33561,40.99723],[-79.33772,40.99734],[-79.342,40.99613],[-79.34195,40.99205],[-79.34333,40.99006],[-79.34325,40.98862],[-79.34508,40.98824],[-79.34507,40.98851],[-79.34689,40.98641],[-79.34666,40.98413],[-79.34505,40.98121],[-79.34523,40.97737],[-79.34421,40.97711],[-79.34528,40.97716],[-79.34694,40.97527],[-79.34593,40.97505],[-79.34431,40.97586],[-79.34197,40.97568],[-79.33625,40.97695],[-79.33864,40.97968],[-79.33681,40.98202],[-79.3343,40.98203],[-79.33134,40.98408],[-79.33669,40.98425],[-79.34153,40.98741],[-79.3354,40.98699],[-79.33561,40.99723]]],[[[-79.35054,40.99631],[-79.35051,40.99756],[-79.35244,40.99757],[-79.35249,40.99541],[-79.36039,40.99549],[-79.36031,40.98409],[-79.35419,40.98412],[-79.35411,40.98064],[-79.34805,40.98066],[-79.34809,40.97725],[-79.34673,40.97749],[-79.34705,40.97561],[-79.34592,40.97674],[-79.34528,40.9781],[-79.34556,40.98168],[-79.34667,40.98284],[-79.34738,40.98561],[-79.34685,40.98706],[-79.34507,40.98884],[-79.34488,40.99633],[-79.35031,40.99628],[-79.35054,40.99631]]]]},"properties":{"SGL":137,"NAME":"137","ACRES":885.13197832,"PGC_REGION":2}},{"type":"Feature","geometry":{"type":"MultiPolygon","coordinates":[[[[-79.71928,39.76059],[-79.71917,39.76311],[-79.7287,39.76323],[-79.7285,39.77123],[-79.73506,39.77231],[-79.73778,39.77341],[-79.74497,39.77381],[-79.74509,39.76844],[-79.74244,39.76762],[-79.73718,39.7644],[-79.73712,39.76351],[-79.73574,39.76063],[-79.71936,39.75899],[-79.71928,39.76059]]],[[[-79.73227,39.81237],[-79.73367,39.81621],[-79.74579,39.80906],[-79.75063,39.80799],[-79.75007,39.80326],[-79.74776,39.80163],[-79.74666,39.80226],[-79.74269,39.80143],[-79.74025,39.80151],[-79.73922,39.80101],[-79.73934,39.79893],[-79.73844,39.79885],[-79.74066,39.79716],[-79.74376,39.79827],[-79.7436,39.79858],[-79.74579,39.79842],[-79.74796,39.79676],[-79.74744,39.79629],[-79.74796,39.79601],[-79.74856,39.79647],[-79.74888,39.79628],[-79.7468,39.79537],[-79.7476,39.79509],[-79.74673,39.79437],[-79.75087,39.79134],[-79.74898,39.79023],[-79.75058,39.78889],[-79.73646,39.78396],[-79.73521,39.78391],[-79.73338,39.79206],[-79.72679,39.79211],[-79.72323,39.7944],[-79.72269,39.79416],[-79.71966,39.79602],[-79.71959,39.80331],[-79.7245,39.80332],[-79.72445,39.80695],[-79.73043,39.80457],[-79.73227,39.81237]]],[[[-79.69473,39.82958],[-79.69505,39.83087],[-79.7012,39.83087],[-79.71074,39.82319],[-79.7185,39.8236],[-79.7211,39.81628],[-79.70307,39.80681],[-79.68855,39.80684],[-79.6885,39.81182],[-79.69041,39.812],[-79.69187,39.81793],[-79.69473,39.82958]]]]},"properties":{"SGL":138,"NAME":"138","ACRES":2879.32951369,"PGC_REGION":2}},{"type":"Feature","geometry":{"type":"MultiPolygon","coordinates":[[[[-76.09729,41.92315],[-76.10827,41.92208],[-76.10822,41.92133],[-76.10735,41.92137],[-76.10668,41.91503],[-76.11168,41.91471],[-76.11099,41.90716],[-76.10923,41.90731],[-76.10888,41.90404],[-76.10089,41.90457],[-76.10175,41.9132],[-76.09343,41.91351],[-76.09401,41.91977],[-76.09443,41.91955],[-76.09729,41.92315]]],[[[-76.08492,41.9569],[-76.08716,41.95962],[-76.08969,41.95949],[-76.08913,41.95566],[-76.08397,41.95084],[-76.08683,41.94912],[-76.08817,41.95031],[-76.09276,41.94698],[-76.09511,41.94871],[-76.09746,41.9432],[-76.08762,41.93937],[-76.09008,41.93703],[-76.09047,41.93614],[-76.09056,41.93292],[-76.08905,41.93085],[-76.0844,41.93367],[-76.08203,41.93284],[-76.07888,41.93104],[-76.06884,41.94267],[-76.07443,41.94492],[-76.07815,41.94711],[-76.0812,41.94807],[-76.08339,41.95031],[-76.08186,41.95191],[-76.08254,41.95514],[-76.08485,41.95464],[-76.08492,41.9569]]],[[[-76.06016,41.96759],[-76.06049,41.97078],[-76.06002,41.97124],[-76.06409,41.97124],[-76.06337,41.96306],[-76.06041,41.96377],[-76.05662,41.96374],[-76.05696,41.96733],[-76.06013,41.96724],[-76.06016,41.96759]]]]},"properties":{"SGL":140,"NAME":"140","ACRES":1346.19543154,"PGC_REGION":5}},{"type":"Feature","geometry":{"type":"Polygon","coordinates":[[[-76.37102,41.59612],[-76.36548,41.594],[-76.36604,41.59318],[-76.3612,41.59138],[-76.36151,41.59002],[-76.3601,41.58753],[-76.36015,41.5864],[-76.35997,41.58763],[-76.36138,41.59005],[-76.36107,41.59132],[-76.35708,41.58972],[-76.35634,41.59069],[-76.35268,41.58952],[-76.348,41.59121],[-76.34633,41.59299],[-76.35272,41.597],[-76.36672,41.60219],[-76.37102,41.59612]]]},"properties":{"SGL":142,"NAME":"142","ACRES":369.03770776,"PGC_REGION":5}},{"type":"Feature","geometry":{"type":"MultiPolygon","coordinates":[[[[-79.4053,41.82485],[-79.407,41.82665],[-79.40705,41.82182],[-79.40445,41.82193],[-79.40497,41.82447],[-79.40416,41.82509],[-79.40452,41.82527],[-79.40524,41.8248],[-79.4053,41.82485]]],[[[-79.46205,41.89071],[-79.46408,41.8914],[-79.46569,41.88879],[-79.46446,41.8888],[-79.46438,41.8865],[-79.47319,41.88644],[-79.47326,41.87605],[-79.47298,41.87606],[-79.47262,41.86509],[-79.47245,41.84469],[-79.49242,41.84468],[-79.49214,41.83283],[-79.49248,41.82786],[-79.48297,41.82795],[-79.48306,41.8227],[-79.47277,41.82283],[-79.47279,41.83193],[-79.46483,41.83208],[-79.46514,41.83347],[-79.46407,41.8337],[-79.46247,41.83166],[-79.45879,41.82824],[-79.45457,41.82462],[-79.45153,41.82289],[-79.44998,41.82236],[-79.44257,41.82242],[-79.44409,41.82016],[-79.43313,41.81923],[-79.43561,41.82238],[-79.43273,41.82252],[-79.43088,41.82091],[-79.42526,41.81979],[-79.41839,41.81993],[-79.41711,41.81884],[-79.40988,41.82176],[-79.40869,41.82185],[-79.40902,41.82737],[-79.40774,41.82737],[-79.4114,41.83052],[-79.41276,41.8329],[-79.40505,41.83289],[-79.40495,41.84601],[-79.40556,41.84599],[-79.40552,41.84824],[-79.40454,41.84824],[-79.40485,41.85375],[-79.40762,41.8537],[-79.40752,41.85909],[-79.41445,41.85904],[-79.41457,41.86662],[-79.42477,41.86666],[-79.42454,41.86023],[-79.43142,41.86013],[-79.43189,41.8675],[-79.43972,41.86752],[-79.43973,41.87252],[-79.44953,41.87254],[-79.44962,41.88335],[-79.44351,41.88337],[-79.44344,41.87965],[-79.44144,41.88044],[-79.44111,41.88594],[-79.44396,41.88737],[-79.44518,41.88632],[-79.4473,41.88772],[-79.44954,41.88775],[-79.44957,41.88649],[-79.45934,41.88645],[-79.45909,41.8908],[-79.46138,41.89063],[-79.46205,41.89071]]]]},"properties":{"SGL":143,"NAME":"143","ACRES":8477.03446655,"PGC_REGION":1}},{"type":"Feature","geometry":{"type":"MultiPolygon","coordinates":[[[[-80.36193,40.86229],[-80.36188,40.85977],[-80.36416,40.85975],[-80.36478,40.85775],[-80.36495,40.85348],[-80.36585,40.85226],[-80.35995,40.85205],[-80.35992,40.85264],[-80.35801,40.85255],[-80.35775,40.85745],[-80.35968,40.85753],[-80.3596,40.85973],[-80.3479,40.8593],[-80.34805,40.86245],[-80.34941,40.86307],[-80.3494,40.86464],[-80.348,40.8647],[-80.34822,40.87361],[-80.35149,40.87411],[-80.35183,40.8739],[-80.35169,40.87234],[-80.35345,40.87235],[-80.35315,40.86455],[-80.36026,40.86478],[-80.36192,40.86376],[-80.36193,40.86229],[-80.35827,40.86216],[-80.35897,40.86108],[-80.36193,40.86229]]],[[[-80.31061,40.87122],[-80.30473,40.87134],[-80.30501,40.87567],[-80.30847,40.87735],[-80.3084,40.87876],[-80.31805,40.87918],[-80.3174,40.87705],[-80.31663,40.87618],[-80.31579,40.8741],[-80.31539,40.86852],[-80.31034,40.87004],[-80.31061,40.87122]]]]},"properties":{"SGL":148,"NAME":"148","ACRES":575.40575449,"PGC_REGION":1}},{"type":"Feature","geometry":{"type":"MultiPolygon","coordinates":[[[[-75.77934,41.00476],[-75.78288,41.00548],[-75.78947,41.00442],[-75.79449,41.00529],[-75.79584,40.98719],[-75.78691,40.98927],[-75.7861,40.99351],[-75.77616,41.00324],[-75.77712,41.00404],[-75.77934,41.00476]]],[[[-75.76197,41.03413],[-75.76373,41.03657],[-75.76545,41.03518],[-75.76463,41.03274],[-75.76705,41.03145],[-75.76432,41.02858],[-75.76781,41.02678],[-75.77046,41.02976],[-75.77351,41.0281],[-75.77393,41.02868],[-75.77524,41.02798],[-75.77365,41.02574],[-75.77362,41.02446],[-75.76181,41.01466],[-75.76064,41.01564],[-75.76349,41.01783],[-75.76101,41.0196],[-75.75851,41.01785],[-75.75919,41.01747],[-75.75579,41.01467],[-75.75875,41.01243],[-75.7579,41.01186],[-75.76175,41.01087],[-75.7674,41.00847],[-75.76424,41.00928],[-75.76189,41.00738],[-75.75685,41.01091],[-75.74761,41.00359],[-75.74946,41.00225],[-75.73328,41.00841],[-75.73427,41.00943],[-75.73669,41.01422],[-75.73957,41.01704],[-75.73979,41.01786],[-75.73943,41.01962],[-75.74006,41.02181],[-75.73983,41.02405],[-75.74043,41.02558],[-75.74181,41.02458],[-75.74185,41.02745],[-75.74259,41.02868],[-75.74544,41.03094],[-75.75464,41.03057],[-75.75825,41.03091],[-75.7595,41.03193],[-75.75969,41.03378],[-75.76148,41.03345],[-75.76197,41.03413]],[[-75.74566,41.02992],[-75.74586,41.03038],[-75.7433,41.02917],[-75.7436,41.02855],[-75.74469,41.02813],[-75.74602,41.02856],[-75.74605,41.02886],[-75.74566,41.02992]],[[-75.74887,41.02826],[-75.7495,41.02876],[-75.74829,41.02961],[-75.74769,41.02906],[-75.74833,41.02863],[-75.74887,41.02826]],[[-75.76391,41.02736],[-75.7619,41.02729],[-75.76232,41.02142],[-75.76429,41.0215],[-75.76399,41.02606],[-75.76391,41.02736]]]]},"properties":{"SGL":149,"NAME":"149","ACRES":1991.12003265,"PGC_REGION":5}},{"type":"Feature","geometry":{"type":"MultiPolygon","coordinates":[[[[-80.45942,41.10543],[-80.46328,41.10542],[-80.46315,41.10623],[-80.46628,41.10624],[-80.46615,41.09368],[-80.46891,41.09361],[-80.46486,41.09354],[-80.46477,41.09089],[-80.45918,41.09083],[-80.45942,41.10543]]],[[[-80.43508,41.10971],[-80.43576,41.11185],[-80.43688,41.11184],[-80.43617,41.11135],[-80.43707,41.11038],[-80.43681,41.10851],[-80.43466,41.10193],[-80.43224,41.09751],[-80.4316,41.09696],[-80.42655,41.09611],[-80.42102,41.09802],[-80.41974,41.0967],[-80.4191,41.09527],[-80.41678,41.09465],[-80.41625,41.09353],[-80.41521,41.09503],[-80.41653,41.09519],[-80.41817,41.09605],[-80.42202,41.09942],[-80.42338,41.10286],[-80.42352,41.10463],[-80.42498,41.10458],[-80.42508,41.10835],[-80.42206,41.10837],[-80.42517,41.11101],[-80.42525,41.11155],[-80.42735,41.10934],[-80.43481,41.10902],[-80.43508,41.10971]]]]},"properties":{"SGL":150,"NAME":"150","ACRES":593.65959789,"PGC_REGION":1}},{"type":"Feature","geometry":{"type":"Polygon","coordinates":[[[-80.23506,41.8513],[-80.235,41.85877],[-80.23788,41.85916],[-80.24183,41.85908],[-80.2422,41.85024],[-80.24607,41.85026],[-80.2465,41.84288],[-80.24154,41.84285],[-80.24163,41.83822],[-80.23679,41.83813],[-80.23687,41.83343],[-80.23511,41.83345],[-80.23521,41.8329],[-80.23389,41.83301],[-80.23053,41.83527],[-80.22815,41.83805],[-80.23183,41.83809],[-80.23174,41.84277],[-80.22683,41.84268],[-80.22622,41.84903],[-80.22947,41.84915],[-80.22941,41.85017],[-80.23507,41.85021],[-80.23506,41.8513]]]},"properties":{"SGL":152,"NAME":"152","ACRES":641.1461808,"PGC_REGION":1}},{"type":"Feature","geometry":{"type":"Polygon","coordinates":[[[-79.71646,41.99881],[-79.74705,41.99883],[-79.74698,41.99542],[-79.73135,41.98715],[-79.73149,41.98916],[-79.72093,41.98929],[-79.72061,41.9857],[-79.71259,41.98619],[-79.71265,41.98725],[-79.7027,41.98787],[-79.70249,41.98469],[-79.6861,41.98582],[-79.68626,41.98753],[-79.66955,41.98875],[-79.66981,41.99286],[-79.68525,41.99217],[-79.68589,41.99205],[-79.68582,41.99019],[-79.69224,41.98993],[-79.69252,41.99077],[-79.69374,41.99124],[-79.69404,41.99179],[-79.69568,41.99172],[-79.69632,41.99882],[-79.70358,41.99881],[-79.70349,41.99705],[-79.71621,41.99633],[-79.71646,41.99881]]]},"properties":{"SGL":154,"NAME":"154","ACRES":1418.4133281,"PGC_REGION":1}},{"type":"Feature","geometry":{"type":"Polygon","coordinates":[[[-79.8785,42.01288],[-79.87886,42.0136],[-79.88361,42.01367],[-79.88371,42.00571],[-79.87505,42.00568],[-79.87167,41.99874],[-79.86412,41.99881],[-79.86399,42.00868],[-79.87397,42.00864],[-79.87397,42.01035],[-79.87225,42.01047],[-79.87227,42.01356],[-79.87423,42.01358],[-79.8742,42.01272],[-79.8785,42.01288]]]},"properties":{"SGL":155,"NAME":"155","ACRES":392.8578794,"PGC_REGION":1}},{"type":"Feature","geometry":{"type":"Polygon","coordinates":[[[-79.91555,41.99802],[-79.91555,41.99885],[-79.91378,41.99922],[-79.91139,41.9991],[-79.90971,42.00001],[-79.91018,42.0101],[-79.91945,42.0099],[-79.91928,42.00673],[-79.91799,42.00675],[-79.91793,42.00525],[-79.91925,42.00523],[-79.91898,41.99798],[-79.91555,41.99802]]]},"properties":{"SGL":161,"NAME":"161","ACRES":232.41976352,"PGC_REGION":1}},{"type":"Feature","geometry":{"type":"Polygon","coordinates":[[[-79.83262,42.13598],[-79.83855,42.13604],[-79.83863,42.14514],[-79.84235,42.14522],[-79.84224,42.13114],[-79.8342,42.13119],[-79.83411,42.12576],[-79.83555,42.12574],[-79.83551,42.1244],[-79.82894,42.1244],[-79.82894,42.12574],[-79.8285,42.12573],[-79.82867,42.12784],[-79.82414,42.12804],[-79.8287,42.12798],[-79.82876,42.12892],[-79.82649,42.13601],[-79.83254,42.13598],[-79.83262,42.13598]]]},"properties":{"SGL":163,"NAME":"163","ACRES":333.23541801,"PGC_REGION":1}},{"type":"Feature","geometry":{"type":"Polygon","coordinates":[[[-79.78248,40.88278],[-79.76904,40.88322],[-79.76931,40.88767],[-79.76412,40.88794],[-79.76438,40.89257],[-79.75916,40.89284],[-79.75925,40.89505],[-79.76978,40.8945],[-79.76967,40.89311],[-79.78459,40.89272],[-79.78406,40.88274],[-79.78248,40.88278]]]},"properties":{"SGL":164,"NAME":"164","ACRES":454.97680479,"PGC_REGION":1}},{"type":"Feature","geometry":{"type":"Polygon","coordinates":[[[-76.62798,40.80156],[-76.65002,40.79514],[-76.65123,40.79802],[-76.6676,40.7939],[-76.66843,40.79521],[-76.67123,40.79453],[-76.66703,40.78741],[-76.66746,40.78628],[-76.66869,40.78603],[-76.64325,40.78856],[-76.64355,40.78945],[-76.63765,40.79081],[-76.63798,40.79158],[-76.60358,40.79978],[-76.61335,40.80514],[-76.61794,40.80411],[-76.61974,40.8086],[-76.62248,40.81102],[-76.62421,40.81052],[-76.62358,40.80905],[-76.62527,40.80861],[-76.62557,40.80933],[-76.62609,40.80904],[-76.6254,40.80722],[-76.6276,40.80692],[-76.62737,40.80641],[-76.62972,40.80543],[-76.62798,40.80156]]]},"properties":{"SGL":165,"NAME":"165","ACRES":1267.12372972,"PGC_REGION":5}},{"type":"Feature","geometry":{"type":"MultiPolygon","coordinates":[[[[-78.2908,40.52276],[-78.29388,40.52417],[-78.29437,40.52262],[-78.2997,40.52356],[-78.30177,40.52257],[-78.30092,40.52158],[-78.30183,40.52089],[-78.30214,40.52121],[-78.30346,40.52053],[-78.30316,40.51997],[-78.30116,40.51895],[-78.30226,40.51851],[-78.30289,40.51928],[-78.30837,40.51663],[-78.30715,40.5141],[-78.30873,40.51366],[-78.30996,40.51626],[-78.31068,40.51604],[-78.31107,40.5169],[-78.31249,40.51657],[-78.3148,40.51566],[-78.31417,40.51511],[-78.31607,40.51459],[-78.31796,40.51333],[-78.31581,40.51454],[-78.31528,40.51466],[-78.31459,40.51422],[-78.31716,40.51301],[-78.31683,40.51198],[-78.31844,40.51099],[-78.31292,40.50635],[-78.29644,40.51558],[-78.28998,40.51839],[-78.28654,40.52081],[-78.2891,40.52198],[-78.2908,40.52276]]],[[[-78.28632,40.56806],[-78.28625,40.56837],[-78.29212,40.56905],[-78.29091,40.5744],[-78.29959,40.57829],[-78.30112,40.5769],[-78.31693,40.54981],[-78.3184,40.54462],[-78.29636,40.54185],[-78.29418,40.54442],[-78.29378,40.54549],[-78.29434,40.54735],[-78.29289,40.54648],[-78.29224,40.54646],[-78.29194,40.54705],[-78.29281,40.5473],[-78.29307,40.54692],[-78.29396,40.54753],[-78.29355,40.54781],[-78.29287,40.55119],[-78.3033,40.55236],[-78.30217,40.55571],[-78.29664,40.55507],[-78.29391,40.56339],[-78.28757,40.56254],[-78.28632,40.56806]]],[[[-78.18032,40.58097],[-78.18001,40.582],[-78.17868,40.58238],[-78.17944,40.5833],[-78.1644,40.59117],[-78.16672,40.59198],[-78.16919,40.59434],[-78.17178,40.60127],[-78.18807,40.59318],[-78.18524,40.58994],[-78.20474,40.57721],[-78.21805,40.59262],[-78.22526,40.58907],[-78.22643,40.58766],[-78.22424,40.58546],[-78.22689,40.58244],[-78.22957,40.58381],[-78.23648,40.57541],[-78.22099,40.5666],[-78.25689,40.54352],[-78.26807,40.54755],[-78.27656,40.54172],[-78.27876,40.54253],[-78.28209,40.54028],[-78.28542,40.54243],[-78.28615,40.54157],[-78.28354,40.53932],[-78.28786,40.53635],[-78.28864,40.53673],[-78.29289,40.5264],[-78.28392,40.52235],[-78.27772,40.52577],[-78.27235,40.52958],[-78.26384,40.5258],[-78.26424,40.52424],[-78.25957,40.5223],[-78.25985,40.5205],[-78.25887,40.52015],[-78.25659,40.52243],[-78.25511,40.52187],[-78.25443,40.52236],[-78.25405,40.52346],[-78.25329,40.52306],[-78.2544,40.52054],[-78.2546,40.51691],[-78.25611,40.51224],[-78.25636,40.51177],[-78.25727,40.51206],[-78.25884,40.51064],[-78.25429,40.50982],[-78.25707,40.5013],[-78.26001,40.49953],[-78.26112,40.4939],[-78.25971,40.49158],[-78.26009,40.48996],[-78.25839,40.4873],[-78.25422,40.48612],[-78.2523,40.48664],[-78.25014,40.48784],[-78.24542,40.49453],[-78.24413,40.49556],[-78.24268,40.49469],[-78.24164,40.49455],[-78.23787,40.49583],[-78.24119,40.49725],[-78.24132,40.4992],[-78.24083,40.50112],[-78.24107,40.50165],[-78.23848,40.50688],[-78.23638,40.51466],[-78.23428,40.51811],[-78.23065,40.51472],[-78.22375,40.5222],[-78.21027,40.52896],[-78.21029,40.52985],[-78.20698,40.53197],[-78.20996,40.53402],[-78.20626,40.53704],[-78.20593,40.53689],[-78.20049,40.54263],[-78.20239,40.54448],[-78.20207,40.5459],[-78.19946,40.54772],[-78.19765,40.54955],[-78.20192,40.55293],[-78.18495,40.57454],[-78.18032,40.58097]],[[-78.23579,40.52604],[-78.23561,40.52702],[-78.23405,40.5283],[-78.23203,40.52667],[-78.23616,40.52401],[-78.23579,40.52604]]]]},"properties":{"SGL":166,"NAME":"166","ACRES":11775.6824891,"PGC_REGION":4}},{"type":"Feature","geometry":{"type":"MultiPolygon","coordinates":[[[[-79.7735,41.99885],[-79.78189,41.99882],[-79.78163,41.99603],[-79.78272,41.99605],[-79.78221,41.98829],[-79.77921,41.98835],[-79.77906,41.98701],[-79.76861,41.98783],[-79.76919,41.99339],[-79.77297,41.99326],[-79.7735,41.99885]]],[[[-79.77229,42.0035],[-79.77236,42.00812],[-79.78182,42.00817],[-79.78175,42.01275],[-79.78337,42.01299],[-79.78485,42.01158],[-79.78492,42.01044],[-79.78736,42.00826],[-79.78763,41.99895],[-79.78742,42.00144],[-79.78483,42.00146],[-79.78487,41.99895],[-79.7723,41.99897],[-79.77229,42.0035]]]]},"properties":{"SGL":167,"NAME":"167","ACRES":628.49575864,"PGC_REGION":1}},{"type":"Feature","geometry":{"type":"Polygon","coordinates":[[[-77.2116,40.56],[-77.21372,40.56042],[-77.2182,40.55812],[-77.2185,40.55846],[-77.22298,40.55628],[-77.22289,40.55281],[-77.21846,40.55431],[-77.2183,40.55223],[-77.22268,40.55021],[-77.21814,40.54394],[-77.21606,40.54449],[-77.21098,40.54718],[-77.20257,40.55045],[-77.19937,40.54494],[-77.18259,40.55173],[-77.18466,40.55317],[-77.18699,40.55552],[-77.1805,40.55685],[-77.1807,40.56011],[-77.1897,40.56005],[-77.19048,40.55742],[-77.19504,40.55773],[-77.19452,40.56026],[-77.20675,40.56134],[-77.20666,40.55983],[-77.20824,40.55889],[-77.21157,40.55992],[-77.2116,40.56]],[[-77.2169,40.552],[-77.2161,40.55208],[-77.21592,40.55115],[-77.21689,40.55114],[-77.2169,40.552]]]},"properties":{"SGL":171,"NAME":"171","ACRES":1067.76899868,"PGC_REGION":4}},{"type":"Feature","geometry":{"type":"Polygon","coordinates":[[[-80.45779,40.68218],[-80.46389,40.6839],[-80.46594,40.67864],[-80.48106,40.67639],[-80.48105,40.676],[-80.48168,40.67593],[-80.48183,40.67643],[-80.48113,40.67655],[-80.48059,40.6799],[-80.48108,40.68163],[-80.48597,40.67754],[-80.49057,40.67969],[-80.4928,40.67919],[-80.49095,40.67277],[-80.4805,40.67233],[-80.47952,40.66915],[-80.47585,40.66397],[-80.46059,40.66601],[-80.46023,40.66705],[-80.45795,40.66723],[-80.45418,40.67085],[-80.45306,40.67445],[-80.45032,40.67359],[-80.45032,40.67295],[-80.44824,40.67271],[-80.44775,40.67494],[-80.44996,40.67891],[-80.45223,40.68133],[-80.45263,40.68132],[-80.45157,40.6802],[-80.45682,40.67828],[-80.45779,40.68218]]]},"properties":{"SGL":173,"NAME":"173","ACRES":1058.03467249,"PGC_REGION":2}},{"type":"Feature","geometry":{"type":"Polygon","coordinates":[[[-75.76146,41.89468],[-75.76118,41.89118],[-75.75509,41.89129],[-75.75479,41.88358],[-75.75224,41.88365],[-75.7517,41.88086],[-75.74888,41.88099],[-75.74913,41.88374],[-75.74607,41.88389],[-75.73954,41.88383],[-75.73808,41.8815],[-75.73804,41.88037],[-75.73124,41.88072],[-75.73131,41.88126],[-75.7306,41.88129],[-75.73052,41.88075],[-75.73005,41.88077],[-75.73011,41.88122],[-75.72942,41.88184],[-75.72882,41.8817],[-75.7294,41.88527],[-75.73062,41.88896],[-75.73095,41.88894],[-75.73187,41.8918],[-75.73301,41.89331],[-75.73408,41.89659],[-75.74174,41.89631],[-75.74162,41.89316],[-75.74875,41.89284],[-75.74884,41.89217],[-75.75617,41.89699],[-75.75561,41.89493],[-75.76146,41.89468]]]},"properties":{"SGL":175,"NAME":"175","ACRES":732.91673281,"PGC_REGION":5}},{"type":"Feature","geometry":{"type":"Polygon","coordinates":[[[-80.32087,41.05095],[-80.31778,41.05129],[-80.31795,41.05219],[-80.3162,41.05326],[-80.31436,41.05231],[-80.31545,41.04839],[-80.3114,41.04859],[-80.31162,41.05269],[-80.31216,41.05311],[-80.31276,41.05491],[-80.31513,41.0559],[-80.3227,41.05549],[-80.32338,41.05364],[-80.32324,41.0527],[-80.32434,41.05263],[-80.32408,41.04782],[-80.31823,41.04806],[-80.31799,41.05011],[-80.32047,41.05004],[-80.32087,41.05095]]]},"properties":{"SGL":178,"NAME":"178","ACRES":165.23969411,"PGC_REGION":1}},{"type":"Feature","geometry":{"type":"MultiPolygon","coordinates":[[[[-76.37505,39.84093],[-76.3792,39.84227],[-76.38354,39.83579],[-76.38232,39.83421],[-76.38091,39.83324],[-76.36979,39.83],[-76.36786,39.8312],[-76.36839,39.83232],[-76.36654,39.83297],[-76.36638,39.83529],[-76.36792,39.83807],[-76.36824,39.838],[-76.36938,39.84112],[-76.37449,39.84086],[-76.37505,39.84093]]],[[[-76.35307,39.84752],[-76.35376,39.84837],[-76.35593,39.84713],[-76.3615,39.84692],[-76.36151,39.84586],[-76.36101,39.84593],[-76.35947,39.83757],[-76.36246,39.83711],[-76.3618,39.83358],[-76.35998,39.83403],[-76.35869,39.83302],[-76.35802,39.8331],[-76.35693,39.8342],[-76.35559,39.83423],[-76.35508,39.8351],[-76.35533,39.83692],[-76.35442,39.83701],[-76.35332,39.83825],[-76.35205,39.83846],[-76.35316,39.83916],[-76.35348,39.84287],[-76.35212,39.84532],[-76.35307,39.84752]]]]},"properties":{"SGL":181,"NAME":"181","ACRES":554.46623579,"PGC_REGION":4}},{"type":"Feature","geometry":{"type":"Polygon","coordinates":[[[-75.13292,41.45882],[-75.14848,41.47049],[-75.15734,41.46321],[-75.13455,41.44766],[-75.14618,41.44394],[-75.1632,41.448],[-75.16242,41.44969],[-75.15827,41.44871],[-75.15665,41.45256],[-75.17161,41.45392],[-75.17264,41.45112],[-75.17366,41.45087],[-75.17628,41.44446],[-75.17538,41.44418],[-75.17479,41.44549],[-75.16857,41.44404],[-75.17113,41.43733],[-75.16275,41.43532],[-75.17182,41.4225],[-75.16096,41.41849],[-75.15488,41.42718],[-75.13674,41.4202],[-75.1326,41.42567],[-75.13834,41.42779],[-75.13814,41.42814],[-75.13842,41.4284],[-75.14154,41.42956],[-75.14347,41.43093],[-75.13963,41.43613],[-75.13591,41.43471],[-75.12774,41.44642],[-75.12361,41.44704],[-75.12682,41.45771],[-75.13016,41.45764],[-75.13293,41.45704],[-75.13292,41.45882]]]},"properties":{"SGL":183,"NAME":"183","ACRES":2805.28335498,"PGC_REGION":5}},{"type":"Feature","geometry":{"type":"Polygon","coordinates":[[[-78.51889,40.59726],[-78.51871,40.59812],[-78.51912,40.59862],[-78.51998,40.59751],[-78.52163,40.59699],[-78.52215,40.59556],[-78.52146,40.59434],[-78.52547,40.59247],[-78.52628,40.58759],[-78.52709,40.58587],[-78.5419,40.58642],[-78.54199,40.57687],[-78.54307,40.57689],[-78.54406,40.57242],[-78.541,40.57],[-78.54042,40.57011],[-78.53844,40.56917],[-78.54199,40.56534],[-78.5383,40.5652],[-78.534,40.56881],[-78.5325,40.57269],[-78.5304,40.57412],[-78.52988,40.57321],[-78.53002,40.57161],[-78.5293,40.57071],[-78.53112,40.56851],[-78.52863,40.56611],[-78.52162,40.56964],[-78.5169,40.57097],[-78.51542,40.56941],[-78.5074,40.56756],[-78.50774,40.56545],[-78.5052,40.56665],[-78.50517,40.55662],[-78.50195,40.55627],[-78.50242,40.56248],[-78.49508,40.56561],[-78.4947,40.56343],[-78.49156,40.56212],[-78.48984,40.55864],[-78.48781,40.55731],[-78.48585,40.55666],[-78.48216,40.55647],[-78.48052,40.55526],[-78.47273,40.5553],[-78.45232,40.58279],[-78.45949,40.59174],[-78.46729,40.58843],[-78.48114,40.58814],[-78.48123,40.59128],[-78.48658,40.59115],[-78.48647,40.58486],[-78.50852,40.58481],[-78.5085,40.58365],[-78.51699,40.58364],[-78.51693,40.58937],[-78.51817,40.58986],[-78.51941,40.58663],[-78.52182,40.58705],[-78.52173,40.58924],[-78.51906,40.59696],[-78.51889,40.59726]]]},"properties":{"SGL":184,"NAME":"184","ACRES":4606.90910131,"PGC_REGION":2}},{"type":"Feature","geometry":{"type":"Polygon","coordinates":[[[-78.84999,40.69294],[-78.84975,40.69307],[-78.85098,40.69411],[-78.85408,40.69633],[-78.8584,40.69282],[-78.85938,40.69348],[-78.8628,40.69078],[-78.86807,40.69465],[-78.87806,40.68666],[-78.87545,40.6846],[-78.87639,40.68395],[-78.87479,40.6828],[-78.87426,40.68331],[-78.8734,40.68262],[-78.87049,40.68491],[-78.86776,40.68291],[-78.8651,40.68512],[-78.85919,40.68045],[-78.85432,40.6841],[-78.8529,40.68305],[-78.84723,40.68455],[-78.8443,40.686],[-78.84763,40.6883],[-78.8494,40.6875],[-78.85035,40.68832],[-78.84908,40.68935],[-78.84946,40.69028],[-78.85145,40.69083],[-78.85132,40.69219],[-78.84999,40.69294]]]},"properties":{"SGL":185,"NAME":"185","ACRES":626.20834398,"PGC_REGION":2}},{"type":"Feature","geometry":{"type":"Polygon","coordinates":[[[-75.33269,40.99568],[-75.33794,40.99436],[-75.33652,40.99291],[-75.33899,40.99238],[-75.34029,40.99374],[-75.3413,40.99358],[-75.34125,40.993],[-75.34967,40.9905],[-75.34955,40.98691],[-75.35073,40.98684],[-75.35074,40.98489],[-75.34805,40.98508],[-75.34766,40.98457],[-75.34861,40.98396],[-75.34487,40.97958],[-75.34459,40.97972],[-75.34054,40.97406],[-75.34119,40.97369],[-75.33912,40.97066],[-75.33494,40.97038],[-75.32654,40.97393],[-75.32646,40.97523],[-75.32428,40.97517],[-75.32498,40.97642],[-75.33143,40.97433],[-75.33423,40.97885],[-75.33097,40.97956],[-75.33164,40.98189],[-75.32913,40.98262],[-75.32313,40.97644],[-75.3192,40.97853],[-75.32631,40.98607],[-75.32331,40.98601],[-75.32951,40.99276],[-75.33081,40.99227],[-75.33269,40.99568]]]},"properties":{"SGL":186,"NAME":"186","ACRES":964.9494902,"PGC_REGION":5}},{"type":"Feature","geometry":{"type":"MultiPolygon","coordinates":[[[[-75.97537,41.07396],[-75.97475,41.0727],[-75.97003,41.07425],[-75.97088,41.07603],[-75.97204,41.07538],[-75.97537,41.07396]]],[[[-75.93658,41.08567],[-75.94855,41.08171],[-75.94686,41.07889],[-75.95414,41.07653],[-75.95286,41.07417],[-75.95714,41.07273],[-75.95742,41.07352],[-75.95873,41.07315],[-75.95882,41.07485],[-75.96105,41.07414],[-75.95459,41.06359],[-75.93616,41.07014],[-75.92627,41.07027],[-75.93658,41.08567]]],[[[-75.85381,41.09117],[-75.85518,41.11913],[-75.87129,41.11173],[-75.87119,41.1114],[-75.87582,41.10972],[-75.87674,41.09626],[-75.87367,41.09288],[-75.88396,41.08565],[-75.88761,41.09021],[-75.89126,41.08869],[-75.89919,41.09882],[-75.88044,41.10745],[-75.90655,41.11235],[-75.92068,41.10553],[-75.92428,41.10228],[-75.92628,41.10244],[-75.92696,41.10176],[-75.925,41.10173],[-75.92087,41.09833],[-75.93089,41.09135],[-75.9268,41.08918],[-75.91694,41.07745],[-75.90068,41.0847],[-75.8965,41.07932],[-75.90261,41.07625],[-75.89407,41.06582],[-75.88738,41.06869],[-75.87876,41.05777],[-75.87793,41.04117],[-75.8823,41.04123],[-75.88225,41.03387],[-75.87487,41.03705],[-75.87156,41.03693],[-75.8691,41.03763],[-75.86846,41.03817],[-75.86805,41.03976],[-75.86709,41.04043],[-75.86599,41.04057],[-75.86143,41.03981],[-75.85876,41.04101],[-75.85337,41.04129],[-75.85143,41.0421],[-75.85291,41.07264],[-75.85381,41.09117]],[[-75.86586,41.08866],[-75.86651,41.09036],[-75.86521,41.09028],[-75.86337,41.08933],[-75.86018,41.08169],[-75.86275,41.08056],[-75.86586,41.08866]],[[-75.89055,41.08242],[-75.89362,41.08109],[-75.89749,41.08587],[-75.89432,41.08729],[-75.89055,41.08242]]]]},"properties":{"SGL":187,"NAME":"187","ACRES":8156.3479427,"PGC_REGION":5}},{"type":"Feature","geometry":{"type":"MultiPolygon","coordinates":[[[[-77.17427,40.77448],[-77.17487,40.77635],[-77.17625,40.77597],[-77.17849,40.77392],[-77.18013,40.77382],[-77.18243,40.77449],[-77.18352,40.77411],[-77.18344,40.77344],[-77.17805,40.76973],[-77.17738,40.76818],[-77.1731,40.77085],[-77.17382,40.77309],[-77.17427,40.77448]]],[[[-77.17994,40.79661],[-77.17959,40.79692],[-77.18342,40.79884],[-77.18192,40.79948],[-77.18323,40.80016],[-77.19485,40.79561],[-77.19353,40.79468],[-77.19091,40.79581],[-77.18891,40.7929],[-77.19276,40.79138],[-77.18934,40.788],[-77.20214,40.7847],[-77.20127,40.78396],[-77.20055,40.78414],[-77.19941,40.78345],[-77.19889,40.78291],[-77.19945,40.78228],[-77.19893,40.7815],[-77.19756,40.78117],[-77.19738,40.77671],[-77.19328,40.77694],[-77.18996,40.77927],[-77.19144,40.78034],[-77.19195,40.78286],[-77.1913,40.7831],[-77.19108,40.78171],[-77.18662,40.77651],[-77.18338,40.77727],[-77.18204,40.77606],[-77.1813,40.77454],[-77.17998,40.77395],[-77.17848,40.77415],[-77.17695,40.77591],[-77.17522,40.77656],[-77.17058,40.77651],[-77.17066,40.7774],[-77.16841,40.77705],[-77.16867,40.77646],[-77.16742,40.77492],[-77.16388,40.77433],[-77.1648,40.78358],[-77.16164,40.78382],[-77.16253,40.78779],[-77.16016,40.78887],[-77.16025,40.79143],[-77.15642,40.79293],[-77.15507,40.79103],[-77.1512,40.79247],[-77.15015,40.78989],[-77.14544,40.78988],[-77.1443,40.78787],[-77.14321,40.78794],[-77.1372,40.79233],[-77.13666,40.79206],[-77.13442,40.79265],[-77.13488,40.79407],[-77.13697,40.79492],[-77.13876,40.79704],[-77.14807,40.79387],[-77.1524,40.79967],[-77.15801,40.79722],[-77.15867,40.79896],[-77.16504,40.79857],[-77.16491,40.79569],[-77.16865,40.79205],[-77.16911,40.78965],[-77.17037,40.78862],[-77.1705,40.78726],[-77.16812,40.78479],[-77.16692,40.78468],[-77.16706,40.78362],[-77.17573,40.78302],[-77.17141,40.78548],[-77.17282,40.78742],[-77.17186,40.7876],[-77.17379,40.78858],[-77.17446,40.78952],[-77.17469,40.78913],[-77.17704,40.79034],[-77.17928,40.78962],[-77.17789,40.78824],[-77.1799,40.78729],[-77.18107,40.78809],[-77.18327,40.78816],[-77.1862,40.78983],[-77.18486,40.79234],[-77.18189,40.79492],[-77.17994,40.79661]],[[-77.1848,40.79606],[-77.18415,40.795],[-77.18637,40.79395],[-77.18665,40.79439],[-77.18613,40.79462],[-77.18646,40.79521],[-77.18598,40.79546],[-77.1848,40.79606]],[[-77.16607,40.7912],[-77.16307,40.78767],[-77.16541,40.7868],[-77.16661,40.78784],[-77.16665,40.79128],[-77.16615,40.79129],[-77.16607,40.7912]],[[-77.15722,40.79271],[-77.15786,40.79358],[-77.15727,40.79383],[-77.15663,40.79295],[-77.15722,40.79271]]]]},"properties":{"SGL":188,"NAME":"188","ACRES":1648.04239824,"PGC_REGION":4}},{"type":"Feature","geometry":{"type":"MultiPolygon","coordinates":[[[[-80.48536,40.51049],[-80.48613,40.51083],[-80.48826,40.50952],[-80.48755,40.50851],[-80.48536,40.51049]]],[[[-80.36106,40.53434],[-80.36276,40.5364],[-80.36284,40.53721],[-80.36628,40.53847],[-80.36669,40.5363],[-80.36486,40.53527],[-80.36644,40.5337],[-80.37027,40.5348],[-80.36826,40.53127],[-80.36928,40.53119],[-80.36904,40.53063],[-80.367,40.52903],[-80.36653,40.52923],[-80.36502,40.52819],[-80.37185,40.52204],[-80.37152,40.52094],[-80.37015,40.52012],[-80.36942,40.51908],[-80.36681,40.51793],[-80.36166,40.5222],[-80.36375,40.52441],[-80.36197,40.52463],[-80.35982,40.52239],[-80.35565,40.52276],[-80.3555,40.52965],[-80.35934,40.5331],[-80.36106,40.53434]]]]},"properties":{"SGL":189,"NAME":"189","ACRES":411.3658913,"PGC_REGION":2}},{"type":"Feature","geometry":{"type":"Polygon","coordinates":[[[-79.80085,42.09623],[-79.81206,42.0963],[-79.81205,42.09136],[-79.80656,42.0913],[-79.8065,42.08638],[-79.80154,42.08633],[-79.80162,42.07911],[-79.81179,42.07911],[-79.81171,42.06697],[-79.80697,42.06697],[-79.80704,42.05976],[-79.80184,42.05981],[-79.80176,42.06455],[-79.7916,42.06462],[-79.79178,42.07182],[-79.79669,42.07182],[-79.79671,42.07662],[-79.79547,42.07661],[-79.79547,42.0815],[-79.79142,42.08151],[-79.79141,42.09111],[-79.78644,42.0911],[-79.78653,42.09625],[-79.8007,42.09622],[-79.80085,42.09623]]]},"properties":{"SGL":191,"NAME":"191","ACRES":1223.39644973,"PGC_REGION":1}},{"type":"Feature","geometry":{"type":"Polygon","coordinates":[[[-80.03452,41.92487],[-80.04031,41.92488],[-80.04048,41.9217],[-80.04401,41.92185],[-80.0439,41.92023],[-80.04457,41.9202],[-80.04455,41.91476],[-80.05261,41.91482],[-80.0522,41.91287],[-80.05063,41.91009],[-80.05049,41.90908],[-80.04924,41.90903],[-80.04923,41.90479],[-80.04994,41.90408],[-80.04902,41.90447],[-80.04832,41.90546],[-80.04719,41.90584],[-80.04611,41.90566],[-80.04571,41.9048],[-80.04443,41.9052],[-80.04437,41.91476],[-80.03457,41.91471],[-80.03459,41.9188],[-80.03452,41.92487]]]},"properties":{"SGL":192,"NAME":"192","ACRES":334.66949787,"PGC_REGION":1}},{"type":"Feature","geometry":{"type":"Polygon","coordinates":[[[-76.87795,40.91268],[-76.87688,40.91302],[-76.87801,40.91519],[-76.8824,40.91401],[-76.88327,40.913],[-76.882,40.9106],[-76.8953,40.90645],[-76.89586,40.9067],[-76.89619,40.90766],[-76.90792,40.90454],[-76.90699,40.90251],[-76.89028,40.90578],[-76.88804,40.90331],[-76.88537,40.90349],[-76.87595,40.9063],[-76.87672,40.90802],[-76.87521,40.90945],[-76.87639,40.91218],[-76.87758,40.91183],[-76.87795,40.91268]]]},"properties":{"SGL":193,"NAME":"193","ACRES":325.3269923,"PGC_REGION":3}},{"type":"Feature","geometry":{"type":"Polygon","coordinates":[[[-76.9883,40.67467],[-76.99023,40.67425],[-76.98914,40.67082],[-76.99025,40.67063],[-76.99,40.668],[-76.989,40.66475],[-76.98949,40.66432],[-76.99656,40.66443],[-76.99628,40.66334],[-76.99789,40.66256],[-76.99964,40.66228],[-76.99922,40.66136],[-77.00572,40.65968],[-77.00578,40.65871],[-77.00722,40.6573],[-77.00718,40.656],[-77.00583,40.65484],[-77.0029,40.65607],[-77.00266,40.65687],[-77.00195,40.65725],[-76.99747,40.6575],[-76.99804,40.65882],[-76.98884,40.66042],[-76.98834,40.65756],[-76.9911,40.65695],[-76.99124,40.65638],[-76.99059,40.65454],[-76.98978,40.6533],[-76.99082,40.65339],[-76.99112,40.65173],[-76.97325,40.6523],[-76.96969,40.65277],[-76.97265,40.65786],[-76.97492,40.65726],[-76.97587,40.66253],[-76.98563,40.6615],[-76.9859,40.66225],[-76.98686,40.66193],[-76.9872,40.6633],[-76.98433,40.66556],[-76.98422,40.66632],[-76.98289,40.66646],[-76.98213,40.66717],[-76.98279,40.66751],[-76.98293,40.66842],[-76.9826,40.66867],[-76.98424,40.67384],[-76.98757,40.67317],[-76.9883,40.67467]],[[-76.98728,40.66803],[-76.98694,40.66785],[-76.98728,40.66803]]]},"properties":{"SGL":194,"NAME":"194","ACRES":717.40089804,"PGC_REGION":4}},{"type":"Feature","geometry":{"type":"MultiPolygon","coordinates":[[[[-78.80434,40.9795],[-78.82438,40.97963],[-78.8253,40.95465],[-78.82741,40.9547],[-78.82735,40.95602],[-78.83584,40.9561],[-78.83578,40.96156],[-78.8539,40.96176],[-78.85381,40.95466],[-78.8533,40.95466],[-78.85345,40.94722],[-78.85092,40.94716],[-78.85116,40.94501],[-78.85178,40.9449],[-78.85191,40.93935],[-78.85484,40.93939],[-78.85488,40.93563],[-78.83623,40.93555],[-78.83618,40.93921],[-78.82568,40.93922],[-78.8259,40.93199],[-78.82243,40.9319],[-78.82086,40.93213],[-78.81897,40.93362],[-78.81747,40.93414],[-78.81498,40.9339],[-78.81497,40.93431],[-78.81633,40.93415],[-78.81635,40.93653],[-78.81789,40.93654],[-78.81802,40.93912],[-78.80445,40.93909],[-78.80434,40.9795]],[[-78.82938,40.94561],[-78.82935,40.94688],[-78.83599,40.94695],[-78.83592,40.95135],[-78.82545,40.95134],[-78.82546,40.94692],[-78.81483,40.94677],[-78.81498,40.94278],[-78.82556,40.94292],[-78.82543,40.94683],[-78.82765,40.94688],[-78.82769,40.9456],[-78.82938,40.94561]]],[[[-78.81237,40.98897],[-78.82014,40.98875],[-78.81999,40.98529],[-78.82994,40.98529],[-78.8299,40.98277],[-78.81214,40.98294],[-78.81237,40.98897]]]]},"properties":{"SGL":195,"NAME":"195","ACRES":3459.2656827,"PGC_REGION":1}},{"type":"Feature","geometry":{"type":"MultiPolygon","coordinates":[[[[-79.58037,41.97141],[-79.58035,41.97259],[-79.58555,41.97532],[-79.58564,41.97893],[-79.59686,41.97827],[-79.59612,41.97214],[-79.59231,41.97233],[-79.59177,41.96771],[-79.58669,41.96636],[-79.58684,41.96898],[-79.58558,41.96956],[-79.58497,41.96884],[-79.58378,41.96882],[-79.58318,41.9692],[-79.5831,41.96617],[-79.5792,41.96621],[-79.57967,41.96717],[-79.57906,41.96726],[-79.57926,41.9691],[-79.57817,41.96928],[-79.57871,41.97015],[-79.5786,41.97131],[-79.58037,41.97141]]],[[[-79.54442,41.98667],[-79.54489,41.99333],[-79.54852,41.9933],[-79.54856,41.99843],[-79.57454,41.99858],[-79.57412,41.99239],[-79.57509,41.99241],[-79.57521,41.98584],[-79.57864,41.98568],[-79.57829,41.98343],[-79.57408,41.98386],[-79.57427,41.98208],[-79.55846,41.98284],[-79.5583,41.98118],[-79.53665,41.98009],[-79.53734,41.98654],[-79.54442,41.98667]]]]},"properties":{"SGL":197,"NAME":"197","ACRES":1553.87234523,"PGC_REGION":1}},{"type":"Feature","geometry":{"type":"MultiPolygon","coordinates":[[[[-78.58509,40.41259],[-78.58452,40.41263],[-78.58754,40.41508],[-78.58803,40.41294],[-78.58484,40.41114],[-78.58509,40.41259]]],[[[-78.49677,40.42172],[-78.49677,40.42405],[-78.49716,40.42499],[-78.49701,40.42175],[-78.49625,40.42079],[-78.49506,40.42021],[-78.4951,40.41987],[-78.49147,40.41969],[-78.48911,40.41771],[-78.48738,40.41724],[-78.48726,40.41771],[-78.48883,40.41836],[-78.49023,40.41988],[-78.49377,40.42081],[-78.49499,40.42037],[-78.49674,40.42165],[-78.49677,40.42172]]],[[[-78.58661,40.41907],[-78.58737,40.41522],[-78.58561,40.41379],[-78.58192,40.41297],[-78.58159,40.4104],[-78.58052,40.41047],[-78.58039,40.40938],[-78.58146,40.40931],[-78.58081,40.40455],[-78.57559,40.40339],[-78.57184,40.40968],[-78.56397,40.40769],[-78.56821,40.42386],[-78.55279,40.42291],[-78.55132,40.41834],[-78.5522,40.41506],[-78.55754,40.41197],[-78.55952,40.40702],[-78.56555,40.40505],[-78.56511,40.40152],[-78.56563,40.40118],[-78.56558,40.40077],[-78.57789,40.3919],[-78.57794,40.38126],[-78.56364,40.38122],[-78.56362,40.38606],[-78.55676,40.38517],[-78.55683,40.39603],[-78.55001,40.39523],[-78.5472,40.39916],[-78.54472,40.39897],[-78.54511,40.39846],[-78.54046,40.39787],[-78.54237,40.39534],[-78.54566,40.39421],[-78.54179,40.38952],[-78.53908,40.39107],[-78.53793,40.39073],[-78.52875,40.40092],[-78.51617,40.41296],[-78.51072,40.40875],[-78.50837,40.40761],[-78.50224,40.4162],[-78.50406,40.41772],[-78.49991,40.42295],[-78.50329,40.42501],[-78.50289,40.4273],[-78.50805,40.42928],[-78.50854,40.4288],[-78.51062,40.4297],[-78.51615,40.43071],[-78.52962,40.412],[-78.54308,40.41766],[-78.53267,40.43213],[-78.55676,40.4324],[-78.55971,40.4352],[-78.56654,40.43537],[-78.56615,40.43498],[-78.56958,40.42987],[-78.57071,40.42992],[-78.57358,40.42606],[-78.57469,40.42568],[-78.57642,40.42612],[-78.57926,40.41738],[-78.57701,40.42265],[-78.56922,40.41824],[-78.57134,40.41308],[-78.57926,40.41738],[-78.58661,40.41907]],[[-78.56483,40.40005],[-78.56454,40.39736],[-78.5717,40.39192],[-78.57535,40.39188],[-78.56483,40.40005]]],[[[-78.49619,40.47405],[-78.49379,40.47376],[-78.49352,40.47414],[-78.49363,40.4737],[-78.49126,40.47287],[-78.49076,40.47329],[-78.49111,40.4728],[-78.49013,40.47216],[-78.4894,40.47189],[-78.48898,40.47247],[-78.48924,40.47183],[-78.48485,40.47006],[-78.48367,40.46923],[-78.48284,40.47065],[-78.48595,40.47132],[-78.49574,40.47508],[-78.49619,40.47405]]],[[[-78.51332,40.47645],[-78.51381,40.47685],[-78.51483,40.47651],[-78.5123,40.47462],[-78.50916,40.47371],[-78.508,40.47381],[-78.50812,40.4744],[-78.50783,40.47389],[-78.5073,40.47445],[-78.5004,40.4759],[-78.50038,40.4756],[-78.49817,40.47527],[-78.49788,40.47554],[-78.4977,40.47459],[-78.49655,40.47418],[-78.49608,40.47553],[-78.49989,40.47628],[-78.50616,40.47476],[-78.50926,40.4748],[-78.51084,40.47513],[-78.51306,40.47628],[-78.51332,40.47645]]],[[[-78.53037,40.47597],[-78.52868,40.47743],[-78.53053,40.47664],[-78.53117,40.47568],[-78.53077,40.47559],[-78.53037,40.47597]]],[[[-78.52515,40.47755],[-78.52722,40.47671],[-78.52914,40.47532],[-78.52353,40.47703],[-78.52065,40.47695],[-78.52452,40.46955],[-78.51918,40.46803],[-78.51873,40.46459],[-78.5213,40.4631],[-78.52544,40.46295],[-78.52549,40.46164],[-78.53609,40.46081],[-78.53664,40.45977],[-78.52275,40.46058],[-78.5182,40.45904],[-78.5183,40.45451],[-78.51228,40.45276],[-78.51903,40.43947],[-78.51796,40.43564],[-78.52044,40.43568],[-78.51982,40.43452],[-78.51847,40.43348],[-78.51523,40.43291],[-78.51348,40.43267],[-78.51331,40.43324],[-78.51069,40.43323],[-78.51176,40.43355],[-78.51144,40.43356],[-78.50208,40.432],[-78.49802,40.43323],[-78.4949,40.43288],[-78.49283,40.43365],[-78.49173,40.43517],[-78.49185,40.43637],[-78.49258,40.43733],[-78.49204,40.4377],[-78.49314,40.43864],[-78.49368,40.43827],[-78.49422,40.43891],[-78.49462,40.4422],[-78.49126,40.44675],[-78.49123,40.45028],[-78.48778,40.45227],[-78.48627,40.45513],[-78.48623,40.45702],[-78.4879,40.45895],[-78.48831,40.4604],[-78.48789,40.46116],[-78.4841,40.46413],[-78.48374,40.46544],[-78.48426,40.46683],[-78.48703,40.46895],[-78.48971,40.46995],[-78.48951,40.47043],[-78.49171,40.47138],[-78.49374,40.4717],[-78.49796,40.47366],[-78.50125,40.47415],[-78.50674,40.47325],[-78.50735,40.4726],[-78.50942,40.47245],[-78.51266,40.47375],[-78.51399,40.47366],[-78.51836,40.4774],[-78.52053,40.47815],[-78.52126,40.47788],[-78.52344,40.47813],[-78.52515,40.47755]],[[-78.50579,40.46068],[-78.50242,40.45969],[-78.50412,40.45576],[-78.50712,40.45653],[-78.50819,40.45466],[-78.51204,40.45578],[-78.51001,40.45985],[-78.50669,40.45888],[-78.50579,40.46068]],[[-78.49828,40.44336],[-78.49474,40.44754],[-78.50296,40.45115],[-78.49446,40.45371],[-78.49135,40.45113],[-78.4923,40.44971],[-78.49178,40.44788],[-78.49194,40.44683],[-78.49492,40.44311],[-78.49535,40.442],[-78.49487,40.43891],[-78.49233,40.43597],[-78.49245,40.43482],[-78.49327,40.43394],[-78.49474,40.43346],[-78.49729,40.43364],[-78.49828,40.43515],[-78.49869,40.43505],[-78.49729,40.44165],[-78.49824,40.44164],[-78.49828,40.44336]]],[[[-78.48382,40.47484],[-78.48166,40.4751],[-78.49443,40.47871],[-78.4946,40.47829],[-78.49355,40.47785],[-78.49209,40.47628],[-78.49102,40.47571],[-78.48811,40.47503],[-78.48478,40.47483],[-78.48382,40.47484]]],[[[-78.53998,40.47931],[-78.54086,40.47886],[-78.54039,40.47812],[-78.54092,40.47767],[-78.54022,40.47783],[-78.54002,40.47735],[-78.5392,40.47755],[-78.53877,40.47655],[-78.53669,40.47702],[-78.53655,40.47535],[-78.53778,40.4753],[-78.53792,40.47449],[-78.53893,40.47459],[-78.53795,40.47287],[-78.53581,40.4728],[-78.53471,40.47327],[-78.53353,40.47386],[-78.53182,40.47551],[-78.53516,40.47766],[-78.53883,40.47779],[-78.53914,40.47928],[-78.53994,40.47943],[-78.53998,40.47931]]],[[[-78.52384,40.47978],[-78.53056,40.47805],[-78.53422,40.47837],[-78.53139,40.47587],[-78.53109,40.47708],[-78.53032,40.47746],[-78.52294,40.47968],[-78.5185,40.47966],[-78.51506,40.47809],[-78.51293,40.47639],[-78.50989,40.47496],[-78.50621,40.47486],[-78.49954,40.4764],[-78.50126,40.47657],[-78.50831,40.47492],[-78.50769,40.4761],[-78.50922,40.47631],[-78.51203,40.47773],[-78.51533,40.48029],[-78.52067,40.48082],[-78.52352,40.47988],[-78.52384,40.47978]]],[[[-78.54232,40.49076],[-78.54345,40.49074],[-78.54229,40.49065],[-78.53979,40.49177],[-78.53716,40.49184],[-78.53757,40.49052],[-78.53951,40.49087],[-78.54181,40.49006],[-78.54203,40.48935],[-78.54291,40.48951],[-78.54306,40.48903],[-78.54219,40.48885],[-78.54243,40.48818],[-78.54414,40.48862],[-78.54435,40.48817],[-78.54354,40.48824],[-78.54345,40.48755],[-78.54117,40.48774],[-78.54112,40.48562],[-78.5415,40.48463],[-78.53793,40.48496],[-78.53778,40.48376],[-78.53945,40.48161],[-78.54107,40.48131],[-78.54067,40.48039],[-78.54219,40.48053],[-78.54203,40.48021],[-78.53496,40.47897],[-78.52861,40.47914],[-78.52173,40.48086],[-78.52189,40.48116],[-78.5209,40.48144],[-78.52074,40.48113],[-78.51678,40.48204],[-78.51523,40.48137],[-78.5139,40.47937],[-78.51235,40.47814],[-78.50912,40.47647],[-78.50768,40.47628],[-78.49852,40.49375],[-78.51438,40.49915],[-78.52113,40.48827],[-78.54075,40.49348],[-78.54146,40.49118],[-78.54205,40.49083],[-78.54232,40.49076]],[[-78.52312,40.48161],[-78.52244,40.48177],[-78.52214,40.48103],[-78.52283,40.48087],[-78.52312,40.48161]]]]},"properties":{"SGL":198,"NAME":"198","ACRES":8687.59345552,"PGC_REGION":4}},{"type":"Feature","geometry":{"type":"MultiPolygon","coordinates":[[[[-79.81063,41.75787],[-79.8107,41.76193],[-79.81647,41.76188],[-79.81663,41.75781],[-79.81063,41.75787]]],[[[-79.81063,41.75787],[-79.81063,41.75518],[-79.81007,41.75518],[-79.81016,41.75472],[-79.81062,41.75472],[-79.81063,41.75307],[-79.82039,41.75568],[-79.82047,41.75772],[-79.82247,41.7576],[-79.82251,41.76177],[-79.81925,41.7619],[-79.81929,41.76602],[-79.81601,41.766],[-79.81615,41.77212],[-79.82682,41.76835],[-79.82816,41.76824],[-79.82828,41.77343],[-79.82911,41.77344],[-79.82908,41.77412],[-79.82827,41.77414],[-79.82831,41.7752],[-79.83086,41.77519],[-79.83091,41.76872],[-79.83466,41.76757],[-79.83471,41.76526],[-79.83242,41.76599],[-79.83107,41.766],[-79.8311,41.75966],[-79.83999,41.7597],[-79.83999,41.75888],[-79.84129,41.75957],[-79.84129,41.75754],[-79.84539,41.75749],[-79.84537,41.75323],[-79.83996,41.75288],[-79.82814,41.75296],[-79.82815,41.749],[-79.82654,41.74511],[-79.82047,41.7453],[-79.82048,41.74737],[-79.81335,41.74763],[-79.8126,41.74921],[-79.80508,41.74922],[-79.80492,41.75797],[-79.81063,41.75787]]]]},"properties":{"SGL":199,"NAME":"199","ACRES":1129.34623545,"PGC_REGION":1}},{"type":"Feature","geometry":{"type":"Polygon","coordinates":[[[-77.04854,40.88707],[-77.05712,40.88518],[-77.05602,40.88234],[-77.05869,40.88211],[-77.05833,40.88166],[-77.06305,40.88087],[-77.0621,40.87752],[-77.06575,40.8767],[-77.0659,40.87563],[-77.06143,40.87553],[-77.06131,40.87386],[-77.05834,40.87381],[-77.05838,40.87317],[-77.0568,40.87296],[-77.05674,40.872],[-77.0535,40.8724],[-77.054,40.8739],[-77.05395,40.87552],[-77.05706,40.8752],[-77.05722,40.87863],[-77.05489,40.87916],[-77.0546,40.87861],[-77.04984,40.88049],[-77.04841,40.88058],[-77.04882,40.88133],[-77.04721,40.88144],[-77.0476,40.8824],[-77.04661,40.88287],[-77.04854,40.88707]]]},"properties":{"SGL":201,"NAME":"201","ACRES":270.88822995,"PGC_REGION":3}},{"type":"Feature","geometry":{"type":"Polygon","coordinates":[[[-79.854,41.84772],[-79.85395,41.84496],[-79.85194,41.84496],[-79.85196,41.84273],[-79.84467,41.84262],[-79.84473,41.83998],[-79.8365,41.83996],[-79.83649,41.83516],[-79.8294,41.83512],[-79.8293,41.84529],[-79.8354,41.84576],[-79.83542,41.8507],[-79.84294,41.85072],[-79.8429,41.84778],[-79.854,41.84772]]]},"properties":{"SGL":202,"NAME":"202","ACRES":469.42677692,"PGC_REGION":1}},{"type":"Feature","geometry":{"type":"MultiPolygon","coordinates":[[[[-79.80662,40.55764],[-79.80664,40.56005],[-79.80754,40.55999],[-79.80752,40.56193],[-79.8111,40.56207],[-79.81114,40.55697],[-79.8073,40.55775],[-79.80662,40.55764]]],[[[-80.11618,40.61205],[-80.10647,40.61243],[-80.10819,40.64022],[-80.12457,40.63961],[-80.12602,40.63695],[-80.12718,40.63574],[-80.12584,40.61168],[-80.11618,40.61205]]]]},"properties":{"SGL":203,"NAME":"203","ACRES":1278.26285797,"PGC_REGION":2}},{"type":"Feature","geometry":{"type":"Polygon","coordinates":[[[-78.08485,41.90202],[-78.09041,41.90204],[-78.09038,41.90729],[-78.09467,41.90928],[-78.09671,41.90835],[-78.09717,41.89353],[-78.08801,41.89365],[-78.08791,41.88924],[-78.09702,41.88908],[-78.09696,41.87736],[-78.09409,41.87732],[-78.09389,41.87302],[-78.09665,41.873],[-78.09685,41.85623],[-78.09424,41.85631],[-78.09039,41.85572],[-78.08516,41.85665],[-78.08306,41.85656],[-78.08308,41.85771],[-78.08253,41.85766],[-78.08072,41.85661],[-78.07584,41.85568],[-78.07574,41.85306],[-78.06502,41.85324],[-78.06464,41.85374],[-78.06062,41.85373],[-78.06062,41.85658],[-78.0493,41.8567],[-78.04931,41.85544],[-78.03921,41.85549],[-78.03911,41.85704],[-78.04091,41.85991],[-78.04899,41.86007],[-78.05424,41.86476],[-78.05376,41.86582],[-78.05354,41.87002],[-78.05448,41.8717],[-78.0501,41.87292],[-78.0536,41.87786],[-78.05511,41.88075],[-78.05772,41.8841],[-78.05891,41.88726],[-78.05949,41.88665],[-78.06144,41.88866],[-78.06005,41.88898],[-78.06012,41.88928],[-78.06663,41.88769],[-78.06785,41.88993],[-78.06781,41.89151],[-78.06568,41.89153],[-78.06563,41.89596],[-78.07767,41.89588],[-78.07765,41.89446],[-78.08285,41.89441],[-78.08315,41.90237],[-78.08366,41.90246],[-78.08368,41.90201],[-78.08485,41.90202]]]},"properties":{"SGL":204,"NAME":"204","ACRES":4030.269324,"PGC_REGION":3}},{"type":"Feature","geometry":{"type":"MultiPolygon","coordinates":[[[[-76.20781,41.2819],[-76.21299,41.28405],[-76.21502,41.27821],[-76.21488,41.2761],[-76.2125,41.27438],[-76.20811,41.27587],[-76.20711,41.27549],[-76.20648,41.27643],[-76.19379,41.27227],[-76.18948,41.27907],[-76.1918,41.27871],[-76.19248,41.27766],[-76.20305,41.28158],[-76.20381,41.28045],[-76.20781,41.2819]]],[[[-76.17641,41.3095],[-76.17905,41.30949],[-76.18059,41.30567],[-76.18879,41.30787],[-76.19037,41.30466],[-76.19707,41.30409],[-76.20352,41.30575],[-76.20351,41.30031],[-76.20835,41.3014],[-76.20821,41.30107],[-76.19711,41.29722],[-76.19767,41.29646],[-76.19473,41.29531],[-76.1982,41.28832],[-76.19892,41.2882],[-76.20171,41.28364],[-76.19518,41.28436],[-76.19435,41.28678],[-76.19258,41.286],[-76.19363,41.28413],[-76.18519,41.28067],[-76.18177,41.28766],[-76.17864,41.28676],[-76.17257,41.29926],[-76.17882,41.30091],[-76.17516,41.30909],[-76.17586,41.30936],[-76.17641,41.3095]]]]},"properties":{"SGL":206,"NAME":"206","ACRES":1512.4822338,"PGC_REGION":5}},{"type":"Feature","geometry":{"type":"MultiPolygon","coordinates":[[[[-77.52329,41.73255],[-77.50832,41.73285],[-77.50864,41.74187],[-77.53355,41.74143],[-77.53334,41.73231],[-77.53945,41.73213],[-77.53866,41.72782],[-77.5379,41.7278],[-77.53774,41.72564],[-77.53672,41.72569],[-77.53568,41.72411],[-77.53507,41.7241],[-77.53368,41.72247],[-77.53331,41.71952],[-77.52282,41.71894],[-77.52295,41.72253],[-77.52329,41.73255]]],[[[-77.58476,41.8173],[-77.58476,41.81763],[-77.59776,41.81722],[-77.59785,41.80836],[-77.60604,41.80826],[-77.60597,41.80243],[-77.60406,41.78265],[-77.60412,41.75594],[-77.59841,41.75617],[-77.59861,41.7572],[-77.59645,41.75978],[-77.58775,41.76137],[-77.58741,41.75189],[-77.57966,41.75212],[-77.5797,41.75364],[-77.5719,41.75375],[-77.57179,41.75129],[-77.56959,41.75208],[-77.56297,41.75278],[-77.56304,41.75355],[-77.56261,41.75358],[-77.56251,41.75279],[-77.56151,41.75282],[-77.56121,41.74292],[-77.57145,41.74202],[-77.57144,41.73924],[-77.5776,41.73911],[-77.5774,41.73155],[-77.56971,41.73159],[-77.56936,41.71735],[-77.55434,41.71772],[-77.55472,41.73191],[-77.54002,41.73215],[-77.53966,41.73289],[-77.53925,41.73502],[-77.5395,41.73665],[-77.53901,41.73726],[-77.53885,41.73982],[-77.53766,41.74142],[-77.54444,41.74139],[-77.54465,41.74624],[-77.54299,41.74529],[-77.54267,41.74619],[-77.54513,41.74716],[-77.54462,41.74745],[-77.54461,41.74996],[-77.53957,41.75011],[-77.5396,41.75382],[-77.53873,41.75388],[-77.53882,41.76137],[-77.54332,41.76139],[-77.54348,41.76483],[-77.55572,41.76481],[-77.55593,41.77461],[-77.55132,41.77482],[-77.55152,41.78703],[-77.55625,41.78699],[-77.55637,41.79175],[-77.57132,41.79167],[-77.57302,41.79662],[-77.57176,41.80011],[-77.57182,41.80167],[-77.57458,41.80517],[-77.57498,41.80649],[-77.58474,41.80611],[-77.58482,41.80879],[-77.57565,41.80901],[-77.57623,41.81118],[-77.58001,41.81112],[-77.58027,41.81638],[-77.58472,41.81625],[-77.58476,41.8173]],[[-77.56086,41.76656],[-77.55851,41.76669],[-77.55842,41.76575],[-77.56074,41.76554],[-77.56086,41.76656]],[[-77.55956,41.75982],[-77.55978,41.76034],[-77.55876,41.76055],[-77.55838,41.75947],[-77.55935,41.75929],[-77.55956,41.75982]],[[-77.55928,41.7554],[-77.56061,41.75562],[-77.56085,41.75853],[-77.55792,41.75706],[-77.5578,41.75769],[-77.5573,41.75769],[-77.55637,41.75511],[-77.55623,41.75408],[-77.5568,41.75392],[-77.55565,41.75368],[-77.55603,41.753],[-77.55561,41.75281],[-77.55532,41.75345],[-77.55456,41.7534],[-77.5542,41.75274],[-77.55496,41.75152],[-77.55277,41.75097],[-77.55154,41.75021],[-77.55167,41.74991],[-77.55434,41.75064],[-77.55465,41.74989],[-77.55871,41.75194],[-77.56101,41.75162],[-77.56078,41.75233],[-77.55869,41.75327],[-77.55967,41.75381],[-77.5597,41.75458],[-77.55926,41.75474],[-77.55928,41.7554]]]]},"properties":{"SGL":208,"NAME":"208","ACRES":8833.88608714,"PGC_REGION":3}},{"type":"Feature","geometry":{"type":"Polygon","coordinates":[[[-74.804,41.43383],[-74.8082,41.43995],[-74.80969,41.44079],[-74.81207,41.44092],[-74.81674,41.4394],[-74.81849,41.43844],[-74.82091,41.43612],[-74.82437,41.42887],[-74.82432,41.42966],[-74.82521,41.42992],[-74.83319,41.42937],[-74.83623,41.42993],[-74.83949,41.4315],[-74.8418,41.43371],[-74.84596,41.436],[-74.84901,41.43873],[-74.84992,41.43407],[-74.86832,41.43542],[-74.86699,41.43098],[-74.86574,41.43122],[-74.86897,41.42018],[-74.86498,41.41958],[-74.87052,41.40137],[-74.84816,41.38576],[-74.83023,41.40018],[-74.83375,41.40262],[-74.83292,41.40323],[-74.82922,41.40078],[-74.82139,41.40711],[-74.82283,41.41758],[-74.8172,41.41873],[-74.8207,41.42435],[-74.82249,41.4239],[-74.81775,41.43111],[-74.80309,41.43222],[-74.80119,41.42992],[-74.804,41.43383]]]},"properties":{"SGL":209,"NAME":"209","ACRES":4382.77663076,"PGC_REGION":5}},{"type":"Feature","geometry":{"type":"Polygon","coordinates":[[[-76.8786,40.75996],[-76.8839,40.76121],[-76.88803,40.76038],[-76.88542,40.75821],[-76.88903,40.75741],[-76.8808,40.75004],[-76.87952,40.74849],[-76.88175,40.74731],[-76.88088,40.74539],[-76.87624,40.74784],[-76.8733,40.74887],[-76.87419,40.74977],[-76.86977,40.75051],[-76.86757,40.75136],[-76.86646,40.75257],[-76.86712,40.75503],[-76.86506,40.75384],[-76.86406,40.7542],[-76.86637,40.75969],[-76.86805,40.75942],[-76.86998,40.76102],[-76.87834,40.7599],[-76.8786,40.75996]]]},"properties":{"SGL":212,"NAME":"212","ACRES":503.90038158,"PGC_REGION":4}},{"type":"Feature","geometry":{"type":"MultiPolygon","coordinates":[[[[-80.14007,41.53739],[-80.14006,41.54028],[-80.14782,41.54032],[-80.14932,41.53741],[-80.14589,41.53641],[-80.14544,41.53589],[-80.1429,41.53545],[-80.1424,41.53574],[-80.14197,41.53685],[-80.14021,41.53721],[-80.14007,41.53739]]],[[[-80.13441,41.54476],[-80.13716,41.54483],[-80.13736,41.53757],[-80.13373,41.5365],[-80.13258,41.53652],[-80.13249,41.54386],[-80.133,41.54363],[-80.13441,41.54476]]],[[[-80.19827,41.57388],[-80.19622,41.57462],[-80.19608,41.57534],[-80.19406,41.57596],[-80.19435,41.57657],[-80.19685,41.57512],[-80.19914,41.57438],[-80.21985,41.57207],[-80.21992,41.57084],[-80.2185,41.57079],[-80.21849,41.56954],[-80.22275,41.56959],[-80.22146,41.56939],[-80.22146,41.56909],[-80.22277,41.56912],[-80.22204,41.56885],[-80.22211,41.56684],[-80.22292,41.56477],[-80.22255,41.56472],[-80.22266,41.56295],[-80.21981,41.56299],[-80.21986,41.56239],[-80.20886,41.56226],[-80.2087,41.56462],[-80.20793,41.56461],[-80.2081,41.56226],[-80.20873,41.56224],[-80.20468,41.55771],[-80.20589,41.55404],[-80.20642,41.55404],[-80.20437,41.55174],[-80.20348,41.55216],[-80.19655,41.55229],[-80.19661,41.54906],[-80.19527,41.54905],[-80.19526,41.54628],[-80.1877,41.54584],[-80.18796,41.54461],[-80.18608,41.54329],[-80.18697,41.54197],[-80.18131,41.54187],[-80.18133,41.53937],[-80.17631,41.53681],[-80.17637,41.53604],[-80.17549,41.53555],[-80.17398,41.53709],[-80.17065,41.53598],[-80.17025,41.53681],[-80.16713,41.53633],[-80.16719,41.53519],[-80.16506,41.53503],[-80.16506,41.53425],[-80.16077,41.53397],[-80.16073,41.53189],[-80.15944,41.53123],[-80.1595,41.53069],[-80.15881,41.53093],[-80.15113,41.53045],[-80.15099,41.53718],[-80.15442,41.53765],[-80.15263,41.54215],[-80.1559,41.54309],[-80.15793,41.54585],[-80.15955,41.54924],[-80.16771,41.55083],[-80.16776,41.54746],[-80.16813,41.54656],[-80.17461,41.54821],[-80.18143,41.55172],[-80.18182,41.55136],[-80.18346,41.55202],[-80.18415,41.55238],[-80.18406,41.55301],[-80.18698,41.55304],[-80.18862,41.55487],[-80.18948,41.5571],[-80.18977,41.55995],[-80.19098,41.56329],[-80.191,41.56768],[-80.19329,41.56981],[-80.19526,41.57295],[-80.19743,41.57266],[-80.19827,41.57388]],[[-80.15938,41.53606],[-80.1593,41.53656],[-80.15837,41.53651],[-80.15851,41.53597],[-80.15938,41.53606]],[[-80.15602,41.53383],[-80.15592,41.53438],[-80.15519,41.53429],[-80.1554,41.53374],[-80.15602,41.53383]]],[[[-80.29332,41.59725],[-80.29366,41.59724],[-80.29331,41.59683],[-80.29332,41.59725]]],[[[-80.29094,41.59721],[-80.29307,41.59725],[-80.29306,41.59695],[-80.29078,41.5969],[-80.29094,41.59721]]],[[[-80.29121,41.59764],[-80.29306,41.59766],[-80.29306,41.59735],[-80.29099,41.59734],[-80.29121,41.59764]]],[[[-80.29331,41.59767],[-80.29385,41.59768],[-80.29329,41.59736],[-80.29331,41.59767]]],[[[-80.29159,41.59811],[-80.29308,41.59814],[-80.29307,41.59782],[-80.29135,41.59781],[-80.29159,41.59811]]],[[[-80.29332,41.59814],[-80.29409,41.59815],[-80.29394,41.59782],[-80.29334,41.59785],[-80.29332,41.59814]]],[[[-80.292,41.59855],[-80.29308,41.59858],[-80.29306,41.59825],[-80.29199,41.59823],[-80.292,41.59855]]],[[[-80.29351,41.59858],[-80.2943,41.59859],[-80.29416,41.59826],[-80.29347,41.59826],[-80.29351,41.59858]]],[[[-80.29196,41.59902],[-80.29307,41.59901],[-80.29307,41.59871],[-80.29189,41.5987],[-80.29196,41.59902]]],[[[-80.29332,41.59903],[-80.29453,41.59903],[-80.2944,41.59871],[-80.29333,41.59871],[-80.29332,41.59903]]],[[[-80.2921,41.59945],[-80.29235,41.59913],[-80.292,41.59914],[-80.2921,41.59945]]],[[[-80.29332,41.60032],[-80.29437,41.60034],[-80.29438,41.60002],[-80.29332,41.60003],[-80.29332,41.60032]]],[[[-80.29333,41.60081],[-80.29456,41.60082],[-80.29455,41.60049],[-80.29334,41.60049],[-80.29333,41.60081]]],[[[-80.29169,41.60121],[-80.29283,41.60123],[-80.2928,41.60089],[-80.29166,41.60088],[-80.29169,41.60121]]],[[[-80.29389,41.60124],[-80.29457,41.60125],[-80.29456,41.60092],[-80.29387,41.60091],[-80.29389,41.60124]]],[[[-80.29618,41.60171],[-80.29662,41.60171],[-80.29612,41.60144],[-80.29618,41.60171]]],[[[-80.2917,41.60212],[-80.29292,41.60214],[-80.29292,41.60179],[-80.29168,41.60177],[-80.2917,41.60212]]],[[[-80.29395,41.60216],[-80.29391,41.60181],[-80.29395,41.60216]]],[[[-80.29647,41.60183],[-80.29653,41.60218],[-80.29713,41.60219],[-80.29681,41.60183],[-80.29647,41.60183]]],[[[-80.29173,41.60257],[-80.29313,41.60259],[-80.29314,41.60227],[-80.29172,41.60226],[-80.29173,41.60257]]],[[[-80.29565,41.60231],[-80.29588,41.60263],[-80.2958,41.60231],[-80.29565,41.60231]]],[[[-80.29626,41.60262],[-80.29673,41.60263],[-80.29668,41.60233],[-80.29619,41.60232],[-80.29626,41.60262]]],[[[-80.29341,41.60259],[-80.2953,41.60264],[-80.29525,41.60232],[-80.29338,41.60228],[-80.29341,41.60259]]],[[[-80.29688,41.60233],[-80.29693,41.60265],[-80.29754,41.60265],[-80.29724,41.60233],[-80.29688,41.60233]]],[[[-80.29173,41.60309],[-80.29313,41.60311],[-80.2931,41.60267],[-80.2917,41.60266],[-80.29172,41.60302],[-80.29173,41.60309]]],[[[-80.21856,41.58216],[-80.22188,41.58211],[-80.22189,41.58279],[-80.2239,41.58283],[-80.22388,41.59001],[-80.22538,41.58894],[-80.23214,41.58847],[-80.23211,41.58635],[-80.2371,41.58644],[-80.23693,41.59082],[-80.24216,41.5911],[-80.24252,41.59349],[-80.25152,41.59346],[-80.25168,41.59136],[-80.24692,41.58997],[-80.25386,41.59151],[-80.26054,41.59374],[-80.26237,41.59487],[-80.26444,41.59442],[-80.26446,41.59481],[-80.265,41.59465],[-80.26538,41.59613],[-80.26713,41.597],[-80.26576,41.59807],[-80.26637,41.59965],[-80.26755,41.60026],[-80.26953,41.60039],[-80.28117,41.5978],[-80.29235,41.59628],[-80.29368,41.59682],[-80.29474,41.59905],[-80.2958,41.5998],[-80.29851,41.6031],[-80.29952,41.60312],[-80.29941,41.60252],[-80.30063,41.60261],[-80.30075,41.60089],[-80.29895,41.60066],[-80.29913,41.59808],[-80.30003,41.59725],[-80.30022,41.59643],[-80.29828,41.59608],[-80.2983,41.59532],[-80.2976,41.59483],[-80.29799,41.59432],[-80.29758,41.59365],[-80.29466,41.59365],[-80.29469,41.5869],[-80.29091,41.58687],[-80.29096,41.58527],[-80.28492,41.5852],[-80.28494,41.58652],[-80.27478,41.58653],[-80.27495,41.58328],[-80.25932,41.58306],[-80.26,41.58042],[-80.2599,41.57796],[-80.25865,41.5779],[-80.25856,41.56811],[-80.24131,41.56995],[-80.2412,41.57508],[-80.23604,41.57434],[-80.23234,41.57594],[-80.23068,41.57595],[-80.23071,41.57565],[-80.23003,41.57567],[-80.23005,41.57117],[-80.22365,41.57183],[-80.22233,41.57236],[-80.2225,41.57195],[-80.21206,41.57303],[-80.2121,41.5743],[-80.21071,41.57465],[-80.21064,41.5732],[-80.20734,41.57354],[-80.20737,41.57516],[-80.20267,41.57521],[-80.20273,41.57688],[-80.20483,41.58311],[-80.21202,41.5833],[-80.21207,41.58631],[-80.21656,41.58625],[-80.21635,41.5835],[-80.21838,41.58346],[-80.21849,41.58272],[-80.21856,41.58216]]],[[[-80.29344,41.6031],[-80.29547,41.60312],[-80.29533,41.60272],[-80.29339,41.60269],[-80.29344,41.60306],[-80.29344,41.6031]]],[[[-80.29572,41.6032],[-80.29795,41.60318],[-80.29761,41.60275],[-80.29557,41.60272],[-80.29568,41.6031],[-80.29572,41.6032]]]]},"properties":{"SGL":213,"NAME":"213","ACRES":5603.83109653,"PGC_REGION":1}},{"type":"Feature","geometry":{"type":"MultiPolygon","coordinates":[[[[-80.37614,41.54855],[-80.37628,41.54937],[-80.37706,41.54928],[-80.37732,41.54837],[-80.37614,41.54855]]],[[[-80.3803,41.55914],[-80.38036,41.55949],[-80.38172,41.55933],[-80.3816,41.55897],[-80.3803,41.55914]]],[[[-80.38047,41.6126],[-80.38144,41.61425],[-80.38072,41.61253],[-80.38123,41.61348],[-80.38115,41.61034],[-80.37971,41.61033],[-80.37897,41.60834],[-80.3792,41.60535],[-80.38136,41.60535],[-80.38077,41.59797],[-80.38058,41.5736],[-80.37893,41.57356],[-80.37883,41.56563],[-80.37915,41.56271],[-80.37981,41.56164],[-80.37993,41.56042],[-80.37729,41.55328],[-80.37244,41.55418],[-80.37214,41.55472],[-80.37341,41.55453],[-80.37364,41.55527],[-80.37063,41.55511],[-80.3707,41.55279],[-80.37198,41.55283],[-80.37158,41.5519],[-80.3738,41.55249],[-80.37374,41.55343],[-80.37568,41.55295],[-80.37524,41.55126],[-80.37595,41.55119],[-80.37573,41.55048],[-80.37608,41.55039],[-80.37269,41.53779],[-80.37203,41.53396],[-80.37053,41.5316],[-80.3712,41.53162],[-80.36854,41.52577],[-80.36646,41.51954],[-80.36606,41.51957],[-80.36655,41.5213],[-80.36157,41.52125],[-80.35997,41.51943],[-80.35896,41.51912],[-80.35724,41.52093],[-80.35765,41.52542],[-80.3573,41.53009],[-80.35814,41.53012],[-80.35793,41.53252],[-80.35975,41.5326],[-80.3592,41.5338],[-80.3596,41.53551],[-80.35672,41.53543],[-80.35665,41.53927],[-80.35233,41.53915],[-80.35237,41.53848],[-80.35048,41.53835],[-80.35052,41.53783],[-80.34694,41.53741],[-80.34621,41.53902],[-80.34614,41.54091],[-80.34706,41.54236],[-80.34644,41.54474],[-80.34894,41.54475],[-80.34891,41.54289],[-80.35657,41.54277],[-80.35873,41.54568],[-80.35873,41.54655],[-80.35619,41.54644],[-80.35608,41.54983],[-80.35806,41.54985],[-80.36004,41.55212],[-80.3603,41.55301],[-80.36108,41.55304],[-80.36111,41.55493],[-80.36577,41.5552],[-80.36558,41.56055],[-80.36387,41.56104],[-80.3605,41.56363],[-80.36036,41.56722],[-80.36108,41.56728],[-80.36099,41.56804],[-80.36136,41.56809],[-80.36129,41.56886],[-80.3603,41.56882],[-80.35999,41.57405],[-80.36297,41.57413],[-80.36294,41.57494],[-80.35997,41.57484],[-80.36246,41.58144],[-80.37429,41.59812],[-80.37412,41.60421],[-80.37616,41.60427],[-80.37616,41.6055],[-80.37866,41.60538],[-80.37841,41.60829],[-80.37906,41.60975],[-80.38047,41.6126]]],[[[-80.44683,41.6183],[-80.44797,41.61832],[-80.44793,41.61885],[-80.44858,41.6189],[-80.44896,41.61643],[-80.44528,41.61627],[-80.44683,41.6183]]],[[[-80.40691,41.64909],[-80.40941,41.65001],[-80.4185,41.65054],[-80.41805,41.64941],[-80.41882,41.64826],[-80.42292,41.64944],[-80.4239,41.64708],[-80.42284,41.64631],[-80.42212,41.64502],[-80.42144,41.64487],[-80.42164,41.64438],[-80.42326,41.64415],[-80.42438,41.64524],[-80.42555,41.64371],[-80.42517,41.64293],[-80.4261,41.64261],[-80.42585,41.6416],[-80.42758,41.64103],[-80.43073,41.64144],[-80.43232,41.64239],[-80.43667,41.63571],[-80.43541,41.6352],[-80.4372,41.63415],[-80.43851,41.6325],[-80.43818,41.63232],[-80.44125,41.62911],[-80.44302,41.62841],[-80.4439,41.6272],[-80.44428,41.62567],[-80.44387,41.61858],[-80.44276,41.61859],[-80.44153,41.61627],[-80.44044,41.61624],[-80.44023,41.61521],[-80.43869,41.61368],[-80.43935,41.61345],[-80.43613,41.60993],[-80.43734,41.60992],[-80.43742,41.60649],[-80.43309,41.60637],[-80.4334,41.59628],[-80.42099,41.59625],[-80.42148,41.5974],[-80.41615,41.59618],[-80.41668,41.58598],[-80.41446,41.58592],[-80.41444,41.58532],[-80.40925,41.5859],[-80.40429,41.58595],[-80.40421,41.58738],[-80.40249,41.58566],[-80.4011,41.58317],[-80.39451,41.58302],[-80.39467,41.58175],[-80.39285,41.58172],[-80.39254,41.57923],[-80.39308,41.57888],[-80.38846,41.57356],[-80.38787,41.57161],[-80.38317,41.57147],[-80.38305,41.57034],[-80.38184,41.5703],[-80.38187,41.56569],[-80.38089,41.56566],[-80.38092,41.5737],[-80.38203,41.57373],[-80.38202,41.57546],[-80.38125,41.57545],[-80.38173,41.58012],[-80.38117,41.58012],[-80.38129,41.58813],[-80.38171,41.58813],[-80.38173,41.60788],[-80.38471,41.60793],[-80.38475,41.61041],[-80.38177,41.61036],[-80.38165,41.61547],[-80.38741,41.61556],[-80.38998,41.61997],[-80.39151,41.61999],[-80.39148,41.62205],[-80.39358,41.622],[-80.3936,41.62092],[-80.3943,41.62093],[-80.39473,41.62271],[-80.39349,41.62293],[-80.39334,41.63327],[-80.39541,41.63553],[-80.39956,41.64379],[-80.40082,41.64511],[-80.40237,41.64588],[-80.40691,41.64909]],[[-80.4339,41.63676],[-80.43258,41.63674],[-80.43262,41.63627],[-80.43398,41.63613],[-80.4339,41.63676]],[[-80.43231,41.63606],[-80.43369,41.63612],[-80.43292,41.63619],[-80.43231,41.63606]],[[-80.42567,41.59807],[-80.42576,41.59863],[-80.42785,41.60023],[-80.42765,41.6004],[-80.42821,41.60083],[-80.42787,41.60108],[-80.42914,41.60227],[-80.43039,41.60245],[-80.42958,41.60284],[-80.43033,41.60364],[-80.42708,41.60338],[-80.42594,41.6023],[-80.42552,41.60249],[-80.425,41.60209],[-80.42696,41.60043],[-80.42475,41.59873],[-80.42566,41.598],[-80.42567,41.59807]]]]},"properties":{"SGL":214,"NAME":"214","ACRES":9661.36524256,"PGC_REGION":1}},{"type":"Feature","geometry":{"type":"Polygon","coordinates":[[[-77.65485,40.39582],[-77.64514,40.38647],[-77.64921,40.38337],[-77.63896,40.37567],[-77.63683,40.37786],[-77.63626,40.37765],[-77.63319,40.38192],[-77.62989,40.38423],[-77.62994,40.38861],[-77.63408,40.3925],[-77.62057,40.39998],[-77.62582,40.40282],[-77.62855,40.40293],[-77.62944,40.40349],[-77.62805,40.40423],[-77.63201,40.41067],[-77.63914,40.40674],[-77.65012,40.39895],[-77.65485,40.39582]]]},"properties":{"SGL":215,"NAME":"215","ACRES":1276.04520661,"PGC_REGION":4}},{"type":"Feature","geometry":{"type":"Polygon","coordinates":[[[-80.19199,41.01124],[-80.19854,41.01148],[-80.19841,41.0079],[-80.20338,41.00791],[-80.20332,40.99968],[-80.1987,40.99979],[-80.19858,40.99395],[-80.19084,40.99389],[-80.18784,40.99681],[-80.18479,40.99722],[-80.18413,40.99768],[-80.18433,40.9985],[-80.18573,40.99948],[-80.18704,40.99903],[-80.18795,40.99991],[-80.18861,40.9997],[-80.18918,41.00029],[-80.19039,41.0003],[-80.19067,41.00585],[-80.18819,41.00674],[-80.18467,41.00615],[-80.18211,41.00709],[-80.19214,41.01004],[-80.19166,41.01122],[-80.19199,41.01124]]]},"properties":{"SGL":216,"NAME":"216","ACRES":490.7344879,"PGC_REGION":1}},{"type":"Feature","geometry":{"type":"Polygon","coordinates":[[[-79.91729,42.06906],[-79.92014,42.06851],[-79.9203,42.06738],[-79.92078,42.06742],[-79.9209,42.06548],[-79.92499,42.06618],[-79.93042,42.062],[-79.9313,42.06036],[-79.92983,42.06003],[-79.93009,42.05954],[-79.92153,42.0586],[-79.92161,42.05755],[-79.9229,42.05755],[-79.92321,42.05638],[-79.92782,42.05861],[-79.92782,42.05519],[-79.93182,42.05674],[-79.93183,42.0563],[-79.93331,42.05627],[-79.93324,42.05279],[-79.93275,42.05278],[-79.93327,42.05257],[-79.93321,42.04902],[-79.93189,42.04903],[-79.93193,42.04641],[-79.93315,42.04623],[-79.92977,42.04625],[-79.9296,42.0441],[-79.93305,42.04406],[-79.93293,42.04097],[-79.93035,42.041],[-79.93039,42.03368],[-79.92266,42.03359],[-79.92267,42.03317],[-79.91329,42.0332],[-79.91329,42.03236],[-79.9131,42.0328],[-79.91196,42.03223],[-79.90985,42.03047],[-79.90984,42.02818],[-79.90772,42.0282],[-79.91169,42.03988],[-79.91273,42.04061],[-79.91266,42.04643],[-79.91397,42.04646],[-79.91393,42.04812],[-79.91258,42.04814],[-79.91255,42.049],[-79.91261,42.05087],[-79.91403,42.05084],[-79.91404,42.05173],[-79.91262,42.05179],[-79.91262,42.05348],[-79.91793,42.05738],[-79.91902,42.05713],[-79.91847,42.0583],[-79.91364,42.0578],[-79.91368,42.06029],[-79.91562,42.06031],[-79.91561,42.06092],[-79.91341,42.06093],[-79.91339,42.06152],[-79.91265,42.06155],[-79.91271,42.06451],[-79.91421,42.06446],[-79.91418,42.06532],[-79.91747,42.06538],[-79.91741,42.0668],[-79.91729,42.06906]]]},"properties":{"SGL":218,"NAME":"218","ACRES":1338.9278087,"PGC_REGION":1}},{"type":"Feature","geometry":{"type":"MultiPolygon","coordinates":[[[[-75.34484,41.17332],[-75.34008,41.17789],[-75.34453,41.18052],[-75.3499,41.17547],[-75.3475,41.17412],[-75.34845,41.17314],[-75.34642,41.1718],[-75.34484,41.17332]]],[[[-75.30358,41.18968],[-75.31549,41.17822],[-75.31615,41.17862],[-75.32083,41.174],[-75.33128,41.18029],[-75.34241,41.16958],[-75.33193,41.16332],[-75.3471,41.14878],[-75.34463,41.14732],[-75.35206,41.14017],[-75.34838,41.138],[-75.34642,41.13962],[-75.34309,41.13743],[-75.34046,41.14002],[-75.33666,41.13777],[-75.32493,41.14948],[-75.32025,41.14673],[-75.31883,41.14813],[-75.31019,41.143],[-75.31091,41.1422],[-75.30213,41.13701],[-75.30078,41.13941],[-75.29929,41.13905],[-75.29638,41.13748],[-75.29691,41.13687],[-75.29655,41.13661],[-75.28983,41.14106],[-75.29428,41.1439],[-75.29186,41.14621],[-75.3011,41.15177],[-75.29725,41.15536],[-75.29619,41.15438],[-75.2944,41.15614],[-75.29081,41.1531],[-75.28889,41.15387],[-75.28868,41.15357],[-75.28542,41.15477],[-75.28416,41.15487],[-75.28339,41.15615],[-75.28488,41.15666],[-75.28303,41.15992],[-75.2883,41.163],[-75.28446,41.16665],[-75.28525,41.16709],[-75.28799,41.16438],[-75.29591,41.16907],[-75.29042,41.17441],[-75.28853,41.17319],[-75.28593,41.17582],[-75.28488,41.17524],[-75.28288,41.17716],[-75.28805,41.17969],[-75.28887,41.17976],[-75.28876,41.18008],[-75.29028,41.18042],[-75.28823,41.18227],[-75.30043,41.18959],[-75.3016,41.18858],[-75.30358,41.18968]]]]},"properties":{"SGL":221,"NAME":"221","ACRES":4683.68620531,"PGC_REGION":5}},{"type":"Feature","geometry":{"type":"Polygon","coordinates":[[[-76.59504,41.15642],[-76.61028,41.15561],[-76.60943,41.14607],[-76.61314,41.1451],[-76.61444,41.1443],[-76.61449,41.14251],[-76.61139,41.14095],[-76.61254,41.13955],[-76.6147,41.13799],[-76.62174,41.1343],[-76.62156,41.1317],[-76.62391,41.13176],[-76.62084,41.12645],[-76.61874,41.12744],[-76.61204,41.12391],[-76.61113,41.12432],[-76.60642,41.12487],[-76.60578,41.12242],[-76.59158,41.12757],[-76.59188,41.12581],[-76.58899,41.12453],[-76.59078,41.12107],[-76.59198,41.12017],[-76.59173,41.11931],[-76.59842,41.11774],[-76.59724,41.11587],[-76.5968,41.11599],[-76.59652,41.11554],[-76.59693,41.11542],[-76.59626,41.11438],[-76.57496,41.10955],[-76.5741,41.11013],[-76.57143,41.10951],[-76.56996,41.10964],[-76.56846,41.11242],[-76.56341,41.11184],[-76.56142,41.11507],[-76.55891,41.11257],[-76.55305,41.11694],[-76.55224,41.11636],[-76.55051,41.1177],[-76.55118,41.11881],[-76.55343,41.11884],[-76.55757,41.11658],[-76.55751,41.11709],[-76.55908,41.11837],[-76.55395,41.12204],[-76.55401,41.12343],[-76.55313,41.12432],[-76.55352,41.12547],[-76.55261,41.12756],[-76.55323,41.1282],[-76.55406,41.12831],[-76.55488,41.12606],[-76.56081,41.13303],[-76.55905,41.1336],[-76.55944,41.14111],[-76.55406,41.14096],[-76.55427,41.14416],[-76.56568,41.14474],[-76.56671,41.15069],[-76.57042,41.15053],[-76.56978,41.14512],[-76.58529,41.14529],[-76.58512,41.14235],[-76.59268,41.14278],[-76.59247,41.14845],[-76.59448,41.14842],[-76.59504,41.15642]],[[-76.58032,41.14128],[-76.58264,41.14357],[-76.58192,41.14403],[-76.57813,41.14066],[-76.57864,41.14038],[-76.5797,41.14097],[-76.58038,41.14093],[-76.58032,41.14128]],[[-76.61028,41.13471],[-76.61057,41.13613],[-76.60721,41.13557],[-76.6104,41.13297],[-76.61028,41.13471]],[[-76.56774,41.13142],[-76.56714,41.13175],[-76.56659,41.13121],[-76.56727,41.13086],[-76.56774,41.13142]],[[-76.56407,41.12733],[-76.56393,41.12606],[-76.56298,41.12446],[-76.56512,41.12453],[-76.56495,41.12558],[-76.5645,41.12565],[-76.56484,41.12718],[-76.56407,41.12733]],[[-76.56434,41.12057],[-76.56271,41.12072],[-76.56345,41.12188],[-76.56263,41.12208],[-76.56197,41.11981],[-76.56386,41.11932],[-76.56434,41.12057]]]},"properties":{"SGL":226,"NAME":"226","ACRES":4321.89946157,"PGC_REGION":5}},{"type":"Feature","geometry":{"type":"Polygon","coordinates":[[[-75.9981,40.85175],[-75.99654,40.85232],[-75.99851,40.85513],[-75.99966,40.85365],[-76.0002,40.85197],[-76.00073,40.8516],[-76.001,40.85208],[-76.00252,40.85133],[-76.00411,40.85254],[-76.00431,40.85208],[-76.00261,40.85118],[-76.00323,40.85072],[-76.00282,40.85008],[-76.00409,40.84943],[-76.00398,40.84852],[-76.00777,40.84742],[-76.0061,40.84492],[-76.00347,40.84216],[-76.00882,40.83932],[-76.01443,40.83195],[-76.01282,40.83119],[-76.01453,40.82916],[-76.01292,40.82851],[-76.01536,40.82541],[-76.01289,40.82436],[-76.01586,40.82046],[-76.01151,40.82188],[-76.01077,40.81534],[-76.01313,40.81486],[-76.01337,40.81162],[-76.00497,40.8102],[-76.00528,40.80396],[-75.99949,40.80509],[-76.00022,40.80698],[-75.99358,40.8081],[-75.99391,40.80905],[-75.98134,40.80929],[-75.98045,40.80476],[-75.97243,40.80942],[-75.97511,40.80942],[-75.97569,40.81131],[-75.97644,40.81027],[-75.98172,40.81168],[-75.97986,40.81254],[-75.98055,40.81265],[-75.97859,40.81385],[-75.97905,40.81567],[-75.97872,40.81597],[-75.97883,40.81745],[-75.97932,40.81888],[-75.98079,40.81834],[-75.98779,40.81845],[-75.98791,40.81918],[-75.99008,40.81882],[-75.99006,40.81821],[-75.99105,40.81823],[-75.99105,40.81776],[-75.99376,40.81785],[-75.99392,40.81832],[-75.99611,40.81842],[-75.99631,40.82023],[-75.99832,40.82056],[-75.99835,40.82146],[-75.99979,40.82134],[-76.00003,40.82327],[-76.00188,40.82326],[-76.00195,40.82599],[-76.0009,40.83558],[-75.9995,40.84293],[-76.00151,40.84502],[-76.00254,40.84886],[-76.00111,40.85065],[-75.99851,40.8516],[-75.9981,40.85175]],[[-76.00865,40.81971],[-76.00956,40.81999],[-76.00886,40.82124],[-76.00784,40.82098],[-76.00858,40.81969],[-76.00865,40.81971]]]},"properties":{"SGL":227,"NAME":"227","ACRES":1543.53419391,"PGC_REGION":6}},{"type":"Feature","geometry":{"type":"Polygon","coordinates":[[[-79.01715,39.77022],[-79.01711,39.77227],[-79.02575,39.77662],[-79.02939,39.77396],[-79.02506,39.7715],[-79.03412,39.76461],[-79.0331,39.75322],[-79.03158,39.75276],[-79.02866,39.75755],[-79.02651,39.75895],[-79.02345,39.76453],[-79.01999,39.76599],[-79.01969,39.76563],[-79.01715,39.77022]]]},"properties":{"SGL":231,"NAME":"231","ACRES":428.37422381,"PGC_REGION":2}},{"type":"Feature","geometry":{"type":"MultiPolygon","coordinates":[[[[-80.38004,40.16799],[-80.37997,40.16763],[-80.38092,40.16773],[-80.38373,40.16681],[-80.38383,40.16649],[-80.38073,40.16714],[-80.37957,40.1657],[-80.37708,40.16905],[-80.37882,40.16974],[-80.37956,40.16868],[-80.38004,40.16799]]],[[[-80.48966,40.18373],[-80.48965,40.18299],[-80.49171,40.18325],[-80.4919,40.18269],[-80.49364,40.18387],[-80.49797,40.1819],[-80.4971,40.17821],[-80.50214,40.17751],[-80.50412,40.17388],[-80.50435,40.1724],[-80.50358,40.17258],[-80.50263,40.17037],[-80.4951,40.17225],[-80.49416,40.16835],[-80.49464,40.16831],[-80.49477,40.16535],[-80.49195,40.16543],[-80.49175,40.16239],[-80.49107,40.16168],[-80.48985,40.16175],[-80.48921,40.16838],[-80.485,40.16898],[-80.48379,40.16775],[-80.47862,40.16736],[-80.47807,40.16763],[-80.4785,40.16836],[-80.47827,40.1731],[-80.47481,40.17399],[-80.47234,40.17558],[-80.47224,40.17673],[-80.47085,40.17868],[-80.47081,40.17983],[-80.47416,40.18407],[-80.4785,40.18417],[-80.48121,40.18502],[-80.48545,40.18557],[-80.48826,40.18278],[-80.4896,40.18299],[-80.48961,40.18372],[-80.48966,40.18373]]],[[[-80.47702,40.20084],[-80.47404,40.19809],[-80.47537,40.19341],[-80.47587,40.18741],[-80.47055,40.18653],[-80.46907,40.18909],[-80.46956,40.19251],[-80.46672,40.19279],[-80.46737,40.19316],[-80.46457,40.19517],[-80.46699,40.19848],[-80.46702,40.2001],[-80.46927,40.19986],[-80.46941,40.20078],[-80.47677,40.20109],[-80.47702,40.20084]]],[[[-80.40648,40.17502],[-80.40712,40.17632],[-80.40344,40.17793],[-80.40319,40.17713],[-80.4017,40.17572],[-80.40236,40.17552],[-80.39999,40.17413],[-80.39742,40.17499],[-80.39543,40.17635],[-80.39526,40.17601],[-80.39783,40.17385],[-80.39727,40.17317],[-80.39763,40.17229],[-80.39706,40.17093],[-80.39423,40.16857],[-80.39233,40.16577],[-80.3942,40.16512],[-80.39218,40.15823],[-80.39289,40.16128],[-80.38754,40.16018],[-80.38315,40.16023],[-80.38214,40.1618],[-80.38133,40.16135],[-80.38079,40.16217],[-80.3804,40.16166],[-80.37954,40.16195],[-80.38017,40.16451],[-80.38158,40.16306],[-80.38217,40.16336],[-80.38286,40.16299],[-80.38467,40.1662],[-80.38597,40.16598],[-80.38675,40.1664],[-80.38696,40.16845],[-80.38631,40.17084],[-80.38709,40.17183],[-80.38914,40.1729],[-80.39091,40.17185],[-80.39166,40.16959],[-80.39242,40.16949],[-80.39524,40.17041],[-80.39695,40.172],[-80.39716,40.17271],[-80.39647,40.17447],[-80.39349,40.17717],[-80.39361,40.17831],[-80.39075,40.18366],[-80.39773,40.18528],[-80.39284,40.19219],[-80.392,40.19255],[-80.38769,40.19043],[-80.38579,40.19278],[-80.38627,40.19329],[-80.38524,40.19614],[-80.38714,40.19716],[-80.38702,40.19819],[-80.38509,40.19871],[-80.38659,40.19982],[-80.39073,40.20055],[-80.3926,40.20143],[-80.39508,40.20195],[-80.39605,40.20282],[-80.3993,40.20246],[-80.40076,40.20176],[-80.40119,40.20115],[-80.40143,40.20201],[-80.40442,40.19965],[-80.40383,40.19927],[-80.4071,40.198],[-80.41013,40.19809],[-80.41279,40.19931],[-80.41394,40.20066],[-80.41476,40.20076],[-80.41548,40.1993],[-80.41381,40.19833],[-80.41484,40.19734],[-80.41067,40.19508],[-80.41062,40.1947],[-80.4191,40.19166],[-80.41917,40.18982],[-80.42215,40.19199],[-80.42303,40.19173],[-80.42415,40.18689],[-80.42371,40.18613],[-80.43044,40.1884],[-80.4331,40.18809],[-80.43248,40.19067],[-80.42982,40.1903],[-80.4297,40.19177],[-80.42513,40.19151],[-80.42443,40.19295],[-80.42299,40.1922],[-80.42257,40.19476],[-80.42492,40.19738],[-80.42834,40.19574],[-80.43136,40.19618],[-80.43331,40.19569],[-80.43417,40.18797],[-80.43907,40.1874],[-80.43883,40.18483],[-80.43987,40.18182],[-80.44253,40.18185],[-80.44504,40.1829],[-80.44494,40.18381],[-80.44599,40.18512],[-80.44595,40.18476],[-80.44833,40.18492],[-80.44963,40.18761],[-80.44705,40.18724],[-80.44616,40.18655],[-80.44605,40.18557],[-80.44601,40.18772],[-80.4474,40.19003],[-80.44292,40.1914],[-80.44544,40.19271],[-80.4465,40.19266],[-80.44992,40.19114],[-80.45219,40.19275],[-80.45143,40.19346],[-80.45166,40.19449],[-80.45131,40.1949],[-80.44808,40.19548],[-80.44784,40.19647],[-80.45112,40.19514],[-80.45236,40.19745],[-80.45292,40.20048],[-80.4564,40.19862],[-80.45513,40.19664],[-80.45676,40.19458],[-80.45827,40.19352],[-80.45692,40.19259],[-80.45449,40.19175],[-80.45453,40.18947],[-80.45562,40.18891],[-80.45976,40.19266],[-80.46067,40.19231],[-80.45915,40.18936],[-80.46439,40.18714],[-80.46308,40.18515],[-80.46161,40.18501],[-80.46172,40.18432],[-80.45933,40.18532],[-80.45877,40.18456],[-80.45667,40.18542],[-80.45564,40.18492],[-80.46141,40.18252],[-80.45962,40.18094],[-80.45881,40.18159],[-80.45713,40.17961],[-80.45787,40.17898],[-80.45628,40.17673],[-80.45181,40.17753],[-80.4485,40.17178],[-80.44617,40.17323],[-80.44646,40.17429],[-80.44601,40.17484],[-80.44551,40.17495],[-80.44088,40.17221],[-80.43822,40.17468],[-80.43846,40.17348],[-80.43239,40.16343],[-80.43041,40.16314],[-80.43002,40.16269],[-80.42202,40.16277],[-80.42203,40.16009],[-80.41874,40.16074],[-80.41708,40.16149],[-80.41527,40.16114],[-80.4166,40.16569],[-80.41196,40.16591],[-80.41171,40.1649],[-80.40358,40.16701],[-80.40438,40.17023],[-80.40723,40.17217],[-80.40812,40.17392],[-80.40585,40.17424],[-80.40317,40.17586],[-80.40494,40.17702],[-80.40648,40.17502]],[[-80.41978,40.18644],[-80.41648,40.18709],[-80.414,40.18658],[-80.4137,40.18401],[-80.40997,40.18447],[-80.41067,40.18612],[-80.40875,40.19116],[-80.40944,40.19169],[-80.40819,40.19212],[-80.40724,40.19096],[-80.40699,40.18936],[-80.40599,40.18765],[-80.40795,40.18469],[-80.40865,40.18273],[-80.41206,40.18294],[-80.40926,40.17441],[-80.4124,40.175],[-80.41867,40.18183],[-80.41978,40.18644]],[[-80.40111,40.17493],[-80.40088,40.1752],[-80.40027,40.17497],[-80.40049,40.17464],[-80.40111,40.17493]],[[-80.38909,40.17122],[-80.38828,40.17167],[-80.38813,40.17142],[-80.38887,40.17101],[-80.38909,40.17122]],[[-80.38932,40.17145],[-80.38839,40.17198],[-80.3883,40.17171],[-80.38912,40.17126],[-80.38932,40.17145]]]]},"properties":{"SGL":232,"NAME":"232","ACRES":5103.52361445,"PGC_REGION":2}},{"type":"Feature","geometry":{"type":"MultiPolygon","coordinates":[[[[-76.92328,40.65114],[-76.92394,40.65165],[-76.9241,40.65144],[-76.92344,40.65092],[-76.92328,40.65114]]],[[[-76.91949,40.65721],[-76.91857,40.65886],[-76.9189,40.65906],[-76.92069,40.65656],[-76.92006,40.6562],[-76.91949,40.65721]]],[[[-76.91277,40.66113],[-76.91313,40.661],[-76.91294,40.65938],[-76.91434,40.65755],[-76.9144,40.6571],[-76.91396,40.65718],[-76.91672,40.65495],[-76.91924,40.6519],[-76.92305,40.64627],[-76.92309,40.64595],[-76.92224,40.64628],[-76.92404,40.64453],[-76.92394,40.64396],[-76.92229,40.6447],[-76.92054,40.64681],[-76.92028,40.64773],[-76.91717,40.65057],[-76.91287,40.65275],[-76.91211,40.6535],[-76.91133,40.65813],[-76.91189,40.65858],[-76.91212,40.6609],[-76.91259,40.66105],[-76.91277,40.66113]]],[[[-76.85183,40.70408],[-76.85039,40.7055],[-76.84936,40.7074],[-76.84714,40.71235],[-76.84676,40.71406],[-76.84674,40.71946],[-76.84791,40.72387],[-76.84888,40.72531],[-76.85106,40.72298],[-76.85193,40.72072],[-76.85365,40.71229],[-76.8549,40.71039],[-76.85515,40.70959],[-76.85488,40.70935],[-76.85703,40.705],[-76.85782,40.70193],[-76.85768,40.69981],[-76.8573,40.69928],[-76.85204,40.70398],[-76.85183,40.70408]]],[[[-76.85195,40.72501],[-76.85108,40.7262],[-76.85115,40.72712],[-76.85222,40.72554],[-76.85232,40.72469],[-76.85195,40.72501]]],[[[-76.85787,40.74913],[-76.85813,40.75068],[-76.85863,40.75152],[-76.85919,40.75161],[-76.85812,40.74866],[-76.85787,40.74913]]],[[[-76.84963,40.72873],[-76.84803,40.7328],[-76.84766,40.73501],[-76.84664,40.73689],[-76.84589,40.74328],[-76.84399,40.74521],[-76.84375,40.74619],[-76.84406,40.75003],[-76.84518,40.75304],[-76.84727,40.75494],[-76.85056,40.7569],[-76.85217,40.74829],[-76.85218,40.74511],[-76.85151,40.73936],[-76.85047,40.73759],[-76.85046,40.73692],[-76.8511,40.7363],[-76.8505,40.73192],[-76.84978,40.73103],[-76.85005,40.7303],[-76.84972,40.7287],[-76.84963,40.72873]]],[[[-76.84447,40.75396],[-76.84501,40.75999],[-76.84611,40.7611],[-76.84884,40.76188],[-76.84974,40.76257],[-76.85016,40.76222],[-76.85035,40.76075],[-76.84964,40.75727],[-76.84878,40.75632],[-76.84641,40.75531],[-76.84459,40.75394],[-76.84447,40.75396]]],[[[-76.84476,40.76085],[-76.84687,40.76641],[-76.84849,40.76918],[-76.84951,40.76997],[-76.84923,40.76297],[-76.84841,40.7621],[-76.84569,40.76141],[-76.84483,40.76072],[-76.84476,40.76085]]],[[[-76.84184,40.81146],[-76.83818,40.81453],[-76.83617,40.81683],[-76.83692,40.82018],[-76.83892,40.81815],[-76.84078,40.81541],[-76.84225,40.81269],[-76.84194,40.81142],[-76.84184,40.81146]]]]},"properties":{"SGL":233,"NAME":"233","ACRES":915.09567798,"PGC_REGION":4}},{"type":"Feature","geometry":{"type":"MultiPolygon","coordinates":[[[[-75.56299,40.20131],[-75.56538,40.20549],[-75.5658,40.20554],[-75.56565,40.20685],[-75.56845,40.20759],[-75.56915,40.20851],[-75.57249,40.20656],[-75.57139,40.20502],[-75.57401,40.20424],[-75.57225,40.20171],[-75.57298,40.20153],[-75.5717,40.19872],[-75.5687,40.19963],[-75.56833,40.19909],[-75.56426,40.2],[-75.56298,40.19993],[-75.56299,40.20131]]],[[[-75.50378,40.25819],[-75.50308,40.26123],[-75.50424,40.26188],[-75.5069,40.25907],[-75.50593,40.2585],[-75.50696,40.25702],[-75.50884,40.25716],[-75.50934,40.25661],[-75.51143,40.2572],[-75.50834,40.26097],[-75.50937,40.26162],[-75.51002,40.26096],[-75.51248,40.26119],[-75.51629,40.25496],[-75.51353,40.25479],[-75.51208,40.25398],[-75.51379,40.2522],[-75.51749,40.25033],[-75.51727,40.24971],[-75.51791,40.24948],[-75.51798,40.24804],[-75.51837,40.2477],[-75.51569,40.24797],[-75.51649,40.24686],[-75.50914,40.24446],[-75.50755,40.24614],[-75.5082,40.24655],[-75.50634,40.24853],[-75.50818,40.24967],[-75.50495,40.25077],[-75.50313,40.2519],[-75.50427,40.25281],[-75.50377,40.25311],[-75.50501,40.25399],[-75.50521,40.25486],[-75.50398,40.25529],[-75.50455,40.25752],[-75.50302,40.25735],[-75.50378,40.25819]]]]},"properties":{"SGL":234,"NAME":"234","ACRES":489.72413132,"PGC_REGION":6}},{"type":"Feature","geometry":{"type":"MultiPolygon","coordinates":[[[[-76.2724,41.66525],[-76.27305,41.6653],[-76.27227,41.66484],[-76.27197,41.66505],[-76.27236,41.66519],[-76.2724,41.66525]]],[[[-76.27257,41.66691],[-76.27347,41.66792],[-76.27429,41.6682],[-76.27434,41.66694],[-76.27379,41.66604],[-76.27316,41.66605],[-76.27388,41.66691],[-76.27198,41.66563],[-76.27248,41.66678],[-76.27257,41.66691]]],[[[-76.27461,41.66352],[-76.27766,41.66649],[-76.2785,41.66865],[-76.27942,41.66878],[-76.27703,41.66543],[-76.2748,41.66348],[-76.27461,41.66352]]],[[[-76.2751,41.6668],[-76.27551,41.6697],[-76.27671,41.6685],[-76.27644,41.66779],[-76.275,41.66661],[-76.2751,41.6668]]],[[[-76.26916,41.66114],[-76.26965,41.6622],[-76.27264,41.66386],[-76.27702,41.66781],[-76.27695,41.669],[-76.27581,41.6702],[-76.27658,41.67586],[-76.27804,41.67343],[-76.27744,41.67095],[-76.27757,41.66854],[-76.27721,41.66717],[-76.27607,41.66543],[-76.2739,41.66353],[-76.26922,41.66114],[-76.26916,41.66114]]],[[[-76.3198,41.74354],[-76.32189,41.74383],[-76.324,41.74343],[-76.32893,41.74059],[-76.32968,41.73966],[-76.31688,41.74329],[-76.31903,41.74352],[-76.3198,41.74354]]],[[[-76.37306,41.74805],[-76.37394,41.75069],[-76.37443,41.75736],[-76.37601,41.75722],[-76.37655,41.75682],[-76.37749,41.7542],[-76.37712,41.74996],[-76.37814,41.74883],[-76.37801,41.74803],[-76.37427,41.74588],[-76.3728,41.74691],[-76.373,41.74724],[-76.37306,41.74805]]]]},"properties":{"SGL":237,"NAME":"237","ACRES":184.48570409,"PGC_REGION":5}},{"type":"Feature","geometry":{"type":"Polygon","coordinates":[[[-79.9113,39.89285],[-79.91205,39.89338],[-79.90972,39.8936],[-79.90988,39.89316],[-79.91102,39.89265],[-79.90551,39.89164],[-79.90636,39.89103],[-79.90454,39.88974],[-79.90368,39.88744],[-79.90063,39.88571],[-79.90083,39.88374],[-79.89819,39.8832],[-79.898,39.87703],[-79.89232,39.87705],[-79.89024,39.87644],[-79.89053,39.88038],[-79.89276,39.8798],[-79.89276,39.88097],[-79.89331,39.88171],[-79.89293,39.88209],[-79.89126,39.88197],[-79.89181,39.88104],[-79.89129,39.88107],[-79.89121,39.88055],[-79.88999,39.88091],[-79.88967,39.88218],[-79.89013,39.88226],[-79.89029,39.88366],[-79.89077,39.88362],[-79.89136,39.88586],[-79.89045,39.88617],[-79.89077,39.88792],[-79.89026,39.89067],[-79.89296,39.89039],[-79.89459,39.89235],[-79.89409,39.89327],[-79.89864,39.89326],[-79.89919,39.8941],[-79.89864,39.89705],[-79.899,39.89739],[-79.90002,39.89728],[-79.9019,39.89785],[-79.90189,39.89756],[-79.90289,39.89754],[-79.90287,39.89797],[-79.9046,39.89705],[-79.90439,39.89777],[-79.90466,39.89721],[-79.90534,39.89699],[-79.90591,39.89747],[-79.90738,39.89622],[-79.9094,39.89657],[-79.90855,39.89941],[-79.91136,39.89988],[-79.91162,39.90106],[-79.9217,39.90312],[-79.92538,39.9023],[-79.9243,39.89922],[-79.91973,39.89832],[-79.91941,39.89673],[-79.92109,39.8963],[-79.91918,39.89306],[-79.91985,39.89259],[-79.91806,39.89244],[-79.91974,39.89218],[-79.91666,39.89223],[-79.91622,39.89333],[-79.91533,39.89375],[-79.91492,39.89322],[-79.91523,39.89306],[-79.91406,39.89244],[-79.91491,39.89233],[-79.91532,39.89307],[-79.91568,39.89305],[-79.91617,39.89264],[-79.91614,39.89208],[-79.91753,39.8915],[-79.91733,39.89105],[-79.9164,39.89134],[-79.91619,39.89088],[-79.91528,39.89148],[-79.91329,39.8915],[-79.91335,39.89178],[-79.91229,39.89192],[-79.91221,39.89152],[-79.91345,39.89134],[-79.91195,39.89064],[-79.91058,39.89068],[-79.91102,39.89265],[-79.9113,39.89285]]]},"properties":{"SGL":238,"NAME":"238","ACRES":776.4464269,"PGC_REGION":2}},{"type":"Feature","geometry":{"type":"Polygon","coordinates":[[[-76.97407,40.08019],[-76.97289,40.07475],[-76.96871,40.07485],[-76.96945,40.07655],[-76.96766,40.07728],[-76.96845,40.07847],[-76.96244,40.08203],[-76.96471,40.08417],[-76.96039,40.0837],[-76.96178,40.08632],[-76.95928,40.08658],[-76.95926,40.08547],[-76.95694,40.08422],[-76.95669,40.08543],[-76.95507,40.08684],[-76.95558,40.09171],[-76.95244,40.09191],[-76.95176,40.09088],[-76.94115,40.08489],[-76.93989,40.08605],[-76.9376,40.08538],[-76.93639,40.09],[-76.93731,40.08987],[-76.93747,40.09081],[-76.9363,40.0912],[-76.93664,40.09379],[-76.93767,40.09342],[-76.94081,40.09847],[-76.94078,40.10075],[-76.93664,40.10096],[-76.93743,40.10366],[-76.9374,40.10523],[-76.93836,40.10587],[-76.93961,40.10587],[-76.9397,40.10432],[-76.94203,40.10332],[-76.94567,40.10299],[-76.94505,40.10049],[-76.94971,40.10018],[-76.95066,40.09671],[-76.95258,40.09771],[-76.95174,40.1005],[-76.9527,40.10334],[-76.95328,40.10367],[-76.9565,40.1041],[-76.95821,40.10499],[-76.96442,40.10351],[-76.96932,40.10377],[-76.96991,40.09753],[-76.97064,40.09489],[-76.97038,40.09404],[-76.97445,40.09219],[-76.97786,40.08962],[-76.97717,40.08917],[-76.97654,40.08999],[-76.97464,40.09006],[-76.97451,40.0891],[-76.97291,40.08714],[-76.97452,40.08714],[-76.97474,40.08532],[-76.97525,40.08601],[-76.97759,40.08573],[-76.97587,40.08282],[-76.97732,40.08132],[-76.97577,40.07933],[-76.9742,40.08013],[-76.97407,40.08019]]]},"properties":{"SGL":242,"NAME":"242","ACRES":1517.27321624,"PGC_REGION":4}},{"type":"Feature","geometry":{"type":"MultiPolygon","coordinates":[[[[-77.03321,40.03241],[-77.03259,40.03276],[-77.03697,40.042],[-77.03907,40.04121],[-77.03853,40.03466],[-77.03475,40.03031],[-77.03393,40.03149],[-77.03321,40.03241]]],[[[-77.04274,40.07793],[-77.04324,40.0778],[-77.04271,40.07705],[-77.04312,40.07696],[-77.04368,40.07768],[-77.0456,40.07716],[-77.04546,40.07651],[-77.04604,40.0764],[-77.04627,40.07699],[-77.04771,40.07662],[-77.04448,40.07148],[-77.04653,40.07108],[-77.05009,40.07123],[-77.05524,40.06492],[-77.05045,40.06491],[-77.0469,40.06624],[-77.04658,40.06581],[-77.0481,40.06505],[-77.04818,40.06418],[-77.04649,40.06264],[-77.0457,40.06285],[-77.04481,40.06185],[-77.04523,40.06149],[-77.04378,40.06227],[-77.04355,40.06197],[-77.04453,40.06104],[-77.04679,40.06176],[-77.04699,40.05956],[-77.04974,40.05807],[-77.04832,40.05679],[-77.04708,40.05763],[-77.04449,40.05513],[-77.04349,40.05598],[-77.0414,40.05413],[-77.04045,40.05647],[-77.03826,40.05441],[-77.03652,40.05573],[-77.03406,40.05427],[-77.0318,40.057],[-77.03054,40.05549],[-77.03249,40.05325],[-77.03193,40.05197],[-77.0306,40.05247],[-77.02959,40.04934],[-77.02857,40.04941],[-77.02785,40.048],[-77.02537,40.04916],[-77.02514,40.05087],[-77.02443,40.05087],[-77.02414,40.05585],[-77.02513,40.05638],[-77.02655,40.05529],[-77.02897,40.05727],[-77.02713,40.05844],[-77.0275,40.05982],[-77.02708,40.06009],[-77.02727,40.06077],[-77.02495,40.06134],[-77.02779,40.06082],[-77.02819,40.06215],[-77.0271,40.06293],[-77.02729,40.06513],[-77.02776,40.06525],[-77.02807,40.0666],[-77.02702,40.0667],[-77.02734,40.06877],[-77.02772,40.06878],[-77.02781,40.06931],[-77.02839,40.06903],[-77.03014,40.07175],[-77.02988,40.07181],[-77.0303,40.07316],[-77.03232,40.07266],[-77.03336,40.07369],[-77.03286,40.07387],[-77.0334,40.07582],[-77.03431,40.07547],[-77.03553,40.07747],[-77.03677,40.07749],[-77.03704,40.07612],[-77.0401,40.07634],[-77.04,40.0758],[-77.04087,40.07557],[-77.04187,40.07653],[-77.04274,40.07793]]]]},"properties":{"SGL":243,"NAME":"243","ACRES":1160.93419139,"PGC_REGION":4}},{"type":"Feature","geometry":{"type":"Polygon","coordinates":[[[-78.96043,41.1114],[-78.96044,41.11376],[-78.96658,41.11374],[-78.96655,41.11328],[-78.97065,41.10917],[-78.97047,41.10684],[-78.96826,41.10678],[-78.9682,41.09981],[-78.98093,41.10001],[-78.98105,41.10119],[-78.98312,41.09884],[-78.98287,41.09864],[-78.98363,41.09836],[-78.98363,41.09697],[-78.98208,41.09671],[-78.97958,41.09499],[-78.97931,41.09307],[-78.9821,41.08966],[-78.98189,41.08914],[-78.98051,41.08881],[-78.98023,41.08819],[-78.97888,41.08846],[-78.9776,41.08951],[-78.97313,41.08975],[-78.97208,41.09019],[-78.96768,41.08967],[-78.96674,41.08899],[-78.96507,41.08921],[-78.96386,41.08984],[-78.96198,41.09249],[-78.95991,41.09424],[-78.95731,41.0942],[-78.95743,41.08203],[-78.98332,41.08218],[-78.98381,41.0675],[-78.94519,41.06744],[-78.94549,41.0851],[-78.92062,41.08483],[-78.92066,41.082],[-78.90718,41.08218],[-78.90712,41.08884],[-78.90897,41.08884],[-78.90871,41.09949],[-78.9184,41.09944],[-78.91867,41.11046],[-78.96042,41.1104],[-78.96043,41.1114]],[[-78.94036,41.09621],[-78.94049,41.09663],[-78.93941,41.09665],[-78.93907,41.09623],[-78.94035,41.0962],[-78.94036,41.09621]],[[-78.92159,41.09102],[-78.92255,41.09112],[-78.92261,41.09378],[-78.91821,41.0939],[-78.91821,41.09097],[-78.91978,41.09095],[-78.92159,41.09102]],[[-78.91422,41.08614],[-78.91509,41.08762],[-78.91497,41.08887],[-78.90935,41.08885],[-78.9117,41.08661],[-78.91378,41.08595],[-78.91422,41.08614]],[[-78.95142,41.07997],[-78.9509,41.0811],[-78.94817,41.08112],[-78.94563,41.07935],[-78.94635,41.07855],[-78.9498,41.07935],[-78.95126,41.07931],[-78.95142,41.07997]]]},"properties":{"SGL":244,"NAME":"244","ACRES":4871.4723977,"PGC_REGION":1}},{"type":"Feature","geometry":{"type":"MultiPolygon","coordinates":[[[[-80.38501,40.03589],[-80.38576,40.03761],[-80.39432,40.0342],[-80.39561,40.03506],[-80.39845,40.03224],[-80.39474,40.02585],[-80.3922,40.02557],[-80.39242,40.02424],[-80.39193,40.02419],[-80.392,40.02376],[-80.38928,40.02376],[-80.38858,40.02493],[-80.38892,40.02569],[-80.3874,40.02556],[-80.38697,40.02711],[-80.38279,40.02741],[-80.3829,40.02864],[-80.38167,40.02955],[-80.38238,40.03043],[-80.38141,40.03457],[-80.38494,40.03399],[-80.38498,40.03578],[-80.38501,40.03589]]],[[[-80.44656,40.0682],[-80.44627,40.06871],[-80.44745,40.07057],[-80.44738,40.07169],[-80.452,40.07237],[-80.45219,40.06901],[-80.45422,40.06872],[-80.45749,40.06603],[-80.4537,40.06312],[-80.45794,40.05633],[-80.45392,40.05311],[-80.45286,40.05378],[-80.44186,40.04477],[-80.44412,40.04301],[-80.4434,40.03974],[-80.44423,40.03822],[-80.44238,40.03678],[-80.44143,40.03708],[-80.44176,40.03629],[-80.44016,40.03498],[-80.43814,40.03557],[-80.43695,40.03499],[-80.43603,40.03331],[-80.43606,40.03263],[-80.43257,40.03523],[-80.43476,40.03675],[-80.43423,40.03887],[-80.43654,40.04071],[-80.43074,40.04484],[-80.44675,40.05758],[-80.43551,40.06651],[-80.43928,40.06945],[-80.44383,40.06593],[-80.44655,40.0682],[-80.44656,40.0682]],[[-80.45234,40.06201],[-80.4507,40.06236],[-80.44904,40.06153],[-80.44928,40.06132],[-80.44751,40.06001],[-80.4489,40.05928],[-80.44945,40.05972],[-80.45234,40.06201]]],[[[-80.32744,40.05191],[-80.33043,40.0508],[-80.33442,40.0606],[-80.33424,40.06231],[-80.33331,40.06266],[-80.33236,40.0618],[-80.33192,40.0619],[-80.33246,40.06462],[-80.33178,40.06498],[-80.33221,40.07199],[-80.32963,40.07264],[-80.33148,40.07468],[-80.33455,40.07559],[-80.33483,40.0747],[-80.33749,40.07556],[-80.33994,40.075],[-80.34008,40.07431],[-80.34302,40.07317],[-80.34392,40.0724],[-80.34429,40.07185],[-80.34331,40.0694],[-80.34478,40.06818],[-80.34941,40.06763],[-80.34821,40.07097],[-80.34969,40.07123],[-80.35349,40.07061],[-80.35496,40.0694],[-80.35452,40.06895],[-80.35567,40.06865],[-80.35542,40.06819],[-80.35805,40.06748],[-80.35905,40.06945],[-80.35596,40.06924],[-80.3594,40.07616],[-80.36356,40.07493],[-80.36759,40.07583],[-80.36078,40.06219],[-80.36082,40.06143],[-80.36012,40.06118],[-80.35295,40.06332],[-80.35472,40.06212],[-80.35167,40.05878],[-80.35466,40.05794],[-80.35219,40.05363],[-80.3514,40.05151],[-80.34885,40.04797],[-80.34514,40.04512],[-80.34183,40.04506],[-80.33991,40.04632],[-80.33993,40.04755],[-80.33879,40.04865],[-80.34296,40.05553],[-80.34131,40.05662],[-80.3399,40.05486],[-80.33625,40.05428],[-80.33538,40.05272],[-80.33485,40.05243],[-80.3334,40.0526],[-80.33134,40.05019],[-80.33101,40.04882],[-80.32909,40.04888],[-80.32647,40.0504],[-80.32744,40.05191]]],[[[-80.43442,40.0951],[-80.43495,40.09544],[-80.43689,40.09324],[-80.42988,40.08756],[-80.43272,40.08658],[-80.43423,40.08497],[-80.43273,40.08424],[-80.43677,40.07942],[-80.43764,40.07958],[-80.43913,40.08391],[-80.44378,40.0831],[-80.446,40.07393],[-80.44148,40.0729],[-80.44127,40.07443],[-80.43662,40.07654],[-80.43534,40.07199],[-80.43189,40.07096],[-80.43003,40.07411],[-80.42748,40.07693],[-80.41942,40.07086],[-80.4166,40.07039],[-80.41467,40.07351],[-80.41354,40.07262],[-80.40886,40.0759],[-80.40959,40.07636],[-80.40523,40.0769],[-80.40407,40.07773],[-80.39798,40.07882],[-80.39642,40.08092],[-80.39548,40.08328],[-80.39643,40.08675],[-80.3994,40.08585],[-80.40595,40.08757],[-80.40777,40.08457],[-80.40991,40.08441],[-80.4098,40.08213],[-80.41363,40.07977],[-80.4159,40.08155],[-80.41598,40.08104],[-80.41963,40.08037],[-80.41994,40.08086],[-80.41978,40.08231],[-80.42126,40.0838],[-80.41507,40.08604],[-80.42488,40.09525],[-80.42824,40.09524],[-80.43187,40.09345],[-80.43337,40.09442],[-80.43442,40.0951]]]]},"properties":{"SGL":245,"NAME":"245","ACRES":4043.98599311,"PGC_REGION":2}},{"type":"Feature","geometry":{"type":"MultiPolygon","coordinates":[[[[-79.57065,40.77618],[-79.57175,40.77874],[-79.57779,40.77852],[-79.57762,40.77786],[-79.57806,40.77776],[-79.57672,40.77547],[-79.57868,40.77484],[-79.58031,40.77773],[-79.58098,40.7776],[-79.5814,40.77683],[-79.5851,40.77677],[-79.58504,40.77506],[-79.58736,40.77382],[-79.58715,40.77359],[-79.58901,40.77238],[-79.58867,40.77108],[-79.58884,40.76967],[-79.57896,40.76619],[-79.57824,40.76676],[-79.57208,40.76523],[-79.56938,40.76754],[-79.56937,40.7695],[-79.56714,40.76959],[-79.56734,40.77394],[-79.56911,40.77391],[-79.56905,40.77503],[-79.57014,40.77501],[-79.57065,40.77618]],[[-79.57352,40.76873],[-79.57338,40.76964],[-79.57376,40.77041],[-79.57283,40.77054],[-79.57229,40.76933],[-79.57243,40.76867],[-79.57329,40.76823],[-79.57364,40.76852],[-79.57352,40.76873]]],[[[-79.5273,40.7828],[-79.52658,40.78451],[-79.52819,40.78307],[-79.52945,40.78107],[-79.5282,40.78156],[-79.52616,40.78357],[-79.52614,40.78402],[-79.52732,40.78272],[-79.5273,40.7828]]],[[[-79.52552,40.7851],[-79.52487,40.78527],[-79.52438,40.78595],[-79.52449,40.78673],[-79.5256,40.78555],[-79.52552,40.7851]]]]},"properties":{"SGL":247,"NAME":"247","ACRES":459.47289417,"PGC_REGION":2}},{"type":"Feature","geometry":{"type":"MultiPolygon","coordinates":[[[[-79.06793,40.61087],[-79.06773,40.61123],[-79.07049,40.61566],[-79.06739,40.61678],[-79.06979,40.61845],[-79.06944,40.62138],[-79.06806,40.62177],[-79.06865,40.62258],[-79.06569,40.62487],[-79.06799,40.62453],[-79.06986,40.62342],[-79.07207,40.62092],[-79.07331,40.61822],[-79.07946,40.61487],[-79.08112,40.61312],[-79.0809,40.61292],[-79.08366,40.61085],[-79.08508,40.60905],[-79.08449,40.60762],[-79.08663,40.60767],[-79.0793,40.60603],[-79.07421,40.60785],[-79.07445,40.60842],[-79.07226,40.60913],[-79.07198,40.60844],[-79.06871,40.60885],[-79.06793,40.61087]]],[[[-79.05682,40.63146],[-79.05619,40.63173],[-79.05593,40.6324],[-79.05948,40.63139],[-79.06127,40.63189],[-79.06158,40.63116],[-79.06485,40.6294],[-79.07327,40.62889],[-79.08294,40.62212],[-79.08416,40.62237],[-79.08538,40.62119],[-79.08589,40.62128],[-79.08621,40.62285],[-79.08871,40.62248],[-79.08774,40.62065],[-79.0896,40.61965],[-79.09414,40.6203],[-79.09382,40.61513],[-79.08848,40.61522],[-79.09166,40.6137],[-79.09067,40.61213],[-79.09377,40.60992],[-79.09339,40.60908],[-79.09428,40.60889],[-79.09411,40.60859],[-79.09307,40.60789],[-79.09041,40.60819],[-79.08821,40.6095],[-79.0865,40.61159],[-79.08669,40.61445],[-79.08911,40.61697],[-79.08881,40.61933],[-79.08847,40.61956],[-79.0881,40.61714],[-79.08669,40.61642],[-79.08413,40.61414],[-79.08342,40.61411],[-79.08084,40.61667],[-79.07881,40.61808],[-79.07547,40.61942],[-79.07479,40.62039],[-79.07386,40.62345],[-79.07284,40.62455],[-79.06883,40.62687],[-79.06418,40.627],[-79.06116,40.62762],[-79.06019,40.62835],[-79.05949,40.63019],[-79.05709,40.63134],[-79.05682,40.63146]]]]},"properties":{"SGL":248,"NAME":"248","ACRES":824.95570467,"PGC_REGION":2}},{"type":"Feature","geometry":{"type":"MultiPolygon","coordinates":[[[[-77.16292,39.94016],[-77.16481,39.94551],[-77.18687,39.94102],[-77.18623,39.93901],[-77.18507,39.9376],[-77.18435,39.93522],[-77.18539,39.93543],[-77.18905,39.93429],[-77.18363,39.92828],[-77.18654,39.92488],[-77.18374,39.92328],[-77.17734,39.92605],[-77.18023,39.93455],[-77.18137,39.93421],[-77.18212,39.93597],[-77.18115,39.93639],[-77.18123,39.93665],[-77.18047,39.93686],[-77.18031,39.93638],[-77.17785,39.937],[-77.17584,39.93629],[-77.17347,39.93417],[-77.17109,39.93311],[-77.17095,39.92979],[-77.16892,39.9305],[-77.16916,39.93126],[-77.16771,39.9315],[-77.16791,39.93239],[-77.16481,39.93197],[-77.16376,39.93259],[-77.16353,39.93204],[-77.16014,39.93102],[-77.15352,39.93905],[-77.15413,39.94033],[-77.15679,39.93933],[-77.1581,39.94055],[-77.16272,39.93957],[-77.1629,39.94009],[-77.16292,39.94016]]],[[[-77.11287,39.96613],[-77.11833,39.9604],[-77.11919,39.96093],[-77.12353,39.95439],[-77.11354,39.95038],[-77.11326,39.95117],[-77.10916,39.95433],[-77.1098,39.95583],[-77.11535,39.9595],[-77.1082,39.96369],[-77.10554,39.96272],[-77.10369,39.96455],[-77.11245,39.96793],[-77.11014,39.97147],[-77.10854,39.97095],[-77.10364,39.97714],[-77.10972,39.98214],[-77.11122,39.98101],[-77.11306,39.97652],[-77.1149,39.97612],[-77.11807,39.97246],[-77.11755,39.97218],[-77.11811,39.97121],[-77.11277,39.96625],[-77.1122,39.96687],[-77.11127,39.96644],[-77.11231,39.96538],[-77.11277,39.96625],[-77.11287,39.96613]]],[[[-77.06449,39.98727],[-77.06599,39.99117],[-77.06675,39.99463],[-77.07605,39.99302],[-77.07397,39.98484],[-77.07604,39.98447],[-77.07863,39.98012],[-77.07662,39.97604],[-77.07858,39.97643],[-77.07973,39.9747],[-77.07898,39.97442],[-77.08016,39.97271],[-77.07937,39.97126],[-77.07873,39.97213],[-77.07653,39.97161],[-77.07717,39.97088],[-77.07427,39.96983],[-77.07387,39.97022],[-77.07289,39.96977],[-77.07098,39.97139],[-77.06979,39.97336],[-77.07129,39.97418],[-77.06941,39.97403],[-77.06746,39.97765],[-77.06736,39.98266],[-77.06301,39.98006],[-77.06336,39.9794],[-77.06229,39.97902],[-77.06188,39.97981],[-77.06132,39.98012],[-77.06078,39.97989],[-77.05882,39.98305],[-77.06389,39.98654],[-77.06426,39.98636],[-77.06448,39.98722],[-77.06449,39.98727]]]]},"properties":{"SGL":249,"NAME":"249","ACRES":1960.1612747,"PGC_REGION":4}},{"type":"Feature","geometry":{"type":"Polygon","coordinates":[[[-76.32847,41.64526],[-76.32897,41.6524],[-76.33365,41.65219],[-76.33346,41.65109],[-76.3347,41.65084],[-76.33377,41.64926],[-76.33426,41.64909],[-76.33411,41.64887],[-76.34489,41.6486],[-76.34698,41.64736],[-76.34989,41.64726],[-76.34977,41.64524],[-76.35155,41.64481],[-76.35163,41.64321],[-76.34977,41.64324],[-76.34973,41.64283],[-76.34724,41.64298],[-76.34533,41.6439],[-76.34416,41.644],[-76.33691,41.64392],[-76.33859,41.64313],[-76.33936,41.64133],[-76.33229,41.64172],[-76.33183,41.64116],[-76.33188,41.6403],[-76.33123,41.64032],[-76.33053,41.6413],[-76.31364,41.64203],[-76.31393,41.64287],[-76.3158,41.6428],[-76.31585,41.64375],[-76.31503,41.6438],[-76.3164,41.64508],[-76.31639,41.64609],[-76.31933,41.64521],[-76.32844,41.64487],[-76.32847,41.64526]]]},"properties":{"SGL":250,"NAME":"250","ACRES":440.41576383,"PGC_REGION":5}},{"type":"Feature","geometry":{"type":"MultiPolygon","coordinates":[[[[-77.77001,40.25002],[-77.77506,40.25042],[-77.7766,40.25018],[-77.77617,40.24958],[-77.77811,40.24872],[-77.77847,40.24727],[-77.78151,40.24391],[-77.78313,40.23924],[-77.78268,40.23778],[-77.78337,40.23718],[-77.78282,40.23717],[-77.78502,40.23503],[-77.78266,40.2346],[-77.78347,40.23369],[-77.78125,40.23297],[-77.78388,40.22923],[-77.7881,40.22987],[-77.79144,40.22989],[-77.79334,40.23198],[-77.79519,40.23093],[-77.79741,40.2318],[-77.79528,40.23356],[-77.80003,40.23692],[-77.80331,40.23273],[-77.80612,40.23332],[-77.80773,40.23411],[-77.80716,40.235],[-77.80781,40.23536],[-77.81019,40.23265],[-77.81242,40.23414],[-77.81861,40.22639],[-77.81565,40.22624],[-77.8159,40.22552],[-77.81887,40.22593],[-77.82015,40.22405],[-77.8216,40.22325],[-77.82588,40.2164],[-77.8272,40.21689],[-77.82781,40.21596],[-77.82834,40.21608],[-77.8293,40.21206],[-77.82886,40.21183],[-77.83305,40.20715],[-77.83064,40.20616],[-77.82981,40.20775],[-77.82878,40.20745],[-77.82753,40.2102],[-77.82473,40.2105],[-77.82526,40.20944],[-77.82145,40.20698],[-77.81894,40.20934],[-77.82048,40.21023],[-77.81758,40.21364],[-77.81668,40.21342],[-77.8146,40.21688],[-77.8152,40.21722],[-77.81449,40.21828],[-77.80923,40.21582],[-77.80879,40.21624],[-77.80845,40.21609],[-77.80087,40.22281],[-77.80339,40.22414],[-77.80155,40.22598],[-77.797,40.22835],[-77.7931,40.22486],[-77.79474,40.22297],[-77.79153,40.22226],[-77.79134,40.2225],[-77.78693,40.21991],[-77.78527,40.22023],[-77.78217,40.22009],[-77.77978,40.21851],[-77.78033,40.21757],[-77.7798,40.21736],[-77.78083,40.21566],[-77.78014,40.21548],[-77.77723,40.21695],[-77.76981,40.22584],[-77.77125,40.2263],[-77.77181,40.22607],[-77.7742,40.22724],[-77.77497,40.22694],[-77.77067,40.2318],[-77.7696,40.23122],[-77.76764,40.23093],[-77.76678,40.23265],[-77.76721,40.23434],[-77.76823,40.23455],[-77.7678,40.23585],[-77.77449,40.23942],[-77.7761,40.2396],[-77.77861,40.24084],[-77.7764,40.24308],[-77.77438,40.24194],[-77.7738,40.24331],[-77.77048,40.24067],[-77.76801,40.23976],[-77.76752,40.23821],[-77.7637,40.23794],[-77.7633,40.23841],[-77.76172,40.2382],[-77.76043,40.23709],[-77.75844,40.23838],[-77.75779,40.2432],[-77.75588,40.24245],[-77.75141,40.24638],[-77.75577,40.24969],[-77.75765,40.24852],[-77.75794,40.24713],[-77.75926,40.24511],[-77.76129,40.24304],[-77.76465,40.24546],[-77.76328,40.24654],[-77.76161,40.24544],[-77.75963,40.24789],[-77.75913,40.24762],[-77.75646,40.25023],[-77.75919,40.25156],[-77.7598,40.25055],[-77.76171,40.24971],[-77.76463,40.2526],[-77.76631,40.25316],[-77.76699,40.25148],[-77.76776,40.25154],[-77.7694,40.2498],[-77.7696,40.25],[-77.77001,40.25002]],[[-77.78256,40.23743],[-77.78089,40.23888],[-77.77696,40.2353],[-77.77731,40.2347],[-77.78206,40.23697],[-77.78256,40.23743]],[[-77.82286,40.21655],[-77.82143,40.2157],[-77.82233,40.21462],[-77.82399,40.21545],[-77.82286,40.21655]],[[-77.77856,40.22326],[-77.77808,40.22392],[-77.77889,40.22421],[-77.77692,40.22661],[-77.77503,40.2264],[-77.77742,40.22361],[-77.77682,40.22327],[-77.77723,40.22278],[-77.77796,40.22301],[-77.77856,40.22326]],[[-77.78015,40.22096],[-77.77927,40.22216],[-77.7787,40.22197],[-77.77954,40.22054],[-77.78015,40.22096]]],[[[-77.76935,40.26222],[-77.76572,40.2607],[-77.76477,40.26211],[-77.76273,40.26336],[-77.76168,40.26507],[-77.75829,40.26235],[-77.7623,40.25914],[-77.76572,40.2607],[-77.76628,40.25846],[-77.76609,40.25724],[-77.76558,40.25681],[-77.76664,40.25609],[-77.76453,40.2555],[-77.76364,40.25471],[-77.76187,40.25458],[-77.75857,40.25322],[-77.7581,40.25386],[-77.75943,40.2548],[-77.75722,40.2567],[-77.75815,40.25901],[-77.75549,40.257],[-77.75235,40.2554],[-77.7495,40.25872],[-77.75739,40.2637],[-77.75548,40.26812],[-77.75544,40.27031],[-77.75459,40.2721],[-77.75603,40.27459],[-77.75985,40.27323],[-77.76076,40.2724],[-77.76601,40.27627],[-77.77045,40.27461],[-77.77181,40.2755],[-77.77979,40.26675],[-77.77229,40.26213],[-77.7763,40.25728],[-77.78142,40.26071],[-77.78079,40.26217],[-77.77963,40.26238],[-77.77906,40.26343],[-77.77788,40.26439],[-77.78441,40.26945],[-77.79287,40.25974],[-77.79435,40.25739],[-77.79587,40.25599],[-77.79611,40.25615],[-77.79727,40.25473],[-77.80569,40.24283],[-77.8025,40.24117],[-77.79784,40.24735],[-77.797,40.24809],[-77.7956,40.24758],[-77.79513,40.24921],[-77.79379,40.24721],[-77.79057,40.24579],[-77.7909,40.24507],[-77.79015,40.24443],[-77.78847,40.24608],[-77.78803,40.24735],[-77.78061,40.25381],[-77.78012,40.25359],[-77.77896,40.25484],[-77.77611,40.25314],[-77.77494,40.25431],[-77.77216,40.25379],[-77.76983,40.25559],[-77.7703,40.25682],[-77.77012,40.25744],[-77.77068,40.25752],[-77.7693,40.26239],[-77.76879,40.2621],[-77.76935,40.26222]],[[-77.76479,40.26524],[-77.76284,40.26662],[-77.76264,40.26599],[-77.76437,40.26496],[-77.76479,40.26524]],[[-77.76504,40.26497],[-77.76456,40.26475],[-77.76506,40.26405],[-77.76556,40.26426],[-77.76504,40.26497]],[[-77.76515,40.26401],[-77.76565,40.26324],[-77.767,40.2628],[-77.76697,40.26322],[-77.76635,40.26328],[-77.76557,40.26419],[-77.76515,40.26401]],[[-77.76858,40.26268],[-77.76772,40.26328],[-77.76801,40.26261],[-77.76858,40.26268]],[[-77.76865,40.26364],[-77.76802,40.2638],[-77.76836,40.26328],[-77.76865,40.26364]],[[-77.76695,40.26377],[-77.76615,40.26374],[-77.76697,40.26334],[-77.76695,40.26377]],[[-77.76611,40.26465],[-77.76542,40.2647],[-77.76562,40.26446],[-77.76611,40.26465]],[[-77.76572,40.26519],[-77.76531,40.26569],[-77.76488,40.26537],[-77.76522,40.26495],[-77.76572,40.26519]],[[-77.76524,40.26574],[-77.76344,40.26706],[-77.76293,40.26678],[-77.76481,40.26545],[-77.76524,40.26574]],[[-77.76061,40.26706],[-77.76042,40.26775],[-77.75989,40.26695],[-77.75935,40.26691],[-77.75937,40.26619],[-77.75992,40.26625],[-77.7599,40.26679],[-77.76061,40.26706]],[[-77.76328,40.26731],[-77.76259,40.26739],[-77.76273,40.26711],[-77.76328,40.26731]],[[-77.76199,40.2678],[-77.76163,40.26792],[-77.76127,40.2673],[-77.76176,40.26741],[-77.76199,40.2678]],[[-77.76322,40.26808],[-77.76269,40.26846],[-77.76249,40.26778],[-77.76315,40.26779],[-77.76322,40.26808]],[[-77.76268,40.2667],[-77.76199,40.26676],[-77.76203,40.26645],[-77.76254,40.26649],[-77.76268,40.2667]],[[-77.76859,40.26238],[-77.76806,40.26234],[-77.76861,40.26209],[-77.76859,40.26238]],[[-77.76626,40.26217],[-77.76562,40.26192],[-77.76595,40.26176],[-77.76626,40.26217]]],[[[-77.75487,40.29343],[-77.75337,40.29218],[-77.75683,40.2918],[-77.75784,40.2921],[-77.7584,40.29099],[-77.7664,40.28215],[-77.76311,40.28039],[-77.76286,40.2794],[-77.76075,40.27955],[-77.75833,40.28035],[-77.76059,40.28188],[-77.75994,40.28259],[-77.75955,40.28407],[-77.76152,40.28585],[-77.75886,40.28924],[-77.75287,40.28686],[-77.74391,40.29503],[-77.75047,40.29786],[-77.75347,40.29567],[-77.75487,40.29343]]]]},"properties":{"SGL":251,"NAME":"251","ACRES":4229.46728711,"PGC_REGION":4}},{"type":"Feature","geometry":{"type":"Polygon","coordinates":[[[-76.94395,41.1647],[-76.94991,41.16929],[-76.95027,41.17016],[-76.95097,41.16988],[-76.95139,41.1705],[-76.95078,41.17084],[-76.96503,41.16405],[-76.97226,41.16147],[-76.96911,41.15472],[-76.9712,41.15212],[-76.9697,41.1513],[-76.97209,41.14882],[-76.97018,41.14781],[-76.97284,41.14539],[-76.96903,41.14311],[-76.96889,41.14112],[-76.96811,41.14072],[-76.97434,41.13448],[-76.97177,41.13012],[-76.9734,41.12846],[-76.97288,41.1277],[-76.97306,41.12588],[-76.97099,41.12641],[-76.97018,41.12359],[-76.97172,41.12405],[-76.97178,41.12188],[-76.9694,41.12128],[-76.96572,41.12209],[-76.96358,41.12171],[-76.96273,41.12253],[-76.95746,41.12081],[-76.95717,41.12029],[-76.95639,41.12259],[-76.9546,41.12492],[-76.94699,41.12391],[-76.94043,41.12391],[-76.93872,41.12321],[-76.93769,41.12413],[-76.93633,41.12562],[-76.93631,41.13306],[-76.94396,41.13307],[-76.94395,41.1647]]]},"properties":{"SGL":252,"NAME":"252","ACRES":2904.14591999,"PGC_REGION":3}},{"type":"Feature","geometry":{"type":"Polygon","coordinates":[[[-79.6202,41.48613],[-79.62021,41.4879],[-79.62146,41.49259],[-79.63271,41.49252],[-79.63632,41.48446],[-79.63752,41.48442],[-79.6375,41.48174],[-79.62497,41.48013],[-79.62488,41.47476],[-79.62011,41.47481],[-79.62,41.46685],[-79.61623,41.46689],[-79.61635,41.47494],[-79.61562,41.47494],[-79.6156,41.4762],[-79.61489,41.4762],[-79.61485,41.47496],[-79.61336,41.47499],[-79.6134,41.47612],[-79.61268,41.47606],[-79.61282,41.48314],[-79.6202,41.48312],[-79.6202,41.48502],[-79.6202,41.48613]],[[-79.63184,41.48525],[-79.63052,41.48564],[-79.62927,41.4825],[-79.63025,41.48224],[-79.63184,41.48525]]]},"properties":{"SGL":253,"NAME":"253","ACRES":661.06729487,"PGC_REGION":1}},{"type":"Feature","geometry":{"type":"MultiPolygon","coordinates":[[[[-76.93982,40.46529],[-76.93992,40.46563],[-76.94035,40.46535],[-76.94182,40.46349],[-76.94626,40.46086],[-76.94901,40.45813],[-76.9563,40.45291],[-76.95053,40.45486],[-76.94641,40.45717],[-76.94296,40.46023],[-76.94071,40.46287],[-76.93977,40.46529],[-76.93982,40.46529]]],[[[-76.94962,40.46889],[-76.94905,40.47036],[-76.9511,40.46652],[-76.9508,40.4664],[-76.95145,40.46599],[-76.95104,40.46578],[-76.95149,40.46593],[-76.95197,40.46522],[-76.95165,40.46456],[-76.95006,40.46772],[-76.94962,40.46889]]],[[[-76.93401,40.4716],[-76.93378,40.47271],[-76.93426,40.47275],[-76.93464,40.47074],[-76.93419,40.47071],[-76.93401,40.4716]]],[[[-76.93783,40.47433],[-76.93821,40.47477],[-76.93821,40.47431],[-76.93871,40.4744],[-76.93822,40.47331],[-76.93783,40.47424],[-76.93783,40.47433]]],[[[-76.94181,40.4774],[-76.9433,40.47723],[-76.94469,40.47526],[-76.94545,40.47017],[-76.9475,40.46534],[-76.94778,40.46241],[-76.94436,40.46416],[-76.9419,40.46595],[-76.94019,40.46855],[-76.93974,40.47249],[-76.94182,40.47651],[-76.94186,40.47733],[-76.94181,40.4774]]],[[[-76.94202,40.47782],[-76.94169,40.47872],[-76.94224,40.47835],[-76.94214,40.47781],[-76.94202,40.47782]]],[[[-76.94301,40.47748],[-76.94255,40.47795],[-76.94281,40.47911],[-76.94306,40.47747],[-76.94301,40.47748]]],[[[-76.9422,40.47868],[-76.94181,40.47993],[-76.9425,40.48107],[-76.94276,40.47947],[-76.94228,40.47867],[-76.9422,40.47868]]],[[[-76.94307,40.48097],[-76.9431,40.48166],[-76.94308,40.48091],[-76.94307,40.48097]]],[[[-76.93829,40.48126],[-76.93903,40.48326],[-76.93938,40.48314],[-76.93841,40.48126],[-76.93829,40.48126]]],[[[-76.94152,40.48317],[-76.94165,40.48376],[-76.94152,40.48313],[-76.94152,40.48317]]],[[[-76.94117,40.48372],[-76.94114,40.48419],[-76.9412,40.48361],[-76.94117,40.48372]]],[[[-76.94024,40.4843],[-76.94059,40.4843],[-76.94085,40.4821],[-76.94046,40.48162],[-76.93971,40.47768],[-76.9399,40.47712],[-76.93886,40.47487],[-76.93835,40.47576],[-76.93804,40.4794],[-76.93972,40.48273],[-76.93944,40.48387],[-76.94013,40.48429],[-76.94024,40.4843]]],[[[-76.94395,40.4846],[-76.94445,40.48455],[-76.94277,40.48174],[-76.94382,40.48449],[-76.94395,40.4846]]],[[[-76.96802,40.49451],[-76.9698,40.49284],[-76.97225,40.49446],[-76.97316,40.4939],[-76.98447,40.49379],[-76.98425,40.48838],[-76.97003,40.48981],[-76.97126,40.48735],[-76.96541,40.4881],[-76.96999,40.48624],[-76.96858,40.48316],[-76.96866,40.48247],[-76.95677,40.48492],[-76.95176,40.48687],[-76.95302,40.4878],[-76.95233,40.48797],[-76.95299,40.48892],[-76.95584,40.4908],[-76.96014,40.49218],[-76.96368,40.49389],[-76.96469,40.49379],[-76.966,40.49424],[-76.96702,40.49363],[-76.96802,40.49451]]],[[[-76.98335,40.50874],[-76.98446,40.50851],[-76.98363,40.50777],[-76.98382,40.50723],[-76.98344,40.50725],[-76.98295,40.50633],[-76.98364,40.50622],[-76.9835,40.50484],[-76.98076,40.50388],[-76.98092,40.50432],[-76.98043,40.50458],[-76.98259,40.50656],[-76.98335,40.50874]]],[[[-76.99381,40.52471],[-76.99375,40.52557],[-76.99333,40.52568],[-76.99356,40.52773],[-76.99446,40.52797],[-76.99593,40.52753],[-76.99592,40.52697],[-76.99904,40.52593],[-76.99853,40.52425],[-77.0024,40.52376],[-77.0026,40.52475],[-77.00484,40.52432],[-77.00471,40.52384],[-77.00944,40.52203],[-77.00673,40.51616],[-76.98813,40.51786],[-76.98645,40.52002],[-76.98617,40.52425],[-76.99201,40.52392],[-76.99381,40.52471]],[[-76.99251,40.5196],[-76.99277,40.51999],[-76.99119,40.52039],[-76.99103,40.5198],[-76.99246,40.51951],[-76.99251,40.5196]]]]},"properties":{"SGL":254,"NAME":"254","ACRES":1162.90314948,"PGC_REGION":4}},{"type":"Feature","geometry":{"type":"Polygon","coordinates":[[[-77.49532,41.09036],[-77.48826,41.09438],[-77.48331,41.09643],[-77.48594,41.0999],[-77.49039,41.09858],[-77.49013,41.0981],[-77.50229,41.09025],[-77.50463,41.09163],[-77.5172,41.08574],[-77.5278,41.08228],[-77.52664,41.08115],[-77.5378,41.07732],[-77.54045,41.07955],[-77.54336,41.07829],[-77.54411,41.07941],[-77.54577,41.07923],[-77.54777,41.08237],[-77.55433,41.07707],[-77.55141,41.07458],[-77.55275,41.07355],[-77.54642,41.06658],[-77.55111,41.06364],[-77.55481,41.06794],[-77.5587,41.06587],[-77.56105,41.06866],[-77.56345,41.06655],[-77.56729,41.0643],[-77.56688,41.06394],[-77.56771,41.06345],[-77.56812,41.06383],[-77.57022,41.06267],[-77.56685,41.05935],[-77.56825,41.05793],[-77.58139,41.04947],[-77.57707,41.04743],[-77.56492,41.05454],[-77.56018,41.05],[-77.54605,41.05838],[-77.54572,41.05945],[-77.54367,41.05963],[-77.52893,41.0689],[-77.53038,41.06979],[-77.52836,41.07145],[-77.52266,41.07481],[-77.52022,41.07566],[-77.52039,41.07591],[-77.51443,41.07866],[-77.50585,41.08208],[-77.50823,41.08412],[-77.49608,41.0899],[-77.49532,41.09036]]]},"properties":{"SGL":255,"NAME":"255","ACRES":2220.94610672,"PGC_REGION":3}},{"type":"Feature","geometry":{"type":"MultiPolygon","coordinates":[[[[-75.96623,40.78575],[-75.9664,40.78613],[-75.96583,40.7862],[-75.9669,40.79016],[-75.96799,40.78983],[-75.96758,40.78706],[-75.97011,40.78528],[-75.96712,40.78094],[-75.97656,40.77459],[-75.98554,40.77014],[-75.98752,40.77212],[-76.00323,40.76275],[-76.01361,40.75398],[-76.01348,40.75314],[-76.00675,40.74773],[-76.00389,40.74983],[-75.99759,40.74483],[-75.99051,40.75176],[-75.98873,40.74964],[-75.98569,40.74873],[-75.98412,40.75078],[-75.98286,40.7513],[-75.98315,40.75306],[-75.9826,40.75561],[-75.98517,40.75679],[-75.99191,40.76096],[-75.98166,40.77045],[-75.97126,40.76369],[-75.96363,40.76339],[-75.95817,40.76372],[-75.95987,40.77026],[-75.95942,40.77212],[-75.9586,40.77231],[-75.95876,40.77356],[-75.95809,40.77363],[-75.96111,40.77567],[-75.96213,40.77686],[-75.9624,40.77823],[-75.96166,40.78052],[-75.96178,40.78129],[-75.96251,40.78202],[-75.96299,40.7814],[-75.96581,40.78239],[-75.9657,40.78503],[-75.96522,40.78519],[-75.96552,40.78564],[-75.96618,40.78564],[-75.96623,40.78575]]],[[[-75.89842,40.79533],[-75.89623,40.79608],[-75.89722,40.79774],[-75.8999,40.79695],[-75.9006,40.79612],[-75.90501,40.79463],[-75.90665,40.79355],[-75.90752,40.79405],[-75.90849,40.79395],[-75.91119,40.79263],[-75.91649,40.79178],[-75.92375,40.78864],[-75.92581,40.78811],[-75.92705,40.7868],[-75.92907,40.78698],[-75.93164,40.78609],[-75.93422,40.79063],[-75.95631,40.78307],[-75.95893,40.78058],[-75.95514,40.7749],[-75.95627,40.77424],[-75.95529,40.772],[-75.95529,40.76842],[-75.95328,40.76854],[-75.95203,40.76659],[-75.94422,40.7699],[-75.94551,40.77171],[-75.94298,40.77323],[-75.94392,40.77488],[-75.9385,40.7748],[-75.93871,40.76841],[-75.93731,40.76698],[-75.93799,40.76864],[-75.92925,40.7729],[-75.936,40.77967],[-75.92902,40.78286],[-75.90991,40.7837],[-75.90921,40.77905],[-75.90601,40.77889],[-75.90606,40.77942],[-75.90113,40.78087],[-75.90154,40.78166],[-75.89986,40.78255],[-75.90013,40.7835],[-75.89982,40.78392],[-75.89297,40.7841],[-75.89246,40.78356],[-75.89317,40.78486],[-75.89404,40.79054],[-75.89452,40.79052],[-75.89842,40.79533]]]]},"properties":{"SGL":257,"NAME":"257","ACRES":3426.03298023,"PGC_REGION":6}},{"type":"Feature","geometry":{"type":"MultiPolygon","coordinates":[[[[-76.96044,40.58326],[-76.95847,40.58424],[-76.95803,40.58577],[-76.95942,40.58505],[-76.96179,40.58268],[-76.96044,40.58326]]],[[[-76.95733,40.5859],[-76.95715,40.58669],[-76.9575,40.5857],[-76.95733,40.5859]]],[[[-76.95407,40.58557],[-76.95379,40.58676],[-76.95528,40.58544],[-76.95527,40.58495],[-76.95407,40.58557]]],[[[-76.9599,40.58528],[-76.95857,40.58666],[-76.96007,40.58582],[-76.9604,40.58492],[-76.9599,40.58528]]],[[[-76.95602,40.58538],[-76.95548,40.58706],[-76.95598,40.58753],[-76.95666,40.58633],[-76.95684,40.58479],[-76.95602,40.58538]]],[[[-76.95229,40.58698],[-76.95172,40.58794],[-76.95302,40.58691],[-76.9532,40.58633],[-76.95229,40.58698]]],[[[-76.95267,40.58755],[-76.95194,40.58897],[-76.95226,40.58979],[-76.95333,40.58827],[-76.95327,40.58699],[-76.95267,40.58755]]],[[[-76.95423,40.58709],[-76.95436,40.58917],[-76.95382,40.58997],[-76.95391,40.59069],[-76.95512,40.58833],[-76.95512,40.58606],[-76.95423,40.58709]]],[[[-76.95218,40.59004],[-76.95128,40.59098],[-76.95142,40.59164],[-76.95256,40.58987],[-76.95218,40.59004]]],[[[-76.95355,40.58863],[-76.95286,40.58989],[-76.95293,40.59051],[-76.95141,40.59242],[-76.95102,40.59338],[-76.95141,40.59387],[-76.95338,40.5909],[-76.95379,40.58831],[-76.95355,40.58863]]],[[[-76.95119,40.58838],[-76.94935,40.59202],[-76.94921,40.59386],[-76.94958,40.59483],[-76.95036,40.59369],[-76.95098,40.5904],[-76.95169,40.58949],[-76.95159,40.58836],[-76.95119,40.58838]]],[[[-76.94951,40.58941],[-76.94574,40.59378],[-76.94486,40.59559],[-76.94534,40.60011],[-76.94748,40.59875],[-76.94946,40.59526],[-76.94879,40.59413],[-76.94873,40.59316],[-76.9491,40.59132],[-76.9506,40.58851],[-76.94951,40.58941]]],[[[-76.95448,40.59992],[-76.95498,40.60025],[-76.95596,40.59817],[-76.95557,40.59807],[-76.95448,40.59992]]],[[[-76.94375,40.59914],[-76.94351,40.60149],[-76.94415,40.60056],[-76.94399,40.5988],[-76.94375,40.59914]]],[[[-76.94613,40.59971],[-76.94533,40.60052],[-76.94494,40.6018],[-76.94786,40.59884],[-76.94613,40.59971]]],[[[-76.96089,40.61578],[-76.96462,40.61366],[-76.96619,40.61562],[-76.97066,40.61431],[-76.96982,40.61084],[-76.96574,40.60689],[-76.96752,40.60597],[-76.96555,40.60417],[-76.96786,40.60361],[-76.96596,40.60073],[-76.95993,40.59388],[-76.95739,40.59677],[-76.95596,40.59911],[-76.95455,40.603],[-76.95584,40.60356],[-76.95584,40.60388],[-76.95438,40.60355],[-76.95375,40.60626],[-76.95371,40.60901],[-76.95432,40.6114],[-76.95314,40.6114],[-76.95312,40.61319],[-76.95595,40.61351],[-76.95691,40.61564],[-76.95733,40.61564],[-76.96089,40.61578]],[[-76.95565,40.61252],[-76.95423,40.61276],[-76.95414,40.61153],[-76.95546,40.6119],[-76.95565,40.61252]]],[[[-76.95047,40.60428],[-76.94912,40.60602],[-76.94838,40.60849],[-76.94702,40.60976],[-76.94566,40.61308],[-76.94547,40.61609],[-76.94629,40.61886],[-76.94651,40.62238],[-76.94893,40.62206],[-76.95012,40.62058],[-76.95062,40.6183],[-76.9499,40.61744],[-76.95082,40.61026],[-76.95034,40.60676],[-76.95071,40.60425],[-76.95047,40.60428]]],[[[-76.94688,40.62268],[-76.94614,40.62409],[-76.94674,40.624],[-76.94846,40.62258],[-76.94688,40.62268]]],[[[-76.94703,40.62654],[-76.94501,40.62979],[-76.95031,40.6253],[-76.95106,40.62158],[-76.95005,40.62277],[-76.94811,40.62381],[-76.9459,40.62729],[-76.94694,40.62631],[-76.94703,40.62654]]]]},"properties":{"SGL":258,"NAME":"258","ACRES":855.33538,"PGC_REGION":4}},{"type":"Feature","geometry":{"type":"Polygon","coordinates":[[[-79.62793,40.90915],[-79.62809,40.91091],[-79.63284,40.91088],[-79.63407,40.90755],[-79.63945,40.90612],[-79.64898,40.90608],[-79.64891,40.90406],[-79.63822,40.90396],[-79.63825,40.89223],[-79.63214,40.89191],[-79.63215,40.89095],[-79.63075,40.89107],[-79.63027,40.89588],[-79.632,40.89596],[-79.63195,40.89884],[-79.63072,40.89926],[-79.63034,40.90553],[-79.63115,40.90621],[-79.62957,40.9076],[-79.62993,40.90831],[-79.62912,40.90893],[-79.62866,40.90836],[-79.6279,40.90879],[-79.62793,40.90915]],[[-79.63345,40.90527],[-79.63147,40.90578],[-79.63151,40.90513],[-79.63319,40.90487],[-79.63345,40.90527]]]},"properties":{"SGL":259,"NAME":"259","ACRES":349.48361273,"PGC_REGION":2}},{"type":"Feature","geometry":{"type":"MultiPolygon","coordinates":[[[[-76.24387,41.14396],[-76.24597,41.14369],[-76.24851,41.1416],[-76.2495,41.14141],[-76.24789,41.13868],[-76.24521,41.13914],[-76.2421,41.14087],[-76.24387,41.14396]]],[[[-76.17795,41.16107],[-76.17855,41.16231],[-76.17973,41.16194],[-76.1787,41.16024],[-76.1938,41.15264],[-76.18847,41.14706],[-76.18159,41.14928],[-76.17762,41.14305],[-76.18638,41.14025],[-76.18595,41.13961],[-76.19604,41.13889],[-76.19521,41.12398],[-76.16773,41.12465],[-76.16786,41.12931],[-76.16126,41.12954],[-76.16077,41.12225],[-76.15353,41.12259],[-76.15335,41.11613],[-76.15007,41.11653],[-76.1507,41.12655],[-76.14959,41.13001],[-76.14487,41.13111],[-76.14538,41.13464],[-76.14582,41.13497],[-76.1455,41.13498],[-76.14562,41.13573],[-76.14603,41.13564],[-76.14612,41.13645],[-76.14661,41.1364],[-76.14672,41.13691],[-76.14753,41.13679],[-76.14775,41.13828],[-76.14924,41.13842],[-76.14782,41.13893],[-76.14898,41.14214],[-76.1473,41.14247],[-76.14813,41.14426],[-76.14899,41.1456],[-76.14994,41.14582],[-76.15039,41.14656],[-76.15618,41.15055],[-76.15832,41.14979],[-76.15802,41.14934],[-76.15883,41.14909],[-76.15906,41.14951],[-76.1608,41.14892],[-76.16102,41.14928],[-76.16168,41.14905],[-76.16146,41.14869],[-76.16181,41.149],[-76.16247,41.14877],[-76.16225,41.14841],[-76.16331,41.14807],[-76.16367,41.14846],[-76.1675,41.1477],[-76.1683,41.14925],[-76.16428,41.14998],[-76.15837,41.15201],[-76.16009,41.15303],[-76.1559,41.15612],[-76.15602,41.157],[-76.15822,41.1558],[-76.176,41.16144],[-76.17716,41.16086],[-76.17738,41.16134],[-76.17794,41.16106],[-76.17795,41.16107]],[[-76.17303,41.14858],[-76.17269,41.14856],[-76.17304,41.1477],[-76.17463,41.14729],[-76.17395,41.14769],[-76.17407,41.14806],[-76.17306,41.14844],[-76.17303,41.14858]],[[-76.15336,41.13976],[-76.15239,41.14004],[-76.15234,41.13906],[-76.15329,41.13889],[-76.15336,41.13976]],[[-76.15256,41.13778],[-76.1523,41.13825],[-76.15149,41.13845],[-76.15147,41.13798],[-76.15097,41.13803],[-76.15087,41.13631],[-76.15137,41.13628],[-76.15134,41.13559],[-76.15468,41.13553],[-76.15478,41.13767],[-76.15425,41.13754],[-76.15256,41.13778]]]]},"properties":{"SGL":260,"NAME":"260","ACRES":3099.34302548,"PGC_REGION":5}},{"type":"Feature","geometry":{"type":"Polygon","coordinates":[[[-78.26342,40.12883],[-78.26332,40.13015],[-78.26406,40.1288],[-78.26613,40.12933],[-78.26934,40.12278],[-78.27083,40.12157],[-78.27212,40.12109],[-78.27195,40.12078],[-78.27241,40.12039],[-78.27129,40.11462],[-78.27353,40.11451],[-78.27535,40.1124],[-78.27696,40.11204],[-78.27561,40.10717],[-78.27897,40.10354],[-78.28127,40.10515],[-78.282,40.10642],[-78.28686,40.10063],[-78.28851,40.09511],[-78.2885,40.09223],[-78.27436,40.09705],[-78.26632,40.0873],[-78.26122,40.08963],[-78.25368,40.09421],[-78.25286,40.09522],[-78.25486,40.09737],[-78.23733,40.10261],[-78.2354,40.10364],[-78.22954,40.11107],[-78.23296,40.11802],[-78.23161,40.12021],[-78.23027,40.12017],[-78.22976,40.11968],[-78.23027,40.1214],[-78.23144,40.12187],[-78.23182,40.12259],[-78.23109,40.12281],[-78.23266,40.12397],[-78.23502,40.1246],[-78.23705,40.12445],[-78.24041,40.12316],[-78.2392,40.12719],[-78.24056,40.12813],[-78.25023,40.11975],[-78.24887,40.12392],[-78.25115,40.12767],[-78.25316,40.12906],[-78.25364,40.12937],[-78.25834,40.12782],[-78.25931,40.12782],[-78.25962,40.12843],[-78.26268,40.1277],[-78.2635,40.12843],[-78.26342,40.12883]],[[-78.24371,40.12235],[-78.24335,40.12231],[-78.24355,40.12197],[-78.24402,40.1224],[-78.24371,40.12235]],[[-78.24047,40.12277],[-78.24116,40.12278],[-78.24066,40.12297],[-78.24047,40.12277]]]},"properties":{"SGL":261,"NAME":"261","ACRES":3220.3816211,"PGC_REGION":4}},{"type":"Feature","geometry":{"type":"Polygon","coordinates":[[[-79.61551,41.97006],[-79.6191,41.97078],[-79.62199,41.96781],[-79.62445,41.96614],[-79.62349,41.95737],[-79.62116,41.95764],[-79.62106,41.95653],[-79.6234,41.95625],[-79.62358,41.94762],[-79.61931,41.94788],[-79.61925,41.94451],[-79.61682,41.94455],[-79.6168,41.94269],[-79.61378,41.9427],[-79.61368,41.94433],[-79.60514,41.94417],[-79.60508,41.94718],[-79.60789,41.94753],[-79.60779,41.9503],[-79.6085,41.9503],[-79.60872,41.95245],[-79.61166,41.95214],[-79.61167,41.95259],[-79.61428,41.95243],[-79.61391,41.95627],[-79.61651,41.95598],[-79.61646,41.95709],[-79.61715,41.95701],[-79.61715,41.96093],[-79.618,41.96087],[-79.618,41.96347],[-79.61542,41.96358],[-79.61548,41.95719],[-79.60839,41.95798],[-79.60852,41.9604],[-79.61119,41.96019],[-79.61112,41.96342],[-79.61239,41.96327],[-79.61242,41.96397],[-79.61361,41.96386],[-79.61339,41.96829],[-79.61472,41.96812],[-79.61551,41.97006]],[[-79.62104,41.95751],[-79.61983,41.95764],[-79.61961,41.9567],[-79.62096,41.95654],[-79.62104,41.95751]]]},"properties":{"SGL":263,"NAME":"263","ACRES":671.04869497,"PGC_REGION":1}},{"type":"Feature","geometry":{"type":"MultiPolygon","coordinates":[[[[-76.96343,40.54763],[-76.96381,40.54942],[-76.96529,40.54896],[-76.96421,40.54736],[-76.96343,40.54763]]],[[[-76.96382,40.54951],[-76.96433,40.5512],[-76.96634,40.55083],[-76.96539,40.54905],[-76.96382,40.54951]]],[[[-76.69107,40.56943],[-76.69108,40.56993],[-76.69279,40.56996],[-76.69284,40.56954],[-76.69353,40.56924],[-76.69485,40.5693],[-76.69543,40.56886],[-76.69107,40.56876],[-76.69107,40.56943]]],[[[-76.644,40.57615],[-76.64436,40.5765],[-76.64537,40.57649],[-76.64794,40.57587],[-76.64787,40.57561],[-76.65001,40.57501],[-76.65123,40.57401],[-76.65136,40.57341],[-76.65235,40.57365],[-76.65294,40.57324],[-76.65288,40.57261],[-76.65344,40.57248],[-76.65438,40.57399],[-76.65522,40.57393],[-76.65498,40.57333],[-76.65848,40.57321],[-76.6587,40.57267],[-76.65939,40.57262],[-76.65968,40.57319],[-76.66091,40.5734],[-76.66199,40.57322],[-76.66287,40.57283],[-76.66237,40.57234],[-76.66352,40.57204],[-76.66323,40.5706],[-76.64666,40.57311],[-76.64715,40.57571],[-76.64477,40.57503],[-76.64285,40.575],[-76.64292,40.57609],[-76.6435,40.57597],[-76.644,40.57615]]],[[[-76.61787,40.57826],[-76.61972,40.57755],[-76.62022,40.57795],[-76.62015,40.57634],[-76.6173,40.57677],[-76.61728,40.57811],[-76.61787,40.57809],[-76.61787,40.57826]]],[[[-76.62047,40.60995],[-76.61312,40.6112],[-76.61478,40.6169],[-76.62254,40.61538],[-76.62075,40.60991],[-76.62047,40.60995]]],[[[-76.65202,40.61563],[-76.65297,40.61832],[-76.65179,40.61462],[-76.65099,40.60996],[-76.65418,40.60952],[-76.65596,40.61369],[-76.65749,40.61347],[-76.65571,40.60926],[-76.66713,40.60757],[-76.66642,40.60589],[-76.67074,40.60531],[-76.67393,40.60352],[-76.67483,40.60636],[-76.67799,40.60536],[-76.67601,40.60036],[-76.68409,40.59788],[-76.68493,40.59953],[-76.68677,40.59898],[-76.68751,40.60253],[-76.69134,40.60458],[-76.69116,40.60403],[-76.69162,40.60383],[-76.69325,40.60381],[-76.6935,40.60462],[-76.69533,40.60454],[-76.69552,40.60393],[-76.69598,40.6039],[-76.69597,40.60456],[-76.6965,40.60459],[-76.6968,40.60294],[-76.70055,40.60227],[-76.70044,40.6037],[-76.70199,40.60354],[-76.70235,40.59901],[-76.71033,40.59751],[-76.7099,40.60044],[-76.71195,40.60034],[-76.7121,40.60074],[-76.71137,40.60066],[-76.71093,40.60243],[-76.71203,40.60469],[-76.71524,40.6035],[-76.71539,40.60247],[-76.71654,40.60255],[-76.7162,40.59622],[-76.71315,40.59706],[-76.71092,40.59365],[-76.71773,40.59241],[-76.71043,40.59245],[-76.6971,40.5953],[-76.69675,40.59424],[-76.70438,40.59276],[-76.70472,40.59367],[-76.71049,40.59227],[-76.7181,40.59232],[-76.72196,40.59188],[-76.73254,40.58793],[-76.73397,40.59053],[-76.73578,40.58985],[-76.73422,40.58732],[-76.73591,40.58675],[-76.73717,40.5889],[-76.73805,40.58861],[-76.73973,40.58798],[-76.73855,40.58591],[-76.7484,40.58224],[-76.75021,40.58612],[-76.75284,40.58488],[-76.75219,40.58336],[-76.75619,40.58077],[-76.76121,40.57826],[-76.7598,40.57751],[-76.74715,40.57655],[-76.74707,40.57739],[-76.74093,40.57665],[-76.7414,40.57393],[-76.73371,40.57347],[-76.73674,40.56884],[-76.72422,40.56951],[-76.71486,40.57067],[-76.71423,40.5709],[-76.71493,40.57198],[-76.71382,40.57242],[-76.71312,40.57136],[-76.70996,40.57252],[-76.70701,40.57275],[-76.70323,40.57653],[-76.70283,40.58047],[-76.70134,40.58038],[-76.70113,40.58153],[-76.69986,40.5815],[-76.70005,40.58032],[-76.69801,40.58011],[-76.69747,40.57754],[-76.69629,40.57636],[-76.69429,40.57589],[-76.69377,40.57742],[-76.69384,40.5768],[-76.69037,40.57606],[-76.69014,40.57664],[-76.68626,40.5756],[-76.68628,40.57592],[-76.67857,40.5763],[-76.68274,40.57408],[-76.67768,40.57628],[-76.67511,40.5764],[-76.67522,40.5769],[-76.66223,40.57773],[-76.65706,40.57763],[-76.65709,40.57994],[-76.64914,40.57998],[-76.64817,40.58177],[-76.64038,40.58196],[-76.64069,40.58591],[-76.62299,40.58658],[-76.62295,40.58624],[-76.61851,40.58513],[-76.61662,40.58526],[-76.61642,40.58414],[-76.61389,40.58431],[-76.61376,40.58339],[-76.61281,40.58434],[-76.61278,40.58408],[-76.61199,40.5842],[-76.61196,40.58352],[-76.61176,40.5841],[-76.60983,40.58469],[-76.60988,40.58366],[-76.608,40.58378],[-76.60776,40.58265],[-76.60787,40.5842],[-76.60492,40.5845],[-76.60509,40.58147],[-76.60467,40.5846],[-76.5963,40.58487],[-76.59645,40.58575],[-76.58602,40.58636],[-76.58942,40.5885],[-76.58724,40.58896],[-76.58864,40.5933],[-76.59297,40.5929],[-76.59667,40.60338],[-76.60535,40.60153],[-76.60863,40.61151],[-76.62261,40.60929],[-76.62776,40.61244],[-76.6385,40.61109],[-76.63926,40.61373],[-76.64626,40.61183],[-76.64985,40.61173],[-76.65122,40.61583],[-76.65198,40.61548],[-76.65202,40.61563]],[[-76.61092,40.59202],[-76.60923,40.59197],[-76.60922,40.59159],[-76.60496,40.5918],[-76.61096,40.59097],[-76.61185,40.59116],[-76.61185,40.59144],[-76.61092,40.59138],[-76.61092,40.59202]]]]},"properties":{"SGL":264,"NAME":"264","ACRES":9017.1245766,"PGC_REGION":6}},{"type":"Feature","geometry":{"type":"Polygon","coordinates":[[[-79.48991,39.78597],[-79.4902,39.7861],[-79.49646,39.78037],[-79.49532,39.7786],[-79.496,39.77747],[-79.49531,39.77728],[-79.49566,39.77605],[-79.49506,39.77583],[-79.49415,39.77674],[-79.48345,39.77635],[-79.48391,39.77356],[-79.4812,39.77253],[-79.48194,39.77156],[-79.47966,39.77079],[-79.47886,39.77224],[-79.47558,39.77015],[-79.47302,39.76954],[-79.47286,39.77362],[-79.4716,39.77365],[-79.47095,39.77552],[-79.47287,39.77627],[-79.47566,39.78371],[-79.47786,39.78429],[-79.47978,39.78262],[-79.48991,39.78597]]]},"properties":{"SGL":265,"NAME":"265","ACRES":521.56771221,"PGC_REGION":2}},{"type":"Feature","geometry":{"type":"MultiPolygon","coordinates":[[[[-79.26263,41.16177],[-79.26588,41.16166],[-79.26602,41.1589],[-79.27321,41.15864],[-79.27292,41.149],[-79.26826,41.1494],[-79.26803,41.15062],[-79.26693,41.15044],[-79.26682,41.15695],[-79.25595,41.15666],[-79.25585,41.16156],[-79.26263,41.16177]]],[[[-79.2103,41.17245],[-79.21024,41.17371],[-79.21306,41.17114],[-79.21579,41.1701],[-79.21026,41.16997],[-79.2103,41.16613],[-79.19469,41.16605],[-79.19474,41.17259],[-79.2103,41.17239],[-79.2103,41.17245]],[[-79.20797,41.16941],[-79.20625,41.16943],[-79.20596,41.16835],[-79.20794,41.16828],[-79.20797,41.16941]]]]},"properties":{"SGL":266,"NAME":"266","ACRES":492.89897245,"PGC_REGION":1}},{"type":"Feature","geometry":{"type":"Polygon","coordinates":[[[-78.4463,40.57555],[-78.44962,40.57927],[-78.45774,40.57562],[-78.47273,40.5553],[-78.48052,40.55526],[-78.4788,40.55368],[-78.47734,40.55001],[-78.47615,40.55088],[-78.47236,40.54976],[-78.47038,40.54821],[-78.46747,40.54804],[-78.46656,40.54837],[-78.4652,40.55006],[-78.46276,40.54956],[-78.46269,40.54652],[-78.45617,40.5428],[-78.45523,40.54342],[-78.45523,40.54524],[-78.45311,40.55067],[-78.45332,40.55157],[-78.45238,40.553],[-78.46269,40.55544],[-78.46275,40.55777],[-78.45397,40.55801],[-78.45948,40.56519],[-78.45307,40.56798],[-78.45356,40.56943],[-78.45174,40.56979],[-78.45077,40.56864],[-78.44989,40.56908],[-78.44453,40.5685],[-78.44444,40.56941],[-78.44271,40.56932],[-78.44279,40.56841],[-78.44052,40.56882],[-78.44403,40.573],[-78.4463,40.57555]],[[-78.45211,40.57448],[-78.4526,40.57448],[-78.45261,40.57531],[-78.45158,40.57529],[-78.45158,40.57448],[-78.45211,40.57448]],[[-78.45207,40.57189],[-78.45152,40.57178],[-78.45206,40.57177],[-78.45207,40.57189]],[[-78.45201,40.57065],[-78.45208,40.57108],[-78.45151,40.57136],[-78.45152,40.5702],[-78.45201,40.57019],[-78.45201,40.57065]],[[-78.45127,40.57092],[-78.45088,40.57067],[-78.45127,40.57092]]]},"properties":{"SGL":267,"NAME":"267","ACRES":1044.45927064,"PGC_REGION":2}},{"type":"Feature","geometry":{"type":"MultiPolygon","coordinates":[[[[-77.10308,41.61335],[-77.10762,41.61331],[-77.10285,41.60818],[-77.10308,41.61335]]],[[[-77.33723,41.64096],[-77.34361,41.6411],[-77.34368,41.64494],[-77.34843,41.64496],[-77.3484,41.64449],[-77.35579,41.64448],[-77.3557,41.64217],[-77.36961,41.64213],[-77.36964,41.63841],[-77.36118,41.63848],[-77.36124,41.63273],[-77.36599,41.63279],[-77.36554,41.6291],[-77.36418,41.62465],[-77.36467,41.62339],[-77.36615,41.62147],[-77.368,41.62036],[-77.36335,41.61145],[-77.36227,41.60817],[-77.3612,41.60819],[-77.36111,41.60143],[-77.33083,41.60171],[-77.33116,41.63305],[-77.33669,41.6331],[-77.33692,41.63641],[-77.33723,41.64096]]]]},"properties":{"SGL":268,"NAME":"268","ACRES":3048.89705169,"PGC_REGION":3}},{"type":"Feature","geometry":{"type":"MultiPolygon","coordinates":[[[[-80.21223,41.78713],[-80.21323,41.78786],[-80.21699,41.78783],[-80.21705,41.7827],[-80.20803,41.7828],[-80.20809,41.78413],[-80.20862,41.78474],[-80.21365,41.78432],[-80.21223,41.78713]]],[[[-80.21877,41.79715],[-80.21892,41.79755],[-80.22358,41.7976],[-80.22356,41.79807],[-80.22681,41.79806],[-80.22684,41.79773],[-80.22954,41.79764],[-80.22971,41.79615],[-80.23614,41.79626],[-80.23609,41.79504],[-80.23641,41.79477],[-80.23561,41.79401],[-80.23657,41.7936],[-80.23769,41.79406],[-80.23775,41.7934],[-80.23678,41.7934],[-80.23671,41.79264],[-80.23575,41.79285],[-80.23547,41.79254],[-80.23645,41.79106],[-80.23753,41.7911],[-80.23754,41.7907],[-80.23674,41.79026],[-80.23711,41.7898],[-80.23913,41.78988],[-80.23947,41.78959],[-80.23961,41.78855],[-80.23898,41.78837],[-80.23908,41.78797],[-80.2418,41.78722],[-80.24171,41.78544],[-80.24134,41.78503],[-80.23989,41.78492],[-80.24081,41.7843],[-80.23964,41.78386],[-80.23898,41.78453],[-80.23464,41.78424],[-80.23399,41.7866],[-80.23081,41.78655],[-80.23088,41.78714],[-80.2283,41.78754],[-80.22838,41.78554],[-80.22559,41.78571],[-80.2256,41.78657],[-80.22479,41.78663],[-80.22468,41.78566],[-80.22248,41.78546],[-80.22241,41.78795],[-80.22039,41.78824],[-80.22106,41.79079],[-80.2179,41.79084],[-80.21825,41.79284],[-80.21634,41.79279],[-80.21864,41.7969],[-80.21877,41.79715]]],[[[-80.23695,41.80659],[-80.23792,41.8073],[-80.23785,41.80325],[-80.2479,41.80338],[-80.24791,41.79978],[-80.23689,41.79955],[-80.23639,41.80062],[-80.23698,41.80068],[-80.23714,41.80115],[-80.23631,41.80126],[-80.23593,41.80326],[-80.23337,41.80321],[-80.23395,41.80405],[-80.2336,41.80476],[-80.2345,41.80546],[-80.23505,41.80726],[-80.2355,41.80732],[-80.23556,41.80669],[-80.23607,41.80706],[-80.23679,41.80653],[-80.23695,41.80659]]]]},"properties":{"SGL":269,"NAME":"269","ACRES":683.16792001,"PGC_REGION":1}},{"type":"Feature","geometry":{"type":"MultiPolygon","coordinates":[[[[-80.10518,41.46872],[-80.10533,41.47127],[-80.11025,41.47121],[-80.11019,41.46828],[-80.11214,41.46825],[-80.1121,41.46619],[-80.11867,41.46598],[-80.11852,41.46322],[-80.10588,41.46381],[-80.10591,41.46553],[-80.10334,41.46566],[-80.10334,41.46599],[-80.1022,41.46614],[-80.10204,41.46757],[-80.10511,41.46749],[-80.10518,41.46872]]],[[[-80.20057,41.48205],[-80.20126,41.48212],[-80.20488,41.4783],[-80.20682,41.47712],[-80.20799,41.47588],[-80.20889,41.47564],[-80.20924,41.47235],[-80.20741,41.47099],[-80.20703,41.47024],[-80.20711,41.46612],[-80.20654,41.46613],[-80.20663,41.46539],[-80.2044,41.46516],[-80.20435,41.46599],[-80.20383,41.46582],[-80.2038,41.46501],[-80.20256,41.46455],[-80.20216,41.46521],[-80.20156,41.465],[-80.20198,41.46435],[-80.20159,41.46421],[-80.1991,41.46557],[-80.19924,41.46533],[-80.19798,41.464],[-80.19843,41.46378],[-80.19719,41.46303],[-80.1983,41.46242],[-80.19943,41.46298],[-80.20112,41.46071],[-80.19969,41.46054],[-80.2016,41.45561],[-80.19237,41.4554],[-80.19247,41.45305],[-80.19365,41.45306],[-80.19372,41.45047],[-80.19295,41.45046],[-80.19254,41.44457],[-80.19309,41.4446],[-80.19311,41.44414],[-80.19481,41.44425],[-80.19415,41.43951],[-80.19227,41.43965],[-80.19219,41.43749],[-80.18876,41.43657],[-80.1888,41.43856],[-80.18628,41.4386],[-80.18621,41.43713],[-80.18429,41.43711],[-80.18429,41.43785],[-80.18277,41.43785],[-80.18219,41.43475],[-80.17575,41.43298],[-80.17529,41.42509],[-80.16703,41.42525],[-80.16613,41.42425],[-80.16573,41.42835],[-80.16249,41.43881],[-80.16251,41.44172],[-80.16856,41.44179],[-80.16836,41.44539],[-80.17521,41.44565],[-80.1771,41.44613],[-80.17695,41.45014],[-80.17985,41.45715],[-80.17602,41.45913],[-80.17868,41.46269],[-80.18913,41.46296],[-80.18903,41.46585],[-80.19419,41.46597],[-80.19263,41.46867],[-80.19691,41.46974],[-80.19706,41.46946],[-80.19949,41.47067],[-80.19941,41.47229],[-80.19559,41.47227],[-80.19435,41.47464],[-80.19929,41.47472],[-80.19899,41.48092],[-80.20058,41.4809],[-80.20057,41.48205]]]]},"properties":{"SGL":270,"NAME":"270","ACRES":2191.09444462,"PGC_REGION":1}},{"type":"Feature","geometry":{"type":"Polygon","coordinates":[[[-79.263,39.78661],[-79.26201,39.79501],[-79.26675,39.79572],[-79.26891,39.79526],[-79.27401,39.7907],[-79.27552,39.78812],[-79.27516,39.78769],[-79.27515,39.78625],[-79.26704,39.78634],[-79.26704,39.78352],[-79.27168,39.78351],[-79.27165,39.77873],[-79.27617,39.775],[-79.27719,39.77476],[-79.27639,39.76894],[-79.27731,39.76765],[-79.28195,39.76754],[-79.28462,39.76847],[-79.28339,39.7701],[-79.28388,39.77104],[-79.28667,39.76739],[-79.28248,39.76681],[-79.28123,39.7658],[-79.28036,39.76279],[-79.28183,39.75892],[-79.27984,39.75677],[-79.27868,39.75975],[-79.26945,39.75771],[-79.27062,39.75534],[-79.26671,39.75458],[-79.26012,39.75623],[-79.25805,39.75617],[-79.25825,39.75679],[-79.2574,39.76153],[-79.25117,39.76146],[-79.25107,39.76605],[-79.24992,39.76605],[-79.24989,39.76785],[-79.25102,39.76788],[-79.25102,39.77001],[-79.25227,39.76999],[-79.25239,39.78505],[-79.26304,39.78628],[-79.263,39.78661]]]},"properties":{"SGL":271,"NAME":"271","ACRES":1849.10104933,"PGC_REGION":2}},{"type":"Feature","geometry":{"type":"Polygon","coordinates":[[[-76.76648,40.1891],[-76.77128,40.19126],[-76.76635,40.18899],[-76.76648,40.1891]]]},"properties":{"SGL":275,"NAME":"275","ACRES":2.89168206,"PGC_REGION":6}},{"type":"Feature","geometry":{"type":"Polygon","coordinates":[[[-78.5904,40.49346],[-78.59165,40.4944],[-78.59233,40.49318],[-78.59454,40.493],[-78.59535,40.49248],[-78.59714,40.48729],[-78.59898,40.48574],[-78.59878,40.4846],[-78.5969,40.4838],[-78.59188,40.48425],[-78.58412,40.47855],[-78.58273,40.48161],[-78.58061,40.47999],[-78.57891,40.48443],[-78.57533,40.49127],[-78.57673,40.49164],[-78.57816,40.49008],[-78.5794,40.49115],[-78.57975,40.49252],[-78.58314,40.4933],[-78.58619,40.49017],[-78.58944,40.49271],[-78.5904,40.49346]]]},"properties":{"SGL":279,"NAME":"279","ACRES":469.27244455,"PGC_REGION":2}},{"type":"Feature","geometry":{"type":"MultiPolygon","coordinates":[[[[-76.07058,40.38486],[-76.07295,40.38467],[-76.07461,40.3741],[-76.07562,40.37398],[-76.07575,40.37065],[-76.07425,40.36849],[-76.07132,40.36836],[-76.07117,40.36887],[-76.0688,40.36922],[-76.06904,40.36952],[-76.06793,40.37076],[-76.06476,40.37117],[-76.06412,40.36976],[-76.06438,40.36809],[-76.06264,40.36756],[-76.06198,40.36963],[-76.06307,40.3707],[-76.06564,40.375],[-76.06489,40.37752],[-76.06186,40.38002],[-76.06222,40.3816],[-76.06678,40.38234],[-76.06892,40.38363],[-76.07058,40.38486]]],[[[-76.03588,40.40539],[-76.03636,40.40531],[-76.03617,40.40467],[-76.03919,40.40425],[-76.0391,40.40393],[-76.04023,40.40371],[-76.04009,40.40345],[-76.04342,40.40241],[-76.04469,40.40288],[-76.04381,40.40402],[-76.05168,40.40271],[-76.05247,40.40192],[-76.05187,40.4014],[-76.05245,40.39995],[-76.05131,40.39833],[-76.04681,40.39987],[-76.04572,40.39744],[-76.04809,40.39661],[-76.0499,40.39493],[-76.04871,40.39375],[-76.0496,40.39255],[-76.04857,40.39139],[-76.0439,40.39308],[-76.04201,40.39024],[-76.0351,40.39258],[-76.03522,40.39054],[-76.03291,40.39153],[-76.02613,40.38173],[-76.02529,40.38204],[-76.02662,40.38546],[-76.02614,40.38547],[-76.02523,40.38818],[-76.02566,40.38849],[-76.02498,40.39046],[-76.02644,40.39012],[-76.02794,40.39129],[-76.02714,40.39148],[-76.02833,40.39339],[-76.02871,40.39523],[-76.03144,40.39645],[-76.03086,40.39757],[-76.03032,40.39777],[-76.03089,40.3989],[-76.03235,40.39931],[-76.0331,40.40065],[-76.03229,40.40214],[-76.03243,40.40292],[-76.03201,40.40385],[-76.03319,40.404],[-76.03302,40.40463],[-76.03567,40.40472],[-76.03588,40.40539]],[[-76.03393,40.39767],[-76.03318,40.39856],[-76.03185,40.39792],[-76.03248,40.39692],[-76.03393,40.39767]]],[[[-76.06183,40.42412],[-76.06057,40.42548],[-76.06325,40.42728],[-76.07051,40.42519],[-76.06951,40.424],[-76.07449,40.42265],[-76.0791,40.42665],[-76.08258,40.42558],[-76.08204,40.42497],[-76.08389,40.42387],[-76.08623,40.42493],[-76.08603,40.42614],[-76.08997,40.42543],[-76.09137,40.42668],[-76.09565,40.42431],[-76.0985,40.42477],[-76.09959,40.42415],[-76.1017,40.42658],[-76.10354,40.4262],[-76.1055,40.42512],[-76.09965,40.41832],[-76.10017,40.4169],[-76.09794,40.4165],[-76.09762,40.41754],[-76.08834,40.41865],[-76.08603,40.42097],[-76.08683,40.42192],[-76.08527,40.42272],[-76.08311,40.42015],[-76.08555,40.41813],[-76.08785,40.41482],[-76.08555,40.41305],[-76.08384,40.41483],[-76.0815,40.41389],[-76.08274,40.41259],[-76.0825,40.41235],[-76.08291,40.41182],[-76.07443,40.40809],[-76.07337,40.40942],[-76.07108,40.40848],[-76.07218,40.40707],[-76.0704,40.40636],[-76.06888,40.40624],[-76.06825,40.40732],[-76.06675,40.40808],[-76.06573,40.40692],[-76.06461,40.4076],[-76.06329,40.40592],[-76.06228,40.40654],[-76.06383,40.40942],[-76.06311,40.41073],[-76.06451,40.41601],[-76.06274,40.41714],[-76.0597,40.41229],[-76.05789,40.41325],[-76.05692,40.41232],[-76.05724,40.41213],[-76.05698,40.41191],[-76.0604,40.40916],[-76.05773,40.40583],[-76.05357,40.40703],[-76.05287,40.40559],[-76.05736,40.40376],[-76.05694,40.40253],[-76.05061,40.4039],[-76.0496,40.40382],[-76.0495,40.40425],[-76.04763,40.40371],[-76.04642,40.40613],[-76.04405,40.40637],[-76.04463,40.40778],[-76.04309,40.40788],[-76.04207,40.40951],[-76.03977,40.40873],[-76.03833,40.41045],[-76.03972,40.41025],[-76.04251,40.41082],[-76.04338,40.41231],[-76.04555,40.41377],[-76.04811,40.41213],[-76.05037,40.41367],[-76.04805,40.41485],[-76.05014,40.41663],[-76.05107,40.41612],[-76.05328,40.4179],[-76.0544,40.41638],[-76.05732,40.41803],[-76.0576,40.41761],[-76.05944,40.41916],[-76.05996,40.42117],[-76.06061,40.42104],[-76.06183,40.42412]]]]},"properties":{"SGL":280,"NAME":"280","ACRES":2552.00996941,"PGC_REGION":6}},{"type":"Feature","geometry":{"type":"Polygon","coordinates":[[[-79.19996,41.31383],[-79.20001,41.31693],[-79.20081,41.31694],[-79.20765,41.31246],[-79.21654,41.31264],[-79.21658,41.30899],[-79.22258,41.31149],[-79.22254,41.31015],[-79.22963,41.31018],[-79.22952,41.29823],[-79.22239,41.29811],[-79.22236,41.29034],[-79.21933,41.29038],[-79.21937,41.2895],[-79.21305,41.28962],[-79.21317,41.28173],[-79.19369,41.28158],[-79.19365,41.28946],[-79.1789,41.28925],[-79.17881,41.29666],[-79.16498,41.2966],[-79.16493,41.28898],[-79.15799,41.28893],[-79.15794,41.29521],[-79.1439,41.29509],[-79.14402,41.29786],[-79.14757,41.2979],[-79.14753,41.29958],[-79.15776,41.29965],[-79.15788,41.30441],[-79.19309,41.30492],[-79.1931,41.30449],[-79.20019,41.30466],[-79.20016,41.30797],[-79.20747,41.30796],[-79.20758,41.31126],[-79.19994,41.31136],[-79.19993,41.3123],[-79.19996,41.31383]],[[-79.19339,41.30245],[-79.19461,41.30251],[-79.19461,41.30366],[-79.19311,41.30352],[-79.19318,41.30244],[-79.19339,41.30245]]]},"properties":{"SGL":283,"NAME":"283","ACRES":3061.17062364,"PGC_REGION":1}},{"type":"Feature","geometry":{"type":"MultiPolygon","coordinates":[[[[-79.46264,40.89874],[-79.46514,40.89783],[-79.46584,40.89831],[-79.46623,40.89755],[-79.46749,40.89701],[-79.47738,40.89386],[-79.47747,40.89291],[-79.47164,40.89342],[-79.46381,40.89613],[-79.46224,40.89707],[-79.46213,40.89758],[-79.46157,40.8975],[-79.45917,40.89869],[-79.45789,40.90111],[-79.4553,40.90246],[-79.45535,40.90312],[-79.45691,40.90412],[-79.4579,40.90249],[-79.46264,40.89874]]],[[[-79.46368,40.92],[-79.46314,40.91716],[-79.46278,40.91718],[-79.46326,40.92002],[-79.46368,40.92]]],[[[-79.45866,40.90966],[-79.45872,40.90773],[-79.46196,40.90805],[-79.46201,40.90757],[-79.45814,40.90722],[-79.45721,40.90779],[-79.45653,40.90622],[-79.43669,40.90593],[-79.43652,40.91252],[-79.43937,40.91258],[-79.43865,40.91623],[-79.44681,40.91642],[-79.44666,40.92035],[-79.44589,40.92013],[-79.44581,40.92195],[-79.44752,40.9223],[-79.44878,40.92184],[-79.44887,40.92254],[-79.45292,40.92244],[-79.4521,40.924],[-79.45051,40.9238],[-79.44747,40.92449],[-79.44554,40.9255],[-79.44555,40.92621],[-79.44864,40.92649],[-79.45016,40.92568],[-79.45156,40.92582],[-79.45446,40.92692],[-79.45804,40.93004],[-79.45936,40.93017],[-79.459,40.92876],[-79.45988,40.92705],[-79.45985,40.92619],[-79.4621,40.92488],[-79.46101,40.92316],[-79.46039,40.9234],[-79.45986,40.92269],[-79.46032,40.92221],[-79.45743,40.92346],[-79.45437,40.92314],[-79.45452,40.92157],[-79.45282,40.9204],[-79.45109,40.92034],[-79.45092,40.91992],[-79.45253,40.91996],[-79.4526,40.91866],[-79.45245,40.91831],[-79.45175,40.91845],[-79.45093,40.91707],[-79.4512,40.91693],[-79.45099,40.91554],[-79.45284,40.91564],[-79.45311,40.91612],[-79.45128,40.91609],[-79.4523,40.91796],[-79.45268,40.9179],[-79.45308,40.91862],[-79.45475,40.91834],[-79.45465,40.92036],[-79.45368,40.92036],[-79.45544,40.9216],[-79.45859,40.92211],[-79.45848,40.9218],[-79.45973,40.92122],[-79.46158,40.92076],[-79.46037,40.92077],[-79.46,40.91891],[-79.45857,40.91907],[-79.45825,40.91741],[-79.45886,40.91736],[-79.45868,40.91601],[-79.45812,40.91606],[-79.45779,40.91495],[-79.458,40.91372],[-79.45759,40.91376],[-79.4576,40.9132],[-79.45841,40.91314],[-79.4584,40.91368],[-79.45896,40.91362],[-79.45854,40.91179],[-79.45862,40.90966],[-79.45805,40.90965],[-79.45805,40.90782],[-79.45866,40.90783],[-79.45862,40.90966],[-79.45866,40.90966]],[[-79.45209,40.92232],[-79.45018,40.92247],[-79.44999,40.92157],[-79.45178,40.92112],[-79.45209,40.92232]]],[[[-79.45847,40.93441],[-79.4619,40.93348],[-79.459,40.93436],[-79.45847,40.93441]]],[[[-79.45847,40.93441],[-79.45689,40.93389],[-79.45574,40.93283],[-79.45283,40.92807],[-79.45268,40.92856],[-79.45186,40.92875],[-79.45126,40.93072],[-79.45349,40.93109],[-79.45454,40.93184],[-79.45588,40.93361],[-79.45801,40.93441],[-79.45847,40.93441]]],[[[-79.4411,40.9376],[-79.44176,40.93775],[-79.44173,40.93707],[-79.44375,40.93685],[-79.44406,40.93564],[-79.44288,40.93542],[-79.44357,40.93355],[-79.44463,40.93262],[-79.44704,40.93169],[-79.44531,40.93151],[-79.44671,40.92797],[-79.4452,40.92799],[-79.44234,40.92887],[-79.43342,40.92904],[-79.43213,40.93081],[-79.43251,40.93198],[-79.43463,40.93381],[-79.44005,40.93706],[-79.4411,40.9376]],[[-79.44201,40.93507],[-79.44163,40.93552],[-79.44143,40.93404],[-79.44003,40.934],[-79.43968,40.93342],[-79.44218,40.9333],[-79.44225,40.93285],[-79.44278,40.93279],[-79.44222,40.93345],[-79.44208,40.93467],[-79.44201,40.93507]]],[[[-79.41885,40.942],[-79.41895,40.94168],[-79.41815,40.94108],[-79.41804,40.94011],[-79.4163,40.94021],[-79.4165,40.94246],[-79.41847,40.94306],[-79.41871,40.94242],[-79.41885,40.942]]],[[[-79.45288,40.96176],[-79.45283,40.96045],[-79.45741,40.96047],[-79.45745,40.95886],[-79.45893,40.95894],[-79.45894,40.95826],[-79.45751,40.95773],[-79.45731,40.95551],[-79.45837,40.95516],[-79.45615,40.95505],[-79.45614,40.95336],[-79.45507,40.95135],[-79.45774,40.95136],[-79.45789,40.94356],[-79.46136,40.94319],[-79.46195,40.94415],[-79.46185,40.94624],[-79.46725,40.94637],[-79.47164,40.94143],[-79.47158,40.94041],[-79.46653,40.93781],[-79.46228,40.93392],[-79.45924,40.93482],[-79.45669,40.93456],[-79.45499,40.93357],[-79.45299,40.93158],[-79.4532,40.93139],[-79.45121,40.93087],[-79.45009,40.93462],[-79.4506,40.93574],[-79.45208,40.93669],[-79.45171,40.93704],[-79.45189,40.93759],[-79.45005,40.93538],[-79.44502,40.93305],[-79.44526,40.93638],[-79.44412,40.93795],[-79.44255,40.9382],[-79.44308,40.93956],[-79.44267,40.93982],[-79.44192,40.93957],[-79.44215,40.9387],[-79.43892,40.93753],[-79.43244,40.93306],[-79.43091,40.93097],[-79.43097,40.92785],[-79.43015,40.92701],[-79.42895,40.92657],[-79.43014,40.92789],[-79.43129,40.93235],[-79.43279,40.93414],[-79.4351,40.93573],[-79.43592,40.93705],[-79.43688,40.93743],[-79.43673,40.9389],[-79.43804,40.93939],[-79.43943,40.93863],[-79.4407,40.93995],[-79.44033,40.94015],[-79.44112,40.94065],[-79.4416,40.94078],[-79.44171,40.94037],[-79.4433,40.93992],[-79.44874,40.94231],[-79.44978,40.94534],[-79.44964,40.94602],[-79.44916,40.94601],[-79.44908,40.94776],[-79.448,40.94898],[-79.44734,40.95106],[-79.44758,40.95185],[-79.44715,40.95184],[-79.4472,40.95605],[-79.4496,40.95608],[-79.44961,40.95879],[-79.44626,40.95861],[-79.44803,40.96173],[-79.45288,40.96176]],[[-79.45425,40.94613],[-79.45001,40.94603],[-79.45001,40.94413],[-79.44895,40.94254],[-79.45433,40.94241],[-79.45425,40.94613]]]]},"properties":{"SGL":287,"NAME":"287","ACRES":2008.38334452,"PGC_REGION":2}},{"type":"Feature","geometry":{"type":"Polygon","coordinates":[[[-79.59439,41.88761],[-79.60176,41.88774],[-79.60177,41.88619],[-79.60687,41.88656],[-79.60769,41.88619],[-79.60766,41.88121],[-79.61245,41.88135],[-79.61291,41.87193],[-79.61393,41.87192],[-79.61396,41.86983],[-79.60014,41.86971],[-79.60015,41.86626],[-79.59372,41.86621],[-79.59376,41.86785],[-79.58847,41.86779],[-79.58837,41.86816],[-79.58604,41.86811],[-79.58612,41.86612],[-79.5651,41.86578],[-79.56513,41.86899],[-79.56606,41.86961],[-79.57007,41.87048],[-79.57193,41.86981],[-79.57164,41.88085],[-79.58554,41.88099],[-79.58584,41.87297],[-79.60003,41.87325],[-79.59999,41.87394],[-79.59845,41.87393],[-79.59841,41.87887],[-79.60068,41.88028],[-79.60041,41.88059],[-79.59833,41.88052],[-79.59832,41.8812],[-79.59453,41.88116],[-79.59439,41.88761]],[[-79.58835,41.87172],[-79.58602,41.87177],[-79.58599,41.86942],[-79.58717,41.86944],[-79.5872,41.8705],[-79.58834,41.8705],[-79.58835,41.87172]]]},"properties":{"SGL":291,"NAME":"291","ACRES":1258.76896301,"PGC_REGION":1}},{"type":"Feature","geometry":{"type":"Polygon","coordinates":[[[-75.81085,41.21596],[-75.81199,41.21817],[-75.81183,41.2194],[-75.81225,41.22153],[-75.81753,41.22411],[-75.81968,41.22593],[-75.82004,41.22574],[-75.81699,41.22309],[-75.834,41.21775],[-75.83313,41.21577],[-75.83202,41.21592],[-75.83157,41.21487],[-75.83461,41.21423],[-75.83551,41.21355],[-75.83494,41.2133],[-75.83518,41.21306],[-75.83481,41.21268],[-75.83755,41.21204],[-75.83707,41.21125],[-75.83568,41.2116],[-75.83247,41.20469],[-75.83388,41.20432],[-75.83377,41.20403],[-75.83229,41.20425],[-75.83369,41.20349],[-75.83356,41.20321],[-75.81008,41.21534],[-75.81032,41.21555],[-75.81085,41.21596]],[[-75.83163,41.21237],[-75.83069,41.21236],[-75.83088,41.21128],[-75.83175,41.21136],[-75.83163,41.21237]]]},"properties":{"SGL":292,"NAME":"292","ACRES":628.86265832,"PGC_REGION":5}},{"type":"Feature","geometry":{"type":"MultiPolygon","coordinates":[[[[-80.22383,41.25687],[-80.22371,41.2591],[-80.22549,41.2591],[-80.22511,41.25852],[-80.22552,41.2581],[-80.22423,41.25612],[-80.22383,41.25687]]],[[[-80.23354,41.29292],[-80.23485,41.29283],[-80.23575,41.29155],[-80.23777,41.29141],[-80.23771,41.29075],[-80.23921,41.29064],[-80.23912,41.28862],[-80.23654,41.28883],[-80.23549,41.28736],[-80.23903,41.28712],[-80.23785,41.28268],[-80.2311,41.28283],[-80.23058,41.28375],[-80.23084,41.2862],[-80.23058,41.28654],[-80.2328,41.28636],[-80.23292,41.28753],[-80.23354,41.29292]]],[[[-80.23857,41.32223],[-80.25158,41.32165],[-80.2501,41.32068],[-80.24773,41.31826],[-80.24695,41.31831],[-80.2457,41.3173],[-80.24672,41.31708],[-80.2428,41.31315],[-80.23982,41.31324],[-80.24013,41.31223],[-80.23917,41.31198],[-80.23955,41.31126],[-80.23823,41.31073],[-80.23811,41.30942],[-80.23761,41.30935],[-80.2376,41.30813],[-80.23833,41.30668],[-80.23797,41.30619],[-80.23833,41.3053],[-80.23786,41.30491],[-80.23834,41.30444],[-80.23797,41.30369],[-80.23554,41.30612],[-80.23371,41.30968],[-80.23453,41.30965],[-80.23399,41.31324],[-80.23549,41.31322],[-80.23506,41.31504],[-80.23652,41.31786],[-80.2364,41.31867],[-80.23844,41.31859],[-80.23857,41.32223]]]]},"properties":{"SGL":294,"NAME":"294","ACRES":417.80380685,"PGC_REGION":1}},{"type":"Feature","geometry":{"type":"Polygon","coordinates":[[[-77.39351,41.02731],[-77.39379,41.02792],[-77.38894,41.02918],[-77.39225,41.03602],[-77.43236,41.02472],[-77.43305,41.02624],[-77.43877,41.03331],[-77.44881,41.02837],[-77.45434,41.03491],[-77.46355,41.03027],[-77.47197,41.02761],[-77.47432,41.02407],[-77.477,41.02729],[-77.47705,41.02822],[-77.47861,41.02999],[-77.48024,41.03093],[-77.48082,41.03071],[-77.48492,41.03483],[-77.48079,41.03062],[-77.48026,41.03084],[-77.4787,41.02993],[-77.47716,41.02819],[-77.47711,41.02726],[-77.47632,41.02629],[-77.47923,41.02581],[-77.48016,41.02638],[-77.48528,41.0232],[-77.48802,41.02055],[-77.49387,41.01733],[-77.4945,41.01792],[-77.50122,41.01446],[-77.51891,41.00458],[-77.51768,41.00362],[-77.52608,40.9978],[-77.52542,40.99719],[-77.52863,40.99624],[-77.53178,40.99321],[-77.54068,40.98901],[-77.54122,40.98072],[-77.54599,40.9821],[-77.54966,40.98232],[-77.5648,40.97631],[-77.5554,40.96657],[-77.53853,40.97294],[-77.53599,40.97147],[-77.53615,40.97118],[-77.53457,40.96859],[-77.53428,40.96568],[-77.53284,40.96373],[-77.53287,40.96059],[-77.51723,40.96169],[-77.51212,40.96265],[-77.49894,40.96032],[-77.49306,40.9607],[-77.48958,40.95669],[-77.47629,40.96056],[-77.48531,40.97888],[-77.48657,40.97912],[-77.48757,40.9798],[-77.48752,40.98065],[-77.48829,40.98235],[-77.49077,40.98209],[-77.48825,40.98462],[-77.48812,40.98644],[-77.48909,40.98778],[-77.49101,40.98948],[-77.492,40.98954],[-77.49449,40.98809],[-77.49629,40.98825],[-77.49644,40.98205],[-77.49963,40.98206],[-77.4994,40.98786],[-77.50026,40.9874],[-77.50401,40.98733],[-77.5044,40.98761],[-77.50687,40.98633],[-77.50759,40.9852],[-77.50901,40.98506],[-77.51053,40.98409],[-77.51198,40.98375],[-77.51332,40.98413],[-77.5162,40.98348],[-77.51655,40.98383],[-77.51391,40.98419],[-77.49788,40.99035],[-77.49385,40.99117],[-77.49245,40.9907],[-77.49118,40.99182],[-77.49015,40.99125],[-77.49136,40.9902],[-77.48954,40.98915],[-77.48726,40.98531],[-77.48776,40.98157],[-77.48684,40.98058],[-77.48569,40.98029],[-77.48479,40.98054],[-77.48011,40.98293],[-77.47545,40.98406],[-77.46732,40.98724],[-77.46799,40.98843],[-77.44596,40.99463],[-77.44648,40.99772],[-77.43406,41.00312],[-77.43113,41.00484],[-77.42995,41.0061],[-77.42809,41.0028],[-77.42686,41.00372],[-77.41841,41.00621],[-77.41329,41.01013],[-77.41835,41.02113],[-77.40611,41.02449],[-77.40419,41.02054],[-77.39212,41.02426],[-77.39351,41.02731]]]},"properties":{"SGL":295,"NAME":"295","ACRES":12336.8650369,"PGC_REGION":3}},{"type":"Feature","geometry":{"type":"MultiPolygon","coordinates":[[[[-79.71168,40.07525],[-79.71456,40.07748],[-79.71903,40.07275],[-79.71339,40.07022],[-79.71298,40.06905],[-79.71128,40.06857],[-79.70301,40.06788],[-79.7063,40.07542],[-79.70947,40.07355],[-79.71168,40.07525]]],[[[-79.73841,40.11852],[-79.74475,40.12121],[-79.74619,40.1204],[-79.74733,40.11795],[-79.74876,40.11846],[-79.75092,40.11829],[-79.74993,40.11764],[-79.74931,40.11656],[-79.74923,40.11483],[-79.7483,40.11445],[-79.74688,40.11536],[-79.744,40.11458],[-79.74321,40.11572],[-79.73276,40.11013],[-79.72835,40.11406],[-79.72888,40.11485],[-79.73536,40.11734],[-79.73841,40.11852]]],[[[-79.70535,40.12567],[-79.70774,40.12686],[-79.71147,40.12275],[-79.71911,40.12662],[-79.71969,40.12618],[-79.7192,40.12383],[-79.7216,40.12011],[-79.72602,40.12173],[-79.72655,40.12085],[-79.72841,40.12016],[-79.73334,40.12066],[-79.73374,40.11788],[-79.7279,40.11818],[-79.72842,40.11684],[-79.72407,40.11625],[-79.7257,40.11377],[-79.71964,40.10872],[-79.72344,40.10789],[-79.72127,40.10693],[-79.72146,40.10409],[-79.72082,40.10296],[-79.71902,40.10307],[-79.71729,40.10216],[-79.71664,40.10078],[-79.71547,40.1009],[-79.71219,40.10164],[-79.71168,40.10473],[-79.70228,40.09973],[-79.69904,40.10195],[-79.69686,40.10202],[-79.69271,40.10531],[-79.68602,40.10691],[-79.68427,40.10983],[-79.66659,40.11117],[-79.65919,40.11425],[-79.66353,40.11796],[-79.66938,40.11642],[-79.66876,40.11535],[-79.67587,40.11314],[-79.68132,40.11509],[-79.68139,40.11906],[-79.69137,40.11978],[-79.69264,40.12151],[-79.70323,40.11854],[-79.70334,40.1192],[-79.69918,40.12051],[-79.69944,40.12628],[-79.70257,40.12654],[-79.7044,40.12519],[-79.70535,40.12567]]],[[[-79.67943,40.1227],[-79.67461,40.12462],[-79.67436,40.12891],[-79.67465,40.12919],[-79.67716,40.13002],[-79.67794,40.12892],[-79.6787,40.12595],[-79.68281,40.12114],[-79.68129,40.12061],[-79.67943,40.1227]]]]},"properties":{"SGL":296,"NAME":"296","ACRES":2615.74341655,"PGC_REGION":2}},{"type":"Feature","geometry":{"type":"Polygon","coordinates":[[[-80.12845,40.09179],[-80.12796,40.09297],[-80.13008,40.09418],[-80.13486,40.0924],[-80.13893,40.09167],[-80.14086,40.09414],[-80.14611,40.09193],[-80.14808,40.08918],[-80.14424,40.08495],[-80.14595,40.08347],[-80.14336,40.08067],[-80.14275,40.07939],[-80.13597,40.08109],[-80.13437,40.07877],[-80.12996,40.07731],[-80.12564,40.07918],[-80.12424,40.084],[-80.12583,40.08698],[-80.1245,40.08705],[-80.12906,40.09153],[-80.12845,40.09179]]]},"properties":{"SGL":297,"NAME":"297","ACRES":633.96563309,"PGC_REGION":2}},{"type":"Feature","geometry":{"type":"Polygon","coordinates":[[[-76.96536,41.3729],[-76.97843,41.37236],[-76.9792,41.36724],[-76.97958,41.36715],[-76.97911,41.36607],[-76.98852,41.36585],[-76.98799,41.35012],[-76.97838,41.35052],[-76.97804,41.34589],[-76.96528,41.34603],[-76.96547,41.35841],[-76.96536,41.3729]],[[-76.97907,41.36446],[-76.97697,41.36449],[-76.97674,41.36247],[-76.97887,41.36246],[-76.97907,41.36446]],[[-76.97705,41.35738],[-76.97562,41.35779],[-76.97512,41.35659],[-76.97652,41.35629],[-76.97705,41.35738]]]},"properties":{"SGL":298,"NAME":"298","ACRES":1140.10451311,"PGC_REGION":3}},{"type":"Feature","geometry":{"type":"Polygon","coordinates":[[[-75.35374,41.99352],[-75.35053,41.99548],[-75.36075,41.99919],[-75.39166,41.99946],[-75.39157,41.99582],[-75.39777,41.99594],[-75.39776,41.99338],[-75.39218,41.99335],[-75.39201,41.98923],[-75.38898,41.98921],[-75.38908,41.97813],[-75.39342,41.9782],[-75.3934,41.97599],[-75.38906,41.97625],[-75.38924,41.97739],[-75.38661,41.97768],[-75.38523,41.97834],[-75.38451,41.98064],[-75.3821,41.98098],[-75.38181,41.97925],[-75.3827,41.97935],[-75.38266,41.97872],[-75.38004,41.97853],[-75.38113,41.97721],[-75.37972,41.97655],[-75.37958,41.96935],[-75.38315,41.96929],[-75.38292,41.96271],[-75.37974,41.96264],[-75.37964,41.96624],[-75.37897,41.9663],[-75.37546,41.96898],[-75.37209,41.97024],[-75.36418,41.97027],[-75.36428,41.97651],[-75.34401,41.97621],[-75.34373,41.97922],[-75.34119,41.97918],[-75.33976,41.9808],[-75.33789,41.98442],[-75.33791,41.9858],[-75.33972,41.99013],[-75.34106,41.99221],[-75.34256,41.99291],[-75.34609,41.99051],[-75.35845,41.99064],[-75.35374,41.99352]]]},"properties":{"SGL":299,"NAME":"299","ACRES":2646.54679272,"PGC_REGION":5}},{"type":"Feature","geometry":{"type":"MultiPolygon","coordinates":[[[[-75.48422,41.4603],[-75.49541,41.46797],[-75.50698,41.45833],[-75.51543,41.46387],[-75.5205,41.45952],[-75.53089,41.46641],[-75.53248,41.46474],[-75.50447,41.44641],[-75.49762,41.4522],[-75.49556,41.45084],[-75.48843,41.45684],[-75.48422,41.4603]]],[[[-75.47768,41.48202],[-75.47808,41.48173],[-75.47747,41.48161],[-75.47768,41.48202]]],[[[-75.47179,41.4824],[-75.47572,41.48499],[-75.47664,41.483],[-75.47754,41.48212],[-75.47506,41.47959],[-75.47179,41.4824]]],[[[-75.44938,41.53851],[-75.44972,41.53961],[-75.45954,41.54634],[-75.46191,41.54441],[-75.46153,41.54418],[-75.46242,41.54341],[-75.46161,41.54246],[-75.46077,41.53932],[-75.46168,41.53744],[-75.46644,41.54054],[-75.47866,41.52992],[-75.48411,41.53333],[-75.49992,41.51994],[-75.49088,41.51393],[-75.51918,41.48962],[-75.51053,41.48384],[-75.49845,41.49414],[-75.49474,41.49163],[-75.49791,41.48882],[-75.49449,41.48651],[-75.48743,41.48669],[-75.48664,41.48616],[-75.49371,41.48598],[-75.488,41.48212],[-75.48889,41.48052],[-75.48652,41.48002],[-75.49423,41.47338],[-75.48476,41.46717],[-75.48152,41.46982],[-75.48116,41.46962],[-75.47284,41.47661],[-75.47997,41.48131],[-75.47746,41.48236],[-75.47586,41.48508],[-75.4784,41.48676],[-75.47304,41.49099],[-75.46945,41.48862],[-75.46714,41.48924],[-75.46407,41.49237],[-75.46892,41.49491],[-75.46389,41.50053],[-75.46342,41.50026],[-75.46339,41.50142],[-75.46037,41.50406],[-75.46419,41.50436],[-75.46261,41.50578],[-75.46433,41.50611],[-75.46636,41.50718],[-75.46242,41.51043],[-75.46212,41.51024],[-75.46244,41.51494],[-75.45407,41.51138],[-75.46247,41.51513],[-75.4625,41.51619],[-75.46103,41.51813],[-75.46359,41.51979],[-75.45794,41.5233],[-75.45821,41.52505],[-75.46044,41.52751],[-75.46133,41.52916],[-75.4548,41.53516],[-75.45189,41.53414],[-75.45056,41.5358],[-75.44899,41.53583],[-75.44938,41.53851]],[[-75.48367,41.47568],[-75.48274,41.47642],[-75.48109,41.47535],[-75.48202,41.47456],[-75.48367,41.47568]]]]},"properties":{"SGL":300,"NAME":"300","ACRES":5755.19938873,"PGC_REGION":5}},{"type":"Feature","geometry":{"type":"MultiPolygon","coordinates":[[[[-80.40553,39.92283],[-80.40514,39.92172],[-80.40549,39.92159],[-80.406,39.92235],[-80.407,39.92185],[-80.40926,39.92161],[-80.41137,39.92034],[-80.4142,39.92034],[-80.41571,39.91962],[-80.41598,39.91938],[-80.41572,39.91703],[-80.39966,39.9163],[-80.3988,39.91703],[-80.39877,39.92241],[-80.40553,39.92283]]],[[[-80.40346,39.92631],[-80.40279,39.92791],[-80.40169,39.92853],[-80.4071,39.92962],[-80.40722,39.92639],[-80.40966,39.92544],[-80.41133,39.92547],[-80.41409,39.9248],[-80.41549,39.92474],[-80.41729,39.92534],[-80.41764,39.92319],[-80.40559,39.92284],[-80.40354,39.92617],[-80.40346,39.92631]]],[[[-80.50643,39.95612],[-80.50605,39.95662],[-80.50745,39.95691],[-80.50942,39.95935],[-80.51288,39.9603],[-80.51243,39.95996],[-80.5128,39.95945],[-80.51063,39.95871],[-80.50673,39.95574],[-80.50767,39.95453],[-80.50679,39.95427],[-80.50617,39.95506],[-80.50461,39.95442],[-80.50427,39.95533],[-80.50594,39.95587],[-80.50643,39.95612]]],[[[-80.51608,39.96149],[-80.51572,39.96162],[-80.51853,39.9637],[-80.51915,39.96335],[-80.51915,39.96195],[-80.51761,39.96166],[-80.51542,39.96044],[-80.51608,39.96149]]],[[[-80.45999,39.95387],[-80.45958,39.95848],[-80.46006,39.95965],[-80.45795,39.96087],[-80.45653,39.96088],[-80.45609,39.96218],[-80.45661,39.96177],[-80.45783,39.96265],[-80.458,39.96634],[-80.45984,39.96708],[-80.45292,39.97134],[-80.44827,39.97243],[-80.44755,39.97229],[-80.44729,39.97293],[-80.45329,39.97181],[-80.46079,39.96741],[-80.46161,39.96774],[-80.47396,39.96358],[-80.47322,39.96254],[-80.47247,39.96234],[-80.47157,39.96007],[-80.46874,39.95661],[-80.46904,39.95627],[-80.47166,39.9565],[-80.47277,39.95414],[-80.47799,39.95357],[-80.47661,39.95583],[-80.47681,39.95769],[-80.47558,39.9615],[-80.47583,39.96331],[-80.47774,39.9642],[-80.47907,39.96436],[-80.47997,39.96532],[-80.4811,39.96557],[-80.48312,39.96824],[-80.48404,39.96762],[-80.48498,39.96795],[-80.48538,39.96766],[-80.48457,39.96731],[-80.4855,39.96465],[-80.48859,39.96262],[-80.48911,39.96146],[-80.49072,39.96157],[-80.4948,39.96092],[-80.49566,39.96265],[-80.49719,39.96329],[-80.49693,39.9604],[-80.50337,39.95878],[-80.50359,39.95783],[-80.50014,39.95703],[-80.50062,39.95629],[-80.49929,39.95418],[-80.50093,39.95359],[-80.50078,39.95178],[-80.49471,39.95186],[-80.49433,39.95288],[-80.49187,39.95331],[-80.49101,39.95175],[-80.48725,39.95165],[-80.48803,39.94726],[-80.48442,39.9479],[-80.48388,39.9484],[-80.48302,39.9509],[-80.47413,39.95147],[-80.46956,39.95428],[-80.47007,39.9508],[-80.46566,39.94779],[-80.46579,39.947],[-80.46348,39.94694],[-80.46309,39.94752],[-80.4618,39.94597],[-80.46084,39.94588],[-80.45997,39.94525],[-80.45862,39.9405],[-80.45858,39.93999],[-80.45938,39.93927],[-80.4529,39.93626],[-80.45448,39.93177],[-80.45669,39.9296],[-80.45859,39.93393],[-80.46039,39.9341],[-80.45969,39.93212],[-80.46046,39.93057],[-80.46032,39.92986],[-80.46663,39.92996],[-80.46666,39.92883],[-80.46592,39.92801],[-80.46601,39.92725],[-80.46712,39.92707],[-80.46714,39.92522],[-80.46683,39.9252],[-80.46601,39.92328],[-80.46266,39.92374],[-80.46267,39.92418],[-80.44813,39.92356],[-80.44757,39.93379],[-80.44815,39.93494],[-80.44969,39.93497],[-80.44919,39.93626],[-80.45091,39.93748],[-80.45043,39.93841],[-80.451,39.94083],[-80.44857,39.94096],[-80.44729,39.9455],[-80.44853,39.94544],[-80.44881,39.94482],[-80.45057,39.94529],[-80.45038,39.94607],[-80.45075,39.94628],[-80.4496,39.94839],[-80.44662,39.94768],[-80.44694,39.94662],[-80.44591,39.94605],[-80.44396,39.94637],[-80.44286,39.94584],[-80.44108,39.94684],[-80.44013,39.94636],[-80.43364,39.94917],[-80.43294,39.95136],[-80.43209,39.95121],[-80.43135,39.95206],[-80.43175,39.9523],[-80.43215,39.95179],[-80.43282,39.952],[-80.43491,39.95367],[-80.43424,39.95395],[-80.43549,39.95611],[-80.43601,39.95596],[-80.43658,39.95699],[-80.43615,39.95735],[-80.43808,39.95941],[-80.43871,39.96091],[-80.43837,39.96126],[-80.43883,39.96165],[-80.43939,39.96138],[-80.44138,39.96393],[-80.44237,39.9635],[-80.44213,39.96263],[-80.44147,39.96207],[-80.4413,39.96086],[-80.44532,39.96099],[-80.44631,39.9601],[-80.44547,39.95836],[-80.44577,39.95686],[-80.44437,39.95453],[-80.44439,39.95318],[-80.44551,39.94998],[-80.44724,39.95296],[-80.44776,39.95469],[-80.45994,39.95456],[-80.45999,39.95387]],[[-80.45962,39.95015],[-80.4576,39.95036],[-80.45765,39.9484],[-80.4632,39.94826],[-80.46325,39.94936],[-80.46019,39.94942],[-80.46017,39.94865],[-80.459,39.94938],[-80.45962,39.95015]],[[-80.45523,39.94876],[-80.45338,39.94873],[-80.45326,39.94814],[-80.45523,39.94821],[-80.45523,39.94876]],[[-80.45204,39.94631],[-80.45186,39.94691],[-80.45126,39.94656],[-80.45145,39.94604],[-80.45204,39.94631]]],[[[-80.45698,39.97391],[-80.45498,39.9723],[-80.44918,39.97408],[-80.45327,39.97544],[-80.45698,39.97391]]],[[[-80.43691,39.98864],[-80.43683,39.9869],[-80.43792,39.98503],[-80.43904,39.98489],[-80.4418,39.98728],[-80.43995,39.98332],[-80.44037,39.98193],[-80.4412,39.98166],[-80.43979,39.97955],[-80.43813,39.97828],[-80.43238,39.9792],[-80.43199,39.98057],[-80.43115,39.98153],[-80.43422,39.98933],[-80.43691,39.98864]]]]},"properties":{"SGL":302,"NAME":"302","ACRES":2960.68790612,"PGC_REGION":2}},{"type":"Feature","geometry":{"type":"MultiPolygon","coordinates":[[[[-80.48341,40.29777],[-80.48547,40.30012],[-80.48704,40.29924],[-80.48637,40.298],[-80.48441,40.29758],[-80.48283,40.29636],[-80.48324,40.29509],[-80.48419,40.29519],[-80.48542,40.29292],[-80.48739,40.29321],[-80.48656,40.29488],[-80.48761,40.29612],[-80.48822,40.29487],[-80.48747,40.29135],[-80.48689,40.29165],[-80.48567,40.2914],[-80.48451,40.28912],[-80.48389,40.28871],[-80.48193,40.28941],[-80.48016,40.29059],[-80.47495,40.28787],[-80.47291,40.29265],[-80.48062,40.29654],[-80.48037,40.29731],[-80.48128,40.2969],[-80.48341,40.29777]]],[[[-80.477,40.30687],[-80.47918,40.30862],[-80.48144,40.30585],[-80.47884,40.30321],[-80.477,40.30687]]]]},"properties":{"SGL":303,"NAME":"303","ACRES":222.46149123,"PGC_REGION":2}},{"type":"Feature","geometry":{"type":"Polygon","coordinates":[[[-79.71557,40.88082],[-79.71623,40.88214],[-79.71728,40.88179],[-79.71619,40.88042],[-79.71582,40.87459],[-79.70714,40.87181],[-79.69196,40.87224],[-79.69264,40.88103],[-79.71541,40.88049],[-79.71557,40.88082]]]},"properties":{"SGL":304,"NAME":"304","ACRES":456.75587601,"PGC_REGION":1}},{"type":"Feature","geometry":{"type":"Polygon","coordinates":[[[-77.11382,40.127],[-77.11868,40.12733],[-77.11823,40.12648],[-77.12011,40.12691],[-77.121,40.12151],[-77.1233,40.12141],[-77.12244,40.11803],[-77.12348,40.11789],[-77.12466,40.11949],[-77.12635,40.12061],[-77.13408,40.11779],[-77.1321,40.11111],[-77.13147,40.11141],[-77.1306,40.10906],[-77.1232,40.10741],[-77.11429,40.10604],[-77.11168,40.10977],[-77.10542,40.1146],[-77.11714,40.11602],[-77.11735,40.12081],[-77.10736,40.1222],[-77.11156,40.12532],[-77.11382,40.127]]]},"properties":{"SGL":305,"NAME":"305","ACRES":729.67327844,"PGC_REGION":4}},{"type":"Feature","geometry":{"type":"MultiPolygon","coordinates":[[[[-79.47762,41.9319],[-79.48221,41.93274],[-79.4822,41.9323],[-79.47973,41.93107],[-79.47743,41.9304],[-79.47762,41.9319]]],[[[-79.51473,41.93844],[-79.51466,41.93537],[-79.50499,41.93549],[-79.50506,41.93063],[-79.50403,41.93061],[-79.50405,41.93117],[-79.50324,41.93116],[-79.50324,41.93061],[-79.5004,41.93057],[-79.50038,41.92597],[-79.4955,41.92593],[-79.49546,41.92224],[-79.49247,41.92216],[-79.49239,41.93449],[-79.49727,41.93531],[-79.51473,41.93844]],[[-79.49699,41.9316],[-79.49354,41.93298],[-79.49333,41.93204],[-79.49576,41.93129],[-79.49533,41.93046],[-79.49781,41.93011],[-79.4978,41.93077],[-79.49667,41.93105],[-79.49699,41.9316]]],[[[-79.5206,41.93951],[-79.52066,41.93719],[-79.5202,41.93702],[-79.52018,41.93906],[-79.51806,41.93904],[-79.5206,41.93951]]],[[[-79.52078,41.95097],[-79.52119,41.95177],[-79.5201,41.95208],[-79.52048,41.95252],[-79.52902,41.95221],[-79.53168,41.94727],[-79.53453,41.94596],[-79.53453,41.94448],[-79.53373,41.94427],[-79.53332,41.9437],[-79.53218,41.94432],[-79.53163,41.94369],[-79.53114,41.94371],[-79.53083,41.94475],[-79.5286,41.94574],[-79.52835,41.94121],[-79.48075,41.93279],[-79.48045,41.93369],[-79.47716,41.93306],[-79.4773,41.93361],[-79.47506,41.93354],[-79.47499,41.93767],[-79.47773,41.93944],[-79.48002,41.93947],[-79.4812,41.93998],[-79.4829,41.93783],[-79.48408,41.93829],[-79.48382,41.93887],[-79.48578,41.93969],[-79.4921,41.94137],[-79.49213,41.93852],[-79.50511,41.93854],[-79.50614,41.94587],[-79.50953,41.94602],[-79.51002,41.94951],[-79.51551,41.94902],[-79.51551,41.94384],[-79.52051,41.94387],[-79.52052,41.94425],[-79.52236,41.94456],[-79.52283,41.94426],[-79.52415,41.94501],[-79.52583,41.94515],[-79.52436,41.94691],[-79.52337,41.94714],[-79.5233,41.94791],[-79.52373,41.94789],[-79.5238,41.95021],[-79.52145,41.95023],[-79.5213,41.95084],[-79.52081,41.95084],[-79.52078,41.95097]]]]},"properties":{"SGL":306,"NAME":"306","ACRES":1091.44699399,"PGC_REGION":1}},{"type":"Feature","geometry":{"type":"Polygon","coordinates":[[[-75.56839,41.54885],[-75.56963,41.54773],[-75.56685,41.54579],[-75.56967,41.54331],[-75.57237,41.54498],[-75.59134,41.52933],[-75.58665,41.52594],[-75.5897,41.52278],[-75.58737,41.52142],[-75.58538,41.5232],[-75.58434,41.52722],[-75.57672,41.52235],[-75.57224,41.52604],[-75.56897,41.52386],[-75.56191,41.52862],[-75.56281,41.52992],[-75.5622,41.53035],[-75.56108,41.52904],[-75.55296,41.53378],[-75.5557,41.53569],[-75.55301,41.53803],[-75.55487,41.53924],[-75.55598,41.53824],[-75.55616,41.53977],[-75.55906,41.54394],[-75.56178,41.54539],[-75.56357,41.54702],[-75.56385,41.54677],[-75.56438,41.54711],[-75.56408,41.54738],[-75.56598,41.54863],[-75.56687,41.5479],[-75.56839,41.54885]]]},"properties":{"SGL":307,"NAME":"307","ACRES":1220.76387944,"PGC_REGION":5}},{"type":"Feature","geometry":{"type":"Polygon","coordinates":[[[-79.45244,41.67073],[-79.45322,41.657],[-79.44689,41.65712],[-79.4458,41.65894],[-79.44127,41.66266],[-79.44118,41.66102],[-79.4403,41.661],[-79.44001,41.66289],[-79.43882,41.66414],[-79.43565,41.66986],[-79.43538,41.67068],[-79.43645,41.67078],[-79.43634,41.67158],[-79.43579,41.67154],[-79.43568,41.67235],[-79.43511,41.67228],[-79.43525,41.67149],[-79.43421,41.67141],[-79.43404,41.67235],[-79.43506,41.67247],[-79.43458,41.67316],[-79.42758,41.67741],[-79.42439,41.68013],[-79.42302,41.68048],[-79.42187,41.68002],[-79.42119,41.67941],[-79.4217,41.67867],[-79.42084,41.67816],[-79.4204,41.67846],[-79.42041,41.67907],[-79.42279,41.68093],[-79.42225,41.68101],[-79.42197,41.6817],[-79.42072,41.68143],[-79.42551,41.68644],[-79.42709,41.68632],[-79.42974,41.68865],[-79.43326,41.68898],[-79.43779,41.69188],[-79.43765,41.68901],[-79.439,41.68899],[-79.43925,41.691],[-79.44005,41.69161],[-79.43917,41.6926],[-79.44181,41.69029],[-79.44167,41.68797],[-79.44405,41.68795],[-79.44501,41.68531],[-79.44137,41.68407],[-79.44088,41.6703],[-79.44327,41.66982],[-79.44448,41.67092],[-79.44712,41.67099],[-79.44716,41.67176],[-79.4486,41.6718],[-79.44847,41.67005],[-79.45171,41.67005],[-79.45244,41.67073]],[[-79.43692,41.66946],[-79.43923,41.66845],[-79.43954,41.66893],[-79.4373,41.67001],[-79.43692,41.66946]]]},"properties":{"SGL":309,"NAME":"309","ACRES":995.72602524,"PGC_REGION":1}},{"type":"Feature","geometry":{"type":"MultiPolygon","coordinates":[[[[-77.36417,41.77175],[-77.36474,41.77233],[-77.36479,41.77303],[-77.36542,41.77302],[-77.36575,41.77076],[-77.36189,41.77007],[-77.36167,41.77086],[-77.36258,41.7721],[-77.36393,41.77174],[-77.36417,41.77175]]],[[[-77.28593,41.80902],[-77.28395,41.81378],[-77.28403,41.81473],[-77.28507,41.8147],[-77.28694,41.81095],[-77.28725,41.81103],[-77.28537,41.8147],[-77.2885,41.81463],[-77.28934,41.812],[-77.28859,41.81191],[-77.28863,41.8114],[-77.28952,41.81138],[-77.29061,41.80762],[-77.29217,41.80486],[-77.29777,41.80058],[-77.29919,41.79849],[-77.29984,41.79647],[-77.29855,41.7962],[-77.29898,41.79382],[-77.29832,41.79366],[-77.29845,41.79201],[-77.30124,41.78948],[-77.29907,41.78782],[-77.29924,41.78746],[-77.29859,41.78744],[-77.29744,41.7882],[-77.2961,41.78766],[-77.29438,41.78877],[-77.2934,41.78992],[-77.29793,41.78987],[-77.29507,41.79665],[-77.29304,41.79686],[-77.29331,41.7994],[-77.28507,41.8054],[-77.28506,41.80616],[-77.28601,41.80657],[-77.28491,41.80875],[-77.28593,41.80902]]],[[[-77.39317,41.8902],[-77.39851,41.89008],[-77.39847,41.88922],[-77.40138,41.88912],[-77.4014,41.88886],[-77.40047,41.88701],[-77.39953,41.88736],[-77.39803,41.88675],[-77.39776,41.88608],[-77.3983,41.88544],[-77.39784,41.88471],[-77.39913,41.8845],[-77.39797,41.88453],[-77.39736,41.88406],[-77.39812,41.88408],[-77.39838,41.88314],[-77.39794,41.88171],[-77.39708,41.881],[-77.39525,41.88214],[-77.39371,41.88242],[-77.39384,41.88426],[-77.39314,41.88427],[-77.39317,41.8902]]]]},"properties":{"SGL":313,"NAME":"313","ACRES":408.68210411,"PGC_REGION":3}},{"type":"Feature","geometry":{"type":"MultiPolygon","coordinates":[[[[-80.49859,41.95493],[-80.51091,41.95168],[-80.50062,41.95148],[-80.50066,41.94913],[-80.49997,41.94915],[-80.49993,41.95147],[-80.4991,41.95144],[-80.4991,41.95177],[-80.49606,41.95177],[-80.49605,41.95024],[-80.49553,41.95027],[-80.49551,41.95058],[-80.49484,41.95056],[-80.4948,41.9546],[-80.49356,41.95458],[-80.49359,41.95625],[-80.49859,41.95493]]],[[[-80.48638,41.95236],[-80.48391,41.95279],[-80.48403,41.95598],[-80.48249,41.95653],[-80.48263,41.95912],[-80.48772,41.95785],[-80.48754,41.95216],[-80.48661,41.95229],[-80.48633,41.95099],[-80.48638,41.95236]]],[[[-80.47788,41.95382],[-80.47617,41.95464],[-80.47615,41.95973],[-80.4804,41.95861],[-80.48049,41.95271],[-80.47788,41.95382]]],[[[-80.46781,41.96488],[-80.46787,41.96711],[-80.46433,41.96727],[-80.46202,41.96493],[-80.45857,41.96583],[-80.458,41.96662],[-80.45787,41.96935],[-80.46799,41.96936],[-80.46805,41.97064],[-80.46728,41.9708],[-80.46881,41.97286],[-80.4691,41.97422],[-80.4633,41.97422],[-80.46326,41.97694],[-80.47603,41.97113],[-80.47608,41.96894],[-80.47716,41.96883],[-80.47728,41.97055],[-80.5057,41.95784],[-80.51184,41.95601],[-80.51945,41.95478],[-80.51947,41.95051],[-80.51239,41.95157],[-80.46202,41.96493],[-80.46781,41.96488]],[[-80.46961,41.97026],[-80.4694,41.96964],[-80.46993,41.96953],[-80.47019,41.97021],[-80.46963,41.97031],[-80.46961,41.97026]]],[[[-80.46849,41.99386],[-80.47022,41.99326],[-80.4705,41.99171],[-80.47194,41.9915],[-80.47175,41.98987],[-80.47342,41.9896],[-80.47356,41.99121],[-80.47368,41.9903],[-80.47478,41.99013],[-80.47484,41.991],[-80.47535,41.99087],[-80.47305,41.97716],[-80.47978,41.98193],[-80.48142,41.98403],[-80.48389,41.98407],[-80.48511,41.98893],[-80.48958,41.98759],[-80.49123,41.98768],[-80.49465,41.98685],[-80.5008,41.98466],[-80.5162,41.97787],[-80.51946,41.97723],[-80.51941,41.95634],[-80.50958,41.95757],[-80.5046,41.95898],[-80.49346,41.96402],[-80.49348,41.9636],[-80.46938,41.97455],[-80.47007,41.97503],[-80.46899,41.97555],[-80.4685,41.97502],[-80.46068,41.97849],[-80.46059,41.98169],[-80.46786,41.9815],[-80.46789,41.98422],[-80.46321,41.98416],[-80.46318,41.9855],[-80.4679,41.98556],[-80.46784,41.98916],[-80.46676,41.98915],[-80.46678,41.99231],[-80.46787,41.99213],[-80.46788,41.99411],[-80.46821,41.99397],[-80.46849,41.99386]]]]},"properties":{"SGL":314,"NAME":"314","ACRES":3551.3262361,"PGC_REGION":1}},{"type":"Feature","geometry":{"type":"MultiPolygon","coordinates":[[[[-75.02609,41.56001],[-75.02777,41.56346],[-75.02869,41.56418],[-75.03034,41.56431],[-75.02897,41.56234],[-75.02628,41.55986],[-75.02609,41.56001]]],[[[-75.0664,41.57058],[-75.07043,41.57416],[-75.07485,41.57054],[-75.07867,41.57037],[-75.07827,41.56495],[-75.08556,41.56452],[-75.08551,41.56275],[-75.09071,41.56232],[-75.09027,41.56146],[-75.09181,41.56132],[-75.09161,41.55867],[-75.09133,41.558],[-75.08979,41.55672],[-75.08986,41.55523],[-75.08829,41.55391],[-75.08868,41.55275],[-75.08816,41.55158],[-75.08434,41.55313],[-75.08426,41.55033],[-75.08252,41.55089],[-75.07623,41.53995],[-75.05689,41.54474],[-75.06221,41.55116],[-75.05709,41.55591],[-75.06001,41.55791],[-75.0588,41.55979],[-75.04687,41.55079],[-75.0464,41.55151],[-75.03786,41.54751],[-75.02761,41.54596],[-75.0181,41.54641],[-75.01793,41.54738],[-75.01855,41.54924],[-75.02138,41.55419],[-75.02911,41.56221],[-75.03058,41.56429],[-75.03156,41.56418],[-75.03394,41.56486],[-75.03855,41.56733],[-75.04571,41.56221],[-75.0512,41.55962],[-75.05894,41.56682],[-75.0606,41.56572],[-75.06272,41.56621],[-75.06658,41.56926],[-75.068,41.56974],[-75.0664,41.57058]],[[-75.07814,41.56575],[-75.07709,41.56584],[-75.07706,41.56503],[-75.07811,41.56498],[-75.07814,41.56575]]]]},"properties":{"SGL":316,"NAME":"316","ACRES":2720.70977201,"PGC_REGION":5}},{"type":"Feature","geometry":{"type":"MultiPolygon","coordinates":[[[[-77.19046,40.89726],[-77.19091,40.89756],[-77.19123,40.89722],[-77.19153,40.89103],[-77.19289,40.89037],[-77.19207,40.88912],[-77.18876,40.89016],[-77.18633,40.88657],[-77.19197,40.88511],[-77.19071,40.88239],[-77.19542,40.88143],[-77.19662,40.87902],[-77.1971,40.87885],[-77.19631,40.87783],[-77.19541,40.87755],[-77.19414,40.87787],[-77.19393,40.87526],[-77.18609,40.87605],[-77.18293,40.87576],[-77.18345,40.88352],[-77.17541,40.88658],[-77.17573,40.88724],[-77.1826,40.88525],[-77.1845,40.88839],[-77.17526,40.89181],[-77.17703,40.89477],[-77.18257,40.89263],[-77.18356,40.89422],[-77.18588,40.89369],[-77.18662,40.89749],[-77.19005,40.89716],[-77.19046,40.89726]]],[[[-77.18285,40.91045],[-77.18333,40.91053],[-77.18543,40.9075],[-77.18429,40.90762],[-77.18413,40.90674],[-77.18537,40.90632],[-77.18415,40.89784],[-77.18021,40.89828],[-77.17859,40.90213],[-77.17611,40.90222],[-77.17583,40.89869],[-77.17491,40.89877],[-77.17469,40.89568],[-77.17233,40.89688],[-77.17111,40.89618],[-77.16887,40.89746],[-77.16643,40.89689],[-77.16481,40.89769],[-77.16429,40.89696],[-77.16399,40.89711],[-77.16464,40.89778],[-77.16307,40.89854],[-77.16363,40.89998],[-77.16872,40.89953],[-77.16882,40.90015],[-77.16751,40.9003],[-77.16883,40.90238],[-77.16742,40.90243],[-77.16753,40.903],[-77.16654,40.90374],[-77.16804,40.90566],[-77.16987,40.90584],[-77.17233,40.90748],[-77.17458,40.90565],[-77.17444,40.90421],[-77.17404,40.90423],[-77.17398,40.90369],[-77.17548,40.90345],[-77.17498,40.90448],[-77.17516,40.90668],[-77.1734,40.90816],[-77.1745,40.90874],[-77.17461,40.90763],[-77.17527,40.90758],[-77.17538,40.90906],[-77.17791,40.91029],[-77.1825,40.91044],[-77.18285,40.91045]],[[-77.178,40.90677],[-77.17651,40.90692],[-77.17645,40.90656],[-77.17796,40.90645],[-77.178,40.90677]],[[-77.17392,40.89881],[-77.17271,40.89896],[-77.17306,40.89798],[-77.17367,40.89802],[-77.17392,40.89881]]],[[[-77.20136,40.91155],[-77.20262,40.91174],[-77.2033,40.91255],[-77.20521,40.91275],[-77.20533,40.91509],[-77.21567,40.91552],[-77.21359,40.91367],[-77.21122,40.91034],[-77.21003,40.91041],[-77.20769,40.9072],[-77.20512,40.90723],[-77.20506,40.90495],[-77.20386,40.90498],[-77.20326,40.90325],[-77.20046,40.90316],[-77.20122,40.90994],[-77.20136,40.91155]]]]},"properties":{"SGL":317,"NAME":"317","ACRES":1103.32233008,"PGC_REGION":3}},{"type":"Feature","geometry":{"type":"Polygon","coordinates":[[[-75.49161,41.09773],[-75.49235,41.09843],[-75.49455,41.09727],[-75.4941,41.09679],[-75.49446,41.09665],[-75.49488,41.09715],[-75.49738,41.0964],[-75.50017,41.09457],[-75.49956,41.0946],[-75.49953,41.09316],[-75.49479,41.09265],[-75.49462,41.08814],[-75.50425,41.08929],[-75.5037,41.0816],[-75.49999,41.08176],[-75.49958,41.08272],[-75.48815,41.08326],[-75.4871,41.08134],[-75.47828,41.08118],[-75.46071,41.09173],[-75.466,41.09697],[-75.47193,41.09645],[-75.47634,41.0905],[-75.4835,41.0862],[-75.49037,41.09268],[-75.48702,41.09464],[-75.48961,41.09715],[-75.49038,41.09656],[-75.49161,41.09773]]]},"properties":{"SGL":318,"NAME":"318","ACRES":858.22554943,"PGC_REGION":5}},{"type":"Feature","geometry":{"type":"Polygon","coordinates":[[[-76.97314,40.36064],[-76.97134,40.36018],[-76.97029,40.36034],[-76.97215,40.36052],[-76.97037,40.36051],[-76.96883,40.35922],[-76.96583,40.35979],[-76.95557,40.36041],[-76.95651,40.36092],[-76.9607,40.36167],[-76.96409,40.36122],[-76.96956,40.36152],[-76.97305,40.3607],[-76.97314,40.36064]]]},"properties":{"SGL":319,"NAME":"319","ACRES":53.25886475,"PGC_REGION":4}},{"type":"Feature","geometry":{"type":"Polygon","coordinates":[[[-79.16369,40.95954],[-79.16486,40.96032],[-79.16549,40.96168],[-79.16615,40.9617],[-79.16869,40.95989],[-79.16766,40.95972],[-79.16893,40.95671],[-79.17271,40.95668],[-79.17273,40.94951],[-79.16364,40.94933],[-79.16361,40.94527],[-79.16121,40.94478],[-79.16121,40.94912],[-79.15283,40.94895],[-79.15272,40.95618],[-79.15607,40.9563],[-79.15599,40.96148],[-79.15847,40.9616],[-79.15852,40.96015],[-79.16317,40.96025],[-79.16319,40.9592],[-79.16369,40.95954]]]},"properties":{"SGL":320,"NAME":"320","ACRES":475.92261522,"PGC_REGION":1}},{"type":"Feature","geometry":{"type":"Polygon","coordinates":[[[-77.99394,41.1986],[-78.02288,41.19809],[-78.02273,41.19442],[-78.02149,41.19443],[-78.02146,41.19369],[-78.0227,41.19368],[-78.02265,41.19232],[-78.01696,41.19246],[-78.01668,41.18365],[-78.03538,41.1832],[-78.03483,41.16876],[-78.01202,41.16895],[-78.01167,41.14994],[-78.00671,41.15114],[-78.00885,41.15658],[-78.00878,41.16355],[-77.9801,41.17599],[-77.97855,41.1946],[-77.9925,41.19822],[-77.99394,41.1986]]]},"properties":{"SGL":321,"NAME":"321","ACRES":3254.06779419,"PGC_REGION":3}},{"type":"Feature","geometry":{"type":"MultiPolygon","coordinates":[[[[-76.7897,41.11593],[-76.79214,41.11769],[-76.79275,41.11711],[-76.79126,41.11285],[-76.79148,41.11145],[-76.78936,41.11013],[-76.78801,41.11057],[-76.78737,41.11227],[-76.78781,41.11304],[-76.78936,41.1141],[-76.78954,41.1148],[-76.78888,41.11539],[-76.78939,41.11522],[-76.7897,41.11593]]],[[[-76.76969,41.16543],[-76.77142,41.16747],[-76.771,41.16823],[-76.76954,41.16866],[-76.77088,41.17005],[-76.76859,41.17131],[-76.76867,41.1744],[-76.76893,41.17441],[-76.76831,41.17504],[-76.76802,41.17636],[-76.77169,41.17587],[-76.77142,41.17272],[-76.7733,41.17157],[-76.77297,41.16899],[-76.7739,41.16749],[-76.77252,41.16452],[-76.7758,41.16308],[-76.77636,41.15788],[-76.774,41.15685],[-76.77306,41.15767],[-76.77044,41.15578],[-76.76971,41.15637],[-76.76803,41.15636],[-76.76719,41.15467],[-76.76035,41.15624],[-76.76006,41.15707],[-76.75894,41.15644],[-76.75928,41.15564],[-76.75359,41.15541],[-76.75379,41.15903],[-76.75233,41.15932],[-76.75204,41.16154],[-76.75078,41.16165],[-76.74913,41.1651],[-76.75304,41.16594],[-76.75573,41.16321],[-76.75994,41.16767],[-76.76623,41.16468],[-76.76682,41.16491],[-76.76664,41.16559],[-76.76881,41.1646],[-76.76969,41.16543]]]]},"properties":{"SGL":325,"NAME":"325","ACRES":637.40602725,"PGC_REGION":5}},{"type":"Feature","geometry":{"type":"Polygon","coordinates":[[[-76.4317,39.79819],[-76.43299,39.79947],[-76.4335,39.79828],[-76.4343,39.79778],[-76.43575,39.79785],[-76.43728,39.7985],[-76.43867,39.79769],[-76.43997,39.79533],[-76.44201,39.79349],[-76.44366,39.7933],[-76.4459,39.79467],[-76.44637,39.79394],[-76.4478,39.79358],[-76.44859,39.79203],[-76.43941,39.79247],[-76.43891,39.7933],[-76.43782,39.79298],[-76.43851,39.7905],[-76.44122,39.7865],[-76.44075,39.78569],[-76.43986,39.78635],[-76.43819,39.78469],[-76.43601,39.7857],[-76.43692,39.78711],[-76.42963,39.79256],[-76.43079,39.79442],[-76.43018,39.79501],[-76.43078,39.79627],[-76.4317,39.79819]]]},"properties":{"SGL":327,"NAME":"327","ACRES":244.46928134,"PGC_REGION":4}},{"type":"Feature","geometry":{"type":"MultiPolygon","coordinates":[[[[-79.3681,40.45424],[-79.36695,40.45883],[-79.36637,40.45903],[-79.36639,40.46008],[-79.36724,40.46026],[-79.369,40.45651],[-79.37,40.45546],[-79.36919,40.45377],[-79.3681,40.45424]]],[[[-79.37196,40.46548],[-79.37195,40.4681],[-79.37412,40.46808],[-79.37196,40.46539],[-79.37196,40.46548]]],[[[-79.39856,40.47228],[-79.40039,40.47119],[-79.39839,40.46651],[-79.39771,40.46627],[-79.39841,40.46859],[-79.39851,40.47142],[-79.39856,40.47228]]],[[[-79.38442,40.47578],[-79.38637,40.47625],[-79.39112,40.47374],[-79.39347,40.474],[-79.39496,40.47317],[-79.39641,40.47371],[-79.39766,40.47294],[-79.39788,40.46917],[-79.39702,40.46629],[-79.39209,40.46646],[-79.3925,40.468],[-79.39183,40.46939],[-79.38795,40.4696],[-79.38555,40.4705],[-79.3851,40.47132],[-79.38346,40.47242],[-79.38492,40.47038],[-79.38269,40.46994],[-79.38094,40.47091],[-79.38015,40.47184],[-79.37729,40.47241],[-79.37423,40.46843],[-79.37226,40.46839],[-79.37126,40.46951],[-79.36989,40.46943],[-79.36934,40.47042],[-79.37017,40.47076],[-79.37164,40.47289],[-79.37285,40.47242],[-79.37603,40.47266],[-79.3793,40.47481],[-79.38073,40.47321],[-79.38209,40.47435],[-79.38369,40.47451],[-79.38396,40.47576],[-79.38426,40.47573],[-79.38442,40.47578]]],[[[-79.38139,40.47721],[-79.38315,40.48039],[-79.38505,40.48053],[-79.39633,40.47377],[-79.39495,40.47326],[-79.39348,40.47409],[-79.39116,40.47382],[-79.3872,40.47607],[-79.38608,40.47633],[-79.38387,40.47582],[-79.38362,40.47458],[-79.38202,40.47442],[-79.38072,40.47331],[-79.3793,40.47491],[-79.37598,40.47273],[-79.37286,40.47251],[-79.3716,40.47298],[-79.37008,40.4708],[-79.36923,40.47041],[-79.36981,40.46936],[-79.37121,40.46944],[-79.3722,40.46847],[-79.36997,40.4684],[-79.36859,40.47045],[-79.37103,40.47264],[-79.37046,40.47332],[-79.37609,40.47834],[-79.37589,40.47887],[-79.38061,40.47577],[-79.38139,40.47721]]]]},"properties":{"SGL":328,"NAME":"328","ACRES":527.56587956,"PGC_REGION":2}},{"type":"Feature","geometry":{"type":"Polygon","coordinates":[[[-76.29702,40.83194],[-76.29954,40.83548],[-76.29598,40.83713],[-76.29561,40.83919],[-76.29625,40.84049],[-76.30575,40.83869],[-76.30454,40.83457],[-76.32056,40.83187],[-76.31695,40.81757],[-76.3281,40.81563],[-76.32707,40.81232],[-76.30699,40.81325],[-76.29166,40.81711],[-76.29269,40.82078],[-76.26101,40.82555],[-76.26254,40.82992],[-76.27245,40.82725],[-76.27463,40.8299],[-76.27729,40.82868],[-76.27952,40.83073],[-76.28243,40.82832],[-76.28741,40.82643],[-76.28815,40.8287],[-76.29175,40.82728],[-76.29148,40.8276],[-76.29291,40.83178],[-76.29112,40.8324],[-76.29157,40.83327],[-76.29702,40.83191],[-76.29702,40.83194]]]},"properties":{"SGL":329,"NAME":"329","ACRES":1744.16286537,"PGC_REGION":5}},{"type":"Feature","geometry":{"type":"Polygon","coordinates":[[[-79.48687,41.16137],[-79.48686,41.16295],[-79.49109,41.15984],[-79.49405,41.15894],[-79.49357,41.15814],[-79.49533,41.15686],[-79.49822,41.15691],[-79.50741,41.15487],[-79.50695,41.1564],[-79.50966,41.15573],[-79.50956,41.14952],[-79.51033,41.14948],[-79.51096,41.1462],[-79.50702,41.14527],[-79.50716,41.14352],[-79.50892,41.1422],[-79.50769,41.14088],[-79.51011,41.14087],[-79.5097,41.12606],[-79.49902,41.11868],[-79.49353,41.13048],[-79.49179,41.13047],[-79.4916,41.12568],[-79.47842,41.12543],[-79.4785,41.13364],[-79.473,41.13527],[-79.47282,41.14024],[-79.48107,41.14032],[-79.48079,41.15819],[-79.48682,41.15822],[-79.48687,41.16109],[-79.48687,41.16137]]]},"properties":{"SGL":330,"NAME":"330","ACRES":2349.60881725,"PGC_REGION":1}},{"type":"Feature","geometry":{"type":"MultiPolygon","coordinates":[[[[-77.81315,40.85095],[-77.813,40.85236],[-77.81079,40.85371],[-77.81134,40.85566],[-77.81101,40.85721],[-77.81606,40.85725],[-77.82174,40.85508],[-77.82171,40.85453],[-77.82025,40.85265],[-77.82038,40.85157],[-77.82319,40.8496],[-77.82553,40.84937],[-77.82506,40.84767],[-77.82024,40.85082],[-77.81875,40.84941],[-77.81465,40.85076],[-77.81315,40.85095]]],[[[-77.81063,40.8581],[-77.80985,40.85892],[-77.81002,40.85922],[-77.81186,40.85821],[-77.81084,40.85808],[-77.81067,40.85774],[-77.81063,40.8581]]],[[[-77.79482,40.86512],[-77.7961,40.86628],[-77.79624,40.86556],[-77.79783,40.86448],[-77.8025,40.86556],[-77.80377,40.86513],[-77.80433,40.86412],[-77.80403,40.86179],[-77.80461,40.8608],[-77.80597,40.86056],[-77.80807,40.86097],[-77.80896,40.85978],[-77.80931,40.85817],[-77.81077,40.85742],[-77.81116,40.85566],[-77.81061,40.85371],[-77.813,40.85208],[-77.81267,40.84963],[-77.80854,40.84888],[-77.80779,40.84937],[-77.80794,40.85046],[-77.80691,40.85052],[-77.80682,40.84989],[-77.8063,40.85006],[-77.80883,40.85491],[-77.80717,40.85524],[-77.80734,40.85563],[-77.80314,40.85902],[-77.80407,40.85984],[-77.80362,40.8606],[-77.79815,40.86257],[-77.79574,40.86297],[-77.79262,40.85973],[-77.79113,40.86174],[-77.79338,40.86296],[-77.7931,40.86322],[-77.79395,40.86386],[-77.79482,40.86512]]],[[[-77.79097,40.87523],[-77.79199,40.87593],[-77.79486,40.87203],[-77.79291,40.87109],[-77.79275,40.86937],[-77.79592,40.86857],[-77.79625,40.86779],[-77.79613,40.86669],[-77.79507,40.86639],[-77.79339,40.86392],[-77.78958,40.86252],[-77.78713,40.86484],[-77.78697,40.8656],[-77.78778,40.86588],[-77.78735,40.8668],[-77.79102,40.86917],[-77.79081,40.86992],[-77.78664,40.87516],[-77.78736,40.87556],[-77.79006,40.87483],[-77.79097,40.87523]]],[[[-77.80821,40.87691],[-77.82272,40.86867],[-77.81545,40.86508],[-77.81606,40.86436],[-77.81521,40.86395],[-77.81766,40.86096],[-77.82156,40.86478],[-77.8231,40.86239],[-77.82263,40.8619],[-77.82416,40.86095],[-77.8217,40.85851],[-77.82476,40.85627],[-77.83049,40.85518],[-77.83012,40.85479],[-77.82694,40.85297],[-77.82496,40.85231],[-77.82455,40.85325],[-77.82262,40.85268],[-77.82222,40.85364],[-77.82309,40.85417],[-77.82353,40.85562],[-77.82314,40.85667],[-77.82259,40.85702],[-77.81575,40.8587],[-77.81206,40.85828],[-77.80995,40.85942],[-77.80842,40.8616],[-77.8054,40.8611],[-77.80491,40.8615],[-77.80513,40.86423],[-77.80425,40.86572],[-77.80221,40.86616],[-77.79835,40.86516],[-77.79765,40.86531],[-77.79694,40.86622],[-77.7971,40.86784],[-77.79663,40.86888],[-77.7931,40.86963],[-77.7936,40.87029],[-77.79745,40.87071],[-77.79936,40.87135],[-77.80143,40.87292],[-77.80266,40.87263],[-77.80821,40.87691]],[[-77.81311,40.86935],[-77.81224,40.86985],[-77.81159,40.86919],[-77.81246,40.86869],[-77.81311,40.86935]]]]},"properties":{"SGL":333,"NAME":"333","ACRES":1212.76894274,"PGC_REGION":3}},{"type":"Feature","geometry":{"type":"Polygon","coordinates":[[[-76.97228,41.66097],[-76.9754,41.65981],[-76.9768,41.66041],[-76.9778,41.66033],[-76.98016,41.65885],[-76.98395,41.65869],[-76.98394,41.65836],[-76.98703,41.65705],[-76.98871,41.65583],[-77.00302,41.65367],[-77.00672,41.65362],[-77.00662,41.65173],[-76.98714,41.6524],[-76.98693,41.64936],[-77.00639,41.64884],[-77.00598,41.64279],[-76.9865,41.64324],[-76.98617,41.63544],[-76.98611,41.63662],[-76.98547,41.63635],[-76.98539,41.63512],[-76.98477,41.63458],[-76.98378,41.63459],[-76.98376,41.63404],[-76.9846,41.63382],[-76.98547,41.63228],[-76.98175,41.63235],[-76.98167,41.63092],[-76.97353,41.63122],[-76.97503,41.65811],[-76.97006,41.6595],[-76.97012,41.66046],[-76.97167,41.66025],[-76.97228,41.66097]]]},"properties":{"SGL":335,"NAME":"335","ACRES":1169.48788045,"PGC_REGION":3}},{"type":"Feature","geometry":{"type":"MultiPolygon","coordinates":[[[[-79.72477,41.32953],[-79.7248,41.33304],[-79.72725,41.3331],[-79.72713,41.32919],[-79.72902,41.3292],[-79.72897,41.3216],[-79.71763,41.32127],[-79.71758,41.3235],[-79.71222,41.32351],[-79.7122,41.3172],[-79.7111,41.31559],[-79.70875,41.31559],[-79.70824,41.30754],[-79.70097,41.30768],[-79.70084,41.30549],[-79.69461,41.30562],[-79.69462,41.30777],[-79.68793,41.3079],[-79.68788,41.30597],[-79.67812,41.30608],[-79.67813,41.30547],[-79.67078,41.3055],[-79.67166,41.30644],[-79.67143,41.30731],[-79.67076,41.30791],[-79.66896,41.30848],[-79.66342,41.30807],[-79.66256,41.30955],[-79.66216,41.31172],[-79.67127,41.31163],[-79.67121,41.31462],[-79.67265,41.31464],[-79.67264,41.31522],[-79.67458,41.31526],[-79.67457,41.31768],[-79.67689,41.31775],[-79.67711,41.31916],[-79.695,41.31873],[-79.69498,41.31715],[-79.6939,41.31712],[-79.6939,41.3118],[-79.69882,41.3117],[-79.69889,41.31706],[-79.70156,41.31703],[-79.70169,41.31749],[-79.70171,41.32485],[-79.69516,41.32485],[-79.69516,41.32256],[-79.69359,41.32259],[-79.69174,41.32572],[-79.69267,41.32571],[-79.69272,41.32757],[-79.69391,41.32753],[-79.69396,41.32878],[-79.69784,41.32877],[-79.69782,41.32743],[-79.70233,41.32735],[-79.70231,41.33113],[-79.70642,41.33112],[-79.70642,41.32881],[-79.7069,41.32884],[-79.7069,41.3271],[-79.71637,41.32707],[-79.71652,41.32615],[-79.72475,41.32615],[-79.72477,41.32892],[-79.72477,41.32953]]],[[[-79.57137,41.32467],[-79.57136,41.33259],[-79.57483,41.33262],[-79.57481,41.33384],[-79.58209,41.33388],[-79.58283,41.32784],[-79.57944,41.32399],[-79.57136,41.32381],[-79.57137,41.32467]]],[[[-79.64212,41.34552],[-79.64241,41.34543],[-79.64191,41.34428],[-79.64261,41.34407],[-79.64315,41.34519],[-79.64524,41.34453],[-79.64527,41.33974],[-79.65046,41.33964],[-79.65042,41.32583],[-79.65429,41.32572],[-79.65438,41.3187],[-79.65054,41.31873],[-79.6505,41.32141],[-79.64587,41.3214],[-79.64597,41.32025],[-79.63678,41.32013],[-79.63686,41.31799],[-79.63957,41.31672],[-79.64971,41.31538],[-79.64812,41.31494],[-79.64137,41.31569],[-79.63687,41.31769],[-79.63695,41.3154],[-79.63349,41.3154],[-79.63445,41.31346],[-79.63134,41.31134],[-79.62975,41.31137],[-79.62987,41.31092],[-79.62739,41.31007],[-79.62284,41.31008],[-79.62276,41.30709],[-79.61986,41.30706],[-79.61682,41.30606],[-79.61624,41.30576],[-79.61708,41.30458],[-79.61508,41.30458],[-79.61507,41.30404],[-79.61249,41.30368],[-79.60843,41.30383],[-79.60436,41.30322],[-79.60444,41.30193],[-79.59933,41.30192],[-79.59673,41.30086],[-79.59516,41.30066],[-79.59514,41.30002],[-79.58941,41.30008],[-79.58481,41.29809],[-79.5848,41.29856],[-79.58675,41.2994],[-79.58693,41.304],[-79.58957,41.30402],[-79.5895,41.3088],[-79.58793,41.3088],[-79.58769,41.31356],[-79.57927,41.31357],[-79.57923,41.31565],[-79.58955,41.3157],[-79.58933,41.31806],[-79.58972,41.31806],[-79.59009,41.32134],[-79.5984,41.32122],[-79.59704,41.32608],[-79.59739,41.32566],[-79.60413,41.32606],[-79.60396,41.3315],[-79.60149,41.3315],[-79.60161,41.32859],[-79.5956,41.32927],[-79.59501,41.33158],[-79.59562,41.3316],[-79.59558,41.33636],[-79.60385,41.33642],[-79.60395,41.33368],[-79.6119,41.33381],[-79.61254,41.33641],[-79.62032,41.3365],[-79.62022,41.34215],[-79.63681,41.34215],[-79.63691,41.34386],[-79.64106,41.3438],[-79.64212,41.34552]]]]},"properties":{"SGL":45,"NAME":"045","ACRES":5859.5277733,"PGC_REGION":1}},{"type":"Feature","geometry":{"type":"Polygon","coordinates":[[[-78.02509,40.56455],[-78.02743,40.56497],[-78.02837,40.56472],[-78.031,40.56189],[-78.03181,40.5615],[-78.03298,40.56412],[-78.03952,40.56029],[-78.03499,40.55257],[-78.03473,40.55059],[-78.03574,40.54658],[-78.03545,40.54519],[-78.03457,40.54526],[-78.03411,40.54385],[-78.03135,40.5409],[-78.03097,40.54119],[-78.0291,40.54026],[-78.02984,40.53968],[-78.02705,40.53725],[-78.02319,40.54346],[-78.02179,40.54387],[-78.00868,40.54319],[-78.01186,40.53769],[-78.01396,40.53806],[-78.01417,40.53708],[-78.01315,40.5325],[-78.01447,40.53046],[-78.02592,40.53313],[-78.02567,40.5289],[-78.02527,40.52891],[-78.0248,40.51868],[-78.01255,40.51901],[-78.01003,40.52495],[-78.00631,40.53049],[-77.99928,40.53665],[-77.99245,40.53768],[-77.98557,40.54185],[-77.98444,40.54378],[-77.98546,40.54467],[-77.98416,40.54718],[-77.97564,40.54571],[-77.97905,40.54171],[-77.98164,40.53956],[-77.97965,40.5384],[-77.97845,40.53887],[-77.97812,40.54061],[-77.97213,40.54462],[-77.97126,40.54564],[-77.97177,40.54649],[-77.97427,40.54797],[-77.97465,40.54784],[-77.97416,40.54863],[-77.97336,40.54817],[-77.97375,40.54779],[-77.97171,40.54655],[-77.97136,40.54666],[-77.97049,40.55049],[-77.9694,40.55216],[-77.96745,40.55462],[-77.96645,40.554],[-77.96531,40.55418],[-77.96638,40.55498],[-77.96566,40.55565],[-77.96411,40.55595],[-77.96557,40.55716],[-77.96831,40.55525],[-77.97328,40.5555],[-77.97477,40.55426],[-77.98642,40.56238],[-77.98856,40.55991],[-77.99554,40.55726],[-77.99748,40.5572],[-77.99724,40.55267],[-78.00007,40.55257],[-77.99904,40.54898],[-78.00141,40.54888],[-78.00241,40.55237],[-78.00665,40.55218],[-78.00645,40.54927],[-78.01009,40.54558],[-78.01102,40.54349],[-78.01581,40.5438],[-78.01128,40.56005],[-78.01912,40.56289],[-78.01969,40.56245],[-78.02509,40.56455]],[[-78.03918,40.5603],[-78.03855,40.56056],[-78.03761,40.55915],[-78.03828,40.55891],[-78.03918,40.5603]],[[-78.03542,40.55527],[-78.03065,40.55602],[-78.03034,40.55555],[-78.03511,40.55479],[-78.03542,40.55527]]]},"properties":{"SGL":322,"NAME":"322","ACRES":3148.69428889,"PGC_REGION":4}},{"type":"Feature","geometry":{"type":"MultiPolygon","coordinates":[[[[-78.45933,41.32019],[-78.4571,41.32438],[-78.46435,41.32435],[-78.46561,41.32232],[-78.46663,41.32199],[-78.46675,41.31974],[-78.4707,41.31973],[-78.47238,41.31882],[-78.4728,41.31254],[-78.46988,41.31248],[-78.47139,41.31338],[-78.47165,41.3141],[-78.47108,41.31458],[-78.46724,41.3148],[-78.46546,41.3165],[-78.46614,41.31819],[-78.4649,41.31894],[-78.46408,41.31759],[-78.46228,41.3161],[-78.46103,41.3162],[-78.45936,41.31889],[-78.45946,41.31956],[-78.45933,41.32019]]],[[[-78.31186,41.33028],[-78.31038,41.33234],[-78.30912,41.33505],[-78.31229,41.33646],[-78.31237,41.33922],[-78.31578,41.33479],[-78.31864,41.3322],[-78.3209,41.33039],[-78.32307,41.32977],[-78.3108,41.32966],[-78.30955,41.33179],[-78.31008,41.33213],[-78.31172,41.33012],[-78.31186,41.33028]]],[[[-78.34671,41.36554],[-78.36179,41.36945],[-78.36109,41.36517],[-78.36163,41.36478],[-78.36277,41.36508],[-78.36315,41.36433],[-78.36425,41.36457],[-78.36594,41.36326],[-78.36708,41.36339],[-78.36724,41.3628],[-78.3682,41.36252],[-78.36934,41.36353],[-78.37041,41.36386],[-78.37026,41.36413],[-78.37102,41.36412],[-78.37165,41.36557],[-78.37309,41.36589],[-78.37456,41.36843],[-78.38017,41.36855],[-78.38021,41.36274],[-78.38781,41.36272],[-78.38816,41.35174],[-78.39775,41.35167],[-78.39595,41.3513],[-78.39538,41.35074],[-78.39567,41.34808],[-78.39651,41.346],[-78.39798,41.34492],[-78.39804,41.34349],[-78.39944,41.34282],[-78.39927,41.34178],[-78.3975,41.34201],[-78.39427,41.34404],[-78.39343,41.34388],[-78.39343,41.34172],[-78.39511,41.33893],[-78.39398,41.33709],[-78.39413,41.33591],[-78.39028,41.33457],[-78.39005,41.3339],[-78.39099,41.33266],[-78.38812,41.33324],[-78.38826,41.32482],[-78.38173,41.32479],[-78.38161,41.33867],[-78.37208,41.33873],[-78.37208,41.33983],[-78.37135,41.33983],[-78.37135,41.33873],[-78.36841,41.33873],[-78.36872,41.34259],[-78.36953,41.3435],[-78.36913,41.34363],[-78.36922,41.34429],[-78.36873,41.34443],[-78.36874,41.35016],[-78.37193,41.35015],[-78.37195,41.35356],[-78.36186,41.35358],[-78.36209,41.34633],[-78.36542,41.34634],[-78.36544,41.34346],[-78.36486,41.34346],[-78.36545,41.34178],[-78.36376,41.34153],[-78.36213,41.34185],[-78.36222,41.3386],[-78.358,41.33857],[-78.35737,41.34044],[-78.35824,41.34075],[-78.35783,41.34137],[-78.35719,41.34128],[-78.35683,41.34231],[-78.35547,41.34171],[-78.35548,41.34372],[-78.35689,41.3442],[-78.35808,41.34529],[-78.3581,41.34635],[-78.3523,41.34639],[-78.3524,41.34572],[-78.35548,41.34503],[-78.35548,41.34368],[-78.35448,41.34298],[-78.35489,41.34271],[-78.35396,41.34219],[-78.35194,41.34332],[-78.35126,41.34205],[-78.35205,41.34035],[-78.34875,41.34029],[-78.34878,41.3434],[-78.34692,41.34341],[-78.34488,41.34088],[-78.3471,41.34018],[-78.34874,41.3402],[-78.34871,41.33862],[-78.34573,41.33859],[-78.35291,41.33444],[-78.35158,41.33211],[-78.35545,41.33021],[-78.35557,41.32469],[-78.35023,41.32463],[-78.35027,41.32313],[-78.34713,41.3236],[-78.3448,41.32441],[-78.34668,41.32614],[-78.34708,41.32976],[-78.35009,41.33484],[-78.33616,41.33484],[-78.33573,41.32723],[-78.33534,41.32938],[-78.33453,41.33016],[-78.33066,41.33148],[-78.3267,41.33101],[-78.32679,41.33241],[-78.32246,41.33365],[-78.31996,41.33651],[-78.32475,41.34064],[-78.3233,41.34147],[-78.32274,41.34083],[-78.32122,41.34127],[-78.32324,41.34498],[-78.32292,41.34503],[-78.32333,41.34551],[-78.32424,41.34525],[-78.32464,41.34553],[-78.32459,41.34663],[-78.3242,41.34663],[-78.32421,41.34855],[-78.33003,41.3486],[-78.32989,41.35353],[-78.34205,41.3535],[-78.34213,41.34724],[-78.34611,41.34723],[-78.34603,41.35358],[-78.35075,41.35355],[-78.35094,41.34822],[-78.35549,41.34827],[-78.35544,41.36016],[-78.35133,41.36165],[-78.34924,41.3615],[-78.34671,41.36554]],[[-78.35192,41.3641],[-78.35255,41.3644],[-78.35201,41.36479],[-78.35142,41.36446],[-78.35192,41.3641]],[[-78.35077,41.36279],[-78.35175,41.36402],[-78.35063,41.36451],[-78.35004,41.36416],[-78.35063,41.36372],[-78.3502,41.36326],[-78.35077,41.36279]],[[-78.37664,41.3459],[-78.37649,41.34624],[-78.37516,41.34591],[-78.37512,41.34209],[-78.37808,41.34261],[-78.37664,41.3459]],[[-78.37748,41.3399],[-78.37911,41.34034],[-78.37843,41.34188],[-78.37667,41.34142],[-78.37742,41.33988],[-78.37748,41.3399]],[[-78.35486,41.34751],[-78.35511,41.34813],[-78.35429,41.34813],[-78.35429,41.3475],[-78.35486,41.34751]],[[-78.34187,41.34684],[-78.34188,41.34725],[-78.33734,41.34719],[-78.33733,41.33881],[-78.34171,41.33872],[-78.34183,41.34468],[-78.34187,41.34684]],[[-78.33656,41.34058],[-78.33663,41.34723],[-78.32768,41.34747],[-78.32763,41.3437],[-78.333,41.34364],[-78.33302,41.33887],[-78.33654,41.33884],[-78.33656,41.34058]],[[-78.33076,41.34041],[-78.33075,41.34086],[-78.3282,41.34087],[-78.32824,41.33911],[-78.33081,41.33892],[-78.33076,41.34041]],[[-78.35892,41.34205],[-78.3579,41.34195],[-78.35809,41.34166],[-78.35892,41.34205]],[[-78.33087,41.33252],[-78.33024,41.33253],[-78.33011,41.33208],[-78.33075,41.33207],[-78.33087,41.33252]]]]},"properties":{"SGL":311,"NAME":"311","ACRES":3786.70401737,"PGC_REGION":3}},{"type":"Feature","geometry":{"type":"MultiPolygon","coordinates":[[[[-78.21083,40.69918],[-78.2112,40.69971],[-78.21235,40.69914],[-78.21567,40.69625],[-78.21957,40.6993],[-78.22033,40.69878],[-78.22323,40.69576],[-78.22243,40.69513],[-78.22311,40.69463],[-78.22369,40.69493],[-78.22433,40.69453],[-78.22375,40.69424],[-78.22399,40.6939],[-78.22473,40.69416],[-78.22332,40.69353],[-78.224,40.69249],[-78.22548,40.69293],[-78.22667,40.69153],[-78.22607,40.6912],[-78.22638,40.69077],[-78.22449,40.69049],[-78.22491,40.69002],[-78.22331,40.68912],[-78.22562,40.68646],[-78.22243,40.68538],[-78.22289,40.68473],[-78.21895,40.68278],[-78.21588,40.68444],[-78.20878,40.69173],[-78.20628,40.69404],[-78.2053,40.6943],[-78.20641,40.69537],[-78.20364,40.69794],[-78.20552,40.69965],[-78.20851,40.69692],[-78.20928,40.69748],[-78.2106,40.69715],[-78.21083,40.69918]],[[-78.22373,40.69415],[-78.2231,40.69387],[-78.2233,40.6936],[-78.22391,40.69387],[-78.22373,40.69415]]],[[[-78.17142,40.71106],[-78.17062,40.71152],[-78.17573,40.71626],[-78.18283,40.7116],[-78.18246,40.71129],[-78.19071,40.70631],[-78.19599,40.70596],[-78.19709,40.7072],[-78.2013,40.7037],[-78.19314,40.69588],[-78.18214,40.70214],[-78.17965,40.69979],[-78.16621,40.70888],[-78.16684,40.70979],[-78.17303,40.70693],[-78.17408,40.708],[-78.18163,40.7022],[-78.18234,40.70285],[-78.18182,40.7044],[-78.18008,40.70551],[-78.17142,40.71106]]],[[[-78.1434,40.72187],[-78.14176,40.72312],[-78.13903,40.72439],[-78.14075,40.72541],[-78.1458,40.7227],[-78.14954,40.72125],[-78.15856,40.71967],[-78.15958,40.71904],[-78.1567,40.71715],[-78.14812,40.7199],[-78.1434,40.72187]]],[[[-78.14517,40.72432],[-78.14191,40.7261],[-78.14326,40.7269],[-78.13126,40.735],[-78.13341,40.73631],[-78.1287,40.73917],[-78.13308,40.74225],[-78.16077,40.72728],[-78.15879,40.72549],[-78.16108,40.72002],[-78.15945,40.7204],[-78.15953,40.72093],[-78.15822,40.7213],[-78.15692,40.7212],[-78.15547,40.72176],[-78.15456,40.7215],[-78.15374,40.72222],[-78.15278,40.72235],[-78.15218,40.72194],[-78.14997,40.7226],[-78.14975,40.72316],[-78.14835,40.72382],[-78.14628,40.72386],[-78.14517,40.72432]]]]},"properties":{"SGL":278,"NAME":"278","ACRES":1805.04606087,"PGC_REGION":4}},{"type":"Feature","geometry":{"type":"MultiPolygon","coordinates":[[[[-77.81742,39.98732],[-77.81383,39.99163],[-77.82654,40.00005],[-77.83195,39.99262],[-77.84184,39.98395],[-77.84812,39.98652],[-77.84672,39.98837],[-77.84744,39.98875],[-77.84701,39.98914],[-77.84775,39.98977],[-77.84685,39.99139],[-77.85421,39.9922],[-77.85677,39.98946],[-77.86737,39.99553],[-77.86868,39.99356],[-77.87,39.99259],[-77.87124,39.99003],[-77.87161,39.98699],[-77.87349,39.98275],[-77.87389,39.97841],[-77.87344,39.97695],[-77.87545,39.97313],[-77.87671,39.96812],[-77.87949,39.96426],[-77.88052,39.96123],[-77.88221,39.95962],[-77.88397,39.95452],[-77.88572,39.94746],[-77.88377,39.94224],[-77.88096,39.94126],[-77.87858,39.9439],[-77.87697,39.94497],[-77.87623,39.94646],[-77.87381,39.94855],[-77.87343,39.94981],[-77.87246,39.94927],[-77.86993,39.95227],[-77.87061,39.95416],[-77.86927,39.9573],[-77.87028,39.95793],[-77.86602,39.96174],[-77.85784,39.9566],[-77.85716,39.95652],[-77.87304,39.94299],[-77.8736,39.94336],[-77.88353,39.92989],[-77.88511,39.92612],[-77.88756,39.92469],[-77.88872,39.92323],[-77.88966,39.92309],[-77.88995,39.92226],[-77.88698,39.92238],[-77.8865,39.92273],[-77.88305,39.92249],[-77.8819,39.92353],[-77.87987,39.92746],[-77.87668,39.92968],[-77.87392,39.92895],[-77.87306,39.93056],[-77.87529,39.93067],[-77.86945,39.9371],[-77.868,39.93609],[-77.86418,39.93744],[-77.86166,39.94232],[-77.8563,39.93935],[-77.85444,39.94249],[-77.85189,39.9394],[-77.84869,39.93979],[-77.84801,39.94095],[-77.84244,39.93833],[-77.84112,39.94098],[-77.83728,39.94605],[-77.83337,39.9441],[-77.82659,39.95149],[-77.82288,39.95118],[-77.82285,39.9532],[-77.8219,39.95386],[-77.82158,39.95517],[-77.82126,39.95515],[-77.8213,39.95638],[-77.82233,39.95669],[-77.8228,39.95732],[-77.82349,39.95714],[-77.82389,39.95818],[-77.83313,39.95873],[-77.83361,39.9598],[-77.83219,39.96049],[-77.83615,39.96287],[-77.83939,39.96424],[-77.82572,39.97859],[-77.81742,39.98732]]],[[[-77.74977,39.99618],[-77.76345,40.00469],[-77.76707,40.00188],[-77.7601,39.99661],[-77.76225,39.99495],[-77.75511,39.99357],[-77.75013,39.99304],[-77.74977,39.99618]]]]},"properties":{"SGL":235,"NAME":"235","ACRES":6270.91339134,"PGC_REGION":4}},{"type":"Feature","geometry":{"type":"Polygon","coordinates":[[[-78.74037,40.1086],[-78.73916,40.10875],[-78.74059,40.11254],[-78.74913,40.10949],[-78.75218,40.10947],[-78.76886,40.09711],[-78.7674,40.09699],[-78.76801,40.09641],[-78.76965,40.09652],[-78.78999,40.08112],[-78.79289,40.08236],[-78.79466,40.07958],[-78.79814,40.07634],[-78.79721,40.07474],[-78.80282,40.07203],[-78.79805,40.0637],[-78.80041,40.06284],[-78.79716,40.06024],[-78.79403,40.05193],[-78.79739,40.05092],[-78.79369,40.05173],[-78.79219,40.05372],[-78.78671,40.05131],[-78.7906,40.04646],[-78.79244,40.04684],[-78.79378,40.04617],[-78.79185,40.0467],[-78.78876,40.04551],[-78.78988,40.04373],[-78.7832,40.04328],[-78.77596,40.05085],[-78.78032,40.05274],[-78.77419,40.05777],[-78.77672,40.05977],[-78.75186,40.07884],[-78.74913,40.07673],[-78.74457,40.08018],[-78.74625,40.08857],[-78.7434,40.09232],[-78.74336,40.09553],[-78.73911,40.09931],[-78.7402,40.10176],[-78.74436,40.10493],[-78.74231,40.10652],[-78.74307,40.10673],[-78.74202,40.10726],[-78.74099,40.10852],[-78.74037,40.1086]],[[-78.74755,40.10644],[-78.74762,40.10753],[-78.74932,40.10762],[-78.74923,40.10853],[-78.7473,40.10799],[-78.74715,40.10638],[-78.74754,40.10637],[-78.74755,40.10644]],[[-78.7483,40.09244],[-78.75267,40.09392],[-78.74989,40.09606],[-78.74619,40.09193],[-78.7483,40.09244]]]},"properties":{"SGL":228,"NAME":"228","ACRES":4226.47095761,"PGC_REGION":2}},{"type":"Feature","geometry":{"type":"MultiPolygon","coordinates":[[[[-78.85723,40.86585],[-78.86076,40.86584],[-78.86096,40.85992],[-78.85735,40.85988],[-78.85723,40.86585]]],[[[-78.85723,40.86585],[-78.85056,40.86578],[-78.85057,40.86655],[-78.85201,40.86655],[-78.85202,40.86731],[-78.85036,40.86789],[-78.84945,40.86577],[-78.84748,40.86578],[-78.84753,40.86253],[-78.84252,40.86257],[-78.84343,40.8604],[-78.84754,40.86142],[-78.84746,40.85331],[-78.84132,40.85327],[-78.84132,40.85367],[-78.84031,40.85365],[-78.84022,40.8532],[-78.84126,40.85323],[-78.83998,40.85047],[-78.83956,40.84857],[-78.83691,40.84841],[-78.83699,40.85315],[-78.83183,40.85311],[-78.8317,40.85983],[-78.83792,40.8599],[-78.8378,40.86565],[-78.80583,40.86537],[-78.80594,40.87329],[-78.80409,40.8733],[-78.8044,40.89217],[-78.80868,40.89218],[-78.80871,40.8947],[-78.82628,40.89468],[-78.82626,40.90236],[-78.84744,40.90243],[-78.84772,40.89534],[-78.844,40.89526],[-78.84403,40.88768],[-78.84615,40.88775],[-78.84622,40.88729],[-78.85576,40.8873],[-78.85599,40.87986],[-78.85304,40.87815],[-78.8517,40.87384],[-78.8506,40.87387],[-78.85068,40.8705],[-78.85715,40.87044],[-78.85713,40.87005],[-78.8575,40.87006],[-78.85755,40.86775],[-78.85897,40.86774],[-78.85869,40.86692],[-78.8572,40.86662],[-78.85723,40.86585]],[[-78.84555,40.85724],[-78.8449,40.85783],[-78.84322,40.85718],[-78.84403,40.85666],[-78.84531,40.85715],[-78.84555,40.85724]],[[-78.84011,40.87031],[-78.83932,40.8708],[-78.83898,40.87013],[-78.84053,40.8693],[-78.84095,40.8698],[-78.84062,40.87007],[-78.84011,40.87031]]]]},"properties":{"SGL":174,"NAME":"174","ACRES":3957.54028968,"PGC_REGION":2}},{"type":"Feature","geometry":{"type":"MultiPolygon","coordinates":[[[[-77.46312,40.15161],[-77.4644,40.15476],[-77.46783,40.15528],[-77.46868,40.15574],[-77.47079,40.15252],[-77.46582,40.15012],[-77.46312,40.15161]]],[[[-77.49635,40.1818],[-77.50392,40.18078],[-77.5048,40.18026],[-77.50486,40.18063],[-77.50594,40.18046],[-77.50717,40.17985],[-77.50827,40.18004],[-77.51153,40.17944],[-77.5122,40.17885],[-77.51263,40.17925],[-77.51339,40.17912],[-77.51458,40.17839],[-77.51333,40.17677],[-77.51322,40.17469],[-77.51526,40.17357],[-77.52158,40.16585],[-77.51808,40.16704],[-77.51616,40.16503],[-77.51559,40.16495],[-77.52014,40.16114],[-77.51486,40.15356],[-77.50882,40.14933],[-77.50288,40.15011],[-77.50073,40.15188],[-77.49445,40.15532],[-77.50444,40.16059],[-77.50312,40.16088],[-77.49912,40.15994],[-77.49911,40.16237],[-77.49682,40.16332],[-77.49731,40.16377],[-77.4951,40.16385],[-77.49383,40.16675],[-77.49325,40.16626],[-77.49364,40.16461],[-77.49443,40.16414],[-77.49539,40.16272],[-77.49111,40.15945],[-77.48211,40.16001],[-77.47875,40.15976],[-77.47342,40.15835],[-77.46757,40.15547],[-77.4633,40.15492],[-77.46128,40.1554],[-77.46062,40.15812],[-77.4617,40.15976],[-77.46344,40.16081],[-77.46466,40.16253],[-77.46951,40.16322],[-77.47518,40.16638],[-77.47649,40.16748],[-77.47749,40.16979],[-77.4774,40.17166],[-77.47827,40.1717],[-77.47974,40.17673],[-77.48193,40.17716],[-77.4828,40.18011],[-77.48578,40.17931],[-77.49161,40.17553],[-77.49264,40.17713],[-77.49342,40.17713],[-77.49575,40.18084],[-77.49635,40.1818]]],[[[-77.49911,40.18191],[-77.49772,40.18435],[-77.5027,40.18517],[-77.50884,40.18185],[-77.50806,40.1807],[-77.5072,40.18095],[-77.50648,40.18068],[-77.49911,40.18191]]],[[[-77.49301,40.1829],[-77.49141,40.18442],[-77.49394,40.18591],[-77.49653,40.18412],[-77.49773,40.18216],[-77.49301,40.1829]]]]},"properties":{"SGL":169,"NAME":"169","ACRES":2512.74446372,"PGC_REGION":4}},{"type":"Feature","geometry":{"type":"MultiPolygon","coordinates":[[[[-76.24113,40.73871],[-76.24241,40.74351],[-76.2317,40.74492],[-76.24095,40.74992],[-76.24696,40.73783],[-76.24113,40.73871]]],[[[-76.26784,40.76588],[-76.26926,40.77141],[-76.27465,40.77078],[-76.28674,40.76492],[-76.28468,40.76354],[-76.28499,40.76321],[-76.28558,40.76352],[-76.28607,40.76301],[-76.28685,40.76344],[-76.28728,40.76298],[-76.28851,40.76407],[-76.29483,40.76101],[-76.29475,40.76147],[-76.31093,40.75744],[-76.31133,40.75444],[-76.3122,40.75336],[-76.32956,40.74973],[-76.33013,40.74919],[-76.33378,40.74842],[-76.3351,40.74759],[-76.33642,40.74567],[-76.33772,40.74604],[-76.34714,40.74337],[-76.34831,40.74338],[-76.34843,40.74056],[-76.33581,40.73465],[-76.33524,40.73535],[-76.32664,40.73596],[-76.31699,40.74758],[-76.30761,40.75029],[-76.30887,40.75237],[-76.26784,40.76588]]],[[[-76.17679,40.77246],[-76.1967,40.76795],[-76.19779,40.77059],[-76.21223,40.76664],[-76.20955,40.7652],[-76.20755,40.76107],[-76.20456,40.75947],[-76.20378,40.75853],[-76.20417,40.75529],[-76.20242,40.75317],[-76.20212,40.75217],[-76.20243,40.75127],[-76.20496,40.74823],[-76.20513,40.74687],[-76.20469,40.74564],[-76.1921,40.74616],[-76.19933,40.7519],[-76.18195,40.75591],[-76.17849,40.75935],[-76.17301,40.7632],[-76.17679,40.77246]]]]},"properties":{"SGL":326,"NAME":"326","ACRES":2699.18149696,"PGC_REGION":6}},{"type":"Feature","geometry":{"type":"Polygon","coordinates":[[[-75.92161,40.30724],[-75.92191,40.30712],[-75.92169,40.30588],[-75.9202,40.30502],[-75.91997,40.30588],[-75.92126,40.30702],[-75.92161,40.30724]]]},"properties":{"SGL":324,"NAME":"324","ACRES":6.13580158,"PGC_REGION":6}},{"type":"Feature","geometry":{"type":"Polygon","coordinates":[[[-76.32758,39.90312],[-76.32807,39.90326],[-76.33243,39.90154],[-76.3328,39.9012],[-76.33213,39.89995],[-76.33234,39.89946],[-76.33377,39.8986],[-76.33544,39.8963],[-76.33696,39.89623],[-76.33971,39.8978],[-76.34207,39.89835],[-76.34477,39.89804],[-76.34359,39.89698],[-76.34076,39.89737],[-76.33951,39.89644],[-76.33896,39.89457],[-76.33851,39.89437],[-76.33857,39.89481],[-76.3374,39.89558],[-76.33577,39.89518],[-76.33341,39.89684],[-76.33266,39.89673],[-76.33096,39.8985],[-76.33049,39.89773],[-76.3277,39.89893],[-76.32737,39.89876],[-76.32808,39.90019],[-76.32658,39.90224],[-76.32719,39.90223],[-76.32758,39.90312]]]},"properties":{"SGL":288,"NAME":"288","ACRES":87.90999869,"PGC_REGION":6}},{"type":"Feature","geometry":{"type":"Polygon","coordinates":[[[-76.19442,40.32096],[-76.19693,40.32236],[-76.19875,40.32039],[-76.20078,40.32106],[-76.20821,40.31275],[-76.20822,40.31179],[-76.20446,40.31082],[-76.20489,40.30979],[-76.20131,40.30891],[-76.20263,40.30603],[-76.20188,40.30377],[-76.20081,40.30292],[-76.1987,40.30294],[-76.19867,40.30221],[-76.19258,40.30062],[-76.19098,40.30277],[-76.19982,40.30521],[-76.19879,40.30672],[-76.19873,40.30824],[-76.19952,40.30842],[-76.19791,40.31273],[-76.19754,40.31601],[-76.19634,40.31927],[-76.19442,40.32096]]]},"properties":{"SGL":225,"NAME":"225","ACRES":296.95759949,"PGC_REGION":6}},{"type":"Feature","geometry":{"type":"MultiPolygon","coordinates":[[[[-75.3064,40.40493],[-75.3069,40.40574],[-75.31108,40.40194],[-75.31211,40.40234],[-75.31256,40.40192],[-75.31355,40.40254],[-75.31448,40.40167],[-75.31268,40.40049],[-75.31306,40.40016],[-75.31085,40.39873],[-75.30921,40.40021],[-75.3071,40.39893],[-75.30753,40.39852],[-75.30676,40.3969],[-75.3084,40.3977],[-75.30973,40.39641],[-75.30823,40.39559],[-75.31225,40.39204],[-75.31035,40.39083],[-75.30347,40.397],[-75.30528,40.39824],[-75.30683,40.39876],[-75.30411,40.40126],[-75.30627,40.40411],[-75.305,40.40472],[-75.30538,40.40519],[-75.3063,40.40466],[-75.3064,40.40493]]],[[[-75.30869,40.4095],[-75.31245,40.41412],[-75.31483,40.41385],[-75.3141,40.40887],[-75.30869,40.4095]]],[[[-75.30938,40.41847],[-75.30577,40.41888],[-75.30662,40.4236],[-75.31244,40.42295],[-75.31213,40.41816],[-75.31065,40.41833],[-75.31034,40.41653],[-75.30911,40.41667],[-75.30938,40.41847]]]]},"properties":{"SGL":139,"NAME":"139","ACRES":257.80694016,"PGC_REGION":6}},{"type":"Feature","geometry":{"type":"Polygon","coordinates":[[[-76.10715,39.85905],[-76.10804,39.85914],[-76.10798,39.86019],[-76.11388,39.85947],[-76.11416,39.85846],[-76.11591,39.85772],[-76.11254,39.85274],[-76.11161,39.85262],[-76.11008,39.85032],[-76.10574,39.85459],[-76.10748,39.855],[-76.10834,39.85371],[-76.10942,39.85404],[-76.11033,39.85296],[-76.11118,39.85373],[-76.11181,39.85626],[-76.10934,39.85741],[-76.10886,39.85841],[-76.10725,39.85844],[-76.10715,39.85905]]]},"properties":{"SGL":136,"NAME":"136","ACRES":90.77308979,"PGC_REGION":6}},{"type":"Feature","geometry":{"type":"Polygon","coordinates":[[[-75.8071,40.52647],[-75.80712,40.52825],[-75.80629,40.52823],[-75.80485,40.52744],[-75.80327,40.52897],[-75.80418,40.5298],[-75.80565,40.53004],[-75.80659,40.52998],[-75.80646,40.52902],[-75.80919,40.52876],[-75.80913,40.52968],[-75.80845,40.5298],[-75.81051,40.52999],[-75.81298,40.52846],[-75.81418,40.52912],[-75.81168,40.53014],[-75.81111,40.53124],[-75.81368,40.5325],[-75.81582,40.53249],[-75.81549,40.53439],[-75.81598,40.53449],[-75.81487,40.53636],[-75.81808,40.53834],[-75.82023,40.53639],[-75.82085,40.53675],[-75.82438,40.53343],[-75.823,40.53149],[-75.82322,40.53132],[-75.82478,40.53306],[-75.82497,40.53288],[-75.82458,40.53269],[-75.82476,40.53213],[-75.82415,40.53063],[-75.82322,40.53132],[-75.82281,40.53022],[-75.82284,40.52836],[-75.8172,40.52799],[-75.81634,40.52638],[-75.81549,40.52683],[-75.8144,40.52513],[-75.8071,40.52647]]]},"properties":{"SGL":182,"NAME":"182","ACRES":273.06754937,"PGC_REGION":6}},{"type":"Feature","geometry":{"type":"Polygon","coordinates":[[[-76.34385,40.5436],[-76.34309,40.53538],[-76.33474,40.53612],[-76.33104,40.53709],[-76.33151,40.54301],[-76.33274,40.54354],[-76.33409,40.54199],[-76.33527,40.54355],[-76.33549,40.54544],[-76.33815,40.54528],[-76.3399,40.54615],[-76.34169,40.54518],[-76.34385,40.5436]]]},"properties":{"SGL":160,"NAME":"160","ACRES":245.52974253,"PGC_REGION":6}},{"type":"Feature","geometry":{"type":"MultiPolygon","coordinates":[[[[-75.36831,40.36555],[-75.36886,40.36752],[-75.36972,40.36805],[-75.37317,40.3647],[-75.37431,40.3653],[-75.37607,40.3636],[-75.37397,40.3622],[-75.37213,40.36397],[-75.36884,40.36214],[-75.36792,40.36301],[-75.36592,40.36139],[-75.36469,40.36257],[-75.36792,40.36452],[-75.36822,40.36422],[-75.36831,40.36555]]],[[[-75.35523,40.3857],[-75.35507,40.38697],[-75.35273,40.38938],[-75.35499,40.39071],[-75.35723,40.39052],[-75.35992,40.38883],[-75.35958,40.38841],[-75.36212,40.38581],[-75.36415,40.3847],[-75.36468,40.38495],[-75.36606,40.3838],[-75.36357,40.38165],[-75.3657,40.37958],[-75.3654,40.37944],[-75.3682,40.37259],[-75.36766,40.37234],[-75.36867,40.3719],[-75.36835,40.36976],[-75.36876,40.36896],[-75.36804,40.36849],[-75.36808,40.36705],[-75.36642,40.36609],[-75.36266,40.36966],[-75.36227,40.36944],[-75.35717,40.37451],[-75.36368,40.37848],[-75.36078,40.38138],[-75.35849,40.38056],[-75.35534,40.3835],[-75.35523,40.3857]]]]},"properties":{"SGL":196,"NAME":"196","ACRES":424.19256904,"PGC_REGION":6}},{"type":"Feature","geometry":{"type":"Polygon","coordinates":[[[-76.11946,40.27252],[-76.11788,40.27337],[-76.11431,40.2768],[-76.11692,40.27911],[-76.11739,40.27891],[-76.11873,40.28009],[-76.12127,40.27889],[-76.12439,40.27823],[-76.12168,40.27612],[-76.12268,40.27407],[-76.11947,40.27252],[-76.11946,40.27252]]]},"properties":{"SGL":220,"NAME":"220","ACRES":96.29107963,"PGC_REGION":6}},{"type":"Feature","geometry":{"type":"Polygon","coordinates":[[[-76.6756,40.22168],[-76.67765,40.22566],[-76.67941,40.22527],[-76.68156,40.22154],[-76.68139,40.2203],[-76.68191,40.21981],[-76.68183,40.21901],[-76.68614,40.21487],[-76.68297,40.21226],[-76.68258,40.2107],[-76.67774,40.20999],[-76.67761,40.20917],[-76.67562,40.20924],[-76.67451,40.21133],[-76.67365,40.21143],[-76.67288,40.21103],[-76.66697,40.21497],[-76.66728,40.21511],[-76.6635,40.2163],[-76.66384,40.2172],[-76.66349,40.21812],[-76.66705,40.21897],[-76.66804,40.21992],[-76.66798,40.22054],[-76.66963,40.22045],[-76.67082,40.22127],[-76.67326,40.21925],[-76.67422,40.21917],[-76.6756,40.22168]]]},"properties":{"SGL":246,"NAME":"246","ACRES":424.2448782,"PGC_REGION":6}},{"type":"Feature","geometry":{"type":"MultiPolygon","coordinates":[[[[-78.69243,40.70155],[-78.69244,40.70413],[-78.69396,40.70426],[-78.69329,40.70152],[-78.69243,40.70151],[-78.69243,40.70155]]],[[[-78.69577,40.70625],[-78.69569,40.70651],[-78.69577,40.70625]]],[[[-78.69509,40.70729],[-78.695,40.70771],[-78.69576,40.70794],[-78.69581,40.70737],[-78.69509,40.70726],[-78.69509,40.70729]]],[[[-78.70299,40.70393],[-78.70826,40.70681],[-78.70976,40.70802],[-78.70992,40.70239],[-78.71914,40.70235],[-78.71908,40.70531],[-78.72829,40.70525],[-78.72827,40.69521],[-78.73822,40.69551],[-78.73854,40.6899],[-78.73123,40.68994],[-78.73119,40.68444],[-78.72962,40.68445],[-78.72955,40.67991],[-78.72683,40.67988],[-78.72801,40.68109],[-78.72816,40.68261],[-78.71771,40.68252],[-78.71764,40.68465],[-78.7106,40.68462],[-78.7106,40.68385],[-78.70875,40.6837],[-78.70139,40.68515],[-78.7014,40.68573],[-78.70069,40.68592],[-78.70068,40.6871],[-78.7098,40.6871],[-78.70984,40.69201],[-78.69902,40.69195],[-78.69695,40.69465],[-78.69698,40.69667],[-78.69806,40.69667],[-78.69807,40.69749],[-78.70049,40.6975],[-78.70037,40.69882],[-78.69593,40.70153],[-78.69351,40.70152],[-78.69351,40.70209],[-78.69502,40.70647],[-78.69781,40.70487],[-78.70065,40.70401],[-78.70293,40.70393],[-78.70299,40.70393]]],[[[-78.69333,40.70617],[-78.69302,40.70716],[-78.69204,40.70809],[-78.69451,40.70823],[-78.69488,40.70696],[-78.69436,40.70531],[-78.69333,40.70606],[-78.69333,40.70617]]],[[[-78.69577,40.70625],[-78.69647,40.70636],[-78.69676,40.70733],[-78.69589,40.7072],[-78.69569,40.70829],[-78.69964,40.7085],[-78.69971,40.71184],[-78.70147,40.71173],[-78.70104,40.71545],[-78.70426,40.71541],[-78.70411,40.70874],[-78.70977,40.70867],[-78.70975,40.70814],[-78.70839,40.70702],[-78.70323,40.70404],[-78.70042,40.70415],[-78.69702,40.70528],[-78.69586,40.70619],[-78.69577,40.70625]]],[[[-78.69801,40.72275],[-78.70466,40.72266],[-78.70458,40.72108],[-78.70345,40.71994],[-78.70341,40.71906],[-78.69988,40.71911],[-78.69986,40.71843],[-78.69712,40.71847],[-78.69722,40.72276],[-78.698,40.72275],[-78.69801,40.72275]]],[[[-78.71009,40.72323],[-78.71924,40.72316],[-78.71911,40.71297],[-78.70986,40.71312],[-78.70999,40.71897],[-78.70353,40.71906],[-78.70356,40.7199],[-78.70469,40.72103],[-78.7048,40.72266],[-78.71008,40.72259],[-78.71008,40.72287],[-78.71009,40.72323]]]]},"properties":{"SGL":334,"NAME":"334","ACRES":2080.9,"PGC_REGION":2}},{"type":"Feature","geometry":{"type":"MultiPolygon","coordinates":[[[[-75.79836,40.18522],[-75.80316,40.18263],[-75.80466,40.18475],[-75.80868,40.18281],[-75.8132,40.17875],[-75.82076,40.17581],[-75.81873,40.17209],[-75.82398,40.16908],[-75.82866,40.16812],[-75.82705,40.16801],[-75.82661,40.16653],[-75.81962,40.16106],[-75.81923,40.15809],[-75.81969,40.15805],[-75.81918,40.15715],[-75.81279,40.15799],[-75.81402,40.15969],[-75.81009,40.16014],[-75.81133,40.16459],[-75.80689,40.1648],[-75.80681,40.16427],[-75.80445,40.16545],[-75.80316,40.16076],[-75.80055,40.16524],[-75.79359,40.16562],[-75.79307,40.16507],[-75.79142,40.16559],[-75.79214,40.16748],[-75.79469,40.16725],[-75.796,40.16922],[-75.79661,40.16906],[-75.79901,40.17034],[-75.79936,40.17193],[-75.79861,40.17204],[-75.79809,40.17163],[-75.79566,40.17284],[-75.79461,40.17229],[-75.79079,40.17384],[-75.7899,40.17261],[-75.78625,40.17393],[-75.78599,40.17354],[-75.78488,40.17394],[-75.7853,40.17469],[-75.78434,40.17693],[-75.78491,40.17565],[-75.78771,40.17472],[-75.79139,40.17611],[-75.78971,40.17812],[-75.78823,40.18101],[-75.79261,40.17932],[-75.79265,40.18463],[-75.79773,40.18429],[-75.79836,40.18522]],[[-75.80212,40.1772],[-75.80141,40.17737],[-75.80118,40.17689],[-75.80189,40.17668],[-75.80212,40.1772]]],[[[-75.73919,40.18894],[-75.74013,40.19022],[-75.73887,40.18262],[-75.74127,40.18242],[-75.74111,40.18134],[-75.74507,40.18101],[-75.74678,40.1779],[-75.74544,40.17695],[-75.75146,40.17565],[-75.74538,40.17669],[-75.74367,40.17194],[-75.73881,40.17171],[-75.73878,40.17231],[-75.73556,40.17387],[-75.735,40.17333],[-75.73249,40.17471],[-75.73126,40.17409],[-75.73082,40.17448],[-75.73122,40.17534],[-75.73061,40.17555],[-75.73113,40.17635],[-75.73055,40.17649],[-75.73215,40.17772],[-75.73236,40.17993],[-75.73141,40.18106],[-75.73272,40.18108],[-75.7328,40.18206],[-75.73371,40.18207],[-75.73502,40.18887],[-75.73852,40.18851],[-75.73919,40.18894]]],[[[-75.76419,40.19269],[-75.76679,40.19128],[-75.76769,40.19032],[-75.76624,40.18896],[-75.76737,40.18838],[-75.7685,40.18952],[-75.76992,40.18874],[-75.77312,40.18818],[-75.76969,40.1899],[-75.77371,40.19099],[-75.77708,40.19093],[-75.77795,40.19142],[-75.77949,40.1905],[-75.78195,40.1898],[-75.78013,40.18733],[-75.78009,40.18641],[-75.78433,40.18608],[-75.78427,40.18531],[-75.78263,40.18309],[-75.78152,40.18339],[-75.7789,40.17992],[-75.78209,40.17845],[-75.78276,40.17638],[-75.77919,40.17463],[-75.78048,40.17384],[-75.78248,40.16946],[-75.77911,40.16918],[-75.77366,40.17032],[-75.77351,40.16812],[-75.77265,40.16825],[-75.77287,40.16602],[-75.77343,40.16494],[-75.77533,40.16388],[-75.77272,40.16319],[-75.77199,40.1642],[-75.77001,40.16311],[-75.77051,40.16516],[-75.76898,40.16578],[-75.76719,40.16591],[-75.76742,40.16932],[-75.76265,40.1705],[-75.76509,40.17643],[-75.76342,40.17682],[-75.76558,40.1817],[-75.76326,40.18218],[-75.76419,40.19269]],[[-75.7773,40.18606],[-75.77722,40.18595],[-75.7773,40.18606]],[[-75.77747,40.17812],[-75.77439,40.17972],[-75.77294,40.18],[-75.77229,40.1785],[-75.77107,40.179],[-75.7709,40.17865],[-75.77013,40.17888],[-75.76873,40.1757],[-75.77087,40.17507],[-75.77121,40.17597],[-75.77315,40.17542],[-75.7741,40.17732],[-75.77631,40.17645],[-75.77747,40.17812]]]]},"properties":{"SGL":43,"NAME":"043","ACRES":2571.39175418,"PGC_REGION":6}},{"type":"Feature","geometry":{"type":"MultiPolygon","coordinates":[[[[-79.79043,41.67647],[-79.79073,41.68278],[-79.79424,41.68235],[-79.79398,41.67639],[-79.79043,41.67647]]],[[[-79.77943,41.68103],[-79.77879,41.68129],[-79.78358,41.68339],[-79.78366,41.68469],[-79.78715,41.68457],[-79.78672,41.67568],[-79.81151,41.67526],[-79.8111,41.66859],[-79.78983,41.66932],[-79.78947,41.66559],[-79.79821,41.66544],[-79.79772,41.66219],[-79.76895,41.66305],[-79.76998,41.6766],[-79.77361,41.67659],[-79.77431,41.67787],[-79.77927,41.67768],[-79.77943,41.68103]]],[[[-79.82902,41.69064],[-79.8299,41.69322],[-79.83021,41.69643],[-79.83799,41.69632],[-79.83731,41.69403],[-79.83979,41.69374],[-79.83844,41.69192],[-79.83399,41.69192],[-79.83403,41.69052],[-79.82902,41.69064]]],[[[-79.83457,41.71666],[-79.83891,41.71816],[-79.83886,41.7162],[-79.84794,41.7165],[-79.84746,41.7079],[-79.84179,41.70801],[-79.84069,41.70761],[-79.84103,41.70736],[-79.83801,41.70652],[-79.83799,41.70536],[-79.83081,41.70551],[-79.83019,41.69641],[-79.82392,41.69557],[-79.82375,41.69061],[-79.82095,41.69064],[-79.82123,41.69092],[-79.81892,41.6913],[-79.81887,41.69075],[-79.81646,41.69176],[-79.81671,41.69455],[-79.81311,41.69403],[-79.81329,41.69674],[-79.80838,41.69836],[-79.80535,41.70084],[-79.79724,41.70154],[-79.79741,41.70291],[-79.79839,41.70325],[-79.79873,41.7076],[-79.80149,41.70743],[-79.80166,41.71005],[-79.80868,41.70965],[-79.80875,41.71162],[-79.81416,41.71129],[-79.8142,41.71289],[-79.82289,41.71247],[-79.82265,41.70734],[-79.82665,41.70781],[-79.82683,41.71149],[-79.82406,41.71159],[-79.82395,41.71189],[-79.82723,41.71325],[-79.82721,41.71228],[-79.83436,41.71244],[-79.83501,41.71357],[-79.83105,41.71517],[-79.83323,41.71605],[-79.83457,41.71666]],[[-79.83778,41.71118],[-79.83625,41.7126],[-79.83538,41.71177],[-79.83693,41.71056],[-79.83778,41.71118]]]]},"properties":{"SGL":122,"NAME":"122","ACRES":2721.3644257,"PGC_REGION":1}},{"type":"Feature","geometry":{"type":"MultiPolygon","coordinates":[[[[-80.02644,41.80302],[-80.02653,41.80403],[-80.02563,41.80467],[-80.02614,41.80683],[-80.03892,41.80488],[-80.03733,41.80218],[-80.03554,41.80066],[-80.03216,41.79956],[-80.03207,41.79992],[-80.03306,41.80123],[-80.0326,41.80238],[-80.03124,41.80282],[-80.02884,41.80259],[-80.02821,41.80179],[-80.02875,41.80059],[-80.02649,41.80004],[-80.02542,41.80059],[-80.02514,41.80136],[-80.02542,41.80211],[-80.02637,41.80284],[-80.02644,41.80302]]],[[[-80.02226,41.82086],[-80.0224,41.82338],[-80.0343,41.82338],[-80.03431,41.82429],[-80.04258,41.82446],[-80.04511,41.82133],[-80.04413,41.82101],[-80.04445,41.82046],[-80.04543,41.82078],[-80.04625,41.81941],[-80.04469,41.81871],[-80.04474,41.81736],[-80.04581,41.81736],[-80.0461,41.81675],[-80.04752,41.81722],[-80.04957,41.81343],[-80.05099,41.81019],[-80.04928,41.80996],[-80.05019,41.80794],[-80.04889,41.80769],[-80.04625,41.80813],[-80.04488,41.80704],[-80.04455,41.80733],[-80.0448,41.80887],[-80.04154,41.80894],[-80.04051,41.8084],[-80.04125,41.80647],[-80.04021,41.80635],[-80.03922,41.80525],[-80.02792,41.80716],[-80.02791,41.80776],[-80.02492,41.80825],[-80.02496,41.81085],[-80.02174,41.81105],[-80.02224,41.82044],[-80.02226,41.82086]]]]},"properties":{"SGL":277,"NAME":"277","ACRES":1070.38870313,"PGC_REGION":1}},{"type":"Feature","geometry":{"type":"MultiPolygon","coordinates":[[[[-76.05431,40.28254],[-76.05617,40.28311],[-76.05638,40.28365],[-76.05746,40.28305],[-76.05642,40.28218],[-76.0558,40.2823],[-76.0572,40.28156],[-76.05791,40.28271],[-76.06126,40.28236],[-76.06005,40.28007],[-76.05904,40.27999],[-76.05603,40.28158],[-76.05398,40.27914],[-76.05339,40.27959],[-76.05494,40.28219],[-76.05431,40.28254]]],[[[-76.06881,40.27976],[-76.07099,40.28091],[-76.07039,40.28206],[-76.07182,40.28444],[-76.07466,40.28387],[-76.07415,40.28304],[-76.07421,40.28151],[-76.07532,40.28004],[-76.07715,40.27919],[-76.07678,40.27822],[-76.07488,40.27853],[-76.07104,40.27792],[-76.06883,40.27928],[-76.06744,40.27646],[-76.06526,40.27339],[-76.06925,40.27138],[-76.06826,40.26983],[-76.07136,40.27009],[-76.0713,40.26955],[-76.07242,40.26967],[-76.07219,40.27121],[-76.07325,40.2707],[-76.07336,40.26932],[-76.07669,40.26908],[-76.0763,40.26736],[-76.07387,40.26754],[-76.07373,40.26583],[-76.07117,40.26547],[-76.07038,40.26616],[-76.06935,40.26591],[-76.06952,40.26712],[-76.06657,40.26627],[-76.06687,40.26476],[-76.06821,40.26492],[-76.06608,40.2623],[-76.06899,40.26325],[-76.06916,40.26181],[-76.07009,40.26133],[-76.07032,40.26053],[-76.06987,40.26054],[-76.06987,40.25925],[-76.06257,40.25722],[-76.06113,40.25812],[-76.06417,40.26019],[-76.06034,40.26069],[-76.05963,40.26048],[-76.05716,40.26237],[-76.05843,40.26471],[-76.06066,40.26364],[-76.06102,40.26433],[-76.06049,40.26447],[-76.06092,40.26539],[-76.0623,40.26504],[-76.06343,40.267],[-76.06503,40.26787],[-76.06532,40.26822],[-76.06374,40.27051],[-76.06443,40.27038],[-76.06513,40.27138],[-76.06295,40.27197],[-76.0656,40.27218],[-76.06326,40.27283],[-76.06502,40.2738],[-76.06303,40.27469],[-76.0616,40.27383],[-76.06099,40.276],[-76.05837,40.2747],[-76.05785,40.2752],[-76.05971,40.2761],[-76.0574,40.277],[-76.05774,40.27823],[-76.05982,40.27959],[-76.06112,40.27863],[-76.06174,40.27913],[-76.06245,40.2791],[-76.06386,40.27707],[-76.06482,40.27678],[-76.06572,40.27758],[-76.06559,40.27847],[-76.06598,40.27909],[-76.06689,40.27889],[-76.06724,40.27958],[-76.06834,40.2793],[-76.06881,40.27976]],[[-76.06525,40.26236],[-76.06548,40.2636],[-76.06462,40.26367],[-76.06444,40.26303],[-76.06279,40.26333],[-76.06234,40.26276],[-76.06426,40.26233],[-76.06525,40.26236]]]]},"properties":{"SGL":274,"NAME":"274","ACRES":457.04474158,"PGC_REGION":6}},{"type":"Feature","geometry":{"type":"MultiPolygon","coordinates":[[[[-76.44411,40.52059],[-76.43226,40.52225],[-76.43357,40.52607],[-76.4377,40.52432],[-76.46139,40.5185],[-76.46249,40.51795],[-76.47041,40.51627],[-76.47345,40.51638],[-76.47289,40.51683],[-76.47509,40.51649],[-76.4706,40.5161],[-76.46776,40.51669],[-76.46668,40.514],[-76.46467,40.51398],[-76.46359,40.51456],[-76.45552,40.51479],[-76.44958,40.50532],[-76.45516,40.50488],[-76.46252,40.50951],[-76.46426,40.50904],[-76.46865,40.5094],[-76.47362,40.50822],[-76.47421,40.51044],[-76.47168,40.51132],[-76.47265,40.51287],[-76.47372,40.51309],[-76.4723,40.51438],[-76.47329,40.51507],[-76.47537,40.51566],[-76.47565,40.5164],[-76.47812,40.51581],[-76.48432,40.51159],[-76.48496,40.50904],[-76.48662,40.50913],[-76.48748,40.51011],[-76.49224,40.50808],[-76.49939,40.50395],[-76.50654,40.49908],[-76.5212,40.49269],[-76.51965,40.48982],[-76.52194,40.48918],[-76.52615,40.48709],[-76.52065,40.48335],[-76.52239,40.4823],[-76.51888,40.48073],[-76.52081,40.47996],[-76.52626,40.48354],[-76.5276,40.48187],[-76.52616,40.48049],[-76.52657,40.47866],[-76.52314,40.47766],[-76.52222,40.47779],[-76.52209,40.47812],[-76.51665,40.47672],[-76.51603,40.47909],[-76.5142,40.47881],[-76.51482,40.47621],[-76.51383,40.4759],[-76.50785,40.47791],[-76.5079,40.48058],[-76.50543,40.48072],[-76.50532,40.47966],[-76.5019,40.48069],[-76.50024,40.47939],[-76.4986,40.48008],[-76.49743,40.47981],[-76.49765,40.4805],[-76.49258,40.48317],[-76.48713,40.48305],[-76.48517,40.48378],[-76.47682,40.48461],[-76.47666,40.48428],[-76.4679,40.48588],[-76.46676,40.48558],[-76.45981,40.48693],[-76.4588,40.48419],[-76.44923,40.4852],[-76.44887,40.4817],[-76.45102,40.48156],[-76.45114,40.47889],[-76.45755,40.47893],[-76.45754,40.48157],[-76.45849,40.48166],[-76.46354,40.48099],[-76.46328,40.47865],[-76.4681,40.4783],[-76.46609,40.47743],[-76.45987,40.47609],[-76.45956,40.47585],[-76.45947,40.47299],[-76.45355,40.47288],[-76.43684,40.47483],[-76.43421,40.47531],[-76.43492,40.47767],[-76.43047,40.4779],[-76.43048,40.47899],[-76.42263,40.47953],[-76.4225,40.47781],[-76.42013,40.47793],[-76.42127,40.4885],[-76.41864,40.48863],[-76.41914,40.493],[-76.42165,40.49288],[-76.42194,40.49321],[-76.42153,40.49464],[-76.41684,40.49572],[-76.41666,40.49542],[-76.41447,40.4961],[-76.41452,40.49657],[-76.40636,40.49852],[-76.40007,40.49952],[-76.40031,40.50041],[-76.39992,40.50047],[-76.40179,40.50822],[-76.40885,40.50578],[-76.41113,40.50962],[-76.40863,40.51011],[-76.40949,40.51381],[-76.41561,40.51347],[-76.41557,40.51394],[-76.41741,40.51409],[-76.41709,40.51653],[-76.41838,40.51671],[-76.41969,40.51646],[-76.42004,40.5132],[-76.43341,40.51264],[-76.43331,40.51226],[-76.43949,40.51117],[-76.4412,40.5113],[-76.44146,40.51206],[-76.44289,40.51154],[-76.44054,40.50767],[-76.44521,40.50539],[-76.45131,40.51517],[-76.45283,40.51518],[-76.4529,40.51618],[-76.44846,40.51695],[-76.44826,40.51639],[-76.44688,40.51667],[-76.44705,40.51706],[-76.44339,40.51793],[-76.44411,40.52059]],[[-76.45487,40.49813],[-76.45454,40.49699],[-76.4549,40.49693],[-76.45475,40.49632],[-76.46043,40.49583],[-76.46052,40.49646],[-76.48291,40.4945],[-76.49753,40.49159],[-76.49833,40.49285],[-76.48325,40.49594],[-76.48002,40.49607],[-76.47308,40.49833],[-76.46833,40.49707],[-76.46506,40.4973],[-76.45487,40.49813]],[[-76.51371,40.48721],[-76.50555,40.49061],[-76.50476,40.48935],[-76.51238,40.48631],[-76.51371,40.48721]]],[[[-76.31374,40.52874],[-76.314,40.52894],[-76.31817,40.52735],[-76.31837,40.52856],[-76.32446,40.52423],[-76.32757,40.52724],[-76.34109,40.52248],[-76.3443,40.52618],[-76.3476,40.52458],[-76.34666,40.52292],[-76.35227,40.52086],[-76.3504,40.51743],[-76.35573,40.51561],[-76.35756,40.51894],[-76.35937,40.51887],[-76.36014,40.51654],[-76.361,40.51528],[-76.36396,40.51559],[-76.36272,40.51766],[-76.36314,40.51812],[-76.3679,40.51781],[-76.36751,40.51443],[-76.36949,40.51376],[-76.36921,40.51108],[-76.3631,40.51112],[-76.36024,40.51371],[-76.35675,40.51393],[-76.35442,40.51314],[-76.35492,40.51395],[-76.34686,40.51643],[-76.34679,40.51591],[-76.33895,40.51607],[-76.34271,40.51772],[-76.33191,40.52095],[-76.32971,40.51901],[-76.32321,40.52131],[-76.32298,40.52256],[-76.31493,40.52479],[-76.31557,40.52092],[-76.31157,40.52357],[-76.31166,40.52537],[-76.31088,40.52626],[-76.31374,40.52874]]],[[[-76.24476,40.53892],[-76.2464,40.53697],[-76.2513,40.53725],[-76.24835,40.53098],[-76.25414,40.53071],[-76.2575,40.53117],[-76.25791,40.53282],[-76.27001,40.53375],[-76.2698,40.53258],[-76.2707,40.53269],[-76.27018,40.5306],[-76.27416,40.53011],[-76.27419,40.52937],[-76.28091,40.52992],[-76.28039,40.53364],[-76.28915,40.53097],[-76.28791,40.53391],[-76.29451,40.53355],[-76.29013,40.52853],[-76.29127,40.52584],[-76.30383,40.52213],[-76.2995,40.51503],[-76.29189,40.51202],[-76.30307,40.5122],[-76.30695,40.51181],[-76.30867,40.5098],[-76.31163,40.50993],[-76.31302,40.50831],[-76.31285,40.50742],[-76.31095,40.50754],[-76.31005,40.5037],[-76.29875,40.50852],[-76.28996,40.5099],[-76.28991,40.51128],[-76.27152,40.51747],[-76.26565,40.51814],[-76.26499,40.51474],[-76.26008,40.51547],[-76.25981,40.51442],[-76.24724,40.51627],[-76.24686,40.5147],[-76.24216,40.51537],[-76.2432,40.51937],[-76.23839,40.52009],[-76.23862,40.52102],[-76.23514,40.52442],[-76.23588,40.52778],[-76.23573,40.52917],[-76.23202,40.53178],[-76.23317,40.53389],[-76.24159,40.53206],[-76.24476,40.53892]]],[[[-76.251,40.53819],[-76.25171,40.54003],[-76.25401,40.5397],[-76.25366,40.5379],[-76.251,40.53819]]]]},"properties":{"SGL":80,"NAME":"080","ACRES":10701.7636999,"PGC_REGION":6}},{"type":"Feature","geometry":{"type":"MultiPolygon","coordinates":[[[[-79.72081,41.84932],[-79.72066,41.85323],[-79.72865,41.8533],[-79.72872,41.84834],[-79.72713,41.84871],[-79.72653,41.84708],[-79.72558,41.84712],[-79.72576,41.8415],[-79.7209,41.84141],[-79.72102,41.83543],[-79.70883,41.83525],[-79.70854,41.84174],[-79.70934,41.84176],[-79.70806,41.84448],[-79.72082,41.84454],[-79.72081,41.84688],[-79.72081,41.84932]]],[[[-79.74501,41.88067],[-79.74813,41.8796],[-79.74816,41.8768],[-79.7461,41.87757],[-79.74622,41.87038],[-79.74354,41.87034],[-79.74353,41.87157],[-79.738,41.87158],[-79.73927,41.8745],[-79.73228,41.87448],[-79.73231,41.87488],[-79.72915,41.87483],[-79.72945,41.87843],[-79.7315,41.87897],[-79.73472,41.8784],[-79.73759,41.87872],[-79.74475,41.87785],[-79.74501,41.88067]]]]},"properties":{"SGL":144,"NAME":"144","ACRES":648.48120478,"PGC_REGION":1}},{"type":"Feature","geometry":{"type":"Polygon","coordinates":[[[-76.37671,41.45138],[-76.37947,41.45475],[-76.38036,41.45512],[-76.38352,41.45276],[-76.38576,41.45241],[-76.38846,41.45119],[-76.39833,41.45254],[-76.40054,41.45128],[-76.40317,41.45057],[-76.40445,41.45076],[-76.4066,41.45343],[-76.40838,41.45451],[-76.41163,41.4501],[-76.42149,41.45353],[-76.42766,41.44441],[-76.42972,41.44454],[-76.42945,41.43023],[-76.41471,41.43044],[-76.41438,41.42023],[-76.42183,41.42],[-76.42186,41.42332],[-76.42916,41.42315],[-76.42917,41.42521],[-76.43349,41.41906],[-76.46013,41.42922],[-76.47937,41.40239],[-76.46159,41.39538],[-76.45914,41.39892],[-76.45003,41.3959],[-76.44702,41.40025],[-76.43806,41.39693],[-76.44399,41.38831],[-76.44168,41.38765],[-76.44084,41.38824],[-76.43583,41.38721],[-76.43541,41.38902],[-76.43348,41.39107],[-76.43096,41.39056],[-76.42907,41.39324],[-76.42745,41.39259],[-76.42732,41.38963],[-76.42507,41.38909],[-76.42765,41.38602],[-76.427,41.38156],[-76.41437,41.38205],[-76.42361,41.36865],[-76.41605,41.3657],[-76.42822,41.34773],[-76.42873,41.34826],[-76.43925,41.3482],[-76.46156,41.34732],[-76.5208,41.34605],[-76.52009,41.33367],[-76.53607,41.33093],[-76.53467,41.33455],[-76.5414,41.33444],[-76.54421,41.33327],[-76.54863,41.33295],[-76.54999,41.33215],[-76.55318,41.32308],[-76.55643,41.31145],[-76.5199,41.29705],[-76.52588,41.2893],[-76.52034,41.28819],[-76.4964,41.28497],[-76.4703,41.28033],[-76.47004,41.28115],[-76.46738,41.28065],[-76.46772,41.27953],[-76.46064,41.27813],[-76.45857,41.28749],[-76.45733,41.28738],[-76.45719,41.28836],[-76.45476,41.28805],[-76.44678,41.28965],[-76.44471,41.28777],[-76.4425,41.28782],[-76.44234,41.2856],[-76.43992,41.28334],[-76.43661,41.28553],[-76.43885,41.28719],[-76.43643,41.28932],[-76.43352,41.28726],[-76.41686,41.28458],[-76.41638,41.2864],[-76.40388,41.28889],[-76.39819,41.28796],[-76.39638,41.29415],[-76.40535,41.29567],[-76.40435,41.30101],[-76.4032,41.3024],[-76.42704,41.30332],[-76.42499,41.30757],[-76.41931,41.30663],[-76.41351,41.30754],[-76.41229,41.31847],[-76.39775,41.31884],[-76.39743,41.30904],[-76.38116,41.30934],[-76.37582,41.30039],[-76.37195,41.30312],[-76.3688,41.3031],[-76.37174,41.30877],[-76.3654,41.30893],[-76.36532,41.30988],[-76.35642,41.31578],[-76.35278,41.31364],[-76.35203,41.31389],[-76.35148,41.31251],[-76.35228,41.31042],[-76.35015,41.30892],[-76.34825,41.31],[-76.34626,41.31223],[-76.34719,41.31268],[-76.34128,41.31729],[-76.34335,41.31872],[-76.34292,41.32065],[-76.33993,41.32174],[-76.34474,41.32549],[-76.34484,41.32844],[-76.34056,41.32847],[-76.33147,41.33711],[-76.33193,41.34383],[-76.3302,41.34849],[-76.34318,41.35721],[-76.34338,41.36162],[-76.32571,41.36209],[-76.32607,41.37006],[-76.31354,41.37043],[-76.31389,41.37854],[-76.29436,41.36474],[-76.2926,41.36573],[-76.28973,41.36931],[-76.29095,41.36987],[-76.29125,41.36948],[-76.29219,41.36991],[-76.28916,41.37734],[-76.28349,41.37743],[-76.27049,41.40748],[-76.27725,41.41288],[-76.2958,41.41243],[-76.29591,41.414],[-76.31025,41.4136],[-76.31064,41.41856],[-76.33006,41.41797],[-76.33155,41.44789],[-76.33568,41.44784],[-76.3383,41.44478],[-76.36008,41.45277],[-76.36561,41.45068],[-76.36361,41.4493],[-76.36089,41.44373],[-76.36254,41.44126],[-76.3626,41.44186],[-76.36784,41.44132],[-76.37034,41.44677],[-76.3699,41.44832],[-76.36928,41.4486],[-76.3697,41.45053],[-76.36845,41.45141],[-76.37,41.452],[-76.37204,41.45196],[-76.37249,41.45024],[-76.37357,41.44976],[-76.37603,41.45019],[-76.3765,41.45096],[-76.37671,41.45138]],[[-76.32938,41.40513],[-76.32878,41.40514],[-76.3277,41.38544],[-76.32613,41.3855],[-76.32622,41.37436],[-76.34403,41.37404],[-76.34367,41.36793],[-76.36428,41.36731],[-76.36462,41.37394],[-76.38796,41.37331],[-76.38132,41.38315],[-76.38706,41.38301],[-76.3872,41.39331],[-76.34523,41.39459],[-76.34564,41.3969],[-76.34616,41.39745],[-76.3458,41.39882],[-76.34599,41.40009],[-76.34806,41.40124],[-76.34674,41.40195],[-76.34783,41.40466],[-76.32998,41.40511],[-76.32938,41.40513]],[[-76.31415,41.38515],[-76.31112,41.38516],[-76.31106,41.38374],[-76.31408,41.38362],[-76.31415,41.38515]],[[-76.4542,41.32212],[-76.45497,41.3222],[-76.45467,41.32317],[-76.45345,41.32293],[-76.4537,41.32207],[-76.4542,41.32212]]]},"properties":{"SGL":13,"NAME":"013","ACRES":50742.1380065,"PGC_REGION":5}},{"type":"Feature","geometry":{"type":"MultiPolygon","coordinates":[[[[-76.02043,40.61149],[-76.01905,40.61342],[-76.01883,40.61439],[-76.02181,40.6147],[-76.02018,40.61267],[-76.02044,40.61149],[-76.02043,40.61149]]],[[[-76.00984,40.63408],[-76.01262,40.63447],[-76.01268,40.63398],[-76.01526,40.63392],[-76.01487,40.63244],[-76.01619,40.6302],[-76.01473,40.62855],[-76.01082,40.62841],[-76.01041,40.6273],[-76.00836,40.6275],[-76.00844,40.62563],[-76.01088,40.62575],[-76.0111,40.62512],[-76.01021,40.62496],[-76.00973,40.62256],[-76.01185,40.6223],[-76.0142,40.61871],[-76.01782,40.61693],[-76.01766,40.61357],[-76.01832,40.61351],[-76.01869,40.61228],[-76.02038,40.611],[-76.01985,40.61041],[-76.02164,40.60848],[-76.01734,40.60357],[-76.00704,40.60418],[-75.99467,40.60351],[-75.98129,40.60617],[-75.9802,40.59575],[-75.98917,40.5942],[-75.98864,40.59324],[-75.99136,40.59289],[-75.99034,40.59072],[-75.99756,40.58885],[-76.00342,40.58896],[-76.00795,40.58764],[-76.00746,40.58712],[-76.02286,40.58015],[-76.02394,40.57999],[-76.023,40.57671],[-76.02228,40.57567],[-76.02119,40.57486],[-76.01937,40.57448],[-76.01872,40.57475],[-76.01766,40.57631],[-76.01531,40.57788],[-76.01263,40.57841],[-76.0071,40.57796],[-76.00314,40.57587],[-75.99821,40.57712],[-76.0003,40.57971],[-76.00351,40.5816],[-76.00005,40.58338],[-75.99507,40.58412],[-75.98108,40.58762],[-75.98065,40.58532],[-75.97813,40.58637],[-75.97717,40.58768],[-75.96,40.59073],[-75.95666,40.58988],[-75.94944,40.59102],[-75.95197,40.59831],[-75.95344,40.59983],[-75.96255,40.59908],[-75.95591,40.60199],[-75.95868,40.606],[-75.94575,40.60862],[-75.94527,40.61169],[-75.94619,40.612],[-75.94509,40.61239],[-75.94944,40.61929],[-75.9537,40.61772],[-75.95392,40.6181],[-75.95489,40.61747],[-75.95617,40.61997],[-75.94875,40.62325],[-75.94994,40.62459],[-75.95208,40.62269],[-75.95285,40.62317],[-75.95305,40.62536],[-75.95178,40.62602],[-75.95125,40.6254],[-75.94865,40.62543],[-75.94816,40.62455],[-75.9432,40.62635],[-75.9363,40.62674],[-75.93544,40.62729],[-75.93541,40.62625],[-75.93709,40.62581],[-75.93668,40.62466],[-75.93339,40.6255],[-75.93303,40.62337],[-75.94013,40.62158],[-75.94077,40.62264],[-75.94594,40.62067],[-75.94402,40.61742],[-75.93987,40.61888],[-75.93931,40.61341],[-75.92533,40.6157],[-75.9227,40.6155],[-75.91734,40.61595],[-75.91697,40.61721],[-75.91092,40.61665],[-75.91258,40.61798],[-75.91006,40.6202],[-75.91364,40.62016],[-75.91384,40.62223],[-75.92224,40.62186],[-75.92208,40.6171],[-75.92547,40.61655],[-75.92561,40.61862],[-75.9278,40.61819],[-75.92769,40.61644],[-75.92872,40.61638],[-75.92939,40.6265],[-75.93053,40.6262],[-75.93067,40.62751],[-75.93347,40.62676],[-75.93353,40.62874],[-75.93178,40.62933],[-75.93798,40.63168],[-75.94075,40.63207],[-75.94305,40.63339],[-75.94393,40.63309],[-75.94328,40.6312],[-75.94495,40.63078],[-75.94668,40.63133],[-75.94679,40.63245],[-75.94771,40.63352],[-75.94854,40.63348],[-75.94922,40.63448],[-75.94872,40.63468],[-75.9491,40.63525],[-75.94701,40.63596],[-75.94799,40.63791],[-75.95066,40.63896],[-75.95208,40.64073],[-75.95414,40.64019],[-75.95387,40.63778],[-75.95228,40.63717],[-75.95175,40.63588],[-75.95234,40.63463],[-75.95218,40.63312],[-75.95063,40.63311],[-75.95141,40.62942],[-75.95307,40.62933],[-75.9531,40.62796],[-75.95224,40.62744],[-75.95267,40.62709],[-75.95427,40.62772],[-75.95601,40.62899],[-75.96045,40.62489],[-75.96072,40.62508],[-75.96154,40.61819],[-75.97262,40.62378],[-75.98735,40.63007],[-75.99291,40.62989],[-75.99387,40.62864],[-76.0049,40.63259],[-76.00786,40.63296],[-76.00905,40.63363],[-76.00984,40.63408]],[[-76.01331,40.63047],[-76.01332,40.63121],[-76.00911,40.63204],[-76.00732,40.62994],[-76.00864,40.62906],[-76.01038,40.63056],[-76.01267,40.62895],[-76.01331,40.63047]]],[[[-75.91774,40.67993],[-75.9181,40.68223],[-75.91946,40.68489],[-75.92358,40.68313],[-75.9264,40.68249],[-75.92339,40.67963],[-75.92312,40.67817],[-75.91923,40.67438],[-75.92641,40.67163],[-75.93159,40.6713],[-75.93199,40.67248],[-75.93528,40.67214],[-75.93194,40.6632],[-75.93463,40.66296],[-75.93806,40.67082],[-75.94244,40.66942],[-75.94341,40.67134],[-75.95282,40.669],[-75.96165,40.66876],[-75.96498,40.66796],[-75.97274,40.66334],[-75.96644,40.65903],[-75.96398,40.65927],[-75.96206,40.66059],[-75.96086,40.65926],[-75.95965,40.6594],[-75.9595,40.65728],[-75.96324,40.65677],[-75.96278,40.65158],[-75.96559,40.65058],[-75.96451,40.64593],[-75.964,40.64637],[-75.9622,40.64331],[-75.95772,40.645],[-75.95646,40.64489],[-75.95454,40.64548],[-75.95387,40.64363],[-75.95242,40.64139],[-75.95038,40.64191],[-75.95195,40.64492],[-75.94431,40.64741],[-75.94412,40.6468],[-75.93598,40.64892],[-75.93862,40.65411],[-75.93416,40.65634],[-75.93038,40.65679],[-75.92329,40.6586],[-75.92276,40.65611],[-75.91672,40.66166],[-75.9163,40.66085],[-75.91404,40.66235],[-75.90971,40.6577],[-75.90778,40.65944],[-75.90616,40.65456],[-75.90312,40.65684],[-75.90185,40.65592],[-75.90005,40.65826],[-75.90462,40.66084],[-75.90238,40.66187],[-75.90108,40.66198],[-75.89851,40.66034],[-75.89771,40.66145],[-75.89602,40.65989],[-75.89359,40.66209],[-75.89281,40.66161],[-75.89215,40.66224],[-75.89988,40.66715],[-75.8994,40.66949],[-75.89367,40.67091],[-75.89303,40.6705],[-75.89017,40.67292],[-75.88505,40.66927],[-75.88246,40.67161],[-75.88107,40.67069],[-75.8799,40.67173],[-75.88055,40.67214],[-75.87945,40.67305],[-75.88102,40.67667],[-75.88935,40.67356],[-75.88869,40.67531],[-75.88219,40.67794],[-75.88849,40.68185],[-75.89664,40.6769],[-75.89935,40.68236],[-75.91702,40.67529],[-75.91774,40.67993]]]]},"properties":{"SGL":106,"NAME":"106","ACRES":9613.87176984,"PGC_REGION":6}},{"type":"Feature","geometry":{"type":"MultiPolygon","coordinates":[[[[-77.01771,40.40529],[-77.01582,40.40744],[-77.01593,40.40822],[-77.02167,40.40728],[-77.01973,40.40426],[-77.01979,40.40487],[-77.01852,40.40569],[-77.01771,40.40529]]],[[[-77.01273,40.42382],[-77.01492,40.42],[-77.01253,40.42099],[-77.01247,40.42243],[-77.01144,40.42348],[-77.01267,40.42373],[-77.01273,40.42382]]],[[[-77.01541,40.41985],[-77.01261,40.42502],[-77.01417,40.42596],[-77.01521,40.42525],[-77.01598,40.42405],[-77.01594,40.41964],[-77.01541,40.41985]]],[[[-77.00174,40.43029],[-77.00205,40.43062],[-77.00283,40.43017],[-77.0044,40.42753],[-77.00579,40.42737],[-77.007,40.42531],[-77.00717,40.42146],[-77.01128,40.41678],[-77.01149,40.41279],[-77.01095,40.41278],[-77.01094,40.41234],[-77.01147,40.41229],[-77.01087,40.40967],[-77.00954,40.40963],[-77.00982,40.40864],[-77.00899,40.40854],[-77.00876,40.40784],[-77.01037,40.40788],[-77.00821,40.40766],[-77.00599,40.41291],[-77.00631,40.41745],[-77.0056,40.41998],[-77.00626,40.42286],[-77.00195,40.42988],[-77.00174,40.43029]]],[[[-77.00819,40.40222],[-77.00399,40.40338],[-77.00126,40.40472],[-76.99794,40.40738],[-76.99415,40.41163],[-76.99192,40.41679],[-76.99077,40.42066],[-76.99029,40.42364],[-76.99095,40.43066],[-76.9901,40.43489],[-76.98932,40.43592],[-76.98911,40.43713],[-76.99286,40.43604],[-76.9963,40.43435],[-77.00078,40.42936],[-77.00426,40.42462],[-77.00505,40.42302],[-77.00453,40.42124],[-77.00544,40.41677],[-77.00492,40.41312],[-77.00671,40.40848],[-77.00724,40.40543],[-77.00874,40.40236],[-77.00855,40.4021],[-77.00819,40.40222]]]]},"properties":{"SGL":290,"NAME":"290","ACRES":1041.67357628,"PGC_REGION":4}},{"type":"Feature","geometry":{"type":"MultiPolygon","coordinates":[[[[-78.86625,40.0885],[-78.86927,40.09045],[-78.8718,40.09512],[-78.8725,40.09758],[-78.8783,40.09893],[-78.88183,40.0972],[-78.88009,40.09543],[-78.88267,40.09425],[-78.87943,40.09096],[-78.88112,40.08939],[-78.87964,40.08831],[-78.87983,40.08805],[-78.87923,40.0875],[-78.88123,40.08712],[-78.88228,40.08842],[-78.88305,40.08806],[-78.88707,40.08556],[-78.88751,40.0841],[-78.88829,40.08427],[-78.88899,40.08241],[-78.88367,40.08131],[-78.88134,40.07915],[-78.87967,40.07843],[-78.87999,40.08009],[-78.87646,40.0787],[-78.87569,40.07987],[-78.87366,40.07948],[-78.87337,40.07979],[-78.87383,40.08001],[-78.87309,40.08132],[-78.87249,40.08113],[-78.87194,40.08183],[-78.87252,40.08204],[-78.87136,40.08437],[-78.86901,40.08357],[-78.8688,40.08412],[-78.86816,40.08399],[-78.86625,40.0885]]],[[[-78.85278,40.1039],[-78.85618,40.10273],[-78.85684,40.10302],[-78.85841,40.10087],[-78.85717,40.09917],[-78.85658,40.09917],[-78.85502,40.09684],[-78.8554,40.09622],[-78.85452,40.09588],[-78.85433,40.09409],[-78.84974,40.09741],[-78.85043,40.09911],[-78.85178,40.09868],[-78.85213,40.09913],[-78.85064,40.09975],[-78.85278,40.1039]]]]},"properties":{"SGL":93,"NAME":"093","ACRES":715.63129427,"PGC_REGION":2}},{"type":"Feature","geometry":{"type":"MultiPolygon","coordinates":[[[[-79.04394,39.9661],[-79.04126,39.9694],[-79.0418,39.96962],[-79.04369,39.96665],[-79.04394,39.9661]]],[[[-79.04394,39.9661],[-79.04323,39.96972],[-79.04231,39.97135],[-79.04231,39.97253],[-79.04281,39.9728],[-79.04235,39.97639],[-79.04093,39.97238],[-79.03957,39.97514],[-79.04135,39.97612],[-79.0395,39.97836],[-79.03745,39.97943],[-79.04414,39.98557],[-79.04787,39.9853],[-79.04756,39.98781],[-79.04793,39.98814],[-79.04747,39.98847],[-79.05117,39.99168],[-79.05194,39.99127],[-79.05323,39.99233],[-79.05584,39.99203],[-79.05436,39.9811],[-79.05634,39.98],[-79.05622,39.97911],[-79.05957,39.97716],[-79.06805,39.97621],[-79.08149,39.97598],[-79.08164,39.97375],[-79.07538,39.97363],[-79.06711,39.97252],[-79.06587,39.97362],[-79.05975,39.97171],[-79.05939,39.96769],[-79.06172,39.96434],[-79.0645,39.96543],[-79.06434,39.96638],[-79.07098,39.96907],[-79.06899,39.9674],[-79.06992,39.96659],[-79.07156,39.95826],[-79.0757,39.95858],[-79.0753,39.95795],[-79.0784,39.95644],[-79.07778,39.95564],[-79.08104,39.952],[-79.08231,39.95361],[-79.08742,39.95151],[-79.07935,39.94961],[-79.07653,39.94851],[-79.07437,39.94545],[-79.07436,39.94307],[-79.07942,39.9317],[-79.071,39.92721],[-79.06848,39.93265],[-79.05721,39.93084],[-79.05477,39.9399],[-79.04866,39.93899],[-79.04766,39.93981],[-79.04712,39.94958],[-79.04871,39.95086],[-79.04723,39.95093],[-79.0471,39.95254],[-79.04821,39.95346],[-79.04809,39.95395],[-79.04683,39.95411],[-79.04672,39.95501],[-79.04738,39.955],[-79.0474,39.95454],[-79.04946,39.95378],[-79.04953,39.95251],[-79.05071,39.95255],[-79.05184,39.95201],[-79.05194,39.95129],[-79.05325,39.95159],[-79.05231,39.95424],[-79.04672,39.95578],[-79.04223,39.95925],[-79.04747,39.96175],[-79.04394,39.9661],[-79.04394,39.9661]]]]},"properties":{"SGL":50,"NAME":"050","ACRES":3278.3428,"PGC_REGION":2}},{"type":"Feature","geometry":{"type":"MultiPolygon","coordinates":[[[[-79.84271,41.96975],[-79.84572,41.96947],[-79.84564,41.96767],[-79.84926,41.96733],[-79.85135,41.9646],[-79.84887,41.96267],[-79.83841,41.96319],[-79.83882,41.9679],[-79.84271,41.96975]]],[[[-79.84271,41.96975],[-79.8316,41.97025],[-79.83188,41.97291],[-79.81729,41.97366],[-79.81743,41.97296],[-79.81206,41.97327],[-79.81166,41.96943],[-79.80927,41.96956],[-79.80971,41.97341],[-79.80737,41.97354],[-79.80747,41.97668],[-79.82231,41.97606],[-79.82242,41.97712],[-79.83224,41.97667],[-79.83434,41.98068],[-79.83898,41.98428],[-79.83861,41.98459],[-79.83875,41.98499],[-79.83954,41.98545],[-79.84057,41.98465],[-79.8406,41.98565],[-79.84932,41.98519],[-79.84912,41.98238],[-79.85844,41.98165],[-79.85873,41.97937],[-79.85926,41.97887],[-79.85896,41.97868],[-79.85845,41.97916],[-79.8578,41.97875],[-79.85752,41.97289],[-79.84623,41.97129],[-79.84349,41.97011],[-79.84271,41.96975]]]]},"properties":{"SGL":162,"NAME":"162","ACRES":1067.98917747,"PGC_REGION":1}},{"type":"Feature","geometry":{"type":"MultiPolygon","coordinates":[[[[-79.87515,41.9557],[-79.87618,41.95547],[-79.87518,41.95539],[-79.87515,41.9557]]],[[[-79.88334,41.96096],[-79.89897,41.96061],[-79.89887,41.95806],[-79.90734,41.95729],[-79.90714,41.95084],[-79.89415,41.95143],[-79.89312,41.94677],[-79.8977,41.94586],[-79.89838,41.9427],[-79.89802,41.94266],[-79.89771,41.94345],[-79.89665,41.94386],[-79.89194,41.94398],[-79.89074,41.94454],[-79.88951,41.94385],[-79.88901,41.94472],[-79.89011,41.9451],[-79.88909,41.94709],[-79.88916,41.94775],[-79.89086,41.9473],[-79.89257,41.94832],[-79.89311,41.94923],[-79.89305,41.95105],[-79.89403,41.95192],[-79.89389,41.95269],[-79.89271,41.95468],[-79.88889,41.95502],[-79.88911,41.9588],[-79.88312,41.95889],[-79.88334,41.96096]]]]},"properties":{"SGL":190,"NAME":"190","ACRES":393.85677605,"PGC_REGION":1}},{"type":"Feature","geometry":{"type":"MultiPolygon","coordinates":[[[[-80.10249,41.30453],[-80.10246,41.30531],[-80.10514,41.30446],[-80.10724,41.30432],[-80.10722,41.29645],[-80.10277,41.29635],[-80.1026,41.28881],[-80.10045,41.28882],[-80.10023,41.28272],[-80.09473,41.2841],[-80.09058,41.2859],[-80.08487,41.28606],[-80.085,41.28661],[-80.08592,41.28691],[-80.08411,41.28694],[-80.08441,41.29665],[-80.09463,41.2965],[-80.09467,41.30113],[-80.10259,41.3012],[-80.10251,41.30369],[-80.10249,41.30453]]],[[[-80.00949,41.30992],[-80.00968,41.31557],[-80.00805,41.31558],[-80.00824,41.31883],[-80.00095,41.31898],[-80.00115,41.32218],[-79.99958,41.32219],[-79.99965,41.33218],[-80.00063,41.34642],[-80.00635,41.34626],[-80.00616,41.33942],[-80.01579,41.33931],[-80.016,41.3433],[-80.01636,41.34328],[-80.01677,41.34406],[-80.01612,41.3441],[-80.01641,41.34464],[-80.02285,41.34452],[-80.02274,41.34149],[-80.02328,41.33815],[-80.03204,41.3381],[-80.03216,41.34214],[-80.03786,41.34211],[-80.03773,41.33605],[-80.03303,41.33614],[-80.03318,41.33563],[-80.03371,41.33549],[-80.035,41.33568],[-80.03729,41.33528],[-80.04027,41.3354],[-80.04027,41.3364],[-80.04101,41.33686],[-80.04246,41.33591],[-80.04486,41.3361],[-80.04664,41.33781],[-80.04814,41.33759],[-80.04818,41.33854],[-80.05023,41.33864],[-80.05064,41.33919],[-80.05208,41.33888],[-80.05364,41.34122],[-80.0556,41.3413],[-80.05633,41.34235],[-80.05839,41.3438],[-80.05824,41.3448],[-80.05914,41.34542],[-80.06117,41.34401],[-80.06163,41.34419],[-80.05968,41.34208],[-80.05774,41.34069],[-80.05954,41.3389],[-80.05728,41.33773],[-80.05711,41.33362],[-80.06139,41.33355],[-80.06137,41.33227],[-80.06302,41.33224],[-80.06299,41.33093],[-80.05424,41.33108],[-80.05484,41.33366],[-80.0475,41.33384],[-80.04689,41.3226],[-80.04036,41.32273],[-80.04048,41.32707],[-80.03175,41.32723],[-80.03155,41.32186],[-80.02959,41.32187],[-80.0295,41.31867],[-80.0153,41.3189],[-80.01522,41.31602],[-80.02254,41.31591],[-80.02253,41.31519],[-80.02374,41.31517],[-80.02376,41.3159],[-80.03134,41.31579],[-80.0312,41.31365],[-80.02361,41.31386],[-80.02357,41.31286],[-80.01352,41.31306],[-80.01346,41.31084],[-80.01165,41.31085],[-80.01161,41.30989],[-80.01055,41.30991],[-80.00949,41.30992]],[[-80.0233,41.32138],[-80.02382,41.32139],[-80.02384,41.3218],[-80.02331,41.3218],[-80.0233,41.32138]]]]},"properties":{"SGL":130,"NAME":"130","ACRES":3169.81265005,"PGC_REGION":1}},{"type":"Feature","geometry":{"type":"MultiPolygon","coordinates":[[[[-79.8642,41.27474],[-79.86446,41.28021],[-79.86942,41.28306],[-79.87797,41.2828],[-79.87762,41.27909],[-79.87273,41.27855],[-79.87219,41.26874],[-79.88096,41.26844],[-79.88051,41.25962],[-79.89144,41.25928],[-79.89131,41.25652],[-79.8825,41.25678],[-79.882,41.24913],[-79.87919,41.24919],[-79.87907,41.24678],[-79.86881,41.24681],[-79.86869,41.2556],[-79.87126,41.25551],[-79.87168,41.26045],[-79.86336,41.26091],[-79.86388,41.26661],[-79.86145,41.26674],[-79.8633,41.27053],[-79.86457,41.27471],[-79.8642,41.27471],[-79.8642,41.27474]],[[-79.87165,41.26869],[-79.87178,41.26993],[-79.86755,41.27009],[-79.86739,41.26819],[-79.87208,41.26795],[-79.87211,41.26857],[-79.87164,41.26857],[-79.87165,41.26869]]],[[[-79.91843,41.36088],[-79.92046,41.36096],[-79.9205,41.35983],[-79.91816,41.35828],[-79.91808,41.35568],[-79.92346,41.35181],[-79.92291,41.35137],[-79.92552,41.34966],[-79.92466,41.34816],[-79.94284,41.34768],[-79.94268,41.34445],[-79.94157,41.34448],[-79.94141,41.33808],[-79.94458,41.33802],[-79.94449,41.33521],[-79.93605,41.33549],[-79.93591,41.33251],[-79.93962,41.33243],[-79.93956,41.33178],[-79.94439,41.33175],[-79.94429,41.32934],[-79.94897,41.32926],[-79.94868,41.3231],[-79.94817,41.32311],[-79.94746,41.32202],[-79.94724,41.31096],[-79.9518,41.31093],[-79.95172,41.3081],[-79.95563,41.30803],[-79.95698,41.30548],[-79.95897,41.30632],[-79.9619,41.30974],[-79.9663,41.30961],[-79.96686,41.31065],[-79.96773,41.31064],[-79.96723,41.29879],[-79.96908,41.29879],[-79.96853,41.28431],[-79.97336,41.28453],[-79.9734,41.28707],[-79.97261,41.28916],[-79.9726,41.29041],[-79.9768,41.29041],[-79.97666,41.29259],[-79.9728,41.29265],[-79.97292,41.29861],[-79.98923,41.2988],[-79.98915,41.29686],[-79.98681,41.29694],[-79.98654,41.294],[-79.99272,41.29407],[-79.99256,41.29011],[-79.99836,41.28987],[-79.99822,41.2862],[-79.98637,41.2864],[-79.9863,41.28233],[-79.98209,41.28225],[-79.98203,41.27885],[-79.96626,41.27907],[-79.96612,41.2745],[-79.96318,41.27452],[-79.96159,41.27139],[-79.95671,41.2675],[-79.96074,41.26742],[-79.96061,41.26292],[-79.96118,41.26288],[-79.96087,41.25689],[-79.96513,41.2568],[-79.96504,41.25379],[-79.95728,41.25396],[-79.95726,41.25699],[-79.95576,41.25865],[-79.95511,41.26],[-79.95478,41.26305],[-79.95001,41.2631],[-79.94982,41.25799],[-79.94551,41.25809],[-79.94566,41.26323],[-79.94185,41.2633],[-79.94207,41.26896],[-79.93416,41.26913],[-79.93477,41.28517],[-79.93174,41.28532],[-79.93336,41.2872],[-79.91861,41.29694],[-79.91524,41.29998],[-79.92016,41.30324],[-79.9229,41.30459],[-79.91823,41.3097],[-79.91305,41.30754],[-79.91041,41.31427],[-79.90607,41.31441],[-79.91039,41.31439],[-79.90744,41.32222],[-79.90297,41.32233],[-79.90155,41.32551],[-79.90724,41.32689],[-79.90723,41.32805],[-79.89959,41.32612],[-79.89963,41.32544],[-79.89697,41.32749],[-79.89511,41.32977],[-79.89248,41.3303],[-79.89327,41.35137],[-79.90688,41.35178],[-79.90321,41.35457],[-79.9143,41.35968],[-79.91813,41.36082],[-79.91843,41.36088]]],[[[-79.90704,41.36787],[-79.90703,41.37053],[-79.91369,41.37064],[-79.91386,41.36652],[-79.91573,41.36835],[-79.92028,41.36841],[-79.92047,41.3615],[-79.91531,41.36053],[-79.90281,41.35483],[-79.89907,41.35758],[-79.89889,41.36191],[-79.89932,41.36211],[-79.8993,41.36301],[-79.8988,41.3635],[-79.89877,41.36643],[-79.90705,41.36645],[-79.90704,41.36787]],[[-79.9185,41.36439],[-79.91914,41.36484],[-79.91765,41.3652],[-79.91725,41.36509],[-79.91734,41.36416],[-79.9185,41.36439]],[[-79.91642,41.36166],[-79.91828,41.36253],[-79.91813,41.36287],[-79.91373,41.36344],[-79.9134,41.36266],[-79.91367,41.36244],[-79.91632,41.36162],[-79.91642,41.36166]]]]},"properties":{"SGL":39,"NAME":"039","ACRES":10868.6193679,"PGC_REGION":1}},{"type":"Feature","geometry":{"type":"MultiPolygon","coordinates":[[[[-76.74027,41.91736],[-76.74035,41.91848],[-76.7438,41.91811],[-76.74363,41.91731],[-76.75121,41.91702],[-76.75081,41.91351],[-76.755,41.91358],[-76.75459,41.91159],[-76.75475,41.91041],[-76.75081,41.91057],[-76.75082,41.91017],[-76.7421,41.91053],[-76.74199,41.90982],[-76.73974,41.90991],[-76.73987,41.91172],[-76.74027,41.91736]]],[[[-76.8002,41.91371],[-76.80024,41.91559],[-76.79781,41.91573],[-76.79792,41.91674],[-76.79521,41.91984],[-76.79681,41.91377],[-76.79582,41.91384],[-76.79469,41.91524],[-76.79457,41.9126],[-76.7914,41.91265],[-76.79039,41.89814],[-76.78969,41.89814],[-76.79103,41.89359],[-76.78359,41.8939],[-76.78415,41.90138],[-76.78547,41.90139],[-76.78574,41.9079],[-76.78229,41.90795],[-76.78223,41.90555],[-76.77347,41.90586],[-76.77319,41.9049],[-76.77569,41.90261],[-76.77576,41.90156],[-76.77328,41.90152],[-76.77315,41.89914],[-76.76927,41.8993],[-76.76957,41.90693],[-76.7683,41.90716],[-76.7656,41.90857],[-76.76588,41.91024],[-76.76105,41.91054],[-76.76033,41.91217],[-76.75974,41.91183],[-76.7586,41.91271],[-76.76072,41.91364],[-76.76086,41.91531],[-76.75921,41.9179],[-76.75852,41.91796],[-76.75871,41.91955],[-76.76647,41.91925],[-76.76612,41.91344],[-76.78269,41.91294],[-76.78285,41.91612],[-76.79002,41.9159],[-76.79024,41.92008],[-76.78826,41.92013],[-76.78864,41.92682],[-76.78797,41.92684],[-76.78801,41.92753],[-76.79161,41.92844],[-76.79233,41.92907],[-76.79202,41.93116],[-76.79593,41.93445],[-76.79536,41.93588],[-76.79559,41.93603],[-76.79728,41.93323],[-76.79793,41.93123],[-76.79626,41.92533],[-76.79714,41.92512],[-76.79666,41.92449],[-76.80084,41.92438],[-76.80089,41.92556],[-76.80329,41.92488],[-76.80384,41.93012],[-76.80644,41.93],[-76.80636,41.92904],[-76.81173,41.9287],[-76.81143,41.92587],[-76.8097,41.92345],[-76.80691,41.92548],[-76.80618,41.92376],[-76.80569,41.92407],[-76.80561,41.9233],[-76.80502,41.92331],[-76.80443,41.91456],[-76.80464,41.91294],[-76.80178,41.91304],[-76.80192,41.91367],[-76.80089,41.9137],[-76.8002,41.91371]]]]},"properties":{"SGL":123,"NAME":"123","ACRES":1604.66910289,"PGC_REGION":5}},{"type":"Feature","geometry":{"type":"MultiPolygon","coordinates":[[[[-78.81649,40.44763],[-78.81633,40.44697],[-78.81517,40.44703],[-78.81515,40.44751],[-78.81649,40.44763]]],[[[-78.81882,40.44867],[-78.8168,40.44805],[-78.81085,40.44749],[-78.81832,40.44967],[-78.81882,40.44867]]],[[[-78.92246,40.4545],[-78.92246,40.46083],[-78.92365,40.46089],[-78.92374,40.46028],[-78.92755,40.4593],[-78.92763,40.45679],[-78.92534,40.45571],[-78.9268,40.45365],[-78.92745,40.45379],[-78.92673,40.44924],[-78.92689,40.447],[-78.92787,40.44701],[-78.92816,40.43852],[-78.92652,40.43767],[-78.92598,40.43862],[-78.91569,40.43867],[-78.91557,40.43388],[-78.91479,40.43394],[-78.9144,40.4353],[-78.90969,40.43545],[-78.90799,40.436],[-78.90814,40.4406],[-78.91226,40.45265],[-78.92248,40.45267],[-78.92247,40.45349],[-78.92246,40.4545]]],[[[-78.7995,40.44657],[-78.79933,40.4459],[-78.79628,40.44587],[-78.7962,40.44856],[-78.80203,40.45085],[-78.80209,40.45494],[-78.79623,40.45268],[-78.79613,40.45768],[-78.7982,40.45738],[-78.80738,40.45789],[-78.81063,40.45916],[-78.8112,40.45814],[-78.81306,40.4585],[-78.81241,40.45958],[-78.82052,40.46138],[-78.82434,40.45966],[-78.82274,40.45522],[-78.82002,40.4533],[-78.82089,40.45255],[-78.81832,40.44969],[-78.80785,40.44665],[-78.79962,40.44657],[-78.7995,40.44657]]],[[[-78.81823,40.46156],[-78.81826,40.46112],[-78.81091,40.45951],[-78.8073,40.45813],[-78.79784,40.45752],[-78.79604,40.45781],[-78.79597,40.46093],[-78.79958,40.45899],[-78.80447,40.45861],[-78.81203,40.46133],[-78.8151,40.46107],[-78.81818,40.46155],[-78.81823,40.46156]]],[[[-78.91884,40.47947],[-78.9211,40.47944],[-78.92345,40.48063],[-78.9256,40.477],[-78.93018,40.48189],[-78.93095,40.47862],[-78.93042,40.47101],[-78.92402,40.47116],[-78.92113,40.4683],[-78.92245,40.46733],[-78.91955,40.46721],[-78.91989,40.46233],[-78.91981,40.46305],[-78.91913,40.46321],[-78.91921,40.46251],[-78.91723,40.46303],[-78.91725,40.46367],[-78.912,40.4637],[-78.91245,40.46777],[-78.90561,40.46771],[-78.90589,40.46995],[-78.90682,40.46957],[-78.9071,40.47028],[-78.90933,40.46947],[-78.9105,40.47115],[-78.90765,40.4715],[-78.90802,40.47223],[-78.90718,40.47225],[-78.91253,40.47509],[-78.91283,40.47475],[-78.91426,40.47549],[-78.91395,40.47583],[-78.91513,40.47605],[-78.91503,40.4764],[-78.91737,40.47753],[-78.91652,40.47849],[-78.91826,40.4794],[-78.91871,40.47947],[-78.91789,40.47904],[-78.91824,40.47866],[-78.91909,40.47906],[-78.91871,40.47947],[-78.91884,40.47947]]],[[[-78.80249,40.47573],[-78.79626,40.47576],[-78.79595,40.47839],[-78.79298,40.47838],[-78.79288,40.48535],[-78.79456,40.48457],[-78.79554,40.48532],[-78.80264,40.48557],[-78.80254,40.47923],[-78.80249,40.47573]]],[[[-78.85049,40.48389],[-78.85454,40.48561],[-78.8546,40.48246],[-78.84651,40.48238],[-78.84992,40.48372],[-78.85049,40.48389]]],[[[-78.80249,40.47573],[-78.81225,40.47588],[-78.81217,40.48584],[-78.80679,40.48577],[-78.80687,40.4895],[-78.80763,40.4898],[-78.80833,40.48878],[-78.81278,40.49099],[-78.8135,40.4903],[-78.81412,40.49063],[-78.8134,40.49148],[-78.81441,40.4928],[-78.81342,40.4931],[-78.81407,40.494],[-78.81701,40.49383],[-78.81698,40.49343],[-78.82246,40.49219],[-78.82197,40.49086],[-78.822,40.46658],[-78.81839,40.46648],[-78.81829,40.46183],[-78.81523,40.46125],[-78.81266,40.4617],[-78.80903,40.46068],[-78.80582,40.45903],[-78.80459,40.45878],[-78.79963,40.45915],[-78.79598,40.46114],[-78.79596,40.46626],[-78.80245,40.46619],[-78.80249,40.47572],[-78.80249,40.47573]]],[[[-78.83513,40.49579],[-78.835,40.49743],[-78.83714,40.49727],[-78.83514,40.49579],[-78.83513,40.49579]]],[[[-78.80969,40.49592],[-78.8096,40.49481],[-78.81154,40.49479],[-78.81152,40.49344],[-78.81036,40.49398],[-78.80952,40.49331],[-78.81017,40.49279],[-78.80934,40.49246],[-78.80881,40.49322],[-78.80785,40.49276],[-78.80838,40.49207],[-78.80693,40.49146],[-78.80667,40.4928],[-78.79955,40.4929],[-78.7996,40.48901],[-78.79604,40.4878],[-78.79555,40.48843],[-78.79435,40.48789],[-78.79405,40.48811],[-78.79362,40.48855],[-78.79432,40.48877],[-78.79409,40.48926],[-78.79378,40.48916],[-78.79273,40.49071],[-78.78876,40.49023],[-78.78705,40.48975],[-78.78726,40.4893],[-78.78468,40.48938],[-78.77956,40.48744],[-78.77758,40.48569],[-78.77528,40.48576],[-78.77529,40.48931],[-78.77715,40.48932],[-78.77706,40.4916],[-78.78545,40.49155],[-78.78544,40.49638],[-78.78625,40.49639],[-78.78622,40.4972],[-78.78946,40.49715],[-78.79004,40.4987],[-78.78969,40.49709],[-78.79269,40.49709],[-78.79275,40.49905],[-78.79957,40.49908],[-78.79955,40.49358],[-78.80188,40.49359],[-78.80343,40.49414],[-78.80345,40.49595],[-78.80457,40.49722],[-78.80433,40.49833],[-78.80477,40.49912],[-78.80674,40.49913],[-78.80674,40.49595],[-78.80969,40.49592]]],[[[-78.85129,40.4993],[-78.85447,40.49949],[-78.85775,40.49907],[-78.86117,40.49949],[-78.86347,40.49885],[-78.86341,40.49527],[-78.86123,40.49511],[-78.86109,40.49623],[-78.85896,40.49609],[-78.85909,40.49494],[-78.86191,40.49351],[-78.86154,40.49313],[-78.86277,40.49262],[-78.85809,40.49276],[-78.85788,40.48863],[-78.85713,40.48808],[-78.85441,40.48816],[-78.85446,40.48599],[-78.84623,40.48255],[-78.84644,40.48563],[-78.83976,40.48587],[-78.83991,40.48893],[-78.84111,40.48893],[-78.84272,40.49434],[-78.83859,40.49513],[-78.83811,40.49372],[-78.83778,40.49382],[-78.83824,40.4952],[-78.83542,40.49574],[-78.8374,40.49728],[-78.8475,40.49672],[-78.84778,40.49997],[-78.85128,40.4993],[-78.85129,40.4993]],[[-78.85866,40.49479],[-78.857,40.49506],[-78.85665,40.49373],[-78.85826,40.49346],[-78.85866,40.49479]],[[-78.85778,40.48891],[-78.85716,40.48906],[-78.85749,40.48873],[-78.85778,40.48891]]],[[[-78.86073,40.5006],[-78.86277,40.50097],[-78.86277,40.50156],[-78.86352,40.50156],[-78.86348,40.49908],[-78.862,40.4996],[-78.85975,40.49957],[-78.86067,40.50055],[-78.86073,40.5006]]],[[[-78.85264,40.50074],[-78.8525,40.502],[-78.85367,40.50206],[-78.85372,40.49968],[-78.85307,40.49964],[-78.85304,40.50012],[-78.85248,40.50013],[-78.85247,40.49959],[-78.8506,40.4995],[-78.8478,40.50015],[-78.84789,40.50107],[-78.84957,40.50048],[-78.85248,40.5002],[-78.85262,40.50074],[-78.85264,40.50074]]],[[[-78.90437,40.51537],[-78.9041,40.51683],[-78.90288,40.51902],[-78.90479,40.52092],[-78.90551,40.52065],[-78.90543,40.51963],[-78.90405,40.51789],[-78.90574,40.51452],[-78.90802,40.5147],[-78.91113,40.51318],[-78.90944,40.50652],[-78.91001,40.5058],[-78.91092,40.50545],[-78.91469,40.50092],[-78.91034,40.50083],[-78.9111,40.4998],[-78.91363,40.49967],[-78.91586,40.49785],[-78.91603,40.49732],[-78.9172,40.4974],[-78.92228,40.49415],[-78.92215,40.492],[-78.91937,40.48991],[-78.91946,40.48752],[-78.92118,40.48558],[-78.92118,40.48413],[-78.91831,40.48234],[-78.9111,40.48175],[-78.90932,40.48236],[-78.90491,40.48601],[-78.90138,40.48071],[-78.90271,40.4792],[-78.90406,40.47925],[-78.90337,40.47848],[-78.90398,40.47829],[-78.90522,40.47936],[-78.90435,40.47824],[-78.90528,40.47766],[-78.90506,40.47744],[-78.90575,40.47711],[-78.90655,40.47773],[-78.90715,40.47738],[-78.90812,40.47822],[-78.91008,40.47706],[-78.91038,40.47626],[-78.90878,40.47471],[-78.90986,40.47518],[-78.90873,40.47349],[-78.90715,40.47364],[-78.90707,40.47298],[-78.90295,40.47329],[-78.89944,40.46943],[-78.8989,40.46703],[-78.89813,40.46707],[-78.89801,40.46655],[-78.90439,40.46656],[-78.90334,40.46524],[-78.90213,40.45863],[-78.90318,40.45637],[-78.90394,40.45622],[-78.90297,40.45548],[-78.90074,40.45506],[-78.90021,40.4494],[-78.8987,40.44802],[-78.896,40.44797],[-78.89323,40.44888],[-78.89333,40.45414],[-78.88408,40.45432],[-78.88266,40.45472],[-78.88167,40.45986],[-78.88182,40.45311],[-78.88076,40.45322],[-78.87885,40.45573],[-78.8802,40.45615],[-78.87912,40.4571],[-78.87958,40.45768],[-78.87392,40.45746],[-78.87387,40.45987],[-78.8753,40.45986],[-78.87533,40.46122],[-78.87389,40.46122],[-78.87383,40.46336],[-78.866,40.46365],[-78.86496,40.48746],[-78.8639,40.4874],[-78.86372,40.49118],[-78.86605,40.49097],[-78.8703,40.48827],[-78.87032,40.48704],[-78.88101,40.48696],[-78.87521,40.48747],[-78.87258,40.48813],[-78.87139,40.48789],[-78.87072,40.48928],[-78.86879,40.48919],[-78.86819,40.49259],[-78.86863,40.4935],[-78.87021,40.49451],[-78.87051,40.49534],[-78.86969,40.49681],[-78.86876,40.49696],[-78.86826,40.49793],[-78.87168,40.49924],[-78.8715,40.5005],[-78.86637,40.50042],[-78.86344,40.50532],[-78.86344,40.50718],[-78.86965,40.5072],[-78.87632,40.50514],[-78.87732,40.50756],[-78.88114,40.50683],[-78.8836,40.5105],[-78.88893,40.51105],[-78.87662,40.50183],[-78.88071,40.49871],[-78.88789,40.50425],[-78.88797,40.50721],[-78.90075,40.50755],[-78.90072,40.5062],[-78.90195,40.50619],[-78.9019,40.5049],[-78.90451,40.50503],[-78.90425,40.50552],[-78.90476,40.50557],[-78.90482,40.50602],[-78.90416,40.50779],[-78.90611,40.50794],[-78.90584,40.5095],[-78.90391,40.50934],[-78.90367,40.51177],[-78.90327,40.5125],[-78.90434,40.51504],[-78.90437,40.51537]],[[-78.90431,40.47612],[-78.9047,40.47644],[-78.90412,40.47706],[-78.90284,40.47628],[-78.90349,40.47563],[-78.90431,40.47612]],[[-78.89915,40.47479],[-78.89774,40.47431],[-78.89861,40.47342],[-78.89999,40.4739],[-78.8994,40.47453],[-78.89915,40.47479]],[[-78.89508,40.47359],[-78.89506,40.47309],[-78.8965,40.47283],[-78.89854,40.47341],[-78.89508,40.47359]]],[[[-78.99746,40.5443],[-78.9972,40.54438],[-78.99993,40.54944],[-79.00686,40.54725],[-79.00393,40.54226],[-78.99746,40.5443]]],[[[-78.99037,40.54968],[-78.99539,40.54594],[-78.99173,40.54304],[-78.99028,40.54243],[-78.99198,40.5406],[-78.99455,40.54069],[-78.99749,40.5416],[-79.00612,40.53855],[-79.00263,40.53556],[-79.00318,40.53448],[-79.00065,40.53218],[-78.98913,40.52985],[-78.98935,40.53049],[-78.98802,40.5307],[-78.98784,40.52998],[-78.98635,40.52944],[-78.98661,40.52889],[-78.98175,40.52907],[-78.97775,40.53274],[-78.98385,40.53251],[-78.98636,40.53349],[-78.98907,40.53623],[-78.98823,40.54098],[-78.98477,40.53997],[-78.98479,40.53926],[-78.9743,40.53599],[-78.97385,40.53689],[-78.97564,40.53976],[-78.9767,40.53958],[-78.9778,40.54292],[-78.9765,40.5428],[-78.97626,40.54445],[-78.97662,40.54638],[-78.98198,40.54666],[-78.9824,40.54957],[-78.9852,40.54855],[-78.98843,40.55112],[-78.98999,40.54997],[-78.99037,40.54968]]],[[[-78.82927,40.5977],[-78.83637,40.59988],[-78.83908,40.59564],[-78.83684,40.59613],[-78.83649,40.59473],[-78.83574,40.59439],[-78.83567,40.59349],[-78.83427,40.59309],[-78.83482,40.59259],[-78.83392,40.59244],[-78.83428,40.59193],[-78.83377,40.5905],[-78.83079,40.59521],[-78.82927,40.5977]]]]},"properties":{"SGL":79,"NAME":"079","ACRES":10596.514,"PGC_REGION":2}},{"type":"Feature","geometry":{"type":"MultiPolygon","coordinates":[[[[-76.4441,40.59039],[-76.46709,40.5788],[-76.46516,40.57323],[-76.44099,40.57903],[-76.43889,40.57312],[-76.41451,40.57812],[-76.417,40.58591],[-76.45338,40.57843],[-76.45273,40.57963],[-76.42938,40.58374],[-76.43409,40.58626],[-76.43506,40.58755],[-76.43525,40.58872],[-76.43618,40.58836],[-76.4386,40.58888],[-76.44456,40.58794],[-76.4441,40.59039]]],[[[-76.34584,40.62944],[-76.34646,40.63521],[-76.34405,40.63809],[-76.3462,40.64226],[-76.34961,40.64459],[-76.37984,40.62939],[-76.37933,40.62878],[-76.38431,40.62743],[-76.38555,40.62627],[-76.38287,40.62084],[-76.38126,40.62145],[-76.38064,40.62019],[-76.38225,40.61959],[-76.38195,40.61912],[-76.38656,40.61598],[-76.38825,40.61742],[-76.38928,40.61581],[-76.39486,40.61415],[-76.397,40.61279],[-76.39759,40.61039],[-76.39975,40.60839],[-76.39915,40.60787],[-76.39867,40.60655],[-76.39758,40.60709],[-76.39709,40.6056],[-76.39676,40.60641],[-76.37805,40.61379],[-76.37668,40.6117],[-76.35669,40.61953],[-76.35973,40.62412],[-76.35706,40.62503],[-76.35758,40.62592],[-76.35709,40.62596],[-76.35665,40.62525],[-76.34584,40.62944]]]]},"properties":{"SGL":229,"NAME":"229","ACRES":2912.96685551,"PGC_REGION":6}},{"type":"Feature","geometry":{"type":"Polygon","coordinates":[[[-78.33429,40.72706],[-78.33674,40.72682],[-78.33687,40.72805],[-78.33348,40.72816],[-78.33299,40.72733],[-78.33382,40.72687],[-78.33256,40.72577],[-78.33054,40.72838],[-78.32412,40.73133],[-78.32605,40.73383],[-78.34659,40.73347],[-78.34868,40.7324],[-78.34872,40.73343],[-78.35248,40.73337],[-78.35231,40.72533],[-78.35342,40.72513],[-78.35445,40.72402],[-78.35577,40.72485],[-78.35565,40.72344],[-78.36013,40.72341],[-78.36693,40.724],[-78.40549,40.70701],[-78.39869,40.69791],[-78.40513,40.69517],[-78.39851,40.68623],[-78.40648,40.68259],[-78.40644,40.68197],[-78.40456,40.68165],[-78.40458,40.6808],[-78.40642,40.68093],[-78.40592,40.6782],[-78.40579,40.67331],[-78.40687,40.6678],[-78.40589,40.66073],[-78.40614,40.65906],[-78.40462,40.65574],[-78.40252,40.65313],[-78.4003,40.64928],[-78.40021,40.64707],[-78.40114,40.6436],[-78.40021,40.64138],[-78.39887,40.6422],[-78.39546,40.63983],[-78.39516,40.63875],[-78.39558,40.63832],[-78.39488,40.6382],[-78.39179,40.63816],[-78.38918,40.6375],[-78.3851,40.63937],[-78.38406,40.63813],[-78.38459,40.63711],[-78.3828,40.63273],[-78.38054,40.63378],[-78.37808,40.63048],[-78.37237,40.63338],[-78.36679,40.62794],[-78.35787,40.63205],[-78.35478,40.62781],[-78.34945,40.63026],[-78.35413,40.63368],[-78.34678,40.63689],[-78.34837,40.63858],[-78.3471,40.64015],[-78.34866,40.64146],[-78.34739,40.64265],[-78.34414,40.64327],[-78.33648,40.64612],[-78.34083,40.65168],[-78.33388,40.65477],[-78.3369,40.65836],[-78.33309,40.66007],[-78.32901,40.65642],[-78.33266,40.65464],[-78.33109,40.65173],[-78.32715,40.65384],[-78.32203,40.6493],[-78.31705,40.65202],[-78.31915,40.65736],[-78.31615,40.6603],[-78.31795,40.66177],[-78.31439,40.66334],[-78.32007,40.6707],[-78.3072,40.67901],[-78.30492,40.6771],[-78.30788,40.67436],[-78.30352,40.67109],[-78.30052,40.67308],[-78.29837,40.6715],[-78.29759,40.6723],[-78.29494,40.6737],[-78.289,40.67541],[-78.2855,40.67691],[-78.28101,40.67957],[-78.28372,40.68245],[-78.27748,40.6866],[-78.27817,40.68741],[-78.2767,40.68821],[-78.27804,40.68969],[-78.28019,40.68976],[-78.28298,40.6882],[-78.28676,40.69041],[-78.28182,40.69377],[-78.28483,40.69437],[-78.2861,40.69519],[-78.29309,40.70212],[-78.29407,40.69947],[-78.29564,40.69681],[-78.30642,40.69586],[-78.30114,40.69794],[-78.30125,40.69844],[-78.30657,40.69851],[-78.30932,40.70103],[-78.3064,40.70234],[-78.30892,40.70468],[-78.3146,40.70748],[-78.31554,40.71051],[-78.32111,40.70797],[-78.32219,40.70933],[-78.31665,40.71186],[-78.32193,40.71443],[-78.32568,40.71825],[-78.33284,40.71499],[-78.34031,40.72387],[-78.33382,40.72687],[-78.33429,40.72706]],[[-78.35772,40.71655],[-78.3569,40.71695],[-78.35508,40.71463],[-78.36557,40.70077],[-78.37295,40.70952],[-78.36573,40.71266],[-78.36764,40.71517],[-78.36393,40.71353],[-78.36083,40.71504],[-78.35772,40.71655]],[[-78.28953,40.68899],[-78.28921,40.68949],[-78.28578,40.68825],[-78.28631,40.68786],[-78.28953,40.68899]],[[-78.33623,40.6834],[-78.32998,40.68635],[-78.32814,40.68371],[-78.32748,40.68097],[-78.32559,40.67875],[-78.32456,40.67831],[-78.32411,40.67744],[-78.32474,40.67603],[-78.3249,40.67301],[-78.32545,40.67236],[-78.32689,40.67245],[-78.32746,40.67202],[-78.32746,40.67249],[-78.34021,40.67327],[-78.34782,40.67168],[-78.34901,40.6731],[-78.34203,40.67541],[-78.33308,40.67951],[-78.33623,40.6834]],[[-78.29313,40.68477],[-78.29171,40.6863],[-78.28787,40.68498],[-78.28903,40.68308],[-78.29133,40.68403],[-78.29313,40.68477]],[[-78.4066,40.66977],[-78.40617,40.67101],[-78.40527,40.67087],[-78.40517,40.66957],[-78.4066,40.66977]],[[-78.40143,40.66104],[-78.39282,40.66491],[-78.38787,40.66129],[-78.39108,40.6561],[-78.39406,40.65592],[-78.39787,40.65857],[-78.40143,40.66104]]]},"properties":{"SGL":158,"NAME":"158","ACRES":17452.7096734,"PGC_REGION":2}},{"type":"Feature","geometry":{"type":"MultiPolygon","coordinates":[[[[-76.08972,41.15575],[-76.08457,41.15801],[-76.08435,41.15831],[-76.08525,41.16097],[-76.08985,41.16597],[-76.09565,41.16413],[-76.08981,41.15574],[-76.08972,41.15575]]],[[[-76.10924,41.18566],[-76.11757,41.1868],[-76.11949,41.17745],[-76.11681,41.17878],[-76.11527,41.17728],[-76.11,41.18008],[-76.10092,41.18338],[-76.10222,41.18532],[-76.0972,41.18533],[-76.09564,41.18571],[-76.08555,41.19195],[-76.07651,41.19957],[-76.07815,41.20195],[-76.09145,41.19127],[-76.10298,41.19076],[-76.10208,41.19399],[-76.10465,41.19492],[-76.10694,41.19195],[-76.10866,41.19236],[-76.10754,41.18973],[-76.10811,41.18878],[-76.10674,41.18752],[-76.10924,41.18566]]],[[[-75.97667,41.24284],[-75.97424,41.24419],[-75.98591,41.25603],[-75.98947,41.25411],[-75.97791,41.24215],[-75.97667,41.24284]]]]},"properties":{"SGL":224,"NAME":"224","ACRES":877.4534555,"PGC_REGION":5}},{"type":"Feature","geometry":{"type":"Polygon","coordinates":[[[-77.94606,40.8075],[-77.94888,40.8052],[-77.94932,40.80562],[-77.95437,40.80255],[-77.95267,40.80061],[-77.95382,40.7999],[-77.95338,40.79937],[-77.95437,40.79878],[-77.95407,40.79842],[-77.95914,40.7961],[-77.95573,40.7919],[-77.96064,40.78856],[-77.9662,40.79495],[-77.98256,40.78495],[-77.99688,40.79691],[-78.00559,40.7908],[-77.99876,40.78496],[-78.01229,40.77635],[-78.00877,40.76761],[-78.02638,40.76484],[-78.02381,40.75861],[-78.02136,40.75878],[-78.02057,40.75675],[-78.01682,40.75713],[-78.01763,40.75904],[-78.00821,40.7597],[-78.0013,40.76389],[-77.99413,40.76631],[-77.99585,40.77037],[-77.98416,40.77092],[-77.98265,40.76709],[-77.9783,40.76715],[-77.97708,40.76587],[-77.98162,40.76573],[-77.97687,40.75956],[-77.98478,40.7547],[-77.98981,40.75299],[-77.98218,40.74335],[-77.96549,40.75365],[-77.96786,40.75578],[-77.96625,40.75547],[-77.96092,40.75194],[-77.95137,40.75718],[-77.95277,40.75854],[-77.93024,40.77155],[-77.93721,40.77873],[-77.9232,40.78681],[-77.91939,40.78265],[-77.91442,40.78512],[-77.91846,40.78947],[-77.92284,40.78752],[-77.93339,40.79949],[-77.9389,40.7969],[-77.94166,40.79991],[-77.94846,40.79948],[-77.94367,40.80512],[-77.94606,40.8075]]]},"properties":{"SGL":176,"NAME":"176","ACRES":6499.99946042,"PGC_REGION":3}},{"type":"Feature","geometry":{"type":"MultiPolygon","coordinates":[[[[-76.01272,40.6926],[-76.01016,40.69318],[-76.01023,40.69385],[-76.01563,40.69577],[-76.015,40.69417],[-76.03644,40.68818],[-76.03761,40.68281],[-76.03173,40.68345],[-76.03124,40.68786],[-76.02652,40.68886],[-76.02682,40.68951],[-76.02417,40.69045],[-76.02384,40.69007],[-76.02126,40.69083],[-76.0215,40.69143],[-76.01712,40.69263],[-76.01628,40.69201],[-76.01442,40.69254],[-76.01272,40.6926]]],[[[-75.98613,40.72634],[-75.99338,40.73011],[-75.9981,40.73512],[-75.99816,40.7375],[-76.01181,40.73215],[-76.01319,40.72009],[-76.01172,40.71904],[-76.01384,40.71714],[-76.01204,40.71613],[-76.01449,40.71656],[-76.01912,40.72002],[-76.02982,40.72011],[-76.02999,40.71491],[-76.03661,40.71521],[-76.03684,40.71025],[-76.04062,40.70996],[-76.04112,40.70911],[-76.03936,40.70599],[-76.03837,40.70261],[-76.02158,40.7069],[-76.02168,40.70902],[-76.01931,40.70961],[-76.01948,40.71042],[-76.01161,40.70789],[-76.01206,40.71187],[-76.01179,40.71189],[-76.01262,40.71269],[-76.01067,40.71449],[-76.00958,40.715],[-76.00971,40.71407],[-76.01164,40.71255],[-76.01011,40.7107],[-76.00159,40.71338],[-76.00216,40.70909],[-75.9992,40.70863],[-75.99843,40.71051],[-75.99661,40.71135],[-75.99242,40.70975],[-75.99012,40.70992],[-75.98718,40.71279],[-75.98728,40.71435],[-75.98665,40.71546],[-75.98451,40.71738],[-75.98088,40.71835],[-75.97448,40.71909],[-75.97254,40.72044],[-75.97245,40.72184],[-75.97315,40.7245],[-75.97308,40.72712],[-75.98561,40.72457],[-75.98613,40.72634]]]]},"properties":{"SGL":222,"NAME":"222","ACRES":2376.70261305,"PGC_REGION":6}},{"type":"Feature","geometry":{"type":"MultiPolygon","coordinates":[[[[-77.89217,40.14166],[-77.89029,40.14864],[-77.88957,40.14962],[-77.88751,40.14914],[-77.88668,40.15004],[-77.88113,40.14878],[-77.87837,40.15126],[-77.88073,40.15166],[-77.88149,40.15252],[-77.88131,40.15368],[-77.87987,40.15525],[-77.88449,40.15652],[-77.8842,40.15692],[-77.88882,40.15889],[-77.88908,40.15781],[-77.89341,40.15119],[-77.90115,40.14155],[-77.89434,40.13849],[-77.89217,40.14166]]],[[[-77.93523,40.10363],[-77.93214,40.10747],[-77.92519,40.10294],[-77.92312,40.10553],[-77.91356,40.11056],[-77.90996,40.11229],[-77.90928,40.11103],[-77.90996,40.11262],[-77.91438,40.11029],[-77.92614,40.11741],[-77.92109,40.12154],[-77.9198,40.12046],[-77.91249,40.12336],[-77.9059,40.13697],[-77.91372,40.13986],[-77.91983,40.12647],[-77.92993,40.12628],[-77.9239,40.13514],[-77.92229,40.1345],[-77.92688,40.12798],[-77.92215,40.12901],[-77.91876,40.13334],[-77.91658,40.14562],[-77.92145,40.14632],[-77.92133,40.14709],[-77.91829,40.15465],[-77.91597,40.1577],[-77.91513,40.15965],[-77.91126,40.1657],[-77.92197,40.16666],[-77.93001,40.15717],[-77.92985,40.15686],[-77.92784,40.15803],[-77.92656,40.15674],[-77.92753,40.15423],[-77.93126,40.15119],[-77.93161,40.14877],[-77.93274,40.14994],[-77.93727,40.15175],[-77.93184,40.14869],[-77.93356,40.14335],[-77.93255,40.14279],[-77.93323,40.1418],[-77.93282,40.13999],[-77.9285,40.1389],[-77.93167,40.13467],[-77.92943,40.13413],[-77.93218,40.12753],[-77.93855,40.12819],[-77.93931,40.12771],[-77.94085,40.12494],[-77.93792,40.12448],[-77.93829,40.12359],[-77.94003,40.1239],[-77.94084,40.12157],[-77.94245,40.12238],[-77.94328,40.12141],[-77.94342,40.12003],[-77.94437,40.11845],[-77.94581,40.11719],[-77.94666,40.11176],[-77.943,40.11097],[-77.94362,40.10815],[-77.94343,40.10736],[-77.94586,40.105],[-77.94849,40.10546],[-77.94907,40.10464],[-77.95252,40.10337],[-77.94783,40.09245],[-77.95214,40.09297],[-77.95409,40.0855],[-77.95182,40.08356],[-77.95361,40.07752],[-77.95612,40.07352],[-77.95355,40.07342],[-77.95052,40.07812],[-77.94582,40.07334],[-77.94679,40.07781],[-77.94634,40.07819],[-77.94517,40.08448],[-77.94733,40.09155],[-77.92942,40.08162],[-77.9223,40.09666],[-77.94098,40.09632],[-77.93523,40.10363]],[[-77.94263,40.11566],[-77.94183,40.11812],[-77.94007,40.11759],[-77.94087,40.11513],[-77.94263,40.11566]]]]},"properties":{"SGL":81,"NAME":"081","ACRES":4037.60374144,"PGC_REGION":4}},{"type":"Feature","geometry":{"type":"Polygon","coordinates":[[[-77.1324,40.42036],[-77.13352,40.42387],[-77.13472,40.42326],[-77.14117,40.42218],[-77.14615,40.41941],[-77.14302,40.40831],[-77.14554,40.40748],[-77.14473,40.40656],[-77.14437,40.40441],[-77.1461,40.40132],[-77.14689,40.40061],[-77.13882,40.39445],[-77.13582,40.39554],[-77.13494,40.395],[-77.13352,40.39307],[-77.13163,40.394],[-77.13007,40.39277],[-77.12972,40.39301],[-77.13056,40.39373],[-77.12965,40.39446],[-77.12882,40.3938],[-77.12677,40.39525],[-77.13174,40.39925],[-77.13311,40.40172],[-77.12494,40.40362],[-77.1262,40.40886],[-77.12119,40.40986],[-77.11958,40.40778],[-77.11516,40.40839],[-77.11291,40.40582],[-77.11225,40.40401],[-77.11159,40.40462],[-77.11192,40.40508],[-77.11166,40.40578],[-77.11225,40.40642],[-77.11152,40.40836],[-77.11639,40.40998],[-77.11608,40.414],[-77.11151,40.41054],[-77.11088,40.41179],[-77.11221,40.41462],[-77.11564,40.41607],[-77.11599,40.4152],[-77.11741,40.41472],[-77.12401,40.41779],[-77.12535,40.41947],[-77.13142,40.41743],[-77.1324,40.42036]],[[-77.12818,40.41206],[-77.13213,40.41088],[-77.13654,40.41431],[-77.13467,40.41586],[-77.1296,40.41287],[-77.12818,40.41206]]]},"properties":{"SGL":256,"NAME":"256","ACRES":1258.921919,"PGC_REGION":4}},{"type":"Feature","geometry":{"type":"MultiPolygon","coordinates":[[[[-75.38024,41.22026],[-75.38413,41.21646],[-75.38152,41.21515],[-75.38447,41.21258],[-75.38669,41.214],[-75.40365,41.19665],[-75.40221,41.1966],[-75.40075,41.19567],[-75.40197,41.19364],[-75.40179,41.19289],[-75.40274,41.19197],[-75.39495,41.19182],[-75.39045,41.17616],[-75.38182,41.17574],[-75.379,41.1748],[-75.37584,41.17434],[-75.36415,41.18575],[-75.39177,41.20175],[-75.38307,41.21014],[-75.37046,41.20274],[-75.36298,41.21011],[-75.38024,41.22026]]],[[[-75.49799,41.23188],[-75.5037,41.23117],[-75.50259,41.22739],[-75.50572,41.2268],[-75.50417,41.22184],[-75.5085,41.22114],[-75.51004,41.22609],[-75.51052,41.2253],[-75.5122,41.22428],[-75.51245,41.22312],[-75.51439,41.22232],[-75.51629,41.21951],[-75.51701,41.21922],[-75.52172,41.22194],[-75.52652,41.22361],[-75.52677,41.22516],[-75.52824,41.22556],[-75.52913,41.22662],[-75.5297,41.22672],[-75.53263,41.22537],[-75.53533,41.22509],[-75.5399,41.22544],[-75.54129,41.22444],[-75.54296,41.22407],[-75.5441,41.22316],[-75.53978,41.22074],[-75.54747,41.21322],[-75.54425,41.21106],[-75.55032,41.20494],[-75.55043,41.20195],[-75.55167,41.19536],[-75.55204,41.18805],[-75.55307,41.18704],[-75.55207,41.18685],[-75.55305,41.18104],[-75.55096,41.17334],[-75.55911,41.16701],[-75.54913,41.16005],[-75.55124,41.15826],[-75.53824,41.14891],[-75.53946,41.14792],[-75.53259,41.14333],[-75.53826,41.13639],[-75.5348,41.1303],[-75.53031,41.13049],[-75.53056,41.13331],[-75.51542,41.13381],[-75.51432,41.11848],[-75.51452,41.11646],[-75.51421,41.1163],[-75.51418,41.11829],[-75.50181,41.11894],[-75.5028,41.13298],[-75.48835,41.13366],[-75.48744,41.12428],[-75.4795,41.12454],[-75.47942,41.12279],[-75.47457,41.12305],[-75.47233,41.13311],[-75.44719,41.13716],[-75.44295,41.12213],[-75.43037,41.12429],[-75.43481,41.1395],[-75.40987,41.14382],[-75.40811,41.1377],[-75.39444,41.13994],[-75.39496,41.14163],[-75.39529,41.14157],[-75.396,41.14702],[-75.39447,41.14853],[-75.396,41.15559],[-75.40138,41.15523],[-75.42219,41.16217],[-75.41983,41.16729],[-75.42161,41.16845],[-75.4227,41.16735],[-75.42674,41.16965],[-75.42442,41.1719],[-75.42669,41.17606],[-75.43484,41.17574],[-75.43343,41.17877],[-75.42925,41.17872],[-75.4288,41.17937],[-75.46373,41.20621],[-75.49799,41.23188]],[[-75.43238,41.17275],[-75.42997,41.17209],[-75.43064,41.17029],[-75.4331,41.17089],[-75.43238,41.17275]],[[-75.42743,41.16994],[-75.42667,41.16885],[-75.42684,41.16831],[-75.42808,41.16852],[-75.42847,41.16798],[-75.43165,41.16869],[-75.43005,41.16896],[-75.42743,41.16994]]]]},"properties":{"SGL":127,"NAME":"127","ACRES":26189.0377748,"PGC_REGION":5}},{"type":"Feature","geometry":{"type":"MultiPolygon","coordinates":[[[[-79.14047,41.98478],[-79.1485,41.98472],[-79.14698,41.98463],[-79.14652,41.98313],[-79.14434,41.98316],[-79.14136,41.98419],[-79.14047,41.98478]]],[[[-79.14201,41.99961],[-79.14495,41.99962],[-79.14251,41.99777],[-79.14257,41.99709],[-79.14377,41.99551],[-79.14387,41.99389],[-79.14252,41.99219],[-79.13944,41.99129],[-79.13946,41.99059],[-79.14035,41.98966],[-79.14047,41.9877],[-79.13956,41.98563],[-79.13985,41.98453],[-79.13749,41.98066],[-79.13008,41.98109],[-79.1311,41.98555],[-79.12342,41.98658],[-79.12641,41.99217],[-79.13512,41.99094],[-79.13613,41.99539],[-79.13063,41.99576],[-79.13137,41.99855],[-79.13,41.9989],[-79.13035,41.99966],[-79.14174,41.99961],[-79.14201,41.99961]]]]},"properties":{"SGL":282,"NAME":"282","ACRES":495.70543779,"PGC_REGION":1}},{"type":"Feature","geometry":{"type":"MultiPolygon","coordinates":[[[[-75.55188,41.05329],[-75.55341,41.05309],[-75.5536,41.05286],[-75.55299,41.05255],[-75.5538,41.05182],[-75.55457,41.05204],[-75.55388,41.05141],[-75.55172,41.05095],[-75.55117,41.0515],[-75.55188,41.05329]]],[[[-75.61009,41.04343],[-75.61627,41.05132],[-75.62697,41.05839],[-75.62656,41.04825],[-75.63285,41.04636],[-75.62939,41.04002],[-75.61854,41.0434],[-75.61319,41.03319],[-75.60878,41.03419],[-75.60823,41.0332],[-75.60102,41.03526],[-75.59768,41.03326],[-75.59331,41.03398],[-75.5924,41.03248],[-75.595,41.03188],[-75.59012,41.02997],[-75.58681,41.03018],[-75.58546,41.03214],[-75.57599,41.02949],[-75.56839,41.03062],[-75.56874,41.02524],[-75.57174,41.02099],[-75.56009,41.01619],[-75.5516,41.02838],[-75.54006,41.02358],[-75.53085,41.03646],[-75.52931,41.03599],[-75.51564,41.04288],[-75.51641,41.04445],[-75.52176,41.0476],[-75.52679,41.04685],[-75.52731,41.0483],[-75.53173,41.05094],[-75.53063,41.05145],[-75.53207,41.05212],[-75.53163,41.05271],[-75.53316,41.05326],[-75.53299,41.05266],[-75.53491,41.0513],[-75.54067,41.05049],[-75.5297,41.04598],[-75.53501,41.03823],[-75.54201,41.04091],[-75.54287,41.0398],[-75.55712,41.04561],[-75.5522,41.05048],[-75.55429,41.05093],[-75.55515,41.0517],[-75.5602,41.04928],[-75.55982,41.04858],[-75.56074,41.0483],[-75.56138,41.04892],[-75.56209,41.04875],[-75.56206,41.04771],[-75.56404,41.04747],[-75.56406,41.04808],[-75.56479,41.04807],[-75.56477,41.0475],[-75.56585,41.04748],[-75.56589,41.04854],[-75.56919,41.04775],[-75.56742,41.04515],[-75.58312,41.0426],[-75.5861,41.04151],[-75.58829,41.04157],[-75.59727,41.04311],[-75.6094,41.0425],[-75.60992,41.04321],[-75.61009,41.04343]]]]},"properties":{"SGL":129,"NAME":"129","ACRES":3714.086,"PGC_REGION":5}},{"type":"Feature","geometry":{"type":"MultiPolygon","coordinates":[[[[-78.03435,39.92742],[-78.0358,39.92742],[-78.03821,39.92531],[-78.044,39.91866],[-78.04517,39.91557],[-78.04655,39.91349],[-78.04765,39.91278],[-78.04639,39.91344],[-78.04488,39.91573],[-78.04386,39.91859],[-78.03806,39.92523],[-78.03572,39.92729],[-78.03437,39.92735],[-78.03435,39.92742]]],[[[-78.03952,39.97447],[-78.04022,39.97529],[-78.04434,39.97194],[-78.04472,39.97265],[-78.05171,39.96637],[-78.04521,39.96271],[-78.05051,39.95723],[-78.05331,39.95184],[-78.05063,39.95111],[-78.05745,39.93942],[-78.0642,39.94124],[-78.06585,39.93335],[-78.07277,39.93494],[-78.07365,39.93235],[-78.07257,39.92906],[-78.07695,39.92407],[-78.07374,39.92297],[-78.07565,39.91997],[-78.07594,39.91855],[-78.07113,39.91778],[-78.07468,39.90942],[-78.0702,39.90796],[-78.06989,39.90749],[-78.0699,39.90372],[-78.07056,39.90136],[-78.07074,39.89627],[-78.07179,39.89433],[-78.07471,39.89491],[-78.07886,39.89154],[-78.07925,39.89178],[-78.07983,39.89039],[-78.08551,39.89207],[-78.08706,39.89123],[-78.08861,39.89153],[-78.08946,39.88927],[-78.08913,39.88881],[-78.09046,39.88718],[-78.08997,39.8859],[-78.09114,39.88424],[-78.09216,39.88354],[-78.09084,39.88209],[-78.09024,39.88048],[-78.09037,39.8792],[-78.08925,39.87736],[-78.08456,39.87745],[-78.08267,39.87684],[-78.07747,39.87819],[-78.07081,39.87781],[-78.07074,39.87657],[-78.06962,39.87583],[-78.0635,39.86926],[-78.06263,39.86763],[-78.05865,39.86712],[-78.05764,39.8712],[-78.059,39.87161],[-78.05791,39.87388],[-78.06017,39.87458],[-78.06097,39.87317],[-78.06148,39.87338],[-78.05996,39.87613],[-78.06012,39.87691],[-78.05152,39.88351],[-78.04722,39.89322],[-78.04667,39.8966],[-78.04328,39.90112],[-78.0507,39.90257],[-78.0489,39.90878],[-78.0481,39.91323],[-78.04662,39.91606],[-78.04464,39.92248],[-78.04459,39.92429],[-78.04043,39.93763],[-78.03829,39.94131],[-78.03579,39.94176],[-78.03425,39.94714],[-78.03805,39.94706],[-78.03695,39.95154],[-78.03269,39.95107],[-78.03253,39.95161],[-78.03026,39.95168],[-78.02987,39.95314],[-78.03381,39.95555],[-78.03324,39.95793],[-78.0274,39.95429],[-78.02464,39.95897],[-78.02834,39.96053],[-78.03104,39.96441],[-78.02951,39.96664],[-78.02664,39.96806],[-78.02437,39.97082],[-78.02775,39.97116],[-78.03051,39.96952],[-78.03249,39.96962],[-78.0324,39.97018],[-78.03364,39.97073],[-78.0336,39.96973],[-78.0356,39.96985],[-78.03684,39.97131],[-78.03952,39.97447]]]]},"properties":{"SGL":53,"NAME":"053","ACRES":5909.31934106,"PGC_REGION":4}},{"type":"Feature","geometry":{"type":"Polygon","coordinates":[[[-78.17966,40.65459],[-78.18278,40.65796],[-78.18199,40.65869],[-78.18282,40.66043],[-78.1859,40.65523],[-78.18695,40.65416],[-78.18881,40.6534],[-78.1883,40.6531],[-78.18988,40.65224],[-78.19069,40.65231],[-78.19394,40.6497],[-78.19261,40.64851],[-78.19163,40.64919],[-78.18673,40.6454],[-78.19539,40.64164],[-78.19454,40.64006],[-78.19168,40.63885],[-78.18576,40.64211],[-78.1863,40.64351],[-78.18761,40.64488],[-78.18659,40.64539],[-78.18643,40.64604],[-78.18483,40.64669],[-78.18007,40.65044],[-78.17565,40.65025],[-78.17966,40.65459]]]},"properties":{"SGL":131,"NAME":"131","ACRES":309.47059673,"PGC_REGION":4}},{"type":"Feature","geometry":{"type":"MultiPolygon","coordinates":[[[[-76.78356,40.95385],[-76.7812,40.94777],[-76.77662,40.94846],[-76.779,40.95459],[-76.78356,40.95385]]],[[[-76.65726,40.96647],[-76.65842,40.96686],[-76.65767,40.96715],[-76.65955,40.97011],[-76.67157,40.96947],[-76.67155,40.96844],[-76.68906,40.96761],[-76.68879,40.96337],[-76.7043,40.96042],[-76.70636,40.96694],[-76.71623,40.96602],[-76.71822,40.96783],[-76.72768,40.96494],[-76.73253,40.96464],[-76.73282,40.96299],[-76.73526,40.96269],[-76.7343,40.96164],[-76.73103,40.96238],[-76.73026,40.96156],[-76.72442,40.96215],[-76.72207,40.9629],[-76.722,40.96395],[-76.71679,40.96496],[-76.71593,40.96314],[-76.72445,40.96102],[-76.72164,40.95736],[-76.72837,40.95623],[-76.72108,40.94876],[-76.71885,40.94895],[-76.71686,40.94712],[-76.71029,40.94729],[-76.71027,40.95048],[-76.69746,40.95217],[-76.6926,40.95197],[-76.69278,40.95378],[-76.69508,40.95706],[-76.68821,40.95801],[-76.68841,40.95889],[-76.66485,40.96509],[-76.66086,40.9599],[-76.65985,40.96165],[-76.65802,40.96343],[-76.65822,40.9636],[-76.65726,40.96647]]]]},"properties":{"SGL":115,"NAME":"115","ACRES":1686.20803367,"PGC_REGION":5}},{"type":"Feature","geometry":{"type":"MultiPolygon","coordinates":[[[[-80.1875,41.08061],[-80.19112,41.08079],[-80.19091,41.07251],[-80.19155,41.0725],[-80.19146,41.06981],[-80.18596,41.06979],[-80.18607,41.07253],[-80.18193,41.07253],[-80.18195,41.07599],[-80.18493,41.07604],[-80.18507,41.07871],[-80.18448,41.07876],[-80.18388,41.08064],[-80.18669,41.08058],[-80.1875,41.08061]]],[[[-80.13753,41.11006],[-80.13759,41.11183],[-80.14179,41.11161],[-80.14149,41.10983],[-80.13744,41.10886],[-80.13725,41.09939],[-80.14197,41.09936],[-80.14208,41.10322],[-80.14377,41.10323],[-80.14265,41.10065],[-80.14414,41.10066],[-80.14323,41.09937],[-80.14388,41.09937],[-80.14384,41.09601],[-80.1395,41.09786],[-80.13752,41.09453],[-80.13611,41.09465],[-80.13603,41.09157],[-80.13331,41.09168],[-80.13326,41.08835],[-80.14024,41.08817],[-80.14054,41.08754],[-80.14103,41.08776],[-80.14101,41.0916],[-80.14226,41.09153],[-80.1435,41.09021],[-80.14529,41.08954],[-80.14506,41.08903],[-80.14633,41.08874],[-80.14659,41.08915],[-80.14733,41.08859],[-80.14967,41.08814],[-80.14909,41.08232],[-80.1484,41.08067],[-80.148,41.07807],[-80.1425,41.07814],[-80.14251,41.0765],[-80.14536,41.07646],[-80.14535,41.07216],[-80.14246,41.07277],[-80.14244,41.0752],[-80.14036,41.07566],[-80.14079,41.07652],[-80.13082,41.07668],[-80.13002,41.07951],[-80.1223,41.07941],[-80.12242,41.08159],[-80.12375,41.08166],[-80.12452,41.08227],[-80.1247,41.08512],[-80.12261,41.08517],[-80.12318,41.09193],[-80.12439,41.09191],[-80.12441,41.09371],[-80.12329,41.0937],[-80.12341,41.09624],[-80.12652,41.09694],[-80.12607,41.09814],[-80.12652,41.09843],[-80.12928,41.09889],[-80.12912,41.09942],[-80.13122,41.09944],[-80.1304,41.10185],[-80.12855,41.10059],[-80.12629,41.10076],[-80.12627,41.10345],[-80.12529,41.10368],[-80.12544,41.10714],[-80.12665,41.1072],[-80.12683,41.10866],[-80.12915,41.10759],[-80.13195,41.10833],[-80.13183,41.10869],[-80.13464,41.10961],[-80.13478,41.10929],[-80.13753,41.11006]]],[[[-80.13662,41.1234],[-80.13638,41.12384],[-80.13761,41.12445],[-80.13854,41.12325],[-80.1375,41.12279],[-80.13893,41.12091],[-80.13994,41.12135],[-80.14067,41.11917],[-80.13945,41.11884],[-80.13853,41.11521],[-80.13716,41.1135],[-80.13634,41.11343],[-80.13179,41.11848],[-80.13199,41.12228],[-80.13424,41.12227],[-80.13529,41.12328],[-80.13634,41.12304],[-80.13662,41.1234]]]]},"properties":{"SGL":151,"NAME":"151","ACRES":1583.97059446,"PGC_REGION":1}},{"type":"Feature","geometry":{"type":"Polygon","coordinates":[[[-76.29767,41.63027],[-76.30585,41.62348],[-76.30517,41.62199],[-76.30586,41.62136],[-76.3058,41.62061],[-76.30029,41.6208],[-76.29982,41.61298],[-76.29654,41.61297],[-76.29657,41.61405],[-76.29756,41.61417],[-76.29675,41.61562],[-76.28994,41.61594],[-76.29027,41.61889],[-76.28526,41.61922],[-76.27658,41.61759],[-76.27407,41.61773],[-76.2675,41.62679],[-76.2677,41.62795],[-76.27399,41.62639],[-76.27353,41.62893],[-76.2761,41.62827],[-76.2752,41.62799],[-76.27513,41.62738],[-76.27367,41.62591],[-76.27363,41.62523],[-76.27671,41.62812],[-76.28406,41.62624],[-76.28493,41.6281],[-76.29556,41.62532],[-76.29767,41.63027]],[[-76.27175,41.62576],[-76.2719,41.62534],[-76.27241,41.62545],[-76.27225,41.62586],[-76.27175,41.62576]]]},"properties":{"SGL":172,"NAME":"172","ACRES":740.32276146,"PGC_REGION":5}},{"type":"Feature","geometry":{"type":"MultiPolygon","coordinates":[[[[-75.81073,40.69989],[-75.807,40.70458],[-75.80844,40.70546],[-75.81486,40.70233],[-75.81057,40.69914],[-75.81073,40.69989]]],[[[-75.78716,40.70859],[-75.78555,40.71079],[-75.7868,40.71126],[-75.78798,40.71049],[-75.78732,40.70855],[-75.78716,40.70859]]],[[[-75.7621,40.72083],[-75.76189,40.7206],[-75.76085,40.72179],[-75.7621,40.72083]]],[[[-75.74867,40.72676],[-75.74778,40.72762],[-75.74858,40.72813],[-75.74959,40.72723],[-75.74874,40.72669],[-75.74867,40.72676]]],[[[-75.6611,40.76654],[-75.65971,40.7641],[-75.65614,40.76523],[-75.65744,40.76767],[-75.6611,40.76654]]],[[[-75.69614,40.76865],[-75.70074,40.76471],[-75.70413,40.76435],[-75.70839,40.76083],[-75.70812,40.7604],[-75.72838,40.7539],[-75.73201,40.75173],[-75.73395,40.74881],[-75.74228,40.74418],[-75.74164,40.74563],[-75.73421,40.75231],[-75.72909,40.75489],[-75.72231,40.75716],[-75.72343,40.7592],[-75.71168,40.76576],[-75.70987,40.76306],[-75.70582,40.76646],[-75.70025,40.76854],[-75.71877,40.76807],[-75.71967,40.76747],[-75.72045,40.76803],[-75.72521,40.7679],[-75.72898,40.76546],[-75.73142,40.76766],[-75.73426,40.76585],[-75.72895,40.76105],[-75.74416,40.75144],[-75.74449,40.75011],[-75.74604,40.75031],[-75.74915,40.74829],[-75.74816,40.74687],[-75.74717,40.7469],[-75.74809,40.74636],[-75.75278,40.74545],[-75.7523,40.74477],[-75.75308,40.74424],[-75.75388,40.74458],[-75.76119,40.74342],[-75.76197,40.74426],[-75.76885,40.74172],[-75.76857,40.74088],[-75.7727,40.73915],[-75.77512,40.74265],[-75.78057,40.74033],[-75.77933,40.73857],[-75.78437,40.73634],[-75.78579,40.73787],[-75.78754,40.73692],[-75.78558,40.73492],[-75.78812,40.73065],[-75.79428,40.73016],[-75.7942,40.73055],[-75.79618,40.73039],[-75.79963,40.72439],[-75.80389,40.72422],[-75.8065,40.72227],[-75.80343,40.71766],[-75.80634,40.71567],[-75.80854,40.71988],[-75.80882,40.71947],[-75.80949,40.72003],[-75.81327,40.71913],[-75.81302,40.71599],[-75.81474,40.71271],[-75.81525,40.71248],[-75.81411,40.7096],[-75.83079,40.70585],[-75.83022,40.70058],[-75.83416,40.69834],[-75.83264,40.69677],[-75.83692,40.69484],[-75.84636,40.69097],[-75.84941,40.69927],[-75.85805,40.69754],[-75.85729,40.69565],[-75.85993,40.69509],[-75.85885,40.69224],[-75.86154,40.69128],[-75.86436,40.68938],[-75.86603,40.68963],[-75.87083,40.68687],[-75.87378,40.69182],[-75.88295,40.68809],[-75.87864,40.68388],[-75.87522,40.68404],[-75.88531,40.68],[-75.88218,40.67795],[-75.88869,40.67531],[-75.88935,40.67356],[-75.88102,40.67667],[-75.87888,40.67181],[-75.8784,40.6719],[-75.87823,40.67077],[-75.87891,40.67019],[-75.87644,40.6689],[-75.87573,40.6697],[-75.87687,40.6736],[-75.87714,40.67633],[-75.87748,40.67634],[-75.87795,40.67802],[-75.87169,40.68032],[-75.8713,40.67984],[-75.86864,40.68128],[-75.86983,40.68206],[-75.86748,40.68277],[-75.86664,40.68233],[-75.86267,40.68377],[-75.86274,40.68426],[-75.86135,40.68396],[-75.85253,40.68735],[-75.85263,40.68782],[-75.85158,40.68818],[-75.85164,40.6877],[-75.84662,40.68945],[-75.8462,40.68578],[-75.84375,40.68597],[-75.8439,40.69056],[-75.84275,40.69093],[-75.84224,40.68786],[-75.84107,40.68796],[-75.84147,40.69134],[-75.8328,40.694],[-75.8329,40.69514],[-75.82861,40.69669],[-75.82884,40.69435],[-75.82799,40.6945],[-75.82777,40.69701],[-75.82348,40.69854],[-75.81955,40.70159],[-75.81981,40.70235],[-75.81066,40.70602],[-75.81199,40.70725],[-75.80728,40.70745],[-75.80328,40.70967],[-75.80395,40.70999],[-75.8091,40.70782],[-75.80947,40.70867],[-75.80666,40.7115],[-75.79975,40.71407],[-75.7967,40.71771],[-75.79003,40.72113],[-75.78952,40.72417],[-75.78409,40.7282],[-75.78084,40.7285],[-75.77554,40.73173],[-75.76918,40.73184],[-75.7752,40.72962],[-75.77358,40.72818],[-75.7874,40.71854],[-75.79201,40.71717],[-75.79485,40.71576],[-75.79666,40.71275],[-75.80216,40.70953],[-75.79646,40.71244],[-75.79049,40.71289],[-75.78756,40.71458],[-75.78443,40.71525],[-75.78374,40.71432],[-75.78305,40.71533],[-75.77944,40.71374],[-75.77643,40.71701],[-75.77605,40.71584],[-75.77189,40.71737],[-75.76852,40.71588],[-75.76844,40.71718],[-75.76742,40.71766],[-75.76775,40.71852],[-75.76432,40.71972],[-75.76474,40.72001],[-75.76137,40.72273],[-75.76101,40.72245],[-75.75681,40.72553],[-75.75545,40.72278],[-75.75367,40.72427],[-75.75487,40.72696],[-75.7543,40.72742],[-75.75351,40.72599],[-75.7502,40.72773],[-75.74727,40.73027],[-75.7431,40.72769],[-75.73869,40.73144],[-75.7392,40.73192],[-75.73787,40.73226],[-75.73822,40.73592],[-75.74142,40.73922],[-75.73375,40.74348],[-75.73333,40.74476],[-75.73087,40.74689],[-75.73177,40.74823],[-75.73123,40.75015],[-75.72928,40.75089],[-75.72613,40.75198],[-75.71843,40.74965],[-75.72142,40.74927],[-75.71978,40.74563],[-75.71731,40.74646],[-75.71402,40.74219],[-75.70948,40.74344],[-75.71162,40.74788],[-75.71509,40.74704],[-75.71622,40.74957],[-75.71421,40.75001],[-75.71391,40.74947],[-75.71075,40.7503],[-75.70862,40.7458],[-75.70729,40.74617],[-75.7053,40.74212],[-75.70195,40.74275],[-75.7017,40.74224],[-75.69894,40.74275],[-75.70019,40.74482],[-75.70106,40.74408],[-75.70241,40.74368],[-75.70463,40.74797],[-75.69775,40.75081],[-75.69818,40.75313],[-75.69432,40.7537],[-75.69373,40.75173],[-75.69123,40.75263],[-75.69053,40.74988],[-75.69226,40.74929],[-75.69063,40.74789],[-75.68817,40.74844],[-75.68827,40.74936],[-75.68748,40.75155],[-75.68787,40.75237],[-75.68851,40.75213],[-75.69008,40.75289],[-75.68936,40.75406],[-75.69001,40.75509],[-75.69182,40.75477],[-75.69288,40.75772],[-75.69383,40.7581],[-75.69462,40.7576],[-75.69648,40.75808],[-75.69963,40.7558],[-75.69442,40.76184],[-75.69194,40.7605],[-75.68771,40.76229],[-75.68694,40.76154],[-75.67791,40.76389],[-75.67825,40.76445],[-75.69117,40.76886],[-75.69292,40.76879],[-75.69614,40.76865]],[[-75.75792,40.73545],[-75.7622,40.73407],[-75.75935,40.73637],[-75.74356,40.7435],[-75.75785,40.73547],[-75.75792,40.73545]],[[-75.77733,40.71772],[-75.77299,40.72293],[-75.77368,40.72372],[-75.77017,40.72619],[-75.76813,40.72425],[-75.77508,40.71888],[-75.77549,40.71784],[-75.77737,40.71766],[-75.77733,40.71772]]],[[[-75.72371,40.76822],[-75.72077,40.76829],[-75.72248,40.76977],[-75.72477,40.76819],[-75.72371,40.76822]]],[[[-75.69537,40.78525],[-75.69523,40.78389],[-75.69258,40.7848],[-75.69506,40.78539],[-75.69537,40.78525]]],[[[-75.68153,40.78598],[-75.68153,40.78599],[-75.68153,40.78598]]],[[[-75.61998,40.78539],[-75.63942,40.78185],[-75.63944,40.78114],[-75.6439,40.78081],[-75.64396,40.78109],[-75.65213,40.77984],[-75.64996,40.77545],[-75.64931,40.77563],[-75.64864,40.77436],[-75.64568,40.77483],[-75.64537,40.77085],[-75.64367,40.77104],[-75.64171,40.76779],[-75.64086,40.76797],[-75.64101,40.76944],[-75.64159,40.76932],[-75.64265,40.7746],[-75.63185,40.77586],[-75.63186,40.77628],[-75.62691,40.77275],[-75.62185,40.77463],[-75.6213,40.77418],[-75.62163,40.77471],[-75.61987,40.77528],[-75.61661,40.77544],[-75.61635,40.77721],[-75.61266,40.77679],[-75.614,40.77714],[-75.6119,40.77922],[-75.61275,40.78051],[-75.61031,40.78237],[-75.61008,40.78301],[-75.61072,40.78719],[-75.61618,40.78615],[-75.61998,40.78539]],[[-75.61801,40.78261],[-75.61739,40.78282],[-75.61659,40.78154],[-75.61726,40.78135],[-75.6177,40.78209],[-75.61801,40.78261]]],[[[-75.68153,40.78598],[-75.6815,40.78677],[-75.6872,40.78412],[-75.69207,40.78467],[-75.6952,40.7836],[-75.69471,40.77888],[-75.70825,40.77614],[-75.70803,40.77337],[-75.7112,40.77307],[-75.71165,40.77746],[-75.71245,40.77727],[-75.71261,40.77772],[-75.71459,40.77626],[-75.71518,40.77728],[-75.71597,40.77696],[-75.7176,40.77613],[-75.7158,40.77325],[-75.71877,40.77145],[-75.71662,40.7695],[-75.71834,40.76835],[-75.69972,40.76883],[-75.69833,40.76936],[-75.6971,40.76907],[-75.69464,40.77012],[-75.696,40.76893],[-75.69111,40.76914],[-75.67847,40.76483],[-75.67997,40.7673],[-75.66641,40.77109],[-75.66321,40.76592],[-75.65642,40.7679],[-75.6559,40.76685],[-75.65466,40.76713],[-75.65493,40.76767],[-75.65287,40.76841],[-75.65245,40.76728],[-75.6481,40.76897],[-75.65095,40.77232],[-75.65047,40.77238],[-75.65179,40.775],[-75.65099,40.77515],[-75.65535,40.78341],[-75.65636,40.78312],[-75.65736,40.78497],[-75.6568,40.78533],[-75.65807,40.78648],[-75.66033,40.78714],[-75.6604,40.7875],[-75.66131,40.78785],[-75.66329,40.78767],[-75.66405,40.78926],[-75.6644,40.77808],[-75.69462,40.77015],[-75.69099,40.77424],[-75.67738,40.77769],[-75.67605,40.77772],[-75.67622,40.77834],[-75.68106,40.77688],[-75.68155,40.78535],[-75.68153,40.78598]],[[-75.69464,40.76971],[-75.69428,40.76971],[-75.69465,40.76958],[-75.69464,40.76971]]]]},"properties":{"SGL":217,"NAME":"217","ACRES":8613.81656156,"PGC_REGION":6}},{"type":"Feature","geometry":{"type":"MultiPolygon","coordinates":[[[[-78.46187,41.48658],[-78.46423,41.48737],[-78.46711,41.48766],[-78.47499,41.48638],[-78.47822,41.48369],[-78.48193,41.48257],[-78.48485,41.48028],[-78.48542,41.47832],[-78.48552,41.47496],[-78.4866,41.47344],[-78.48531,41.47001],[-78.49675,41.47005],[-78.49796,41.4694],[-78.49917,41.46937],[-78.49914,41.45193],[-78.48587,41.45184],[-78.48608,41.45736],[-78.48285,41.45729],[-78.48295,41.46368],[-78.45155,41.46453],[-78.45157,41.48638],[-78.44622,41.48664],[-78.45012,41.48755],[-78.45422,41.48637],[-78.46187,41.48658]],[[-78.48536,41.47487],[-78.48536,41.47518],[-78.48451,41.47538],[-78.48433,41.47507],[-78.48487,41.47484],[-78.48536,41.47487]]],[[[-78.40515,41.48069],[-78.40287,41.48021],[-78.40001,41.48091],[-78.39996,41.48665],[-78.38744,41.48672],[-78.3875,41.50139],[-78.42019,41.50177],[-78.42029,41.51644],[-78.44973,41.51614],[-78.45131,41.48962],[-78.45053,41.48964],[-78.45054,41.49145],[-78.44834,41.49147],[-78.44832,41.48832],[-78.44569,41.48725],[-78.44065,41.48638],[-78.42782,41.48644],[-78.42798,41.49192],[-78.42625,41.49195],[-78.42609,41.48645],[-78.40535,41.4866],[-78.40515,41.48069]],[[-78.39383,41.4926],[-78.39384,41.49305],[-78.39101,41.49308],[-78.39092,41.48923],[-78.39375,41.48919],[-78.39383,41.4926]]]]},"properties":{"SGL":293,"NAME":"293","ACRES":5472.15540427,"PGC_REGION":3}},{"type":"Feature","geometry":{"type":"MultiPolygon","coordinates":[[[[-78.36024,41.89505],[-78.35696,41.8951],[-78.3608,41.89666],[-78.36077,41.89504],[-78.36024,41.89505]]],[[[-78.3785,41.9001],[-78.37922,41.90047],[-78.38252,41.90066],[-78.38198,41.9004],[-78.3817,41.89805],[-78.3799,41.89649],[-78.38047,41.89511],[-78.37754,41.89328],[-78.37728,41.89258],[-78.37768,41.89128],[-78.37709,41.89037],[-78.37606,41.88976],[-78.37449,41.88975],[-78.37615,41.8906],[-78.37616,41.8912],[-78.37571,41.89159],[-78.37217,41.89265],[-78.37407,41.89397],[-78.37431,41.89521],[-78.37387,41.89564],[-78.37122,41.89474],[-78.36662,41.89566],[-78.36518,41.89561],[-78.36358,41.89471],[-78.36378,41.89167],[-78.36263,41.88967],[-78.36258,41.88675],[-78.36393,41.88618],[-78.36517,41.88506],[-78.36409,41.88444],[-78.36417,41.88354],[-78.36602,41.8835],[-78.36716,41.8823],[-78.36699,41.88162],[-78.36571,41.88177],[-78.36479,41.88108],[-78.36239,41.88111],[-78.36249,41.8862],[-78.35874,41.88623],[-78.35881,41.88853],[-78.354,41.8885],[-78.35504,41.89306],[-78.36266,41.89248],[-78.36274,41.89858],[-78.36442,41.89852],[-78.36443,41.90022],[-78.36993,41.89962],[-78.36591,41.89846],[-78.36692,41.89842],[-78.37075,41.89928],[-78.37473,41.89951],[-78.37754,41.90049],[-78.37799,41.89984],[-78.3785,41.9001]],[[-78.36499,41.89849],[-78.36596,41.89857],[-78.36572,41.89901],[-78.365,41.8988],[-78.36499,41.89849]]],[[[-78.3776,41.89034],[-78.37806,41.89132],[-78.37782,41.89285],[-78.38094,41.89479],[-78.38096,41.89554],[-78.38034,41.89621],[-78.38219,41.89791],[-78.38241,41.90015],[-78.38493,41.90149],[-78.38798,41.89832],[-78.38879,41.89683],[-78.38907,41.88848],[-78.39045,41.88562],[-78.39187,41.88424],[-78.40371,41.87574],[-78.40371,41.87708],[-78.40081,41.87848],[-78.4012,41.87978],[-78.40216,41.87832],[-78.40312,41.87771],[-78.40721,41.87718],[-78.40719,41.87209],[-78.4063,41.87203],[-78.40569,41.87283],[-78.40252,41.87284],[-78.40009,41.87462],[-78.39815,41.87404],[-78.39757,41.87426],[-78.3979,41.87518],[-78.39673,41.87592],[-78.39702,41.87742],[-78.39667,41.87856],[-78.39536,41.87909],[-78.39338,41.87898],[-78.39211,41.87944],[-78.39057,41.88055],[-78.38922,41.88235],[-78.38907,41.88323],[-78.388,41.88427],[-78.3871,41.88419],[-78.3867,41.88321],[-78.38613,41.88318],[-78.3854,41.88503],[-78.38591,41.88567],[-78.38494,41.88643],[-78.38483,41.88712],[-78.38324,41.88705],[-78.38123,41.88534],[-78.3806,41.88526],[-78.38008,41.88715],[-78.38091,41.88773],[-78.38233,41.88792],[-78.38228,41.8886],[-78.38124,41.88896],[-78.3784,41.88802],[-78.37826,41.8884],[-78.37962,41.88922],[-78.37962,41.88971],[-78.37897,41.8902],[-78.37759,41.88971],[-78.37749,41.89015],[-78.3776,41.89034]]],[[[-78.38594,41.90064],[-78.38506,41.90155],[-78.38654,41.90264],[-78.38758,41.90406],[-78.38871,41.90264],[-78.38957,41.90244],[-78.38953,41.90058],[-78.39179,41.90061],[-78.3914,41.89666],[-78.39249,41.8966],[-78.39146,41.89457],[-78.39117,41.89282],[-78.39043,41.8924],[-78.39108,41.88934],[-78.39414,41.88928],[-78.394,41.89115],[-78.4007,41.89105],[-78.40046,41.88338],[-78.39893,41.88224],[-78.39633,41.88357],[-78.39691,41.88422],[-78.39546,41.88485],[-78.3954,41.88536],[-78.39499,41.88555],[-78.39468,41.88526],[-78.39403,41.88575],[-78.39348,41.8852],[-78.39234,41.88635],[-78.39112,41.88873],[-78.39109,41.88512],[-78.38932,41.88823],[-78.3891,41.89656],[-78.38805,41.89847],[-78.38611,41.90045],[-78.38594,41.90064]]],[[[-78.37389,41.90035],[-78.37768,41.90203],[-78.37951,41.90439],[-78.37854,41.9021],[-78.37619,41.90052],[-78.37389,41.90035]]],[[[-78.3842,41.90165],[-78.38062,41.90395],[-78.38182,41.90457],[-78.38453,41.9017],[-78.3843,41.90156],[-78.3842,41.90165]]],[[[-78.38704,41.90962],[-78.38866,41.91046],[-78.39175,41.90912],[-78.39485,41.90962],[-78.39508,41.90892],[-78.39576,41.90895],[-78.39584,41.90859],[-78.39511,41.90852],[-78.39546,41.90751],[-78.39607,41.90753],[-78.39647,41.90587],[-78.39422,41.9059],[-78.39353,41.90729],[-78.39274,41.90763],[-78.38778,41.90755],[-78.38708,41.90799],[-78.38692,41.9091],[-78.38704,41.90962]]],[[[-78.37835,41.91044],[-78.3779,41.91199],[-78.37845,41.91044],[-78.37835,41.91044]]],[[[-78.37923,41.91079],[-78.37895,41.91201],[-78.38944,41.91198],[-78.38939,41.91059],[-78.38809,41.91071],[-78.3871,41.9102],[-78.38647,41.90903],[-78.38649,41.90812],[-78.3883,41.90709],[-78.39114,41.90741],[-78.39307,41.9072],[-78.39373,41.90627],[-78.39374,41.90553],[-78.39268,41.90435],[-78.38975,41.90275],[-78.38785,41.90413],[-78.38709,41.90414],[-78.38595,41.90255],[-78.38504,41.90205],[-78.38086,41.90649],[-78.37958,41.90956],[-78.38079,41.90952],[-78.38041,41.91041],[-78.37928,41.91061],[-78.37923,41.91079]]],[[[-78.39122,41.90965],[-78.38954,41.91054],[-78.3896,41.91237],[-78.39143,41.91193],[-78.3935,41.91024],[-78.39333,41.9098],[-78.39214,41.90936],[-78.39122,41.90965]]],[[[-78.38776,41.91332],[-78.38601,41.91387],[-78.38586,41.9145],[-78.387,41.91518],[-78.3885,41.9151],[-78.38949,41.91453],[-78.38949,41.91291],[-78.38776,41.91332]]],[[[-78.39096,41.91382],[-78.3895,41.91486],[-78.38965,41.91707],[-78.39153,41.91553],[-78.39198,41.91403],[-78.39146,41.9137],[-78.39096,41.91382]]],[[[-78.3762,41.92796],[-78.37596,41.93372],[-78.38243,41.93366],[-78.38436,41.92766],[-78.38782,41.92005],[-78.37713,41.92018],[-78.37629,41.92727],[-78.3762,41.92796]]],[[[-78.37906,41.94494],[-78.38028,41.947],[-78.38087,41.94726],[-78.38058,41.94645],[-78.38112,41.94543],[-78.38435,41.94454],[-78.38535,41.94223],[-78.38483,41.94169],[-78.38114,41.94142],[-78.37945,41.94044],[-78.3791,41.93898],[-78.3803,41.93634],[-78.37651,41.93639],[-78.37661,41.93707],[-78.37573,41.93726],[-78.37662,41.93712],[-78.37901,41.94484],[-78.37841,41.94514],[-78.37904,41.94491],[-78.37906,41.94494]]],[[[-78.41852,41.94704],[-78.4186,41.94762],[-78.4177,41.94895],[-78.41887,41.94973],[-78.42397,41.94546],[-78.42129,41.94356],[-78.42143,41.9445],[-78.422,41.94505],[-78.42175,41.94536],[-78.42081,41.94554],[-78.42037,41.94612],[-78.41925,41.94602],[-78.41859,41.94682],[-78.41852,41.94704]]],[[[-78.38147,41.94752],[-78.38598,41.94986],[-78.38685,41.94949],[-78.38805,41.94783],[-78.389,41.94735],[-78.39048,41.94749],[-78.39355,41.94926],[-78.39417,41.94923],[-78.39288,41.94751],[-78.39281,41.94709],[-78.39332,41.94694],[-78.39277,41.94704],[-78.39223,41.94608],[-78.38844,41.94618],[-78.38851,41.94403],[-78.38539,41.94399],[-78.38489,41.9448],[-78.38164,41.94543],[-78.38108,41.94628],[-78.38123,41.94713],[-78.38147,41.94752]]],[[[-78.38694,41.95424],[-78.38772,41.95515],[-78.38852,41.95513],[-78.38844,41.95265],[-78.39487,41.9525],[-78.39386,41.95145],[-78.39297,41.94946],[-78.39017,41.94793],[-78.38914,41.9479],[-78.38854,41.94813],[-78.38754,41.94986],[-78.38766,41.95262],[-78.38581,41.95269],[-78.38669,41.9542],[-78.38694,41.95424]]],[[[-78.38816,41.9608],[-78.38652,41.96254],[-78.38838,41.96229],[-78.38824,41.96071],[-78.38816,41.9608]]],[[[-78.38428,41.9677],[-78.38453,41.9673],[-78.38512,41.96735],[-78.38519,41.96626],[-78.38465,41.96661],[-78.38428,41.9677]]],[[[-78.40011,41.96691],[-78.40046,41.96937],[-78.4081,41.96926],[-78.40805,41.96784],[-78.41085,41.96779],[-78.41082,41.96616],[-78.41006,41.96615],[-78.40991,41.96498],[-78.40426,41.9651],[-78.40426,41.96371],[-78.40909,41.96357],[-78.40879,41.96265],[-78.40934,41.96212],[-78.40858,41.96168],[-78.40919,41.96147],[-78.40841,41.96072],[-78.40886,41.96033],[-78.40425,41.96043],[-78.40411,41.96255],[-78.40257,41.96272],[-78.40205,41.9623],[-78.40162,41.96272],[-78.40247,41.96337],[-78.40198,41.96382],[-78.40128,41.96272],[-78.4008,41.96301],[-78.40112,41.96367],[-78.39961,41.96375],[-78.40011,41.96691]]],[[[-78.38495,41.96964],[-78.38403,41.96964],[-78.38422,41.97064],[-78.38543,41.97067],[-78.38537,41.96964],[-78.38495,41.96964]]],[[[-78.417,41.96911],[-78.41206,41.96919],[-78.41211,41.97012],[-78.411,41.97014],[-78.41107,41.97135],[-78.41204,41.97134],[-78.41203,41.97103],[-78.42234,41.97086],[-78.4223,41.96902],[-78.417,41.96911]]],[[[-78.38467,41.97162],[-78.38743,41.97454],[-78.39184,41.97709],[-78.39269,41.97632],[-78.38681,41.97345],[-78.38588,41.97248],[-78.38546,41.97135],[-78.38467,41.97162]]],[[[-78.39598,41.96696],[-78.39609,41.9703],[-78.39063,41.9704],[-78.39073,41.9733],[-78.38729,41.97334],[-78.39531,41.97706],[-78.39582,41.97777],[-78.39587,41.97898],[-78.3973,41.97895],[-78.39712,41.96941],[-78.40022,41.96937],[-78.39982,41.96691],[-78.39598,41.96696]]]]},"properties":{"SGL":301,"NAME":"301","ACRES":2246.84555205,"PGC_REGION":3}},{"type":"Feature","geometry":{"type":"Polygon","coordinates":[[[-75.4125,41.46516],[-75.41539,41.4647],[-75.41513,41.46447],[-75.41753,41.46261],[-75.41991,41.46402],[-75.42447,41.45945],[-75.42835,41.46167],[-75.43698,41.45319],[-75.43478,41.45188],[-75.43854,41.44808],[-75.43891,41.44831],[-75.43921,41.44754],[-75.43824,41.44449],[-75.43799,41.44409],[-75.43708,41.44421],[-75.43668,41.44266],[-75.43777,41.44256],[-75.43784,41.44016],[-75.43761,41.43976],[-75.43704,41.44025],[-75.43632,41.43925],[-75.43641,41.43841],[-75.43717,41.43842],[-75.43736,41.43787],[-75.43701,41.43653],[-75.43623,41.43706],[-75.4343,41.43635],[-75.4299,41.44063],[-75.42746,41.43924],[-75.43102,41.43358],[-75.43272,41.43309],[-75.43691,41.43295],[-75.43308,41.4328],[-75.43045,41.43355],[-75.42788,41.43762],[-75.42704,41.44072],[-75.423,41.43845],[-75.42921,41.43243],[-75.42774,41.43213],[-75.42874,41.43083],[-75.42569,41.42941],[-75.42494,41.43061],[-75.42385,41.4303],[-75.42245,41.43166],[-75.42289,41.43192],[-75.42146,41.43249],[-75.42086,41.43208],[-75.41672,41.43406],[-75.41695,41.43421],[-75.41639,41.43475],[-75.41635,41.43572],[-75.41607,41.43556],[-75.41842,41.44334],[-75.41666,41.4451],[-75.41449,41.44384],[-75.4136,41.44468],[-75.41378,41.44499],[-75.41461,41.44416],[-75.42009,41.44723],[-75.4111,41.45608],[-75.41651,41.45916],[-75.41498,41.46065],[-75.41747,41.4623],[-75.41505,41.46418],[-75.41133,41.46473],[-75.41141,41.46504],[-75.41248,41.46502],[-75.4125,41.46516]]]},"properties":{"SGL":310,"NAME":"310","ACRES":1196.87175739,"PGC_REGION":5}},{"type":"Feature","geometry":{"type":"MultiPolygon","coordinates":[[[[-75.50967,41.74031],[-75.51462,41.73601],[-75.50732,41.7312],[-75.50901,41.72949],[-75.5019,41.72543],[-75.49871,41.72834],[-75.49348,41.72481],[-75.49316,41.72497],[-75.4933,41.72938],[-75.49381,41.7294],[-75.49381,41.7297],[-75.49332,41.72969],[-75.49366,41.7326],[-75.49508,41.73145],[-75.50814,41.74014],[-75.50873,41.73963],[-75.50967,41.74031]]],[[[-75.52758,41.779],[-75.54285,41.76675],[-75.54792,41.7702],[-75.55233,41.76658],[-75.54758,41.76309],[-75.55006,41.76063],[-75.54553,41.75756],[-75.53625,41.76517],[-75.53445,41.76485],[-75.52499,41.7677],[-75.51619,41.76139],[-75.51852,41.75882],[-75.5149,41.75656],[-75.5102,41.75965],[-75.51118,41.76261],[-75.51343,41.76621],[-75.51362,41.76748],[-75.5113,41.76513],[-75.50598,41.7695],[-75.51304,41.77359],[-75.5176,41.77717],[-75.52158,41.77434],[-75.52758,41.779]]],[[[-75.51347,41.78626],[-75.51741,41.78766],[-75.52463,41.78142],[-75.52138,41.77939],[-75.51347,41.78626]]],[[[-75.52376,41.81081],[-75.52481,41.81463],[-75.5345,41.81097],[-75.53774,41.81292],[-75.54007,41.81108],[-75.53855,41.81007],[-75.5417,41.81028],[-75.54257,41.8017],[-75.53888,41.79922],[-75.5382,41.79833],[-75.53753,41.7983],[-75.53074,41.79366],[-75.51842,41.80364],[-75.51965,41.80539],[-75.5235,41.80241],[-75.5292,41.8063],[-75.52376,41.81081]]]]},"properties":{"SGL":236,"NAME":"236","ACRES":2042.0166905,"PGC_REGION":5}},{"type":"Feature","geometry":{"type":"MultiPolygon","coordinates":[[[[-78.56237,40.75106],[-78.56129,40.75012],[-78.56072,40.75153],[-78.55956,40.75053],[-78.55936,40.75308],[-78.56237,40.75106]]],[[[-78.56237,40.75106],[-78.56381,40.75231],[-78.57276,40.74929],[-78.57213,40.74986],[-78.57247,40.75071],[-78.57049,40.75087],[-78.57054,40.7518],[-78.56962,40.75175],[-78.56983,40.7529],[-78.56797,40.75376],[-78.5679,40.75432],[-78.56708,40.75383],[-78.56678,40.75499],[-78.56458,40.75548],[-78.56443,40.75602],[-78.56252,40.75668],[-78.56205,40.7577],[-78.56247,40.7584],[-78.5619,40.7589],[-78.562,40.75963],[-78.56135,40.75998],[-78.56169,40.76124],[-78.5611,40.76165],[-78.56072,40.76288],[-78.56091,40.7636],[-78.56032,40.76459],[-78.5622,40.76425],[-78.56184,40.76461],[-78.56274,40.7651],[-78.56298,40.76471],[-78.56651,40.7658],[-78.56516,40.76806],[-78.5622,40.76712],[-78.56136,40.7686],[-78.56183,40.76873],[-78.56145,40.7694],[-78.56188,40.76953],[-78.56011,40.77217],[-78.56101,40.77299],[-78.56001,40.77346],[-78.56059,40.77488],[-78.56021,40.77505],[-78.56262,40.77741],[-78.56135,40.77824],[-78.55998,40.77769],[-78.56332,40.78085],[-78.5665,40.78494],[-78.56683,40.78507],[-78.57708,40.78022],[-78.57696,40.77961],[-78.57889,40.77935],[-78.58998,40.77249],[-78.59314,40.77488],[-78.59898,40.77041],[-78.60264,40.77313],[-78.60455,40.77166],[-78.61224,40.77203],[-78.61229,40.76963],[-78.61548,40.77059],[-78.61546,40.76998],[-78.61468,40.76984],[-78.61469,40.76926],[-78.61548,40.76938],[-78.61547,40.76882],[-78.61435,40.76883],[-78.61437,40.76808],[-78.6051,40.76771],[-78.60484,40.76665],[-78.60425,40.76736],[-78.60326,40.76682],[-78.60666,40.76296],[-78.60768,40.76355],[-78.61152,40.75895],[-78.61044,40.75835],[-78.61178,40.75757],[-78.60536,40.75354],[-78.61133,40.74723],[-78.61774,40.75097],[-78.62228,40.7456],[-78.62074,40.74444],[-78.62158,40.74351],[-78.61778,40.7405],[-78.63094,40.72567],[-78.6172,40.7134],[-78.60992,40.71796],[-78.60611,40.7145],[-78.59974,40.71854],[-78.59646,40.71554],[-78.58993,40.72001],[-78.59306,40.72272],[-78.58897,40.72533],[-78.57723,40.71502],[-78.575,40.71777],[-78.57168,40.71853],[-78.57492,40.72116],[-78.56948,40.72474],[-78.57072,40.72584],[-78.56969,40.7265],[-78.56892,40.72582],[-78.56889,40.73116],[-78.56805,40.73238],[-78.56546,40.73435],[-78.56991,40.73831],[-78.57019,40.74148],[-78.57287,40.74376],[-78.56237,40.75106]],[[-78.60457,40.7491],[-78.60347,40.7502],[-78.60321,40.75194],[-78.60151,40.75173],[-78.60189,40.74995],[-78.60338,40.74846],[-78.60457,40.7491]],[[-78.58377,40.75378],[-78.58436,40.7534],[-78.59743,40.76396],[-78.58606,40.7714],[-78.58039,40.76642],[-78.57899,40.76734],[-78.56495,40.76844],[-78.57454,40.76123],[-78.57362,40.76042],[-78.57265,40.76156],[-78.56966,40.76007],[-78.57096,40.75856],[-78.57395,40.76004],[-78.57362,40.76042],[-78.58377,40.75378]],[[-78.56647,40.75604],[-78.56376,40.75878],[-78.56258,40.75821],[-78.56228,40.75734],[-78.56265,40.75685],[-78.56522,40.75537],[-78.56647,40.75604]],[[-78.56522,40.77259],[-78.56492,40.77251],[-78.56594,40.7704],[-78.56741,40.77081],[-78.5671,40.77145],[-78.57363,40.77328],[-78.57222,40.77619],[-78.5657,40.77437],[-78.56504,40.77573],[-78.56387,40.7754],[-78.56522,40.77259]]],[[[-78.57203,40.7952],[-78.57226,40.7962],[-78.57565,40.79389],[-78.57363,40.79216],[-78.57182,40.79169],[-78.56989,40.79187],[-78.57199,40.79509],[-78.57203,40.7952]]],[[[-78.57465,40.80742],[-78.57964,40.81094],[-78.5816,40.81157],[-78.58496,40.80934],[-78.5743,40.80022],[-78.57523,40.79959],[-78.57243,40.79722],[-78.57461,40.80736],[-78.57465,40.80742]]],[[[-78.58562,40.813],[-78.5799,40.8113],[-78.57462,40.80778],[-78.57215,40.79698],[-78.57169,40.79659],[-78.57205,40.79634],[-78.57146,40.79451],[-78.56322,40.78262],[-78.56243,40.78291],[-78.56199,40.78251],[-78.56112,40.78302],[-78.56042,40.78248],[-78.56171,40.782],[-78.56061,40.78089],[-78.56131,40.7805],[-78.56051,40.77944],[-78.55864,40.77772],[-78.55762,40.77821],[-78.55722,40.77793],[-78.55669,40.779],[-78.55863,40.78104],[-78.55897,40.78438],[-78.55679,40.78617],[-78.55232,40.78632],[-78.55265,40.78909],[-78.55348,40.78907],[-78.54806,40.79447],[-78.54481,40.79674],[-78.54511,40.79703],[-78.5403,40.79999],[-78.54352,40.80281],[-78.54657,40.80075],[-78.5493,40.80307],[-78.5575,40.79825],[-78.56556,40.80618],[-78.56871,40.80403],[-78.58212,40.81533],[-78.58562,40.813]],[[-78.56938,40.79253],[-78.56667,40.79342],[-78.56547,40.7912],[-78.5681,40.79038],[-78.56909,40.79222],[-78.56938,40.79253]]]]},"properties":{"SGL":120,"NAME":"120","ACRES":7311.92968379,"PGC_REGION":2}},{"type":"Feature","geometry":{"type":"MultiPolygon","coordinates":[[[[-80.22022,41.14643],[-80.219,41.14523],[-80.22012,41.1465],[-80.22022,41.14643]]],[[[-80.20696,41.15388],[-80.21216,41.1538],[-80.21215,41.14982],[-80.21799,41.14978],[-80.21802,41.14932],[-80.22287,41.14915],[-80.2227,41.14864],[-80.2203,41.14883],[-80.21926,41.14796],[-80.21992,41.14663],[-80.2188,41.14521],[-80.21754,41.14492],[-80.21788,41.14387],[-80.21733,41.14386],[-80.21741,41.14442],[-80.21595,41.14463],[-80.21594,41.14387],[-80.2169,41.14343],[-80.21612,41.14139],[-80.21845,41.14383],[-80.21747,41.14226],[-80.21575,41.14091],[-80.21621,41.14088],[-80.21691,41.13943],[-80.21922,41.13937],[-80.21905,41.13752],[-80.21628,41.13891],[-80.21524,41.138],[-80.21657,41.13608],[-80.21771,41.13527],[-80.21721,41.13456],[-80.21828,41.13395],[-80.21792,41.13155],[-80.21515,41.13155],[-80.215,41.12784],[-80.21338,41.12771],[-80.21499,41.12771],[-80.21497,41.12699],[-80.21694,41.12705],[-80.21586,41.12491],[-80.21745,41.1246],[-80.21537,41.12332],[-80.21605,41.12259],[-80.21668,41.12291],[-80.21811,41.12181],[-80.21806,41.12143],[-80.21704,41.12114],[-80.21664,41.12143],[-80.21482,41.11951],[-80.21186,41.11944],[-80.21174,41.122],[-80.21201,41.12242],[-80.2106,41.12194],[-80.21006,41.1226],[-80.20858,41.12168],[-80.2081,41.12185],[-80.20797,41.12132],[-80.20579,41.12077],[-80.20613,41.12047],[-80.2059,41.12027],[-80.20679,41.11977],[-80.20586,41.12019],[-80.20562,41.11997],[-80.20648,41.11947],[-80.20597,41.11908],[-80.20265,41.11789],[-80.20168,41.11873],[-80.20107,41.1185],[-80.20162,41.11751],[-80.19836,41.11565],[-80.19845,41.11041],[-80.20095,41.11182],[-80.20754,41.11187],[-80.20749,41.10998],[-80.20272,41.10986],[-80.20281,41.10363],[-80.19853,41.10266],[-80.19852,41.10329],[-80.19478,41.10339],[-80.19474,41.10035],[-80.19189,41.10144],[-80.18887,41.0986],[-80.18972,41.09655],[-80.18907,41.0976],[-80.18575,41.0974],[-80.18579,41.09922],[-80.18413,41.09936],[-80.1852,41.10338],[-80.17946,41.10532],[-80.18529,41.1035],[-80.18752,41.10515],[-80.18756,41.11196],[-80.1899,41.11195],[-80.1899,41.11531],[-80.19067,41.11528],[-80.19077,41.11561],[-80.19148,41.11529],[-80.19261,41.11647],[-80.18904,41.11738],[-80.19055,41.12065],[-80.19262,41.12038],[-80.19588,41.12425],[-80.19497,41.12466],[-80.19736,41.12576],[-80.19835,41.12463],[-80.19911,41.12498],[-80.19818,41.12614],[-80.19864,41.12641],[-80.20167,41.12636],[-80.20167,41.12727],[-80.20031,41.12728],[-80.20034,41.12822],[-80.1995,41.12829],[-80.2002,41.13034],[-80.20132,41.13031],[-80.20169,41.1307],[-80.20167,41.13169],[-80.20108,41.13191],[-80.20419,41.13505],[-80.20144,41.13513],[-80.20124,41.13966],[-80.20372,41.13988],[-80.20377,41.1394],[-80.2082,41.13941],[-80.20822,41.13726],[-80.21311,41.13911],[-80.21391,41.13984],[-80.2139,41.14147],[-80.21179,41.14144],[-80.21175,41.14392],[-80.2136,41.14386],[-80.21361,41.14451],[-80.20977,41.14503],[-80.20975,41.14411],[-80.20648,41.14445],[-80.20689,41.15373],[-80.20696,41.15388]],[[-80.21507,41.14032],[-80.21417,41.13972],[-80.21494,41.1386],[-80.21579,41.13898],[-80.21576,41.13951],[-80.21487,41.1395],[-80.21561,41.14018],[-80.21529,41.14044],[-80.21507,41.14032]],[[-80.20608,41.13631],[-80.20559,41.13703],[-80.20503,41.13668],[-80.2054,41.13589],[-80.20574,41.1361],[-80.20608,41.13631]],[[-80.21437,41.12313],[-80.21372,41.12377],[-80.2132,41.12357],[-80.21359,41.12283],[-80.21437,41.12313]],[[-80.19233,41.11847],[-80.19193,41.11879],[-80.19231,41.11829],[-80.19233,41.11847]],[[-80.19289,41.1152],[-80.19276,41.11471],[-80.19325,41.11454],[-80.19296,41.11546],[-80.19289,41.1152]],[[-80.1962,41.10903],[-80.19845,41.10905],[-80.19843,41.11038],[-80.1967,41.11093],[-80.1962,41.10903]]]]},"properties":{"SGL":284,"NAME":"284","ACRES":1589.5441,"PGC_REGION":1}},{"type":"Feature","geometry":{"type":"MultiPolygon","coordinates":[[[[-75.61033,40.40681],[-75.60941,40.40544],[-75.60741,40.40725],[-75.6088,40.40815],[-75.61033,40.40681]]],[[[-75.61033,40.40681],[-75.61142,40.4085],[-75.61045,40.40936],[-75.61126,40.40988],[-75.60987,40.41126],[-75.61151,40.4123],[-75.61454,40.4096],[-75.61352,40.40827],[-75.61648,40.40764],[-75.61661,40.40883],[-75.61735,40.40929],[-75.61902,40.4075],[-75.61499,40.4048],[-75.61416,40.40546],[-75.61447,40.40585],[-75.61393,40.4063],[-75.61338,40.40467],[-75.61296,40.40489],[-75.61308,40.40533],[-75.61033,40.40681]]],[[[-75.68867,40.41991],[-75.69085,40.41832],[-75.68961,40.417],[-75.68715,40.41877],[-75.68861,40.41994],[-75.68867,40.41991]]],[[[-75.76859,40.42575],[-75.76639,40.427],[-75.76757,40.42833],[-75.76862,40.42779],[-75.77181,40.4277],[-75.77015,40.42534],[-75.76859,40.42575]]],[[[-75.60743,40.43184],[-75.61057,40.42962],[-75.60826,40.42822],[-75.61023,40.4251],[-75.61032,40.42437],[-75.60878,40.42411],[-75.60784,40.4235],[-75.60709,40.42439],[-75.6056,40.42355],[-75.60416,40.42639],[-75.5997,40.42519],[-75.5983,40.42708],[-75.60203,40.42821],[-75.6018,40.42839],[-75.60494,40.42981],[-75.60604,40.42884],[-75.60713,40.42937],[-75.60457,40.4314],[-75.60555,40.43214],[-75.60737,40.43181],[-75.60743,40.43184]]],[[[-75.68358,40.43958],[-75.67886,40.44102],[-75.68242,40.44485],[-75.69306,40.43635],[-75.69278,40.4357],[-75.69078,40.43543],[-75.68849,40.43638],[-75.68682,40.43661],[-75.68561,40.43737],[-75.685,40.43704],[-75.68304,40.43855],[-75.68358,40.43958]]]]},"properties":{"SGL":315,"NAME":"315","ACRES":341.53882508,"PGC_REGION":6}},{"type":"Feature","geometry":{"type":"MultiPolygon","coordinates":[[[[-77.74709,40.95295],[-77.74906,40.95375],[-77.7516,40.95211],[-77.75293,40.95311],[-77.75174,40.95195],[-77.75471,40.95045],[-77.75293,40.94621],[-77.75766,40.94405],[-77.75492,40.93976],[-77.74813,40.94326],[-77.74798,40.94406],[-77.74773,40.94239],[-77.7461,40.94068],[-77.75261,40.93711],[-77.75263,40.93618],[-77.74667,40.9387],[-77.74703,40.93912],[-77.73813,40.94309],[-77.74066,40.94857],[-77.74224,40.94998],[-77.74241,40.95063],[-77.74451,40.95174],[-77.74709,40.95295]]],[[[-77.74581,40.95543],[-77.74515,40.95786],[-77.74629,40.95816],[-77.74842,40.95718],[-77.74979,40.95524],[-77.74713,40.9546],[-77.742,40.95222],[-77.74517,40.95477],[-77.74581,40.95543]]],[[[-77.65946,40.99927],[-77.66135,41.00138],[-77.67081,40.99647],[-77.6723,40.99826],[-77.69062,40.98791],[-77.6917,40.98921],[-77.70092,40.98407],[-77.69954,40.98233],[-77.70053,40.98182],[-77.69955,40.98084],[-77.70035,40.98038],[-77.70151,40.97995],[-77.70269,40.98004],[-77.70441,40.98187],[-77.70574,40.98044],[-77.70534,40.98002],[-77.70679,40.9789],[-77.70654,40.97851],[-77.70893,40.97706],[-77.70937,40.9776],[-77.71009,40.97723],[-77.71077,40.9779],[-77.71306,40.97649],[-77.71238,40.97576],[-77.7132,40.97525],[-77.71096,40.97277],[-77.71809,40.96865],[-77.71971,40.97023],[-77.72257,40.96996],[-77.72541,40.96832],[-77.72642,40.96879],[-77.7311,40.96602],[-77.73169,40.96667],[-77.73546,40.96493],[-77.73599,40.96537],[-77.73898,40.96336],[-77.73978,40.96191],[-77.74188,40.96108],[-77.74051,40.96143],[-77.7375,40.96315],[-77.73375,40.95624],[-77.73797,40.95378],[-77.73834,40.95456],[-77.74013,40.95553],[-77.74159,40.95551],[-77.7418,40.95432],[-77.74065,40.95219],[-77.74138,40.95227],[-77.74133,40.9519],[-77.74057,40.95183],[-77.74036,40.951],[-77.72781,40.94865],[-77.71802,40.95356],[-77.71915,40.95713],[-77.71154,40.96199],[-77.71371,40.96323],[-77.71033,40.96461],[-77.70706,40.96673],[-77.70058,40.96152],[-77.68487,40.96929],[-77.6913,40.97689],[-77.67104,40.9869],[-77.66592,40.98989],[-77.66874,40.99329],[-77.65876,40.99881],[-77.65923,40.99901],[-77.65946,40.99927]]]]},"properties":{"SGL":323,"NAME":"323","ACRES":2965.028,"PGC_REGION":3}},{"type":"Feature","geometry":{"type":"MultiPolygon","coordinates":[[[[-78.30727,39.81904],[-78.30621,39.82385],[-78.30894,39.82442],[-78.30855,39.82512],[-78.31616,39.82904],[-78.31645,39.82798],[-78.31358,39.8266],[-78.31901,39.82219],[-78.31605,39.82137],[-78.31836,39.8163],[-78.32133,39.81762],[-78.32452,39.81252],[-78.32348,39.81099],[-78.32655,39.80747],[-78.32919,39.8076],[-78.32901,39.80125],[-78.33872,39.80098],[-78.34511,39.79031],[-78.34715,39.78842],[-78.34946,39.78765],[-78.35036,39.78654],[-78.3364,39.78063],[-78.33693,39.7793],[-78.33971,39.77702],[-78.34472,39.77928],[-78.34785,39.77466],[-78.35007,39.77567],[-78.35115,39.7732],[-78.35535,39.7752],[-78.35748,39.77369],[-78.35715,39.77032],[-78.35651,39.77008],[-78.35723,39.7646],[-78.36062,39.76543],[-78.36113,39.76444],[-78.36001,39.76263],[-78.36103,39.76168],[-78.37011,39.76273],[-78.37129,39.76076],[-78.37151,39.75865],[-78.37121,39.75837],[-78.3691,39.75941],[-78.36721,39.75942],[-78.36588,39.75905],[-78.36477,39.75821],[-78.36454,39.75834],[-78.36528,39.75993],[-78.36452,39.75989],[-78.36113,39.75889],[-78.3604,39.75747],[-78.36067,39.75688],[-78.36149,39.75604],[-78.36468,39.75665],[-78.36652,39.75632],[-78.36655,39.75567],[-78.3639,39.75539],[-78.36387,39.75565],[-78.36194,39.75515],[-78.35998,39.75555],[-78.35948,39.75518],[-78.35827,39.75658],[-78.3583,39.75803],[-78.35894,39.7592],[-78.35983,39.75928],[-78.35993,39.76026],[-78.35919,39.76172],[-78.35651,39.76012],[-78.35449,39.75997],[-78.3499,39.75747],[-78.34797,39.75703],[-78.34697,39.75788],[-78.347,39.75515],[-78.34607,39.75473],[-78.34434,39.75535],[-78.34167,39.75803],[-78.34149,39.75747],[-78.34041,39.7578],[-78.34089,39.75568],[-78.33055,39.7558],[-78.33049,39.75872],[-78.33606,39.75875],[-78.33533,39.76041],[-78.33643,39.76121],[-78.33535,39.76454],[-78.3369,39.76564],[-78.33555,39.76723],[-78.33009,39.76338],[-78.33038,39.76314],[-78.32284,39.7638],[-78.32244,39.7645],[-78.32603,39.76467],[-78.32538,39.77476],[-78.32241,39.77752],[-78.31871,39.77896],[-78.31522,39.77907],[-78.31518,39.78291],[-78.31556,39.78294],[-78.31109,39.79438],[-78.30766,39.79517],[-78.3045,39.79957],[-78.3008,39.79881],[-78.29838,39.80275],[-78.29756,39.8052],[-78.30002,39.8057],[-78.298,39.80831],[-78.31048,39.81294],[-78.30727,39.81904]]],[[[-78.33345,39.86382],[-78.33038,39.86897],[-78.33265,39.87068],[-78.33291,39.87181],[-78.33214,39.87241],[-78.33639,39.87283],[-78.34096,39.8758],[-78.3434,39.8741],[-78.34853,39.87194],[-78.35137,39.86891],[-78.35013,39.86792],[-78.3515,39.86664],[-78.34166,39.85892],[-78.34107,39.85991],[-78.3379,39.85903],[-78.33719,39.85867],[-78.33747,39.85769],[-78.33617,39.85729],[-78.33575,39.85825],[-78.33629,39.85849],[-78.33509,39.86179],[-78.33629,39.86244],[-78.33532,39.86359],[-78.3344,39.86293],[-78.33345,39.86382]]],[[[-78.3073,39.87095],[-78.31397,39.87258],[-78.31111,39.87856],[-78.32084,39.87997],[-78.32205,39.8785],[-78.32374,39.8721],[-78.31567,39.86982],[-78.31722,39.86781],[-78.32168,39.86875],[-78.32704,39.86391],[-78.32331,39.86332],[-78.31918,39.86224],[-78.31926,39.86188],[-78.32497,39.85362],[-78.32834,39.85639],[-78.33018,39.85534],[-78.33397,39.85513],[-78.33663,39.84953],[-78.33694,39.84911],[-78.3383,39.84901],[-78.3381,39.84872],[-78.33882,39.84736],[-78.34002,39.8463],[-78.33144,39.84349],[-78.33242,39.83851],[-78.33418,39.83586],[-78.33367,39.83538],[-78.3331,39.83617],[-78.32751,39.83408],[-78.32303,39.84349],[-78.32873,39.84486],[-78.32222,39.85142],[-78.32153,39.85085],[-78.3175,39.85586],[-78.31952,39.85696],[-78.31817,39.8616],[-78.3161,39.86276],[-78.3147,39.86225],[-78.31402,39.86409],[-78.30952,39.86691],[-78.3073,39.87095]]],[[[-78.32763,39.87928],[-78.32537,39.88496],[-78.32354,39.88637],[-78.32537,39.88975],[-78.3288,39.8916],[-78.3292,39.88989],[-78.33217,39.88701],[-78.33449,39.88503],[-78.33704,39.88393],[-78.33806,39.88104],[-78.32835,39.87762],[-78.32763,39.87928]]],[[[-78.27137,39.89089],[-78.28728,39.89513],[-78.28737,39.89378],[-78.28493,39.89268],[-78.28634,39.88932],[-78.28699,39.88858],[-78.28809,39.88819],[-78.28951,39.88479],[-78.29298,39.88555],[-78.29314,39.88521],[-78.29224,39.88415],[-78.29295,39.88257],[-78.2937,39.88283],[-78.29554,39.87874],[-78.30084,39.87992],[-78.29135,39.87738],[-78.29116,39.87957],[-78.29388,39.88023],[-78.29314,39.88186],[-78.28606,39.88039],[-78.28546,39.8822],[-78.28141,39.88136],[-78.28159,39.88097],[-78.2768,39.87982],[-78.27483,39.88421],[-78.27137,39.89089]]]]},"properties":{"SGL":49,"NAME":"049","ACRES":6438.103,"PGC_REGION":4}},{"type":"Feature","geometry":{"type":"Polygon","coordinates":[[[-79.95916,41.73887],[-79.9592,41.73941],[-79.97618,41.73866],[-79.97593,41.73554],[-79.98593,41.73498],[-79.98597,41.73551],[-79.98761,41.73542],[-79.98741,41.73172],[-79.98655,41.73176],[-79.98645,41.73011],[-79.97558,41.73076],[-79.97567,41.73242],[-79.9672,41.73273],[-79.9665,41.72619],[-79.95828,41.72676],[-79.9589,41.73521],[-79.95604,41.73536],[-79.9551,41.73819],[-79.94932,41.7385],[-79.94916,41.73889],[-79.95913,41.73836],[-79.95916,41.73887]]]},"properties":{"SGL":146,"NAME":"146","ACRES":525.579687,"PGC_REGION":1}},{"type":"Feature","geometry":{"type":"MultiPolygon","coordinates":[[[[-79.44212,41.21326],[-79.43938,41.21331],[-79.44212,41.21334],[-79.44212,41.21326]]],[[[-79.44212,41.21326],[-79.44133,41.21627],[-79.44084,41.21627],[-79.44034,41.21736],[-79.44114,41.21737],[-79.44112,41.22184],[-79.44308,41.22035],[-79.44451,41.2212],[-79.45017,41.21689],[-79.45275,41.21883],[-79.44139,41.22748],[-79.44571,41.22875],[-79.44499,41.23015],[-79.44105,41.229],[-79.44103,41.22932],[-79.43314,41.23279],[-79.43312,41.23331],[-79.44096,41.23338],[-79.44087,41.2404],[-79.45716,41.24069],[-79.45738,41.24311],[-79.46311,41.24457],[-79.46322,41.24402],[-79.46382,41.24405],[-79.46428,41.24431],[-79.46468,41.24552],[-79.46618,41.24602],[-79.46627,41.2465],[-79.46678,41.24644],[-79.46669,41.24599],[-79.47035,41.24491],[-79.47209,41.24505],[-79.47272,41.24392],[-79.47473,41.24438],[-79.47591,41.24562],[-79.47596,41.2469],[-79.47466,41.24974],[-79.47021,41.24971],[-79.47021,41.25021],[-79.47057,41.25021],[-79.47057,41.25171],[-79.46936,41.25262],[-79.46934,41.25335],[-79.47268,41.25338],[-79.47265,41.25494],[-79.47431,41.25497],[-79.47502,41.25807],[-79.47499,41.25965],[-79.46908,41.25959],[-79.46868,41.2778],[-79.47863,41.27798],[-79.47864,41.27747],[-79.48261,41.27756],[-79.48545,41.28013],[-79.48747,41.28103],[-79.48748,41.28056],[-79.48578,41.27987],[-79.4831,41.27757],[-79.49433,41.27784],[-79.49452,41.27216],[-79.47873,41.27186],[-79.47871,41.27309],[-79.47819,41.27308],[-79.47743,41.27188],[-79.47873,41.27186],[-79.4789,41.26166],[-79.47722,41.26087],[-79.47811,41.25967],[-79.47747,41.25931],[-79.47777,41.25905],[-79.47835,41.25978],[-79.48224,41.26114],[-79.48296,41.26025],[-79.48289,41.2579],[-79.48465,41.25796],[-79.48461,41.25354],[-79.47909,41.25352],[-79.47911,41.24977],[-79.47524,41.24975],[-79.47648,41.24702],[-79.47652,41.24577],[-79.47522,41.24414],[-79.47283,41.24351],[-79.47304,41.24127],[-79.47322,41.24099],[-79.47924,41.2411],[-79.4793,41.23905],[-79.49543,41.23928],[-79.49563,41.23447],[-79.48548,41.23438],[-79.4859,41.23593],[-79.48444,41.23606],[-79.48399,41.23438],[-79.48047,41.23437],[-79.48042,41.23599],[-79.47939,41.23623],[-79.47937,41.23668],[-79.47582,41.23668],[-79.47583,41.23325],[-79.47035,41.2332],[-79.47036,41.22865],[-79.47169,41.22867],[-79.47941,41.22596],[-79.47965,41.22218],[-79.47602,41.22208],[-79.47596,41.22534],[-79.47122,41.22521],[-79.47144,41.21549],[-79.4639,41.21539],[-79.46409,41.20759],[-79.47009,41.2076],[-79.47038,41.20152],[-79.46751,41.20143],[-79.46758,41.19852],[-79.46191,41.19835],[-79.46082,41.19924],[-79.46063,41.20329],[-79.46321,41.2041],[-79.4617,41.20761],[-79.45752,41.20764],[-79.45752,41.20386],[-79.45582,41.20384],[-79.45698,41.20146],[-79.45631,41.20088],[-79.45518,41.20383],[-79.45169,41.20377],[-79.45159,41.2104],[-79.44214,41.21028],[-79.44212,41.21326]],[[-79.46408,41.22756],[-79.46371,41.22786],[-79.46333,41.22758],[-79.4637,41.22729],[-79.46408,41.22756]],[[-79.4749,41.25094],[-79.47714,41.25101],[-79.47518,41.25123],[-79.47432,41.25182],[-79.47482,41.25092],[-79.4749,41.25094]],[[-79.47633,41.25986],[-79.47597,41.25991],[-79.4758,41.25923],[-79.47631,41.25916],[-79.47633,41.25986]],[[-79.47712,41.27243],[-79.47754,41.27307],[-79.47417,41.27302],[-79.47419,41.27178],[-79.47675,41.27183],[-79.47706,41.27232],[-79.47712,41.27243]],[[-79.46358,41.20069],[-79.46286,41.20081],[-79.46298,41.20037],[-79.46346,41.2003],[-79.46358,41.20069]]]]},"properties":{"SGL":63,"NAME":"063","ACRES":3655.04756952,"PGC_REGION":1}},{"type":"Feature","geometry":{"type":"Polygon","coordinates":[[[-78.38295,41.47265],[-78.37745,41.47468],[-78.3774,41.47647],[-78.38074,41.47654],[-78.38068,41.47762],[-78.384,41.47765],[-78.38402,41.47702],[-78.38695,41.47611],[-78.38689,41.47241],[-78.41988,41.47218],[-78.41976,41.38367],[-78.39984,41.38376],[-78.39987,41.40489],[-78.38774,41.40493],[-78.38767,41.41356],[-78.35569,41.41354],[-78.35568,41.42601],[-78.3568,41.42599],[-78.3568,41.42842],[-78.33611,41.42829],[-78.3361,41.42145],[-78.32862,41.42157],[-78.32883,41.42824],[-78.30426,41.4283],[-78.30429,41.42306],[-78.29036,41.42315],[-78.29024,41.4579],[-78.31057,41.45805],[-78.31058,41.4597],[-78.31362,41.46033],[-78.31523,41.46434],[-78.317,41.46469],[-78.3171,41.45807],[-78.35549,41.45809],[-78.35543,41.46701],[-78.36744,41.46692],[-78.36715,41.47261],[-78.37429,41.47261],[-78.37593,41.47157],[-78.37758,41.47143],[-78.38009,41.4702],[-78.38003,41.47253],[-78.38342,41.4725],[-78.38295,41.47265]]]},"properties":{"SGL":14,"NAME":"014","ACRES":14951.3632733,"PGC_REGION":3}},{"type":"Feature","geometry":{"type":"MultiPolygon","coordinates":[[[[-75.32152,41.73488],[-75.32405,41.73469],[-75.32539,41.73238],[-75.32468,41.72622],[-75.33221,41.72595],[-75.33228,41.72437],[-75.33479,41.72423],[-75.33418,41.71796],[-75.34337,41.71741],[-75.34373,41.7148],[-75.33743,41.71514],[-75.33706,41.71141],[-75.33306,41.71164],[-75.33283,41.70847],[-75.32444,41.70908],[-75.32353,41.6991],[-75.32295,41.69889],[-75.32091,41.7002],[-75.31984,41.70005],[-75.31956,41.699],[-75.30903,41.6996],[-75.30788,41.68794],[-75.31066,41.68341],[-75.30986,41.67764],[-75.31162,41.67762],[-75.31137,41.67422],[-75.31652,41.67384],[-75.31467,41.67031],[-75.31143,41.67051],[-75.31117,41.66739],[-75.31737,41.66699],[-75.31604,41.66514],[-75.3104,41.66611],[-75.30157,41.65903],[-75.30059,41.66091],[-75.29796,41.65882],[-75.29696,41.65952],[-75.29482,41.65769],[-75.29162,41.66002],[-75.29073,41.65999],[-75.29058,41.66084],[-75.29117,41.66097],[-75.29107,41.66149],[-75.29248,41.66258],[-75.2915,41.66331],[-75.2894,41.66329],[-75.29,41.66215],[-75.28869,41.66063],[-75.28764,41.66078],[-75.28692,41.66022],[-75.28678,41.66081],[-75.28716,41.66129],[-75.28416,41.66356],[-75.28,41.66463],[-75.28167,41.66775],[-75.28737,41.66667],[-75.28094,41.67752],[-75.28149,41.68155],[-75.28215,41.68309],[-75.28274,41.68879],[-75.27735,41.68895],[-75.27039,41.69726],[-75.26559,41.6981],[-75.26822,41.70569],[-75.26378,41.70655],[-75.26678,41.71503],[-75.26933,41.71593],[-75.26627,41.72049],[-75.26546,41.72255],[-75.2655,41.72421],[-75.26729,41.72573],[-75.27773,41.72533],[-75.27702,41.71699],[-75.28353,41.71651],[-75.28205,41.6987],[-75.29222,41.69806],[-75.29154,41.69674],[-75.29239,41.69513],[-75.28655,41.69542],[-75.28378,41.69318],[-75.28519,41.69219],[-75.28819,41.69135],[-75.28836,41.69093],[-75.2874,41.69083],[-75.28735,41.69042],[-75.28934,41.68935],[-75.28954,41.68774],[-75.29298,41.68776],[-75.29309,41.6888],[-75.29785,41.68894],[-75.29831,41.69483],[-75.29253,41.69512],[-75.29167,41.69682],[-75.29237,41.69806],[-75.29845,41.69786],[-75.29912,41.70461],[-75.31357,41.71221],[-75.31405,41.71367],[-75.3136,41.71393],[-75.31995,41.71806],[-75.31835,41.7181],[-75.31954,41.73062],[-75.32174,41.73195],[-75.32152,41.7343],[-75.3212,41.73409],[-75.32152,41.73488]],[[-75.33291,41.71803],[-75.32865,41.71823],[-75.32702,41.71674],[-75.32696,41.71386],[-75.33291,41.71803]]],[[[-75.25217,41.79253],[-75.25274,41.79863],[-75.25948,41.7982],[-75.25907,41.79256],[-75.26607,41.79439],[-75.26971,41.79109],[-75.27291,41.79311],[-75.27174,41.79392],[-75.27164,41.79451],[-75.27197,41.7947],[-75.27386,41.79232],[-75.27714,41.78995],[-75.27664,41.78963],[-75.2783,41.788],[-75.27806,41.78774],[-75.27854,41.78761],[-75.27855,41.78676],[-75.28051,41.78558],[-75.28052,41.78459],[-75.28131,41.78301],[-75.28191,41.78285],[-75.28204,41.78219],[-75.28311,41.78124],[-75.28257,41.78071],[-75.28325,41.78002],[-75.28283,41.7707],[-75.29033,41.77037],[-75.28828,41.76939],[-75.28536,41.7695],[-75.2845,41.7574],[-75.28725,41.75736],[-75.28682,41.75179],[-75.27849,41.75229],[-75.27818,41.74922],[-75.26723,41.74983],[-75.26694,41.74604],[-75.26308,41.74619],[-75.26178,41.74324],[-75.25236,41.74354],[-75.25067,41.73983],[-75.25212,41.73677],[-75.25747,41.73847],[-75.2595,41.73481],[-75.26501,41.73432],[-75.2567,41.73173],[-75.25963,41.72605],[-75.26081,41.72533],[-75.25567,41.72379],[-75.25386,41.72239],[-75.25248,41.72187],[-75.25181,41.7219],[-75.24507,41.73472],[-75.23199,41.73089],[-75.22969,41.73529],[-75.2346,41.74606],[-75.2342,41.74615],[-75.23712,41.75262],[-75.23476,41.75329],[-75.23205,41.75306],[-75.23087,41.76139],[-75.2318,41.76112],[-75.23242,41.76785],[-75.24694,41.76748],[-75.24698,41.76716],[-75.25173,41.76788],[-75.25441,41.76774],[-75.25477,41.77117],[-75.26328,41.77066],[-75.26332,41.77327],[-75.26131,41.77605],[-75.26989,41.77551],[-75.2638,41.78217],[-75.25826,41.78063],[-75.25372,41.7871],[-75.25368,41.79241],[-75.25217,41.79253]]]]},"properties":{"SGL":159,"NAME":"159","ACRES":9448.70753735,"PGC_REGION":5}},{"type":"Feature","geometry":{"type":"MultiPolygon","coordinates":[[[[-76.23991,41.98254],[-76.23781,41.98623],[-76.23623,41.98786],[-76.23857,41.98923],[-76.23899,41.98924],[-76.23891,41.98699],[-76.24013,41.98513],[-76.24162,41.98507],[-76.2418,41.98299],[-76.2402,41.98228],[-76.23991,41.98254]]],[[[-76.16244,41.99546],[-76.16262,41.99882],[-76.18775,41.99867],[-76.18792,41.99776],[-76.1903,41.99776],[-76.19106,41.99586],[-76.19767,41.99736],[-76.19883,41.99551],[-76.2003,41.99624],[-76.19989,41.99666],[-76.2004,41.99698],[-76.20071,41.99659],[-76.20179,41.99702],[-76.21021,41.99081],[-76.21002,41.98908],[-76.21502,41.98898],[-76.21462,41.98451],[-76.21643,41.98414],[-76.21684,41.98863],[-76.21813,41.98863],[-76.21804,41.98436],[-76.22095,41.98413],[-76.22083,41.98259],[-76.22396,41.98253],[-76.22408,41.98473],[-76.22991,41.98438],[-76.22994,41.98384],[-76.23609,41.98778],[-76.23765,41.98617],[-76.24092,41.98089],[-76.24267,41.97911],[-76.22969,41.9795],[-76.22962,41.97842],[-76.22052,41.97842],[-76.22027,41.97565],[-76.22515,41.97539],[-76.22494,41.97257],[-76.22864,41.97216],[-76.22933,41.97348],[-76.23176,41.97328],[-76.23213,41.97467],[-76.2369,41.97425],[-76.23446,41.97042],[-76.24292,41.96945],[-76.2434,41.97035],[-76.24571,41.96936],[-76.24551,41.9692],[-76.25153,41.96567],[-76.25019,41.9638],[-76.24948,41.95568],[-76.24582,41.95666],[-76.24343,41.95645],[-76.24225,41.95997],[-76.24054,41.96071],[-76.23751,41.96094],[-76.23721,41.957],[-76.23112,41.95731],[-76.23172,41.96552],[-76.22991,41.96573],[-76.2301,41.96682],[-76.22705,41.9671],[-76.22735,41.96867],[-76.22473,41.96942],[-76.22418,41.96625],[-76.21922,41.9667],[-76.21919,41.96172],[-76.20587,41.96283],[-76.20593,41.95968],[-76.21273,41.95898],[-76.21202,41.95064],[-76.21357,41.95051],[-76.2132,41.94678],[-76.21932,41.94618],[-76.21963,41.94964],[-76.22384,41.9493],[-76.22323,41.9434],[-76.21753,41.94382],[-76.21744,41.94294],[-76.21061,41.94363],[-76.21025,41.94258],[-76.21055,41.94067],[-76.21261,41.93847],[-76.21268,41.93768],[-76.20809,41.9379],[-76.20834,41.93913],[-76.20223,41.93939],[-76.20277,41.94552],[-76.20633,41.94515],[-76.20761,41.95101],[-76.20493,41.95113],[-76.20554,41.95839],[-76.2014,41.9589],[-76.1998,41.96036],[-76.19706,41.96001],[-76.19618,41.96246],[-76.19636,41.96543],[-76.18955,41.96582],[-76.18967,41.9666],[-76.18555,41.96564],[-76.17909,41.96625],[-76.17928,41.96689],[-76.18034,41.96693],[-76.18085,41.96788],[-76.18165,41.96777],[-76.18187,41.96844],[-76.18114,41.96855],[-76.1816,41.96968],[-76.17407,41.97599],[-76.17204,41.97824],[-76.17109,41.9717],[-76.16454,41.97236],[-76.16202,41.97639],[-76.15677,41.98206],[-76.15924,41.9835],[-76.15948,41.98576],[-76.14696,41.97899],[-76.14422,41.98261],[-76.14788,41.98481],[-76.14633,41.98645],[-76.14946,41.98651],[-76.14903,41.99108],[-76.15069,41.99107],[-76.15073,41.99566],[-76.15375,41.99571],[-76.1538,41.99477],[-76.15696,41.99483],[-76.16218,41.99079],[-76.16224,41.99189],[-76.16244,41.99546]],[[-76.18748,41.97274],[-76.18906,41.97355],[-76.1878,41.9751],[-76.18287,41.97144],[-76.18161,41.96973],[-76.18349,41.97069],[-76.18748,41.97274]]]]},"properties":{"SGL":219,"NAME":"219","ACRES":5703.84968541,"PGC_REGION":5}},{"type":"Feature","geometry":{"type":"MultiPolygon","coordinates":[[[[-79.17129,40.40937],[-79.17943,40.41063],[-79.18078,40.39698],[-79.17182,40.39176],[-79.17198,40.39292],[-79.16409,40.39293],[-79.16081,40.39181],[-79.15864,40.39501],[-79.16629,40.39829],[-79.16623,40.4005],[-79.15701,40.39754],[-79.15621,40.39874],[-79.15505,40.39953],[-79.15578,40.40731],[-79.15347,40.40718],[-79.15518,40.40943],[-79.15734,40.41004],[-79.1655,40.40898],[-79.17129,40.40937]]],[[[-79.17072,40.41098],[-79.17819,40.41275],[-79.17441,40.411],[-79.17071,40.41083],[-79.17072,40.41098]]],[[[-79.14418,40.4363],[-79.14754,40.43681],[-79.14695,40.43829],[-79.14768,40.43683],[-79.14767,40.43564],[-79.14898,40.43584],[-79.14869,40.43698],[-79.14943,40.43708],[-79.15114,40.43598],[-79.15218,40.43681],[-79.15712,40.43541],[-79.15376,40.43386],[-79.15416,40.4318],[-79.15672,40.42878],[-79.16103,40.42804],[-79.16248,40.42712],[-79.1602,40.4169],[-79.16182,40.41686],[-79.16699,40.41928],[-79.16687,40.41846],[-79.16584,40.41768],[-79.16586,40.41678],[-79.17744,40.41686],[-79.17882,40.42045],[-79.18265,40.42002],[-79.18265,40.42166],[-79.18343,40.42356],[-79.18958,40.42508],[-79.1972,40.42801],[-79.19706,40.43024],[-79.20187,40.43071],[-79.20641,40.43059],[-79.20631,40.42981],[-79.2107,40.43014],[-79.21143,40.4308],[-79.21278,40.42967],[-79.20878,40.4284],[-79.20878,40.42494],[-79.21386,40.42632],[-79.21501,40.42545],[-79.2103,40.422],[-79.20639,40.41601],[-79.20128,40.41228],[-79.19984,40.41203],[-79.19808,40.41236],[-79.19416,40.41516],[-79.19027,40.41593],[-79.18469,40.41496],[-79.17013,40.41135],[-79.16498,40.41102],[-79.15854,40.41248],[-79.15572,40.41246],[-79.15292,40.41121],[-79.15086,40.4088],[-79.14797,40.41058],[-79.14637,40.41209],[-79.14551,40.41489],[-79.14261,40.41643],[-79.14079,40.41987],[-79.13846,40.42112],[-79.13773,40.42527],[-79.13909,40.42693],[-79.13891,40.42812],[-79.14568,40.42795],[-79.14414,40.4293],[-79.13712,40.42941],[-79.13618,40.43347],[-79.14466,40.43455],[-79.14418,40.4363]]]]},"properties":{"SGL":153,"NAME":"153","ACRES":2057.96,"PGC_REGION":2}},{"type":"Feature","geometry":{"type":"Polygon","coordinates":[[[-78.39014,40.00762],[-78.38966,40.00919],[-78.39058,40.00968],[-78.39279,40.01033],[-78.39783,40.01069],[-78.40178,40.01196],[-78.40276,40.0105],[-78.40179,40.00702],[-78.40401,40.00679],[-78.40501,40.00865],[-78.40877,40.00514],[-78.40823,40.00311],[-78.40695,40.00204],[-78.40998,40.00026],[-78.41459,40.00309],[-78.41998,39.99628],[-78.41832,39.9955],[-78.41864,39.99439],[-78.41784,39.99396],[-78.41906,39.99042],[-78.42062,39.99104],[-78.42125,39.98795],[-78.41428,39.98442],[-78.41849,39.9772],[-78.4319,39.95976],[-78.43784,39.96271],[-78.44428,39.95472],[-78.44661,39.95549],[-78.45047,39.94938],[-78.45561,39.95193],[-78.4545,39.95684],[-78.46175,39.95799],[-78.46217,39.95697],[-78.45974,39.95628],[-78.45978,39.95507],[-78.46044,39.95477],[-78.46031,39.95395],[-78.46165,39.95258],[-78.4623,39.95016],[-78.46016,39.94691],[-78.45285,39.94438],[-78.44608,39.94116],[-78.4503,39.93564],[-78.46965,39.91259],[-78.47215,39.91484],[-78.47278,39.91408],[-78.47552,39.91653],[-78.47985,39.91076],[-78.48684,39.90682],[-78.49308,39.91103],[-78.48949,39.90781],[-78.48716,39.90655],[-78.48926,39.90487],[-78.48136,39.90036],[-78.49038,39.89103],[-78.50797,39.87089],[-78.50466,39.86291],[-78.51281,39.86653],[-78.51372,39.86222],[-78.51994,39.86215],[-78.52164,39.85864],[-78.52024,39.85733],[-78.52402,39.85179],[-78.51886,39.85356],[-78.50963,39.85431],[-78.50697,39.84985],[-78.50465,39.84976],[-78.50356,39.849],[-78.49679,39.86218],[-78.49097,39.8622],[-78.49484,39.85239],[-78.50016,39.84636],[-78.49481,39.84526],[-78.49204,39.84964],[-78.49008,39.85438],[-78.49084,39.85472],[-78.4871,39.86235],[-78.48555,39.86189],[-78.4811,39.85928],[-78.48007,39.86085],[-78.47893,39.86119],[-78.46934,39.85619],[-78.4665,39.85712],[-78.45656,39.87176],[-78.45861,39.87275],[-78.45843,39.87299],[-78.45902,39.8735],[-78.45739,39.87486],[-78.45003,39.87179],[-78.4481,39.87553],[-78.44935,39.87607],[-78.44646,39.87949],[-78.4441,39.87849],[-78.44288,39.87956],[-78.43924,39.88407],[-78.44038,39.88445],[-78.43953,39.88523],[-78.44129,39.8861],[-78.44248,39.88452],[-78.44406,39.88479],[-78.44502,39.88241],[-78.44741,39.88322],[-78.45082,39.87883],[-78.45171,39.88016],[-78.4556,39.87894],[-78.45859,39.87994],[-78.46042,39.87845],[-78.45986,39.87805],[-78.46388,39.87446],[-78.46622,39.8747],[-78.46327,39.87693],[-78.46156,39.88081],[-78.45994,39.88211],[-78.46072,39.88277],[-78.45783,39.88728],[-78.46134,39.88764],[-78.45947,39.89246],[-78.45841,39.89298],[-78.45681,39.89269],[-78.45534,39.89497],[-78.45293,39.89458],[-78.4503,39.89579],[-78.44928,39.8968],[-78.44796,39.89574],[-78.44635,39.89698],[-78.45049,39.89928],[-78.44631,39.90362],[-78.45129,39.90653],[-78.44584,39.91268],[-78.43484,39.92685],[-78.43573,39.92727],[-78.4407,39.92096],[-78.45791,39.90289],[-78.46147,39.89837],[-78.46255,39.89846],[-78.46347,39.89761],[-78.46268,39.89703],[-78.46322,39.89645],[-78.46251,39.8959],[-78.47092,39.88635],[-78.46982,39.8864],[-78.47212,39.88438],[-78.47301,39.88388],[-78.47327,39.88417],[-78.47734,39.87964],[-78.47792,39.87826],[-78.48429,39.86964],[-78.48591,39.87029],[-78.48521,39.8714],[-78.48873,39.87326],[-78.4861,39.876],[-78.4937,39.87885],[-78.49254,39.88194],[-78.48895,39.87934],[-78.48603,39.88328],[-78.48897,39.88523],[-78.4877,39.88658],[-78.48441,39.88463],[-78.48134,39.88757],[-78.48492,39.89089],[-78.4782,39.8986],[-78.47651,39.8978],[-78.46953,39.90598],[-78.47003,39.90621],[-78.46854,39.90765],[-78.46839,39.90887],[-78.46576,39.91262],[-78.46375,39.91327],[-78.46084,39.91739],[-78.45593,39.91413],[-78.44871,39.92201],[-78.45099,39.92503],[-78.44891,39.92907],[-78.44553,39.93087],[-78.44451,39.93036],[-78.4355,39.94209],[-78.43403,39.94165],[-78.42808,39.9509],[-78.43062,39.95148],[-78.42079,39.96579],[-78.4199,39.96564],[-78.41619,39.97205],[-78.4145,39.9761],[-78.41154,39.97951],[-78.40838,39.98149],[-78.40741,39.98119],[-78.40047,39.98531],[-78.40312,39.98724],[-78.39392,40.00033],[-78.38873,39.99604],[-78.38761,39.99759],[-78.38747,39.99812],[-78.3919,40.00197],[-78.39014,40.00762]],[[-78.46471,39.88988],[-78.46596,39.88828],[-78.46478,39.88811],[-78.46795,39.88518],[-78.46967,39.88589],[-78.46491,39.88992],[-78.46471,39.88988]]]},"properties":{"SGL":97,"NAME":"097","ACRES":7624.17376851,"PGC_REGION":4}},{"type":"Feature","geometry":{"type":"MultiPolygon","coordinates":[[[[-76.1456,40.62727],[-76.14719,40.62771],[-76.15026,40.62963],[-76.15363,40.62951],[-76.155,40.62859],[-76.15998,40.62677],[-76.16246,40.62417],[-76.1665,40.62212],[-76.16672,40.62182],[-76.16499,40.62026],[-76.16494,40.61943],[-76.16837,40.61925],[-76.17322,40.62057],[-76.17315,40.61981],[-76.17058,40.61912],[-76.16784,40.61763],[-76.16365,40.61713],[-76.16156,40.61823],[-76.16019,40.61979],[-76.16087,40.61963],[-76.16121,40.62049],[-76.15696,40.6214],[-76.15749,40.62274],[-76.15232,40.62409],[-76.152,40.62474],[-76.15102,40.62532],[-76.15056,40.62421],[-76.14702,40.62489],[-76.1474,40.62589],[-76.14565,40.62593],[-76.1452,40.62475],[-76.13288,40.62557],[-76.13335,40.62654],[-76.13699,40.62659],[-76.14057,40.62753],[-76.14525,40.62724],[-76.1456,40.62727]]],[[[-76.1447,40.62758],[-76.14158,40.6278],[-76.15022,40.62991],[-76.14681,40.62787],[-76.14543,40.62758],[-76.1447,40.62758]]],[[[-76.14856,40.63228],[-76.15185,40.63378],[-76.153,40.63483],[-76.15363,40.63608],[-76.15463,40.63661],[-76.1574,40.63331],[-76.15754,40.63219],[-76.15876,40.63234],[-76.15749,40.63198],[-76.15862,40.6306],[-76.15615,40.62856],[-76.15453,40.62913],[-76.15486,40.63152],[-76.1545,40.63146],[-76.15412,40.62963],[-76.15137,40.63018],[-76.14818,40.62987],[-76.14782,40.63079],[-76.14167,40.62918],[-76.1421,40.62827],[-76.13686,40.62701],[-76.13737,40.62835],[-76.13728,40.6303],[-76.13796,40.63078],[-76.13864,40.63067],[-76.13846,40.63131],[-76.14105,40.63114],[-76.14425,40.63181],[-76.14458,40.63101],[-76.14804,40.63155],[-76.14856,40.63228]]]]},"properties":{"SGL":286,"NAME":"286","ACRES":488,"PGC_REGION":6}},{"type":"Feature","geometry":{"type":"MultiPolygon","coordinates":[[[[-78.91444,41.23922],[-78.91447,41.24012],[-78.91687,41.24008],[-78.91684,41.23918],[-78.91444,41.23922]]],[[[-78.96473,41.36934],[-78.96741,41.37068],[-78.96786,41.37252],[-78.97015,41.37535],[-78.97072,41.37581],[-78.97229,41.37606],[-78.97379,41.37527],[-78.97591,41.37315],[-78.97909,41.36882],[-78.98145,41.3672],[-78.98446,41.36621],[-78.98701,41.36756],[-78.99274,41.368],[-78.99843,41.36383],[-78.99887,41.36274],[-78.99908,41.36213],[-78.97891,41.36261],[-78.97843,41.34996],[-78.97857,41.3431],[-78.97966,41.34217],[-78.97854,41.34148],[-78.97858,41.33122],[-78.96211,41.33119],[-78.96223,41.31455],[-78.94899,41.3145],[-78.94369,41.32284],[-78.94367,41.33031],[-78.93086,41.33041],[-78.9309,41.33642],[-78.91866,41.33645],[-78.91852,41.32309],[-78.90493,41.32324],[-78.9049,41.31868],[-78.90413,41.31868],[-78.90405,41.31495],[-78.91836,41.31483],[-78.91835,41.31111],[-78.90936,41.31125],[-78.90931,41.30751],[-78.90191,41.30754],[-78.90176,41.2974],[-78.89979,41.29741],[-78.89962,41.29281],[-78.89453,41.29278],[-78.89444,41.28599],[-78.91777,41.28612],[-78.9177,41.27783],[-78.92465,41.27782],[-78.91254,41.26913],[-78.91227,41.26642],[-78.92349,41.26634],[-78.92383,41.27091],[-78.92616,41.27088],[-78.92623,41.28619],[-78.93192,41.28618],[-78.93193,41.28088],[-78.93503,41.28085],[-78.93518,41.2707],[-78.94377,41.27069],[-78.94458,41.26997],[-78.9496,41.26964],[-78.94958,41.26092],[-78.94895,41.26089],[-78.94611,41.2574],[-78.94361,41.25746],[-78.94366,41.26585],[-78.93432,41.26605],[-78.93418,41.25766],[-78.92582,41.25782],[-78.9258,41.25715],[-78.91435,41.25722],[-78.9143,41.25129],[-78.91721,41.2514],[-78.9169,41.24122],[-78.9085,41.24135],[-78.90847,41.24022],[-78.90007,41.24035],[-78.9001,41.24126],[-78.89854,41.24128],[-78.89888,41.25273],[-78.88421,41.25269],[-78.88422,41.25663],[-78.87492,41.25977],[-78.87497,41.2635],[-78.86837,41.26362],[-78.86616,41.26606],[-78.86248,41.26581],[-78.86242,41.27234],[-78.84481,41.27244],[-78.84487,41.27832],[-78.85094,41.27823],[-78.85099,41.28289],[-78.84016,41.28293],[-78.84007,41.28064],[-78.83525,41.2807],[-78.83523,41.28137],[-78.8303,41.28131],[-78.8304,41.27908],[-78.83214,41.27907],[-78.83209,41.27544],[-78.82957,41.27547],[-78.82954,41.27482],[-78.81888,41.27453],[-78.81886,41.2721],[-78.81652,41.26929],[-78.80671,41.26959],[-78.80653,41.26663],[-78.79431,41.26153],[-78.78326,41.28415],[-78.95926,41.36276],[-78.95933,41.37093],[-78.96194,41.3695],[-78.96385,41.36929],[-78.96473,41.36934]],[[-78.96206,41.3481],[-78.95688,41.35039],[-78.95443,41.34723],[-78.95963,41.34479],[-78.96206,41.3481]],[[-78.83561,41.28901],[-78.83631,41.28923],[-78.83646,41.28999],[-78.83555,41.292],[-78.83392,41.29161],[-78.83509,41.28885],[-78.83561,41.28901]],[[-78.824,41.28406],[-78.80714,41.28425],[-78.80715,41.28063],[-78.82394,41.28045],[-78.82395,41.28147],[-78.824,41.28406]],[[-78.8262,41.2812],[-78.82551,41.28018],[-78.82361,41.2789],[-78.82389,41.27839],[-78.82512,41.27892],[-78.82601,41.27987],[-78.82675,41.28138],[-78.82636,41.28159],[-78.8262,41.2812]],[[-78.87514,41.27056],[-78.87525,41.27783],[-78.86904,41.27793],[-78.86899,41.27578],[-78.87345,41.27488],[-78.87339,41.27098],[-78.87309,41.27049],[-78.87514,41.27056]],[[-78.80698,41.27565],[-78.80707,41.27792],[-78.80131,41.27798],[-78.80123,41.27234],[-78.80685,41.27228],[-78.80687,41.2729],[-78.80698,41.27565]]]]},"properties":{"SGL":54,"NAME":"054","ACRES":19406.6339474,"PGC_REGION":1}},{"type":"Feature","geometry":{"type":"Polygon","coordinates":[[[-78.13615,40.89136],[-78.1446,40.89876],[-78.15867,40.88948],[-78.16348,40.89391],[-78.16944,40.88449],[-78.16721,40.88378],[-78.16782,40.88264],[-78.17264,40.87949],[-78.1621,40.87009],[-78.16919,40.86531],[-78.17072,40.86541],[-78.17208,40.86605],[-78.17996,40.86075],[-78.19788,40.87688],[-78.19906,40.88928],[-78.19984,40.89097],[-78.20465,40.8878],[-78.20482,40.88284],[-78.2023,40.88269],[-78.20181,40.88072],[-78.20151,40.88071],[-78.20158,40.87959],[-78.20482,40.87678],[-78.20172,40.87481],[-78.20605,40.87202],[-78.20501,40.87166],[-78.20476,40.87015],[-78.20567,40.86872],[-78.20571,40.86783],[-78.20737,40.8679],[-78.20904,40.86587],[-78.20782,40.86454],[-78.20553,40.86346],[-78.20361,40.86306],[-78.2033,40.86167],[-78.20252,40.86129],[-78.2029,40.86093],[-78.20312,40.85924],[-78.1942,40.85087],[-78.20942,40.84075],[-78.20012,40.83245],[-78.21484,40.82271],[-78.21139,40.81968],[-78.21256,40.8189],[-78.21606,40.82186],[-78.21931,40.81971],[-78.21781,40.81884],[-78.21731,40.81703],[-78.21802,40.81251],[-78.21568,40.80833],[-78.21603,40.80808],[-78.21178,40.80437],[-78.2192,40.79947],[-78.2234,40.80316],[-78.22882,40.7997],[-78.22943,40.79126],[-78.23174,40.7932],[-78.23665,40.78733],[-78.23612,40.78697],[-78.23715,40.78575],[-78.23772,40.78609],[-78.24036,40.7836],[-78.24029,40.78242],[-78.23781,40.77852],[-78.23755,40.77645],[-78.23503,40.77443],[-78.23507,40.77362],[-78.23618,40.77171],[-78.23539,40.77029],[-78.23563,40.76833],[-78.23498,40.76508],[-78.23281,40.7666],[-78.22991,40.76791],[-78.22299,40.75834],[-78.21966,40.75589],[-78.21306,40.75823],[-78.20959,40.76136],[-78.20753,40.76427],[-78.20228,40.76591],[-78.20738,40.77241],[-78.19025,40.77998],[-78.1723,40.79068],[-78.1714,40.78956],[-78.16556,40.79429],[-78.15653,40.79803],[-78.16476,40.80311],[-78.15444,40.81012],[-78.15497,40.81162],[-78.15442,40.81395],[-78.14409,40.81065],[-78.13838,40.81445],[-78.13286,40.80872],[-78.13099,40.81071],[-78.13214,40.81191],[-78.1294,40.81363],[-78.12796,40.81255],[-78.1262,40.81381],[-78.12492,40.81281],[-78.1154,40.81993],[-78.11796,40.82264],[-78.12304,40.8203],[-78.12461,40.81861],[-78.12606,40.81783],[-78.12661,40.81876],[-78.1252,40.81957],[-78.12363,40.82118],[-78.12682,40.82196],[-78.12661,40.82236],[-78.11655,40.82906],[-78.1458,40.85477],[-78.14716,40.85396],[-78.14922,40.85584],[-78.14789,40.85664],[-78.15377,40.86177],[-78.16051,40.85793],[-78.16413,40.86058],[-78.15697,40.86484],[-78.15525,40.86312],[-78.11571,40.88832],[-78.12507,40.89657],[-78.13485,40.89022],[-78.13615,40.89136]],[[-78.16266,40.85789],[-78.16382,40.85873],[-78.16284,40.85945],[-78.1616,40.85854],[-78.16251,40.85778],[-78.16266,40.85789]],[[-78.20632,40.78568],[-78.20538,40.78543],[-78.20615,40.78357],[-78.20717,40.78379],[-78.20674,40.78475],[-78.20632,40.78568]]]},"properties":{"SGL":33,"NAME":"033","ACRES":17753.129,"PGC_REGION":3}},{"type":"Feature","geometry":{"type":"Polygon","coordinates":[[[-77.70228,41.04145],[-77.70254,41.04181],[-77.7012,41.04497],[-77.70193,41.04709],[-77.70298,41.04711],[-77.70686,41.0433],[-77.70931,41.04266],[-77.71318,41.04013],[-77.71632,41.03945],[-77.71721,41.03851],[-77.72039,41.03953],[-77.72588,41.03342],[-77.7205,41.028],[-77.72116,41.02733],[-77.72304,41.02665],[-77.72286,41.02424],[-77.72484,41.02312],[-77.7279,41.02469],[-77.72739,41.02582],[-77.7274,41.0314],[-77.72832,41.0326],[-77.73003,41.03189],[-77.73178,41.03314],[-77.73062,41.0338],[-77.73327,41.03799],[-77.73639,41.03667],[-77.73588,41.0365],[-77.73674,41.03595],[-77.73908,41.03285],[-77.73469,41.03341],[-77.73413,41.02432],[-77.72562,41.02139],[-77.72586,41.02055],[-77.73034,41.01879],[-77.73076,41.01802],[-77.73189,41.01767],[-77.73258,41.01791],[-77.73616,41.01662],[-77.73743,41.01859],[-77.7436,41.01598],[-77.74478,41.01735],[-77.74896,41.01459],[-77.75136,41.01547],[-77.75526,41.01605],[-77.75661,41.01685],[-77.76092,41.01551],[-77.76055,41.01266],[-77.75935,41.01054],[-77.75878,41.01064],[-77.75842,41.01004],[-77.75876,41.01081],[-77.75822,41.01083],[-77.75791,41.01024],[-77.75811,41.0109],[-77.7574,41.01099],[-77.75712,41.01046],[-77.75682,41.01059],[-77.75685,41.01142],[-77.75375,41.01196],[-77.75235,41.01173],[-77.75252,41.01122],[-77.75387,41.01092],[-77.75451,41.0095],[-77.75613,41.00875],[-77.75696,41.00648],[-77.75814,41.0065],[-77.75945,41.00407],[-77.76122,41.00237],[-77.76087,41.00156],[-77.76105,41.0006],[-77.76232,41.00104],[-77.76238,40.99875],[-77.76304,40.9989],[-77.7647,41.00038],[-77.76534,41.00028],[-77.76601,41.00086],[-77.76567,41.00109],[-77.76859,41.00305],[-77.77414,40.99835],[-77.76906,40.99479],[-77.77062,40.99435],[-77.77321,40.99428],[-77.77462,40.99135],[-77.7754,40.99136],[-77.77868,40.98807],[-77.7788,40.98738],[-77.77949,40.98706],[-77.77593,40.98472],[-77.77959,40.98238],[-77.78529,40.98648],[-77.79261,40.98204],[-77.78934,40.97936],[-77.79042,40.97896],[-77.78561,40.97465],[-77.78868,40.97292],[-77.78827,40.97255],[-77.78866,40.97231],[-77.78605,40.96864],[-77.78552,40.96815],[-77.78135,40.97085],[-77.78033,40.97005],[-77.77236,40.97555],[-77.76843,40.97224],[-77.75758,40.97895],[-77.75584,40.97906],[-77.75477,40.98085],[-77.74501,40.98369],[-77.74792,40.98891],[-77.74253,40.99094],[-77.7437,40.99183],[-77.73618,40.9966],[-77.73906,40.99911],[-77.74063,41.00203],[-77.73978,41.00267],[-77.74354,41.00442],[-77.74067,41.00673],[-77.74391,41.0093],[-77.74309,41.00997],[-77.74149,41.00894],[-77.73998,41.00728],[-77.73623,41.00996],[-77.72543,41.00216],[-77.72154,41.0056],[-77.71382,41.01073],[-77.7075,41.00607],[-77.70462,41.00884],[-77.70916,41.01208],[-77.69854,41.02125],[-77.7067,41.02691],[-77.70346,41.02926],[-77.70489,41.03026],[-77.70023,41.03301],[-77.6961,41.03058],[-77.6954,41.02892],[-77.6915,41.02755],[-77.68988,41.02879],[-77.69767,41.03702],[-77.68889,41.03748],[-77.69312,41.04127],[-77.69512,41.04384],[-77.69914,41.03995],[-77.70077,41.03935],[-77.70228,41.04145]]]},"properties":{"SGL":92,"NAME":"092","ACRES":5233.467,"PGC_REGION":3}},{"type":"Feature","geometry":{"type":"MultiPolygon","coordinates":[[[[-75.7416,40.90064],[-75.7426,40.90165],[-75.74827,40.90523],[-75.74928,40.90683],[-75.74817,40.90893],[-75.75371,40.90963],[-75.75389,40.91405],[-75.7532,40.91408],[-75.75392,40.91854],[-75.74065,40.9197],[-75.74329,40.92253],[-75.74506,40.92537],[-75.74488,40.92726],[-75.74384,40.92936],[-75.76288,40.93873],[-75.79781,40.92857],[-75.79663,40.92718],[-75.79852,40.92635],[-75.79382,40.92038],[-75.80721,40.91421],[-75.81684,40.90756],[-75.83903,40.90034],[-75.84299,40.90725],[-75.86005,40.90178],[-75.85557,40.8918],[-75.8805,40.88489],[-75.87764,40.87801],[-75.87682,40.8782],[-75.87241,40.86779],[-75.8551,40.87393],[-75.85701,40.87889],[-75.85395,40.87872],[-75.8538,40.8879],[-75.81635,40.88815],[-75.81193,40.88901],[-75.81168,40.88594],[-75.8126,40.88582],[-75.81234,40.87923],[-75.81027,40.87934],[-75.81018,40.87726],[-75.80616,40.8777],[-75.80594,40.87238],[-75.79725,40.87313],[-75.79736,40.87347],[-75.79238,40.87391],[-75.79348,40.87718],[-75.77368,40.88078],[-75.77274,40.8785],[-75.76844,40.88129],[-75.76429,40.8822],[-75.76328,40.88358],[-75.75932,40.88498],[-75.75785,40.88842],[-75.75729,40.88791],[-75.75618,40.89313],[-75.75496,40.89519],[-75.7528,40.89573],[-75.74687,40.89563],[-75.74278,40.89745],[-75.74159,40.8987],[-75.74133,40.89967],[-75.7416,40.90064]]],[[[-75.64308,40.98534],[-75.64474,40.9884],[-75.64249,40.9891],[-75.64431,40.99293],[-75.65388,40.98996],[-75.65537,40.98617],[-75.66067,40.98607],[-75.66276,40.98484],[-75.6624,40.98394],[-75.66327,40.98363],[-75.66405,40.98402],[-75.6686,40.98146],[-75.66752,40.98028],[-75.65849,40.9788],[-75.65932,40.97607],[-75.66708,40.97739],[-75.65956,40.96708],[-75.67927,40.96414],[-75.68049,40.96386],[-75.68062,40.96245],[-75.68265,40.96204],[-75.68323,40.96264],[-75.68319,40.96343],[-75.68434,40.96098],[-75.68579,40.96085],[-75.68499,40.95032],[-75.69886,40.94982],[-75.6989,40.95135],[-75.69812,40.95138],[-75.70313,40.96724],[-75.70646,40.9671],[-75.70652,40.96812],[-75.70721,40.96812],[-75.70742,40.96952],[-75.70859,40.96951],[-75.7086,40.96985],[-75.70581,40.97026],[-75.70689,40.97348],[-75.70451,40.97437],[-75.70425,40.97403],[-75.69248,40.97436],[-75.68318,40.97966],[-75.68939,40.98686],[-75.71013,40.97717],[-75.71272,40.98035],[-75.71401,40.97969],[-75.71815,40.98513],[-75.71976,40.98443],[-75.7219,40.98199],[-75.72435,40.9808],[-75.72857,40.97989],[-75.73847,40.97672],[-75.74401,40.97402],[-75.74556,40.97386],[-75.74834,40.97435],[-75.75152,40.97252],[-75.75394,40.96925],[-75.75412,40.96728],[-75.75357,40.96631],[-75.75164,40.96604],[-75.74929,40.96717],[-75.74596,40.97052],[-75.74435,40.97117],[-75.74063,40.96994],[-75.73591,40.96909],[-75.73095,40.96979],[-75.72431,40.96987],[-75.72285,40.97027],[-75.72017,40.97193],[-75.7179,40.97249],[-75.71446,40.97263],[-75.71318,40.97222],[-75.71133,40.96987],[-75.70771,40.96765],[-75.70629,40.9663],[-75.70478,40.96283],[-75.70299,40.95651],[-75.70266,40.95665],[-75.70189,40.95547],[-75.70231,40.9553],[-75.70125,40.95303],[-75.70112,40.95232],[-75.70206,40.95123],[-75.70452,40.95124],[-75.70986,40.95448],[-75.713,40.95531],[-75.71633,40.9538],[-75.71911,40.95307],[-75.73782,40.95051],[-75.74324,40.95015],[-75.74532,40.94885],[-75.74644,40.94624],[-75.73968,40.93622],[-75.73992,40.93253],[-75.74099,40.9298],[-75.74372,40.92757],[-75.74448,40.92537],[-75.74296,40.92321],[-75.7391,40.91996],[-75.73838,40.91847],[-75.73785,40.91398],[-75.72297,40.92098],[-75.72269,40.9206],[-75.71047,40.9267],[-75.71431,40.93094],[-75.71059,40.93297],[-75.7122,40.93491],[-75.706,40.93596],[-75.7054,40.9337],[-75.69534,40.93588],[-75.69796,40.94384],[-75.68884,40.94539],[-75.68784,40.94363],[-75.68996,40.94328],[-75.68626,40.93773],[-75.6705,40.94007],[-75.67153,40.94411],[-75.67205,40.94402],[-75.67539,40.95485],[-75.65796,40.95796],[-75.65958,40.96317],[-75.65918,40.96336],[-75.65718,40.96059],[-75.65562,40.9612],[-75.65379,40.9587],[-75.65068,40.95986],[-75.65265,40.96015],[-75.65346,40.96111],[-75.65195,40.96128],[-75.65081,40.96215],[-75.65041,40.96396],[-75.65085,40.96345],[-75.65291,40.96537],[-75.65237,40.96567],[-75.65493,40.96788],[-75.64855,40.97041],[-75.64796,40.97126],[-75.64385,40.97354],[-75.64399,40.97508],[-75.63868,40.9772],[-75.64093,40.98136],[-75.64308,40.98534]]]]},"properties":{"SGL":141,"NAME":"141","ACRES":16587.6046598,"PGC_REGION":5}},{"type":"Feature","geometry":{"type":"MultiPolygon","coordinates":[[[[-78.51822,40.65497],[-78.52364,40.65649],[-78.52744,40.65486],[-78.53079,40.65471],[-78.5309,40.65638],[-78.5329,40.65631],[-78.53279,40.65464],[-78.54036,40.65406],[-78.55639,40.65023],[-78.56133,40.64898],[-78.56715,40.6463],[-78.56162,40.6433],[-78.56226,40.64293],[-78.55963,40.64105],[-78.56323,40.63882],[-78.5618,40.63776],[-78.55628,40.6398],[-78.55531,40.63785],[-78.54488,40.64359],[-78.54621,40.64456],[-78.54431,40.64541],[-78.54091,40.64554],[-78.5384,40.64428],[-78.5376,40.64341],[-78.53778,40.64245],[-78.53918,40.6411],[-78.53847,40.63973],[-78.53633,40.63981],[-78.5345,40.64198],[-78.53301,40.64237],[-78.53268,40.64317],[-78.53333,40.64332],[-78.53306,40.64364],[-78.52678,40.64551],[-78.52261,40.64346],[-78.51736,40.65246],[-78.51645,40.65428],[-78.51699,40.65455],[-78.51822,40.65497]]],[[[-78.58152,40.68248],[-78.58512,40.68854],[-78.58594,40.68693],[-78.58772,40.68669],[-78.58783,40.68231],[-78.60214,40.68255],[-78.60215,40.67998],[-78.60373,40.68046],[-78.60711,40.68007],[-78.60729,40.67916],[-78.60876,40.67931],[-78.60854,40.6802],[-78.61176,40.67977],[-78.61175,40.67898],[-78.61897,40.67898],[-78.61901,40.67575],[-78.62538,40.6758],[-78.6254,40.67295],[-78.63211,40.67304],[-78.63217,40.6693],[-78.61988,40.66914],[-78.61992,40.662],[-78.64221,40.66188],[-78.64239,40.65074],[-78.64077,40.65073],[-78.64048,40.64944],[-78.63352,40.64876],[-78.63354,40.64741],[-78.62582,40.64709],[-78.62571,40.65024],[-78.62841,40.65032],[-78.62832,40.65446],[-78.6334,40.65449],[-78.63336,40.65774],[-78.62565,40.6577],[-78.62571,40.65441],[-78.62002,40.65431],[-78.62009,40.64696],[-78.62295,40.64703],[-78.62661,40.64339],[-78.6255,40.64101],[-78.623,40.64049],[-78.62285,40.6426],[-78.61598,40.64229],[-78.61614,40.64489],[-78.6147,40.64485],[-78.61402,40.64414],[-78.61545,40.64062],[-78.60951,40.64058],[-78.60954,40.64974],[-78.60082,40.64734],[-78.59819,40.64787],[-78.59525,40.64616],[-78.59239,40.64721],[-78.59235,40.64992],[-78.60375,40.64999],[-78.60371,40.65278],[-78.60135,40.65487],[-78.59778,40.6548],[-78.59773,40.65761],[-78.59618,40.65926],[-78.59036,40.65921],[-78.5903,40.65733],[-78.58536,40.65719],[-78.58498,40.6603],[-78.582,40.66025],[-78.57966,40.65885],[-78.57849,40.65994],[-78.57758,40.66231],[-78.57833,40.66231],[-78.57886,40.66144],[-78.58096,40.66165],[-78.58395,40.66333],[-78.58233,40.66453],[-78.58169,40.66439],[-78.58072,40.66888],[-78.57677,40.66787],[-78.57435,40.67182],[-78.58088,40.68155],[-78.58152,40.68248]]],[[[-78.44178,40.68918],[-78.44187,40.69268],[-78.44619,40.69067],[-78.44468,40.68899],[-78.44941,40.68718],[-78.45518,40.68742],[-78.45538,40.68321],[-78.45569,40.68285],[-78.45676,40.68353],[-78.45805,40.68132],[-78.46235,40.68176],[-78.46235,40.6799],[-78.46113,40.67991],[-78.46111,40.67809],[-78.4623,40.67808],[-78.46226,40.67319],[-78.48876,40.67308],[-78.48846,40.67183],[-78.48951,40.67162],[-78.48947,40.67114],[-78.49014,40.67128],[-78.49011,40.6709],[-78.49161,40.67147],[-78.49181,40.67052],[-78.49222,40.67049],[-78.49215,40.669],[-78.4929,40.66904],[-78.49293,40.66856],[-78.49016,40.66847],[-78.49018,40.66714],[-78.49223,40.66712],[-78.49273,40.6657],[-78.49372,40.66588],[-78.49441,40.66377],[-78.49672,40.66374],[-78.49674,40.66804],[-78.50771,40.66793],[-78.50722,40.66764],[-78.50731,40.66723],[-78.50932,40.66388],[-78.50422,40.66404],[-78.50191,40.65674],[-78.50984,40.65662],[-78.50988,40.65566],[-78.51145,40.65326],[-78.51097,40.65327],[-78.51084,40.64225],[-78.50689,40.64225],[-78.50684,40.63871],[-78.50001,40.63874],[-78.50196,40.63075],[-78.501,40.62665],[-78.50317,40.62612],[-78.50353,40.62481],[-78.50147,40.62489],[-78.49692,40.63092],[-78.4962,40.63091],[-78.49618,40.62953],[-78.49909,40.62478],[-78.48832,40.62501],[-78.48801,40.61363],[-78.47673,40.61377],[-78.4784,40.61529],[-78.47804,40.6155],[-78.4762,40.61377],[-78.46867,40.61403],[-78.46803,40.59931],[-78.47298,40.59921],[-78.473,40.59839],[-78.47569,40.59844],[-78.47549,40.59246],[-78.46756,40.59267],[-78.4673,40.58845],[-78.46634,40.58858],[-78.45949,40.59174],[-78.45666,40.58828],[-78.40721,40.61082],[-78.39069,40.61774],[-78.39122,40.61845],[-78.3879,40.62021],[-78.38684,40.6363],[-78.39049,40.63793],[-78.39658,40.63863],[-78.40022,40.64137],[-78.40114,40.6436],[-78.40021,40.64707],[-78.4003,40.64928],[-78.40252,40.65313],[-78.40463,40.65574],[-78.40612,40.65895],[-78.40589,40.66073],[-78.40682,40.66707],[-78.40678,40.66918],[-78.40789,40.669],[-78.40789,40.66928],[-78.40731,40.6693],[-78.40786,40.66957],[-78.40784,40.67004],[-78.40665,40.66989],[-78.40587,40.67256],[-78.40592,40.67818],[-78.40974,40.67653],[-78.41243,40.67979],[-78.43142,40.67147],[-78.43662,40.67825],[-78.43468,40.67914],[-78.43646,40.68146],[-78.43441,40.68246],[-78.44161,40.68243],[-78.44163,40.68581],[-78.43407,40.68583],[-78.43409,40.6871],[-78.43213,40.68713],[-78.43216,40.68745],[-78.43318,40.68743],[-78.4332,40.68798],[-78.4322,40.68799],[-78.4322,40.68927],[-78.44146,40.68917],[-78.44178,40.68918]],[[-78.4969,40.66152],[-78.49612,40.66307],[-78.49473,40.66304],[-78.49639,40.6576],[-78.49594,40.65663],[-78.49367,40.65519],[-78.49402,40.65484],[-78.49273,40.65431],[-78.49275,40.65399],[-78.49538,40.65378],[-78.49762,40.65557],[-78.49777,40.65676],[-78.49891,40.65695],[-78.49924,40.65862],[-78.4987,40.66148],[-78.49769,40.65994],[-78.4969,40.66152]],[[-78.47396,40.65663],[-78.47395,40.65914],[-78.46858,40.65906],[-78.46855,40.65514],[-78.47394,40.65522],[-78.47396,40.65663],[-78.47396,40.65663]],[[-78.49241,40.65439],[-78.49314,40.65464],[-78.49312,40.65498],[-78.49181,40.65458],[-78.4923,40.65436],[-78.49241,40.65439]],[[-78.48876,40.6534],[-78.48821,40.65304],[-78.48873,40.65269],[-78.4892,40.65311],[-78.48876,40.6534]]],[[[-78.50427,40.69218],[-78.50403,40.69355],[-78.5052,40.69466],[-78.50567,40.69573],[-78.50945,40.69686],[-78.51201,40.69674],[-78.51059,40.6945],[-78.51154,40.69271],[-78.51517,40.69068],[-78.51794,40.68691],[-78.51354,40.68568],[-78.51613,40.68045],[-78.51292,40.68061],[-78.5092,40.67978],[-78.50667,40.68328],[-78.50435,40.68174],[-78.50225,40.68607],[-78.50628,40.68751],[-78.50756,40.68636],[-78.50833,40.6872],[-78.50648,40.68922],[-78.50563,40.6894],[-78.50524,40.68993],[-78.50563,40.69123],[-78.50493,40.69142],[-78.50423,40.69022],[-78.50382,40.6907],[-78.50427,40.69218]]],[[[-78.4974,40.71809],[-78.5032,40.71782],[-78.50536,40.71013],[-78.50421,40.7099],[-78.50426,40.70756],[-78.49653,40.70774],[-78.49736,40.71712],[-78.4974,40.71809]]]]},"properties":{"SGL":108,"NAME":"108","ACRES":22758.1390782,"PGC_REGION":2}},{"type":"Feature","geometry":{"type":"MultiPolygon","coordinates":[[[[-80.3593,40.95001],[-80.36049,40.94994],[-80.36026,40.94942],[-80.36147,40.94908],[-80.36145,40.94827],[-80.36009,40.9492],[-80.36013,40.94815],[-80.35921,40.9482],[-80.3593,40.95001]]],[[[-80.34014,40.94735],[-80.33571,40.95283],[-80.3374,40.95273],[-80.33835,40.95068],[-80.34126,40.94868],[-80.34214,40.94729],[-80.34014,40.94735]]],[[[-80.35486,40.95383],[-80.35837,40.95375],[-80.35821,40.95001],[-80.35474,40.95072],[-80.35486,40.95383]]],[[[-80.33881,40.9557],[-80.34247,40.95563],[-80.34254,40.95855],[-80.345,40.95852],[-80.34497,40.9568],[-80.34833,40.95669],[-80.34585,40.95394],[-80.34607,40.95245],[-80.34894,40.95241],[-80.34747,40.9495],[-80.35112,40.94774],[-80.35809,40.94753],[-80.358,40.94591],[-80.35854,40.94587],[-80.35892,40.94418],[-80.35876,40.93735],[-80.35073,40.93751],[-80.35078,40.93808],[-80.34493,40.93834],[-80.34294,40.93915],[-80.34204,40.94039],[-80.34154,40.94371],[-80.34392,40.94384],[-80.3432,40.94727],[-80.34258,40.94728],[-80.34163,40.94886],[-80.33863,40.95096],[-80.33785,40.95271],[-80.3389,40.95265],[-80.33881,40.9557]]]]},"properties":{"SGL":336,"NAME":"336","ACRES":591.202,"PGC_REGION":1}},{"type":"Feature","geometry":{"type":"Polygon","coordinates":[[[-79.95267,41.7141],[-79.95216,41.7077],[-79.95572,41.70764],[-79.95577,41.70809],[-79.95674,41.70808],[-79.95641,41.70435],[-79.94944,41.70464],[-79.94963,41.70773],[-79.94529,41.70781],[-79.94577,41.71432],[-79.95267,41.7141]]]},"properties":{"SGL":200,"NAME":"200","ACRES":154.72741814,"PGC_REGION":1}},{"type":"Feature","geometry":{"type":"MultiPolygon","coordinates":[[[[-79.13904,40.45618],[-79.13775,40.45705],[-79.13754,40.4579],[-79.12688,40.4602],[-79.12994,40.46569],[-79.14355,40.46595],[-79.14364,40.45625],[-79.14215,40.45537],[-79.13904,40.45618]]],[[[-79.10901,40.50476],[-79.11163,40.50662],[-79.11049,40.50757],[-79.11104,40.50922],[-79.11476,40.50903],[-79.11493,40.50596],[-79.11614,40.50464],[-79.11828,40.50555],[-79.12208,40.50153],[-79.11642,40.50061],[-79.11912,40.49784],[-79.11529,40.4959],[-79.1189,40.49029],[-79.12093,40.49016],[-79.12256,40.48396],[-79.12499,40.48433],[-79.13012,40.48271],[-79.1315,40.48305],[-79.13261,40.48374],[-79.13252,40.48715],[-79.14006,40.48489],[-79.14015,40.48597],[-79.14228,40.48634],[-79.14676,40.49417],[-79.14514,40.49472],[-79.14446,40.49745],[-79.15057,40.49522],[-79.1518,40.49312],[-79.15345,40.49413],[-79.15438,40.49379],[-79.15453,40.49303],[-79.15809,40.49209],[-79.15689,40.48962],[-79.15337,40.48948],[-79.15129,40.48874],[-79.16212,40.4889],[-79.16435,40.4879],[-79.16619,40.48631],[-79.16744,40.48422],[-79.1653,40.48303],[-79.16897,40.47994],[-79.1691,40.48022],[-79.17063,40.4797],[-79.17741,40.47708],[-79.17641,40.47526],[-79.17599,40.47554],[-79.17499,40.47511],[-79.17498,40.47373],[-79.17582,40.47368],[-79.1742,40.47014],[-79.17628,40.46948],[-79.17528,40.4679],[-79.17512,40.46656],[-79.17435,40.46652],[-79.17509,40.46148],[-79.17455,40.46067],[-79.17481,40.46052],[-79.17408,40.45949],[-79.17269,40.45867],[-79.1735,40.4582],[-79.17983,40.45946],[-79.1795,40.45749],[-79.17827,40.45565],[-79.17396,40.45463],[-79.17404,40.45398],[-79.18108,40.45453],[-79.18192,40.45336],[-79.18053,40.45252],[-79.18148,40.45133],[-79.18087,40.45091],[-79.1816,40.45022],[-79.18414,40.45042],[-79.18532,40.44904],[-79.18632,40.44915],[-79.18679,40.44823],[-79.18526,40.44759],[-79.18706,40.44237],[-79.18459,40.44229],[-79.18378,40.44166],[-79.1833,40.44206],[-79.18167,40.44109],[-79.18212,40.43997],[-79.17798,40.43676],[-79.17457,40.43767],[-79.17571,40.43536],[-79.17315,40.43437],[-79.17007,40.43121],[-79.1632,40.43612],[-79.16962,40.43879],[-79.16747,40.43934],[-79.16648,40.44136],[-79.16778,40.44227],[-79.16509,40.4449],[-79.16477,40.44604],[-79.1667,40.44715],[-79.17719,40.4473],[-79.17388,40.45103],[-79.16859,40.44942],[-79.16383,40.4499],[-79.16192,40.45849],[-79.16019,40.45825],[-79.15889,40.46786],[-79.15682,40.46777],[-79.15376,40.46943],[-79.15369,40.47445],[-79.15468,40.47437],[-79.15322,40.47632],[-79.14738,40.47494],[-79.14701,40.47425],[-79.14271,40.471],[-79.1271,40.47007],[-79.12187,40.46869],[-79.1196,40.47012],[-79.11896,40.47107],[-79.11893,40.47198],[-79.11476,40.47208],[-79.11395,40.47155],[-79.11098,40.471],[-79.10559,40.47313],[-79.10044,40.47265],[-79.09766,40.4733],[-79.09703,40.47391],[-79.09495,40.47409],[-79.09476,40.47454],[-79.09305,40.47461],[-79.09241,40.47542],[-79.09288,40.47555],[-79.09262,40.47625],[-79.09224,40.47617],[-79.09214,40.47712],[-79.09318,40.47737],[-79.09628,40.47466],[-79.09776,40.47539],[-79.09879,40.47452],[-79.10393,40.47788],[-79.10351,40.47865],[-79.10157,40.47953],[-79.10097,40.48041],[-79.10159,40.48038],[-79.10364,40.48224],[-79.10363,40.48342],[-79.10327,40.48317],[-79.10037,40.48533],[-79.10292,40.4875],[-79.10304,40.48825],[-79.10345,40.48844],[-79.10242,40.49042],[-79.1045,40.49181],[-79.10511,40.49127],[-79.10805,40.49167],[-79.10878,40.49222],[-79.10758,40.49375],[-79.10634,40.49297],[-79.1062,40.49327],[-79.11031,40.49573],[-79.11,40.49597],[-79.11026,40.4964],[-79.10866,40.49721],[-79.10913,40.49803],[-79.10513,40.49743],[-79.10493,40.49887],[-79.10695,40.49923],[-79.10823,40.50136],[-79.10815,40.50414],[-79.10901,40.50476]],[[-79.11332,40.4995],[-79.11349,40.49987],[-79.1124,40.50012],[-79.11198,40.49931],[-79.11313,40.49908],[-79.11332,40.4995]],[[-79.10915,40.48631],[-79.11126,40.48759],[-79.11059,40.48836],[-79.10881,40.48721],[-79.10908,40.48626],[-79.10915,40.48631]],[[-79.11242,40.48427],[-79.11062,40.48513],[-79.10973,40.48436],[-79.11071,40.48255],[-79.11365,40.48137],[-79.11544,40.48196],[-79.11544,40.48283],[-79.11242,40.48427]],[[-79.16208,40.46813],[-79.16784,40.46938],[-79.16703,40.472],[-79.16962,40.47223],[-79.16669,40.4749],[-79.16187,40.47261],[-79.16175,40.46806],[-79.16208,40.46813]]]]},"properties":{"SGL":276,"NAME":"276","ACRES":4773.59,"PGC_REGION":2}},{"type":"Feature","geometry":{"type":"Polygon","coordinates":[[[-76.27504,41.12391],[-76.27458,41.12434],[-76.27634,41.12469],[-76.27975,41.12388],[-76.29028,41.12264],[-76.29125,41.12207],[-76.30177,41.11959],[-76.31491,41.11515],[-76.3159,41.11431],[-76.34184,41.10288],[-76.35695,41.09727],[-76.35537,41.09317],[-76.35236,41.09379],[-76.35098,41.08983],[-76.34592,41.09066],[-76.34441,41.0904],[-76.33721,41.09178],[-76.33747,41.09233],[-76.31743,41.09621],[-76.31963,41.10024],[-76.31429,41.10171],[-76.31357,41.10252],[-76.31309,41.10497],[-76.30912,41.10567],[-76.30737,41.1064],[-76.30679,41.10447],[-76.29973,41.10531],[-76.30027,41.10796],[-76.28388,41.11071],[-76.28299,41.10735],[-76.2793,41.10795],[-76.27815,41.10558],[-76.27634,41.10411],[-76.27003,41.1051],[-76.27108,41.10928],[-76.2545,41.11251],[-76.25335,41.11032],[-76.25144,41.11086],[-76.24662,41.11465],[-76.24909,41.11537],[-76.24895,41.11607],[-76.24972,41.11582],[-76.25027,41.11694],[-76.25252,41.11631],[-76.25451,41.11671],[-76.25832,41.11661],[-76.26172,41.12237],[-76.26478,41.12236],[-76.261,41.11557],[-76.26244,41.11553],[-76.26239,41.1151],[-76.27912,41.11466],[-76.27898,41.11145],[-76.28297,41.11085],[-76.28744,41.1138],[-76.28524,41.11468],[-76.28451,41.11652],[-76.28203,41.11829],[-76.27933,41.12113],[-76.27545,41.12351],[-76.27504,41.12391]]]},"properties":{"SGL":55,"NAME":"055","ACRES":2651.1,"PGC_REGION":5}},{"type":"Feature","geometry":{"type":"MultiPolygon","coordinates":[[[[-76.47882,40.68311],[-76.47166,40.68669],[-76.47764,40.69285],[-76.48283,40.69477],[-76.48267,40.69383],[-76.51284,40.68102],[-76.51646,40.67864],[-76.51532,40.67509],[-76.53101,40.67155],[-76.5292,40.66603],[-76.52563,40.66681],[-76.52573,40.66754],[-76.50794,40.6725],[-76.51064,40.67595],[-76.50564,40.67829],[-76.50129,40.67274],[-76.49798,40.67383],[-76.49564,40.67523],[-76.49167,40.67536],[-76.49095,40.67457],[-76.48955,40.67505],[-76.49507,40.68156],[-76.49167,40.6824],[-76.48674,40.67673],[-76.47731,40.6812],[-76.47882,40.68311]]],[[[-76.46792,40.6892],[-76.47028,40.69192],[-76.4682,40.69297],[-76.4712,40.69642],[-76.46885,40.69769],[-76.47309,40.70354],[-76.47566,40.70259],[-76.47541,40.70111],[-76.47265,40.69562],[-76.47667,40.69365],[-76.47198,40.68813],[-76.47063,40.68883],[-76.47003,40.68813],[-76.46792,40.6892]]]]},"properties":{"SGL":132,"NAME":"132","ACRES":1403.94696202,"PGC_REGION":6}},{"type":"Feature","geometry":{"type":"Polygon","coordinates":[[[-75.6633,40.64645],[-75.66426,40.64679],[-75.66532,40.64799],[-75.66543,40.64882],[-75.66605,40.64912],[-75.66574,40.65309],[-75.66519,40.6529],[-75.66531,40.65404],[-75.66454,40.65401],[-75.6648,40.65502],[-75.66457,40.65612],[-75.66132,40.65522],[-75.65871,40.65527],[-75.65436,40.65738],[-75.65391,40.65854],[-75.65253,40.65827],[-75.64993,40.65966],[-75.6465,40.65704],[-75.64322,40.6579],[-75.64316,40.65752],[-75.64468,40.65586],[-75.64545,40.65344],[-75.64408,40.65298],[-75.64398,40.65171],[-75.64235,40.65128],[-75.63813,40.65133],[-75.63791,40.65295],[-75.63851,40.65548],[-75.63827,40.65944],[-75.63763,40.66068],[-75.63754,40.6628],[-75.63797,40.66643],[-75.63851,40.66636],[-75.6398,40.66735],[-75.64118,40.66687],[-75.64152,40.66759],[-75.64073,40.66807],[-75.64063,40.66867],[-75.64407,40.66846],[-75.64578,40.66888],[-75.64669,40.66849],[-75.64711,40.66787],[-75.64723,40.66589],[-75.64843,40.66533],[-75.64654,40.66288],[-75.64964,40.66015],[-75.64895,40.66138],[-75.64962,40.66447],[-75.6512,40.66573],[-75.65179,40.66728],[-75.65479,40.66648],[-75.65518,40.66683],[-75.65825,40.6666],[-75.65942,40.6698],[-75.66119,40.67173],[-75.66869,40.66695],[-75.67009,40.66894],[-75.67346,40.66774],[-75.67393,40.66673],[-75.67018,40.66729],[-75.66989,40.66614],[-75.67114,40.66531],[-75.67077,40.66199],[-75.67644,40.65985],[-75.67432,40.65816],[-75.67411,40.65757],[-75.6745,40.65722],[-75.67422,40.65693],[-75.67694,40.65373],[-75.67774,40.65402],[-75.68103,40.65262],[-75.68323,40.6467],[-75.68289,40.64511],[-75.67919,40.64431],[-75.67798,40.64489],[-75.6757,40.64723],[-75.67317,40.64707],[-75.67256,40.64661],[-75.66702,40.64672],[-75.66428,40.64582],[-75.66376,40.64595],[-75.6633,40.64645]]]},"properties":{"SGL":205,"NAME":"205","ACRES":1314.64861541,"PGC_REGION":6}},{"type":"Feature","geometry":{"type":"Polygon","coordinates":[[[-76.61418,40.53356],[-76.57168,40.55769],[-76.57308,40.56293],[-76.68343,40.54618],[-76.68126,40.53806],[-76.71693,40.53006],[-76.71128,40.51531],[-76.75017,40.50679],[-76.74804,40.50025],[-76.74398,40.5012],[-76.74265,40.49766],[-76.72137,40.5058],[-76.72011,40.50428],[-76.71273,40.50621],[-76.70958,40.49776],[-76.71028,40.49707],[-76.71322,40.49693],[-76.70784,40.49047],[-76.71361,40.4896],[-76.71098,40.48277],[-76.69988,40.48509],[-76.62199,40.52919],[-76.61418,40.53356]],[[-76.69913,40.51107],[-76.68888,40.51621],[-76.68096,40.51115],[-76.68946,40.50746],[-76.69913,40.51107]]]},"properties":{"SGL":210,"NAME":"210","ACRES":11128.9490382,"PGC_REGION":6}},{"type":"Feature","geometry":{"type":"MultiPolygon","coordinates":[[[[-80.00343,41.78567],[-80.0074,41.7874],[-80.00733,41.78499],[-80.00947,41.78496],[-80.00938,41.78134],[-80.01146,41.78129],[-80.01118,41.77543],[-80.00634,41.77542],[-80.00633,41.77689],[-80.005,41.7769],[-80.00495,41.77534],[-80.00237,41.77526],[-80.00038,41.77335],[-79.9866,41.77341],[-79.98688,41.78052],[-79.99537,41.78538],[-80.00342,41.78517],[-80.00343,41.78567]],[[-80.00553,41.7841],[-80.00516,41.78449],[-80.00482,41.78433],[-80.00516,41.78393],[-80.00553,41.7841]]],[[[-79.97471,41.80372],[-79.97584,41.80565],[-79.9785,41.80835],[-79.97975,41.80899],[-79.98266,41.80891],[-79.98236,41.8076],[-79.9853,41.80581],[-79.98524,41.80473],[-79.98627,41.8035],[-79.98725,41.80308],[-79.98723,41.80175],[-79.98144,41.80288],[-79.97771,41.80291],[-79.97471,41.80372]]]]},"properties":{"SGL":85,"NAME":"085 & Western Game Farm","ACRES":676.5,"PGC_REGION":1}},{"type":"Feature","geometry":{"type":"MultiPolygon","coordinates":[[[[-79.56172,39.93848],[-79.56198,39.93876],[-79.57032,39.93819],[-79.57288,39.93867],[-79.57163,39.93782],[-79.56678,39.93706],[-79.56554,39.93622],[-79.56493,39.93678],[-79.56446,39.93659],[-79.5648,39.93591],[-79.5638,39.93652],[-79.56332,39.93619],[-79.56434,39.93548],[-79.56289,39.93365],[-79.55858,39.93742],[-79.56127,39.9377],[-79.56152,39.93814],[-79.56172,39.93848]]],[[[-79.48529,39.96609],[-79.4852,39.96706],[-79.48865,39.96653],[-79.48819,39.96588],[-79.48531,39.96593],[-79.48197,39.96327],[-79.4809,39.96403],[-79.48192,39.96483],[-79.48284,39.96418],[-79.4835,39.96469],[-79.48529,39.96609]]],[[[-79.57028,39.96705],[-79.57,39.96721],[-79.57281,39.97109],[-79.57743,39.97245],[-79.57648,39.96952],[-79.57508,39.96876],[-79.57509,39.96834],[-79.57405,39.96765],[-79.57578,39.96673],[-79.57628,39.96553],[-79.57606,39.96414],[-79.57807,39.96465],[-79.57881,39.96316],[-79.57935,39.9632],[-79.57963,39.96264],[-79.579,39.96189],[-79.57843,39.95982],[-79.57654,39.95843],[-79.57636,39.95791],[-79.57976,39.95838],[-79.58182,39.96111],[-79.59036,39.96752],[-79.59183,39.96607],[-79.59615,39.96762],[-79.5987,39.96758],[-79.60004,39.96582],[-79.60214,39.96496],[-79.60048,39.96239],[-79.60113,39.96077],[-79.59931,39.96044],[-79.60132,39.95492],[-79.59808,39.95394],[-79.59874,39.94812],[-79.59961,39.9483],[-79.60162,39.94242],[-79.59795,39.9415],[-79.59764,39.94237],[-79.5972,39.94228],[-79.59227,39.95243],[-79.59716,39.95389],[-79.59532,39.95776],[-79.59599,39.95753],[-79.59645,39.95845],[-79.59536,39.95907],[-79.59022,39.9605],[-79.58972,39.95863],[-79.58768,39.95878],[-79.58538,39.95696],[-79.58415,39.94867],[-79.59724,39.92498],[-79.5989,39.92358],[-79.60794,39.92616],[-79.60544,39.93311],[-79.60731,39.93372],[-79.6077,39.93622],[-79.61077,39.93679],[-79.61326,39.92938],[-79.61469,39.92872],[-79.61535,39.92764],[-79.61828,39.92636],[-79.61582,39.92351],[-79.61304,39.92386],[-79.61306,39.9234],[-79.60975,39.92158],[-79.61152,39.91645],[-79.60785,39.91591],[-79.60874,39.91327],[-79.61708,39.91228],[-79.61985,39.91107],[-79.62594,39.90743],[-79.62796,39.90541],[-79.62315,39.90019],[-79.62239,39.89818],[-79.63617,39.89908],[-79.63673,39.89794],[-79.63421,39.89549],[-79.63397,39.89301],[-79.63431,39.89146],[-79.63567,39.89005],[-79.63543,39.88834],[-79.63038,39.88847],[-79.62904,39.88978],[-79.62804,39.89335],[-79.62608,39.89399],[-79.6259,39.89079],[-79.62702,39.89032],[-79.62865,39.88708],[-79.62099,39.88735],[-79.6175,39.88494],[-79.61889,39.88204],[-79.61924,39.87725],[-79.62484,39.87284],[-79.62857,39.87236],[-79.62562,39.86161],[-79.61227,39.85483],[-79.6131,39.86279],[-79.60693,39.86275],[-79.60676,39.87117],[-79.6085,39.87169],[-79.60026,39.87198],[-79.59577,39.86651],[-79.58905,39.86618],[-79.58793,39.86686],[-79.58729,39.87037],[-79.58052,39.87467],[-79.58371,39.87761],[-79.58399,39.88358],[-79.56662,39.88382],[-79.56656,39.88156],[-79.54901,39.88145],[-79.54905,39.8753],[-79.54222,39.87536],[-79.54048,39.87733],[-79.5399,39.87752],[-79.53683,39.88156],[-79.54876,39.8869],[-79.55336,39.88194],[-79.5549,39.88212],[-79.55604,39.88772],[-79.56266,39.88787],[-79.56258,39.89786],[-79.55789,39.89808],[-79.55542,39.90419],[-79.55675,39.90471],[-79.5486,39.91592],[-79.5486,39.92422],[-79.55343,39.91782],[-79.56127,39.92137],[-79.55946,39.92371],[-79.56564,39.9248],[-79.56638,39.92564],[-79.5719,39.92819],[-79.57401,39.93009],[-79.5766,39.92972],[-79.58059,39.9362],[-79.57952,39.93889],[-79.57999,39.94003],[-79.57979,39.94063],[-79.58081,39.9417],[-79.57935,39.94308],[-79.57643,39.94054],[-79.57454,39.94473],[-79.57148,39.94467],[-79.57037,39.94367],[-79.5658,39.94328],[-79.56287,39.94611],[-79.56482,39.9474],[-79.56757,39.94738],[-79.56018,39.95406],[-79.55132,39.94893],[-79.56273,39.9429],[-79.56022,39.94253],[-79.55583,39.94523],[-79.55234,39.93527],[-79.55832,39.93317],[-79.55553,39.92996],[-79.55136,39.92827],[-79.54623,39.93484],[-79.5432,39.93371],[-79.54314,39.93299],[-79.53745,39.93135],[-79.53667,39.93215],[-79.52628,39.92545],[-79.5238,39.92769],[-79.52604,39.92981],[-79.52441,39.93004],[-79.52291,39.93167],[-79.51727,39.92808],[-79.52279,39.92294],[-79.52536,39.92453],[-79.53341,39.91683],[-79.53015,39.91481],[-79.5243,39.91975],[-79.5156,39.91424],[-79.51019,39.91926],[-79.50932,39.91957],[-79.50461,39.91955],[-79.5036,39.92229],[-79.50418,39.92239],[-79.49935,39.93084],[-79.5052,39.93383],[-79.50168,39.93694],[-79.51764,39.94748],[-79.51709,39.94816],[-79.51429,39.94978],[-79.5143,39.95035],[-79.51377,39.95086],[-79.51369,39.95153],[-79.51432,39.95199],[-79.51437,39.9526],[-79.51524,39.95312],[-79.51519,39.95382],[-79.51572,39.95448],[-79.51498,39.95522],[-79.5152,39.95577],[-79.51488,39.95657],[-79.51451,39.95662],[-79.51457,39.95765],[-79.51337,39.95943],[-79.5128,39.96228],[-79.51217,39.96326],[-79.51334,39.96458],[-79.51705,39.96483],[-79.52008,39.96452],[-79.52069,39.96414],[-79.52639,39.96473],[-79.52978,39.96457],[-79.52976,39.96487],[-79.53873,39.96582],[-79.54506,39.96774],[-79.54821,39.96829],[-79.55173,39.9677],[-79.55779,39.96487],[-79.56263,39.96416],[-79.56614,39.96419],[-79.56745,39.9647],[-79.56726,39.96494],[-79.56941,39.96657],[-79.56971,39.96638],[-79.57028,39.96705]]],[[[-79.51049,39.9772],[-79.51019,39.9779],[-79.51956,39.98347],[-79.53463,39.97996],[-79.53163,39.97671],[-79.5344,39.97671],[-79.53523,39.97758],[-79.53606,39.9768],[-79.54416,39.97709],[-79.54417,39.97664],[-79.55942,39.9771],[-79.55929,39.97829],[-79.56396,39.97853],[-79.57777,39.97384],[-79.57245,39.97272],[-79.57165,39.97215],[-79.57011,39.96959],[-79.5694,39.96987],[-79.56547,39.96674],[-79.56259,39.96603],[-79.55821,39.96656],[-79.55245,39.96989],[-79.54834,39.97042],[-79.54575,39.97001],[-79.54165,39.96843],[-79.53672,39.96752],[-79.52655,39.96682],[-79.51999,39.96683],[-79.51812,39.96715],[-79.51739,39.96855],[-79.51624,39.9689],[-79.51653,39.96967],[-79.5162,39.96973],[-79.5159,39.96902],[-79.51358,39.96961],[-79.51155,39.97473],[-79.51049,39.9772]]]]},"properties":{"SGL":51,"NAME":"051","ACRES":16945.0142,"PGC_REGION":2}},{"type":"Feature","geometry":{"type":"Polygon","coordinates":[[[-78.4428,41.11316],[-78.44275,41.11958],[-78.48651,41.12001],[-78.487,41.08968],[-78.45303,41.0895],[-78.45302,41.0906],[-78.42273,41.09055],[-78.42273,41.09257],[-78.41577,41.09268],[-78.41579,41.10847],[-78.43466,41.1084],[-78.43465,41.11115],[-78.44504,41.11117],[-78.4428,41.11316]]]},"properties":{"SGL":90,"NAME":"090","ACRES":4156.56022337,"PGC_REGION":3}},{"type":"Feature","geometry":{"type":"Polygon","coordinates":[[[-77.32808,40.68024],[-77.35629,40.67114],[-77.35994,40.67614],[-77.37262,40.67167],[-77.36925,40.66706],[-77.38397,40.66178],[-77.38717,40.66023],[-77.39093,40.6652],[-77.40538,40.66007],[-77.40847,40.65743],[-77.44677,40.64043],[-77.45037,40.64441],[-77.44621,40.64629],[-77.4471,40.64753],[-77.4475,40.64736],[-77.44987,40.65056],[-77.45205,40.64973],[-77.45162,40.64914],[-77.45216,40.64893],[-77.45259,40.64952],[-77.45515,40.64832],[-77.45724,40.65064],[-77.46907,40.64662],[-77.46643,40.64347],[-77.46672,40.64336],[-77.46573,40.64194],[-77.46621,40.64176],[-77.46423,40.63905],[-77.46824,40.63781],[-77.46661,40.6356],[-77.47972,40.63162],[-77.48062,40.63359],[-77.48583,40.63243],[-77.48225,40.62496],[-77.49359,40.61994],[-77.4927,40.61876],[-77.49424,40.61808],[-77.49513,40.61925],[-77.5089,40.61324],[-77.50365,40.60604],[-77.49962,40.60785],[-77.49002,40.61482],[-77.48519,40.61663],[-77.48455,40.6175],[-77.48189,40.61918],[-77.47159,40.62351],[-77.46753,40.61784],[-77.45837,40.62265],[-77.44039,40.62783],[-77.43324,40.61858],[-77.43058,40.61882],[-77.41566,40.62543],[-77.41089,40.62405],[-77.40211,40.62798],[-77.39697,40.62478],[-77.39279,40.62692],[-77.39096,40.62516],[-77.38725,40.62721],[-77.3881,40.629],[-77.38694,40.6311],[-77.38495,40.63111],[-77.38539,40.63226],[-77.38662,40.63226],[-77.38688,40.63432],[-77.38882,40.63559],[-77.38902,40.63687],[-77.38986,40.638],[-77.39557,40.63555],[-77.39961,40.64073],[-77.40362,40.63886],[-77.40681,40.64276],[-77.36757,40.66026],[-77.36033,40.65106],[-77.36433,40.64961],[-77.36242,40.64657],[-77.35137,40.65121],[-77.35026,40.64977],[-77.34748,40.65096],[-77.33501,40.65086],[-77.34115,40.65908],[-77.33284,40.66239],[-77.33445,40.66484],[-77.32803,40.6673],[-77.32641,40.66484],[-77.31902,40.66741],[-77.32808,40.68024]]]},"properties":{"SGL":107,"NAME":"107","ACRES":8263.97736847,"PGC_REGION":4}},{"type":"Feature","geometry":{"type":"MultiPolygon","coordinates":[[[[-79.06594,40.25311],[-79.07714,40.25804],[-79.0836,40.24955],[-79.06885,40.24306],[-79.06815,40.24438],[-79.06857,40.24657],[-79.06779,40.24752],[-79.06487,40.24773],[-79.06439,40.24724],[-79.06634,40.24691],[-79.06388,40.24547],[-79.06377,40.24758],[-79.06141,40.24707],[-79.06085,40.24796],[-79.05835,40.2445],[-79.05339,40.24144],[-79.04541,40.25201],[-79.05607,40.25657],[-79.06045,40.25069],[-79.06594,40.25311]]],[[[-79.08703,40.21088],[-79.07008,40.20347],[-79.07114,40.20163],[-79.06861,40.20041],[-79.06903,40.20331],[-79.06828,40.20482],[-79.06945,40.20524],[-79.06775,40.20756],[-79.06921,40.20809],[-79.06566,40.21269],[-79.07201,40.21686],[-79.06459,40.22651],[-79.07516,40.23126],[-79.0862,40.21669],[-79.10264,40.224],[-79.08925,40.24196],[-79.10301,40.24775],[-79.10171,40.24959],[-79.11494,40.25721],[-79.12914,40.25908],[-79.13813,40.25647],[-79.13816,40.25482],[-79.14119,40.25199],[-79.14336,40.25218],[-79.13489,40.24713],[-79.13361,40.24886],[-79.12173,40.24367],[-79.12395,40.24074],[-79.13585,40.24584],[-79.14511,40.2326],[-79.14957,40.23344],[-79.14952,40.23062],[-79.14883,40.22953],[-79.14225,40.23014],[-79.13552,40.22225],[-79.13215,40.21725],[-79.13218,40.20718],[-79.11957,40.20189],[-79.11491,40.20755],[-79.10924,40.2155],[-79.09298,40.20811],[-79.08984,40.21211],[-79.08703,40.21088]]],[[[-79.08305,40.37966],[-79.08542,40.37849],[-79.08824,40.37626],[-79.08918,40.37711],[-79.08965,40.37682],[-79.09051,40.37701],[-79.09314,40.37554],[-79.09395,40.37622],[-79.09526,40.37486],[-79.09616,40.3732],[-79.09604,40.37201],[-79.0949,40.3715],[-79.09571,40.37081],[-79.09612,40.37103],[-79.09861,40.3691],[-79.1012,40.36837],[-79.10505,40.36145],[-79.10065,40.36208],[-79.09506,40.36096],[-79.09473,40.36317],[-79.09309,40.36448],[-79.09297,40.36729],[-79.09066,40.36826],[-79.08921,40.3712],[-79.08777,40.37207],[-79.0837,40.37059],[-79.0831,40.37128],[-79.08271,40.37059],[-79.08135,40.37109],[-79.08125,40.37236],[-79.08327,40.37244],[-79.08361,40.37284],[-79.08274,40.37272],[-79.08248,40.37333],[-79.08003,40.37329],[-79.07952,40.37543],[-79.07959,40.37764],[-79.08164,40.37777],[-79.08236,40.37873],[-79.08309,40.37891],[-79.08309,40.37932],[-79.08284,40.37924],[-79.08305,40.37966]]],[[[-79.02217,40.40112],[-79.02569,40.40264],[-79.02673,40.40244],[-79.02728,40.40199],[-79.02586,40.39885],[-79.02693,40.39876],[-79.0294,40.40053],[-79.02997,40.39961],[-79.02507,40.39428],[-79.02381,40.39355],[-79.02228,40.39039],[-79.02114,40.39005],[-79.01932,40.38813],[-79.01834,40.38639],[-79.02183,40.38236],[-79.0292,40.38095],[-79.03137,40.38562],[-79.03453,40.38874],[-79.03608,40.38622],[-79.03325,40.38434],[-79.03318,40.38019],[-79.04304,40.37814],[-79.03723,40.37173],[-79.0361,40.37224],[-79.03037,40.37095],[-79.02912,40.37136],[-79.02894,40.36667],[-79.03622,40.3661],[-79.03935,40.36512],[-79.04228,40.369],[-79.04752,40.36756],[-79.04791,40.36804],[-79.05246,40.36708],[-79.05064,40.36251],[-79.05308,40.36167],[-79.05387,40.36261],[-79.05552,40.36265],[-79.05428,40.36117],[-79.05564,40.36081],[-79.05694,40.36225],[-79.0581,40.36207],[-79.06023,40.36356],[-79.06363,40.36427],[-79.0626,40.36202],[-79.06761,40.36095],[-79.06122,40.35577],[-79.06735,40.34996],[-79.06414,40.34681],[-79.06137,40.3495],[-79.05628,40.34478],[-79.06064,40.34109],[-79.06087,40.3415],[-79.06525,40.33785],[-79.06375,40.33653],[-79.06902,40.33113],[-79.06651,40.32962],[-79.061,40.33527],[-79.05673,40.33162],[-79.06047,40.32792],[-79.05742,40.3262],[-79.05839,40.32435],[-79.05723,40.32326],[-79.05867,40.32131],[-79.04899,40.31718],[-79.06823,40.2912],[-79.06937,40.29163],[-79.07312,40.28654],[-79.05677,40.27938],[-79.05889,40.27636],[-79.05631,40.27717],[-79.05392,40.27847],[-79.04803,40.28639],[-79.04929,40.2864],[-79.03972,40.29893],[-79.0446,40.30076],[-79.03163,40.31754],[-79.02693,40.31539],[-79.02594,40.31654],[-79.01479,40.3111],[-79.01289,40.31359],[-79.00801,40.31146],[-79.0035,40.3172],[-78.99618,40.31401],[-79.00048,40.30826],[-78.99531,40.306],[-78.99452,40.30722],[-78.99125,40.3059],[-78.9891,40.30893],[-78.98641,40.30799],[-78.98527,40.30887],[-78.9831,40.30896],[-78.98743,40.31217],[-78.98731,40.31268],[-78.98585,40.31356],[-78.98648,40.31389],[-78.98372,40.31553],[-78.98276,40.31949],[-78.98988,40.3226],[-78.992,40.31974],[-78.99371,40.32053],[-78.99408,40.32874],[-78.99354,40.32851],[-78.99329,40.32921],[-78.99447,40.33208],[-78.99741,40.33341],[-78.99614,40.33529],[-79.00865,40.34025],[-79.00674,40.34306],[-79.01173,40.34504],[-79.00129,40.36019],[-79.00251,40.36014],[-79.00322,40.36153],[-79.00665,40.36568],[-79.00079,40.37411],[-78.99225,40.37005],[-78.9865,40.37751],[-79.00015,40.38117],[-78.99379,40.39009],[-78.99431,40.39107],[-78.99304,40.39585],[-78.99492,40.39764],[-79.00074,40.3942],[-79.00414,40.39388],[-79.0048,40.39476],[-79.01243,40.39719],[-79.0175,40.39613],[-79.02053,40.4025],[-79.02096,40.40268],[-79.02213,40.40111],[-79.02217,40.40112]],[[-79.02596,40.37286],[-79.02821,40.37584],[-79.02106,40.37918],[-79.01889,40.37576],[-79.01884,40.37469],[-79.01955,40.37455],[-79.02017,40.37558],[-79.02175,40.37527],[-79.02464,40.37334],[-79.02658,40.36913],[-79.02608,40.3687],[-79.02704,40.36833],[-79.02751,40.36979],[-79.02709,40.37152],[-79.02596,40.37286]]]]},"properties":{"SGL":42,"NAME":"042","ACRES":18046.2118566,"PGC_REGION":2}},{"type":"Feature","geometry":{"type":"MultiPolygon","coordinates":[[[[-78.65771,39.85378],[-78.64624,39.86655],[-78.65294,39.87036],[-78.65147,39.87206],[-78.6641,39.8777],[-78.6676,39.88015],[-78.67659,39.88312],[-78.67594,39.88206],[-78.67568,39.88229],[-78.67204,39.88011],[-78.67388,39.87579],[-78.67646,39.87352],[-78.68139,39.86785],[-78.6806,39.86607],[-78.68289,39.86542],[-78.68416,39.86377],[-78.68731,39.86195],[-78.68699,39.86031],[-78.69502,39.85351],[-78.6958,39.85382],[-78.70034,39.8449],[-78.70124,39.84572],[-78.70693,39.83279],[-78.70365,39.8319],[-78.70945,39.82348],[-78.71004,39.82361],[-78.71173,39.81989],[-78.71416,39.81386],[-78.7119,39.81337],[-78.71561,39.80473],[-78.69782,39.803],[-78.69447,39.80645],[-78.69513,39.80682],[-78.69178,39.81059],[-78.69273,39.81086],[-78.69058,39.81559],[-78.68814,39.81487],[-78.67957,39.83457],[-78.67468,39.83859],[-78.66285,39.83238],[-78.65885,39.83657],[-78.65548,39.83838],[-78.65484,39.84026],[-78.66782,39.84266],[-78.65771,39.85378]]],[[[-78.54764,40.00128],[-78.55261,40.00524],[-78.55161,40.00235],[-78.55523,39.99702],[-78.56359,39.99817],[-78.56453,39.99404],[-78.5672,39.98846],[-78.56902,39.98678],[-78.56955,39.98532],[-78.57119,39.98437],[-78.57067,39.98371],[-78.5723,39.98239],[-78.57353,39.98318],[-78.57389,39.98299],[-78.57889,39.97635],[-78.58152,39.97765],[-78.58381,39.97463],[-78.58496,39.97416],[-78.59198,39.97834],[-78.58487,39.97373],[-78.58577,39.97189],[-78.57722,39.96753],[-78.58196,39.96221],[-78.58506,39.96009],[-78.58368,39.95909],[-78.59639,39.9447],[-78.60425,39.93511],[-78.61586,39.91966],[-78.61798,39.92104],[-78.62245,39.91584],[-78.62659,39.90796],[-78.62675,39.90904],[-78.62613,39.91082],[-78.62691,39.91251],[-78.62834,39.91359],[-78.62808,39.91507],[-78.62863,39.91481],[-78.62971,39.91302],[-78.63108,39.91264],[-78.63137,39.91153],[-78.63174,39.9116],[-78.62944,39.9169],[-78.63566,39.91715],[-78.63536,39.91788],[-78.64165,39.92009],[-78.64195,39.91972],[-78.64837,39.92151],[-78.64942,39.91812],[-78.65027,39.91254],[-78.65511,39.90022],[-78.65774,39.89485],[-78.65816,39.89465],[-78.65331,39.89151],[-78.65207,39.89277],[-78.64136,39.88538],[-78.63336,39.88113],[-78.64043,39.87304],[-78.64374,39.86989],[-78.63247,39.86425],[-78.62988,39.86593],[-78.62961,39.86679],[-78.61842,39.8817],[-78.61463,39.89069],[-78.61421,39.89069],[-78.61065,39.9011],[-78.60809,39.90099],[-78.60383,39.8954],[-78.60204,39.89413],[-78.60382,39.89561],[-78.60796,39.90107],[-78.61059,39.90122],[-78.60923,39.90514],[-78.60791,39.90617],[-78.60572,39.90926],[-78.61237,39.91417],[-78.60583,39.9218],[-78.60692,39.92244],[-78.60567,39.92529],[-78.60408,39.92465],[-78.60038,39.9292],[-78.6004,39.93204],[-78.59548,39.93852],[-78.59196,39.94251],[-78.58692,39.94716],[-78.58627,39.94644],[-78.58236,39.95032],[-78.57884,39.95455],[-78.58227,39.95673],[-78.57509,39.96298],[-78.5738,39.96253],[-78.55518,39.98156],[-78.55617,39.98197],[-78.55235,39.98628],[-78.55379,39.98707],[-78.54716,39.99642],[-78.54764,40.00128]]]]},"properties":{"SGL":48,"NAME":"048","ACRES":11096.4304741,"PGC_REGION":4}},{"type":"Feature","geometry":{"type":"MultiPolygon","coordinates":[[[[-77.8808,40.43545],[-77.88864,40.43955],[-77.893,40.43518],[-77.89639,40.43771],[-77.89833,40.43526],[-77.89793,40.43183],[-77.9032,40.43087],[-77.90334,40.42999],[-77.90874,40.42984],[-77.91289,40.42818],[-77.91797,40.42507],[-77.91805,40.42192],[-77.92004,40.42273],[-77.92109,40.42128],[-77.92088,40.41839],[-77.92287,40.4137],[-77.92417,40.41243],[-77.92567,40.4132],[-77.92659,40.41178],[-77.92647,40.4087],[-77.92837,40.4086],[-77.92852,40.40667],[-77.92915,40.40667],[-77.92892,40.4021],[-77.92957,40.3989],[-77.92581,40.39555],[-77.92321,40.3951],[-77.92302,40.39429],[-77.92062,40.39414],[-77.91526,40.39138],[-77.91071,40.38988],[-77.90356,40.38932],[-77.89641,40.39106],[-77.89064,40.39148],[-77.8904,40.39343],[-77.88888,40.39345],[-77.88998,40.39389],[-77.89089,40.39378],[-77.89122,40.39339],[-77.89347,40.39285],[-77.91391,40.39861],[-77.91381,40.40092],[-77.9132,40.40173],[-77.90181,40.41552],[-77.90088,40.41571],[-77.89836,40.41818],[-77.8808,40.43545]]],[[[-77.87687,40.44407],[-77.8824,40.4489],[-77.88715,40.44765],[-77.88918,40.44647],[-77.89484,40.44508],[-77.88428,40.43935],[-77.87687,40.44407]]],[[[-77.90689,40.47192],[-77.90683,40.47291],[-77.91728,40.4774],[-77.92047,40.47731],[-77.92487,40.46995],[-77.91484,40.47006],[-77.91482,40.46968],[-77.91301,40.46836],[-77.91293,40.46866],[-77.91146,40.4687],[-77.90989,40.47169],[-77.90743,40.47091],[-77.9072,40.47135],[-77.90689,40.47192]]],[[[-77.85573,40.54513],[-77.86046,40.54699],[-77.86241,40.54387],[-77.86931,40.54662],[-77.86953,40.54589],[-77.8761,40.53846],[-77.87067,40.5362],[-77.8777,40.52487],[-77.88383,40.52473],[-77.8833,40.52889],[-77.88341,40.53318],[-77.88777,40.53226],[-77.88772,40.53179],[-77.89354,40.53334],[-77.89404,40.5322],[-77.89863,40.53279],[-77.89848,40.52995],[-77.89889,40.52792],[-77.91093,40.52488],[-77.90719,40.52044],[-77.90673,40.51792],[-77.9115,40.51366],[-77.90936,40.51241],[-77.91264,40.5088],[-77.91082,40.50798],[-77.90202,40.50828],[-77.90221,40.50672],[-77.9036,40.50292],[-77.8877,40.50216],[-77.88749,40.50282],[-77.88654,40.50312],[-77.88637,40.50382],[-77.88714,40.50361],[-77.88874,40.50436],[-77.88846,40.50505],[-77.88786,40.50507],[-77.88776,40.5054],[-77.88602,40.50474],[-77.88623,40.50862],[-77.88834,40.50878],[-77.88822,40.50912],[-77.89433,40.50886],[-77.89349,40.51157],[-77.88325,40.51165],[-77.88046,40.51074],[-77.8819,40.50775],[-77.88528,40.5069],[-77.88528,40.50504],[-77.88344,40.50509],[-77.88345,40.50338],[-77.8857,40.5034],[-77.88573,40.4988],[-77.88651,40.49616],[-77.88595,40.49569],[-77.88615,40.4953],[-77.88945,40.49388],[-77.89131,40.49065],[-77.89764,40.47574],[-77.89661,40.47321],[-77.90358,40.46583],[-77.90143,40.46322],[-77.90142,40.46246],[-77.90459,40.45531],[-77.90637,40.45338],[-77.90774,40.45291],[-77.90708,40.45248],[-77.9079,40.45205],[-77.90725,40.45179],[-77.90527,40.4525],[-77.90353,40.4512],[-77.89985,40.44963],[-77.89813,40.45355],[-77.89782,40.45958],[-77.89151,40.46792],[-77.89284,40.46837],[-77.88785,40.47499],[-77.88886,40.47538],[-77.8883,40.47612],[-77.88477,40.4761],[-77.88265,40.47974],[-77.88067,40.48205],[-77.87891,40.48578],[-77.87737,40.48767],[-77.87527,40.49143],[-77.87234,40.4969],[-77.87477,40.499],[-77.87473,40.50228],[-77.87222,40.50748],[-77.87228,40.51058],[-77.86923,40.51725],[-77.86926,40.52019],[-77.86238,40.53479],[-77.85774,40.54228],[-77.85573,40.54513]],[[-77.89472,40.50717],[-77.89325,40.50653],[-77.8934,40.50527],[-77.89523,40.50559],[-77.89528,40.50675],[-77.89472,40.50717]],[[-77.89781,40.50666],[-77.89798,40.50605],[-77.89887,40.5062],[-77.8988,40.50684],[-77.89781,40.50666]]]]},"properties":{"SGL":112,"NAME":"112","ACRES":6632.62507066,"PGC_REGION":4}},{"type":"Feature","geometry":{"type":"Polygon","coordinates":[[[-78.57798,41.16628],[-78.57761,41.1761],[-78.59803,41.17619],[-78.58698,41.16838],[-78.59321,41.16332],[-78.59382,41.16685],[-78.60015,41.17128],[-78.60093,41.17065],[-78.60204,41.17141],[-78.60123,41.17209],[-78.60523,41.17486],[-78.60859,41.1669],[-78.61055,41.16565],[-78.61269,41.16524],[-78.61573,41.1653],[-78.62535,41.16772],[-78.62825,41.16784],[-78.6302,41.16741],[-78.64025,41.16344],[-78.64292,41.1612],[-78.64717,41.15914],[-78.64654,41.15863],[-78.6465,41.15375],[-78.65709,41.15332],[-78.65706,41.1507],[-78.65384,41.15067],[-78.65378,41.14674],[-78.65134,41.14674],[-78.6514,41.14889],[-78.64606,41.1489],[-78.64604,41.14484],[-78.65715,41.14488],[-78.65718,41.14249],[-78.65167,41.14254],[-78.65166,41.13874],[-78.64602,41.13884],[-78.64599,41.13445],[-78.65719,41.13418],[-78.65718,41.13186],[-78.63189,41.13216],[-78.63189,41.12977],[-78.64497,41.12911],[-78.64455,41.12404],[-78.62703,41.12418],[-78.62192,41.13497],[-78.60441,41.13689],[-78.6047,41.14307],[-78.59304,41.14499],[-78.58362,41.15202],[-78.57875,41.15265],[-78.57815,41.16188],[-78.57798,41.16628]]]},"properties":{"SGL":331,"NAME":"331","ACRES":5178.027,"PGC_REGION":3}},{"type":"Feature","geometry":{"type":"MultiPolygon","coordinates":[[[[-75.92378,41.18482],[-75.92055,41.18642],[-75.92525,41.18492],[-75.92495,41.1844],[-75.92378,41.18482]]],[[[-75.91846,41.18981],[-75.91822,41.19229],[-75.92196,41.19102],[-75.91991,41.18724],[-75.91853,41.18946],[-75.91846,41.18981]]],[[[-75.89296,41.19044],[-75.89071,41.19144],[-75.89353,41.19304],[-75.89299,41.19042],[-75.89296,41.19044]]],[[[-75.89493,41.19865],[-75.88841,41.19488],[-75.88935,41.19592],[-75.88991,41.19583],[-75.89493,41.19865]]],[[[-75.89716,41.19808],[-75.89765,41.20017],[-75.89896,41.20075],[-75.89843,41.19679],[-75.89716,41.19808]]],[[[-75.90278,41.20115],[-75.90576,41.20114],[-75.90921,41.19835],[-75.91275,41.19615],[-75.91212,41.19604],[-75.91097,41.19728],[-75.90278,41.20115]]],[[[-75.89183,41.18506],[-75.89133,41.18516],[-75.89476,41.18778],[-75.89601,41.18738],[-75.897,41.18903],[-75.8967,41.18997],[-75.89785,41.19405],[-75.89625,41.19458],[-75.89829,41.19573],[-75.89686,41.18503],[-75.8974,41.1849],[-75.89964,41.20169],[-75.90001,41.20214],[-75.91071,41.19708],[-75.91196,41.19574],[-75.91306,41.19592],[-75.91564,41.19378],[-75.91676,41.19212],[-75.91658,41.19064],[-75.91693,41.18915],[-75.91663,41.18911],[-75.91663,41.1883],[-75.91737,41.18823],[-75.91804,41.18672],[-75.91942,41.18539],[-75.92195,41.184],[-75.9374,41.17816],[-75.9372,41.17777],[-75.93946,41.17726],[-75.93818,41.17519],[-75.94406,41.17415],[-75.9454,41.17202],[-75.94691,41.17069],[-75.95056,41.16941],[-75.95039,41.16908],[-75.9538,41.16769],[-75.95469,41.16549],[-75.95448,41.16],[-75.95721,41.15498],[-75.95701,41.15467],[-75.94804,41.15746],[-75.94635,41.1567],[-75.9449,41.15705],[-75.94382,41.15753],[-75.94388,41.15873],[-75.93456,41.1616],[-75.9312,41.16354],[-75.93672,41.17269],[-75.93189,41.17431],[-75.93447,41.17866],[-75.93415,41.17877],[-75.93118,41.17386],[-75.91899,41.17759],[-75.91359,41.16835],[-75.88603,41.1773],[-75.88637,41.17775],[-75.88584,41.17794],[-75.88543,41.17749],[-75.88475,41.17771],[-75.88626,41.17985],[-75.88984,41.18171],[-75.8907,41.18365],[-75.89061,41.1845],[-75.89173,41.18499],[-75.89183,41.18506]],[[-75.8932,41.18477],[-75.8927,41.18445],[-75.89668,41.18362],[-75.89653,41.18251],[-75.89731,41.18428],[-75.89678,41.18438],[-75.89673,41.18403],[-75.8932,41.18477]]],[[[-75.89348,41.19853],[-75.89675,41.2026],[-75.89723,41.20243],[-75.89556,41.19968],[-75.89336,41.19845],[-75.89348,41.19853]]],[[[-75.89935,41.20565],[-75.90006,41.20505],[-75.90016,41.20443],[-75.90077,41.20446],[-75.90077,41.20289],[-75.89928,41.20411],[-75.89885,41.2027],[-75.89917,41.20256],[-75.89797,41.20118],[-75.89893,41.2043],[-75.89867,41.20465],[-75.89898,41.20448],[-75.89935,41.20565]]]]},"properties":{"SGL":207,"NAME":"207","ACRES":2498.92662982,"PGC_REGION":5}},{"type":"Feature","geometry":{"type":"MultiPolygon","coordinates":[[[[-78.42083,40.7619],[-78.42034,40.76296],[-78.4214,40.76339],[-78.42032,40.76509],[-78.42216,40.76577],[-78.4224,40.7625],[-78.42083,40.76189],[-78.42083,40.7619]]],[[[-78.42463,40.78451],[-78.43281,40.78433],[-78.43274,40.7826],[-78.43551,40.78253],[-78.43666,40.78047],[-78.43997,40.78063],[-78.44065,40.77875],[-78.43793,40.77462],[-78.44093,40.77882],[-78.44216,40.77423],[-78.44482,40.7723],[-78.44528,40.77027],[-78.4444,40.77029],[-78.4445,40.76976],[-78.43507,40.77008],[-78.43474,40.76242],[-78.42266,40.7625],[-78.42264,40.76405],[-78.42468,40.76849],[-78.42296,40.771],[-78.42237,40.77089],[-78.42126,40.77178],[-78.42171,40.77336],[-78.42037,40.77315],[-78.41778,40.77074],[-78.41758,40.76999],[-78.41575,40.76933],[-78.41641,40.76991],[-78.41205,40.77335],[-78.41125,40.77502],[-78.40983,40.77516],[-78.40981,40.7757],[-78.40992,40.77706],[-78.41241,40.7769],[-78.41308,40.7777],[-78.40996,40.77763],[-78.41005,40.77869],[-78.41089,40.77866],[-78.41098,40.77975],[-78.41342,40.77972],[-78.41369,40.78475],[-78.42322,40.78454],[-78.42308,40.78282],[-78.42177,40.78052],[-78.42209,40.7805],[-78.42303,40.78195],[-78.42344,40.78454],[-78.42463,40.78451]]],[[[-78.39232,40.78226],[-78.39739,40.78655],[-78.40447,40.78177],[-78.40568,40.7824],[-78.40792,40.78165],[-78.40785,40.78074],[-78.4101,40.78001],[-78.40974,40.77538],[-78.40811,40.77573],[-78.40758,40.77471],[-78.4067,40.77496],[-78.4062,40.77395],[-78.40406,40.77457],[-78.40532,40.77596],[-78.40161,40.77841],[-78.40019,40.77717],[-78.39505,40.78039],[-78.39232,40.78226]]],[[[-78.24627,40.78834],[-78.30834,40.74789],[-78.32598,40.76381],[-78.31123,40.77367],[-78.31159,40.77406],[-78.36189,40.75198],[-78.34772,40.73345],[-78.27224,40.73477],[-78.27348,40.73658],[-78.25685,40.74415],[-78.26371,40.75318],[-78.2473,40.76051],[-78.24506,40.75854],[-78.23498,40.76508],[-78.23563,40.76833],[-78.23539,40.77029],[-78.23618,40.77171],[-78.23507,40.77362],[-78.23503,40.77443],[-78.23744,40.77628],[-78.23788,40.77868],[-78.24037,40.78259],[-78.24027,40.78378],[-78.23928,40.7848],[-78.24316,40.78498],[-78.243,40.78538],[-78.24627,40.78834]],[[-78.24734,40.78558],[-78.24414,40.78619],[-78.24322,40.78535],[-78.24687,40.78426],[-78.24734,40.78558]],[[-78.25149,40.77824],[-78.25177,40.77841],[-78.25034,40.77984],[-78.24844,40.77872],[-78.24993,40.77729],[-78.25149,40.77824]]],[[[-78.23348,40.79096],[-78.23192,40.79288],[-78.23496,40.79569],[-78.24114,40.79168],[-78.23891,40.78967],[-78.23756,40.7906],[-78.23911,40.78899],[-78.23665,40.78733],[-78.23455,40.78971],[-78.23348,40.79096]]]]},"properties":{"SGL":60,"NAME":"060","ACRES":8757.24146321,"PGC_REGION":3}},{"type":"Feature","geometry":{"type":"Polygon","coordinates":[[[-79.29529,40.5501],[-79.29741,40.54018],[-79.29406,40.54047],[-79.29167,40.54023],[-79.29153,40.54145],[-79.29013,40.54136],[-79.29027,40.54008],[-79.29108,40.54016],[-79.29131,40.53929],[-79.29264,40.53774],[-79.29406,40.53878],[-79.29664,40.53918],[-79.29793,40.53761],[-79.29869,40.53465],[-79.30767,40.53571],[-79.3067,40.5398],[-79.3089,40.54024],[-79.30755,40.53724],[-79.31078,40.53903],[-79.31418,40.53535],[-79.31582,40.53691],[-79.31615,40.53646],[-79.3174,40.53766],[-79.31702,40.53914],[-79.31959,40.53862],[-79.32013,40.53783],[-79.32014,40.53656],[-79.3245,40.53774],[-79.32423,40.53932],[-79.32769,40.53973],[-79.32814,40.53871],[-79.33079,40.53941],[-79.32768,40.53483],[-79.32531,40.53375],[-79.32661,40.53077],[-79.32696,40.5308],[-79.32845,40.52798],[-79.32195,40.52724],[-79.32018,40.52876],[-79.31296,40.52964],[-79.31236,40.52854],[-79.31346,40.52789],[-79.31003,40.52594],[-79.30866,40.52663],[-79.3066,40.52069],[-79.30439,40.5209],[-79.30451,40.51989],[-79.30224,40.51965],[-79.30226,40.52085],[-79.29998,40.51997],[-79.30001,40.51943],[-79.29814,40.51687],[-79.30056,40.51515],[-79.29609,40.51285],[-79.29233,40.51182],[-79.29242,40.51123],[-79.28983,40.51062],[-79.28853,40.51076],[-79.28791,40.51146],[-79.2886,40.50973],[-79.2879,40.50988],[-79.28726,40.51118],[-79.28509,40.51187],[-79.28432,40.51038],[-79.28167,40.51149],[-79.28142,40.51332],[-79.27561,40.51419],[-79.27361,40.51856],[-79.27528,40.52507],[-79.27774,40.52471],[-79.27722,40.52973],[-79.28189,40.52912],[-79.27823,40.53596],[-79.27879,40.53613],[-79.27808,40.53752],[-79.28043,40.53738],[-79.2814,40.53675],[-79.28253,40.53726],[-79.28203,40.53787],[-79.28512,40.53983],[-79.28637,40.53973],[-79.28594,40.54168],[-79.28774,40.54483],[-79.29235,40.54996],[-79.2931,40.54981],[-79.29529,40.5501]],[[-79.28476,40.53744],[-79.28378,40.53754],[-79.28361,40.53656],[-79.28459,40.53646],[-79.28476,40.53744]],[[-79.30522,40.53426],[-79.30471,40.53437],[-79.30447,40.53372],[-79.30488,40.53335],[-79.30522,40.53426]],[[-79.2833,40.53376],[-79.2833,40.53431],[-79.28283,40.53431],[-79.28283,40.53376],[-79.2833,40.53376]]]},"properties":{"SGL":332,"NAME":"332","ACRES":2297.23,"PGC_REGION":2}},{"type":"Feature","geometry":{"type":"MultiPolygon","coordinates":[[[[-75.56685,40.78758],[-75.56735,40.78884],[-75.56812,40.78881],[-75.56782,40.78755],[-75.56685,40.78758]]],[[[-75.48077,40.80094],[-75.48199,40.80287],[-75.48325,40.80274],[-75.48292,40.80109],[-75.48337,40.80103],[-75.48318,40.80065],[-75.48077,40.80094]]],[[[-75.49212,40.81185],[-75.50251,40.81088],[-75.50249,40.8103],[-75.50787,40.80946],[-75.51898,40.80916],[-75.52548,40.80742],[-75.5263,40.80935],[-75.52771,40.80905],[-75.52584,40.80695],[-75.5281,40.80669],[-75.52971,40.80862],[-75.56205,40.80388],[-75.57076,40.80103],[-75.57929,40.79926],[-75.57867,40.79812],[-75.58713,40.79492],[-75.58525,40.79309],[-75.58935,40.79173],[-75.59115,40.79343],[-75.5979,40.79124],[-75.60088,40.78892],[-75.60181,40.78514],[-75.60055,40.78467],[-75.60189,40.78358],[-75.59906,40.78303],[-75.59919,40.78672],[-75.59811,40.78676],[-75.59603,40.78288],[-75.59406,40.78352],[-75.59586,40.78687],[-75.59099,40.7871],[-75.59064,40.78593],[-75.58763,40.78605],[-75.58677,40.78323],[-75.58598,40.78344],[-75.58654,40.78622],[-75.58549,40.78648],[-75.58525,40.7837],[-75.58367,40.78389],[-75.58385,40.78639],[-75.57864,40.78681],[-75.57932,40.79185],[-75.57644,40.79208],[-75.57556,40.78816],[-75.57365,40.78829],[-75.57343,40.7851],[-75.57245,40.78536],[-75.57265,40.78832],[-75.5719,40.78835],[-75.57187,40.79219],[-75.57101,40.7923],[-75.57125,40.78644],[-75.57012,40.7865],[-75.56964,40.78378],[-75.56846,40.78385],[-75.56909,40.78747],[-75.5705,40.78738],[-75.57045,40.7923],[-75.56978,40.79233],[-75.56975,40.79094],[-75.56723,40.79102],[-75.56618,40.78866],[-75.56256,40.78959],[-75.56346,40.79202],[-75.56275,40.79217],[-75.56292,40.79436],[-75.56087,40.79486],[-75.56066,40.79269],[-75.56022,40.79278],[-75.56043,40.79494],[-75.55991,40.79513],[-75.55993,40.79565],[-75.5451,40.79844],[-75.5423,40.79851],[-75.54235,40.79916],[-75.54132,40.79859],[-75.53732,40.79889],[-75.53665,40.79927],[-75.53832,40.80473],[-75.53514,40.80541],[-75.5348,40.80366],[-75.53451,40.80395],[-75.53436,40.80199],[-75.533,40.80205],[-75.53262,40.7992],[-75.53126,40.79929],[-75.53157,40.80212],[-75.52925,40.80225],[-75.52919,40.80307],[-75.52753,40.803],[-75.52722,40.80058],[-75.52781,40.80031],[-75.52763,40.79869],[-75.52521,40.79895],[-75.52577,40.80091],[-75.52222,40.80165],[-75.52204,40.79891],[-75.51316,40.79931],[-75.51306,40.80076],[-75.50717,40.80089],[-75.50715,40.79995],[-75.50094,40.80028],[-75.50131,40.8054],[-75.4967,40.80555],[-75.49658,40.80169],[-75.49739,40.80094],[-75.49604,40.79946],[-75.49245,40.79989],[-75.49202,40.79826],[-75.48994,40.79844],[-75.49021,40.80042],[-75.48741,40.80072],[-75.48857,40.80625],[-75.48952,40.80622],[-75.4907,40.81123],[-75.49194,40.81106],[-75.49212,40.81185]],[[-75.58206,40.79179],[-75.58124,40.79181],[-75.58081,40.78893],[-75.58152,40.78883],[-75.58206,40.79179]]],[[[-75.41567,40.80689],[-75.41564,40.80737],[-75.41322,40.80814],[-75.41307,40.81048],[-75.41546,40.81466],[-75.4162,40.81432],[-75.41454,40.81155],[-75.41568,40.81119],[-75.41485,40.80989],[-75.41923,40.80842],[-75.41855,40.80599],[-75.41567,40.80689]]],[[[-75.38525,40.81947],[-75.38531,40.8201],[-75.38604,40.82002],[-75.38593,40.81939],[-75.38525,40.81947]]],[[[-75.39934,40.82067],[-75.40007,40.8219],[-75.40143,40.82143],[-75.40069,40.8202],[-75.39934,40.82067]]],[[[-75.38368,40.82336],[-75.3838,40.82426],[-75.38506,40.82341],[-75.38493,40.8224],[-75.38368,40.82336]]],[[[-75.37119,40.82606],[-75.37219,40.82577],[-75.37243,40.82262],[-75.37137,40.8221],[-75.37119,40.82606]]],[[[-75.46179,40.8306],[-75.46319,40.83026],[-75.46365,40.82974],[-75.46467,40.8298],[-75.46537,40.82888],[-75.46474,40.82593],[-75.47455,40.82535],[-75.47402,40.82123],[-75.4797,40.81976],[-75.4791,40.81489],[-75.47222,40.81608],[-75.47239,40.81519],[-75.47452,40.81483],[-75.47888,40.81308],[-75.47824,40.80797],[-75.47872,40.80799],[-75.4783,40.80489],[-75.47739,40.80507],[-75.47776,40.80806],[-75.47451,40.80838],[-75.47393,40.80833],[-75.47354,40.80461],[-75.47175,40.8054],[-75.47189,40.80653],[-75.47092,40.80501],[-75.47024,40.80526],[-75.47115,40.80681],[-75.47061,40.80698],[-75.46968,40.80698],[-75.46887,40.80567],[-75.46831,40.80589],[-75.46896,40.80717],[-75.46797,40.80714],[-75.46653,40.80453],[-75.46553,40.80494],[-75.46587,40.80626],[-75.46476,40.80626],[-75.46587,40.80892],[-75.46415,40.80997],[-75.46056,40.81081],[-75.45809,40.8106],[-75.45717,40.8089],[-75.45742,40.80881],[-75.45548,40.806],[-75.45503,40.80604],[-75.4569,40.80906],[-75.45094,40.80901],[-75.44482,40.81098],[-75.44427,40.80995],[-75.44268,40.81024],[-75.44334,40.81199],[-75.44547,40.81198],[-75.44616,40.81352],[-75.43725,40.81593],[-75.43606,40.81423],[-75.43759,40.81353],[-75.43662,40.81213],[-75.43784,40.81214],[-75.43717,40.80921],[-75.43137,40.80932],[-75.43207,40.81258],[-75.43308,40.81223],[-75.43438,40.81464],[-75.43196,40.81545],[-75.43059,40.81301],[-75.43033,40.81313],[-75.42967,40.8093],[-75.42868,40.80943],[-75.42847,40.80885],[-75.42521,40.80969],[-75.42397,40.81003],[-75.42407,40.81038],[-75.4258,40.81034],[-75.42706,40.81427],[-75.42837,40.81662],[-75.42695,40.81718],[-75.42466,40.81312],[-75.42358,40.81352],[-75.42304,40.81258],[-75.42016,40.81357],[-75.42022,40.81298],[-75.41869,40.81361],[-75.42041,40.81645],[-75.42076,40.81629],[-75.42036,40.81467],[-75.4224,40.81396],[-75.42338,40.8154],[-75.42388,40.81522],[-75.42546,40.81773],[-75.41574,40.82105],[-75.41554,40.82068],[-75.41387,40.82181],[-75.41592,40.82139],[-75.41421,40.822],[-75.41373,40.82171],[-75.41547,40.82055],[-75.41445,40.81845],[-75.4152,40.8182],[-75.41323,40.81466],[-75.41053,40.81539],[-75.41231,40.81838],[-75.41098,40.81884],[-75.41411,40.82295],[-75.41771,40.82184],[-75.4205,40.82336],[-75.44191,40.81851],[-75.45644,40.81789],[-75.47127,40.81538],[-75.47109,40.81627],[-75.45195,40.81957],[-75.44845,40.82264],[-75.44735,40.82063],[-75.43768,40.82184],[-75.42306,40.82477],[-75.42168,40.82647],[-75.42596,40.82895],[-75.42717,40.82708],[-75.43309,40.82608],[-75.43335,40.82702],[-75.45083,40.82389],[-75.45486,40.82524],[-75.45656,40.82661],[-75.46179,40.8306]]],[[[-75.37172,40.82697],[-75.37203,40.82766],[-75.37064,40.82786],[-75.37344,40.83417],[-75.38287,40.83096],[-75.38461,40.82969],[-75.39749,40.82823],[-75.39256,40.82353],[-75.39148,40.82317],[-75.38673,40.82376],[-75.38626,40.82138],[-75.38551,40.82147],[-75.38588,40.82396],[-75.37611,40.82653],[-75.37159,40.82668],[-75.37172,40.82697]]],[[[-75.34196,40.83319],[-75.34323,40.83493],[-75.34377,40.83469],[-75.34246,40.83297],[-75.34196,40.83319]]],[[[-75.32936,40.8366],[-75.33084,40.83715],[-75.33104,40.83621],[-75.3296,40.83598],[-75.32936,40.8366]]],[[[-75.41658,40.84417],[-75.41744,40.84461],[-75.41858,40.84415],[-75.41778,40.84219],[-75.41814,40.84326],[-75.41607,40.84336],[-75.41635,40.84277],[-75.41604,40.84255],[-75.41591,40.84342],[-75.41663,40.8434],[-75.41658,40.84417]]],[[[-75.30879,40.84695],[-75.30895,40.84804],[-75.30889,40.84694],[-75.30879,40.84695]]],[[[-75.31068,40.84726],[-75.31024,40.84734],[-75.31042,40.84832],[-75.30898,40.84864],[-75.3095,40.85048],[-75.31116,40.8484],[-75.31077,40.84725],[-75.31068,40.84726]]],[[[-75.34434,40.84787],[-75.34672,40.85111],[-75.35071,40.85037],[-75.35386,40.84934],[-75.35347,40.84872],[-75.35625,40.84758],[-75.35663,40.84814],[-75.37094,40.84264],[-75.37577,40.85014],[-75.38236,40.84814],[-75.38901,40.84737],[-75.38876,40.84493],[-75.39103,40.8445],[-75.39124,40.84529],[-75.39298,40.84552],[-75.39308,40.84729],[-75.39797,40.84715],[-75.398,40.84474],[-75.39835,40.84444],[-75.39484,40.84527],[-75.39189,40.84276],[-75.39153,40.84213],[-75.39268,40.8417],[-75.39223,40.83903],[-75.39481,40.83892],[-75.39724,40.84119],[-75.40067,40.83873],[-75.39964,40.835],[-75.40437,40.83446],[-75.40554,40.83309],[-75.4071,40.83787],[-75.41128,40.83655],[-75.41239,40.83831],[-75.41355,40.8383],[-75.41326,40.83901],[-75.4111,40.83924],[-75.41019,40.84004],[-75.41403,40.84257],[-75.42217,40.84115],[-75.42253,40.84096],[-75.42143,40.84079],[-75.42035,40.83869],[-75.42102,40.8385],[-75.42026,40.83735],[-75.42215,40.83689],[-75.42237,40.83786],[-75.42445,40.83737],[-75.42233,40.83523],[-75.4188,40.83307],[-75.41746,40.83056],[-75.41649,40.83092],[-75.41604,40.82864],[-75.41227,40.82902],[-75.41184,40.82739],[-75.41031,40.8276],[-75.40991,40.82806],[-75.38225,40.83175],[-75.3652,40.83959],[-75.36025,40.84323],[-75.35389,40.84374],[-75.35421,40.84435],[-75.34555,40.84659],[-75.34434,40.84787]],[[-75.38354,40.84502],[-75.38357,40.84546],[-75.38596,40.84545],[-75.38604,40.84616],[-75.38338,40.84602],[-75.38135,40.84662],[-75.37912,40.84655],[-75.37899,40.84579],[-75.38118,40.84518],[-75.38322,40.84515],[-75.38354,40.84502]]],[[[-75.30839,40.84698],[-75.30834,40.84871],[-75.30612,40.84926],[-75.30633,40.85112],[-75.30939,40.8505],[-75.30868,40.84696],[-75.30839,40.84698]]],[[[-75.29902,40.85396],[-75.2933,40.85846],[-75.29384,40.85979],[-75.29411,40.85856],[-75.29499,40.85734],[-75.29923,40.85496],[-75.30056,40.85327],[-75.29902,40.85396]]],[[[-75.31474,40.85904],[-75.30995,40.8595],[-75.31086,40.86098],[-75.31878,40.85979],[-75.32477,40.8581],[-75.32547,40.85521],[-75.31474,40.85904]]],[[[-75.29535,40.85763],[-75.29473,40.85854],[-75.29495,40.85924],[-75.29446,40.8606],[-75.29464,40.86112],[-75.29587,40.86171],[-75.30083,40.8594],[-75.32095,40.85553],[-75.33459,40.84816],[-75.33592,40.84779],[-75.33946,40.84523],[-75.35153,40.84193],[-75.35905,40.83889],[-75.37192,40.8347],[-75.36896,40.82847],[-75.36755,40.8288],[-75.36689,40.8282],[-75.35693,40.83056],[-75.35649,40.83013],[-75.35594,40.83038],[-75.35632,40.83082],[-75.356,40.83109],[-75.34923,40.83401],[-75.34087,40.8361],[-75.34236,40.83904],[-75.33967,40.84055],[-75.33824,40.83854],[-75.33855,40.8384],[-75.33583,40.83504],[-75.33513,40.83542],[-75.33783,40.83869],[-75.33739,40.83888],[-75.3382,40.84006],[-75.33676,40.84218],[-75.33512,40.83976],[-75.33636,40.83923],[-75.33396,40.83608],[-75.33062,40.83812],[-75.33223,40.84021],[-75.33087,40.84071],[-75.33005,40.83972],[-75.32997,40.84066],[-75.32738,40.8402],[-75.32947,40.8431],[-75.31697,40.84567],[-75.31697,40.84661],[-75.31395,40.84666],[-75.31406,40.84724],[-75.3171,40.84697],[-75.31731,40.84815],[-75.31433,40.84838],[-75.31421,40.84935],[-75.30626,40.85133],[-75.30656,40.85376],[-75.30317,40.85402],[-75.30311,40.85219],[-75.30256,40.8525],[-75.30308,40.85341],[-75.30104,40.85512],[-75.29615,40.85762],[-75.3017,40.85451],[-75.30296,40.85339],[-75.30247,40.85255],[-75.3012,40.85306],[-75.29972,40.85514],[-75.29543,40.85756],[-75.29535,40.85763]]]]},"properties":{"SGL":168,"NAME":"168","ACRES":7800.289,"PGC_REGION":6}},{"type":"Feature","geometry":{"type":"MultiPolygon","coordinates":[[[[-80.48824,40.78776],[-80.48891,40.7885],[-80.4896,40.79038],[-80.49022,40.79079],[-80.49195,40.78842],[-80.49394,40.78724],[-80.49957,40.78591],[-80.50324,40.78588],[-80.50736,40.785],[-80.50936,40.78582],[-80.50957,40.78391],[-80.51889,40.78601],[-80.51902,40.77482],[-80.51605,40.77418],[-80.51252,40.77214],[-80.51084,40.77277],[-80.51094,40.77626],[-80.49808,40.76729],[-80.49575,40.77149],[-80.49155,40.76876],[-80.49128,40.76927],[-80.48781,40.76917],[-80.48486,40.77178],[-80.48687,40.77313],[-80.48272,40.77654],[-80.48318,40.77716],[-80.48055,40.77661],[-80.47858,40.77929],[-80.4821,40.78065],[-80.48464,40.77874],[-80.48461,40.78214],[-80.48898,40.78124],[-80.49097,40.78003],[-80.48793,40.78555],[-80.48783,40.78636],[-80.48824,40.78776]]],[[[-80.47915,40.79875],[-80.47934,40.79902],[-80.47917,40.79859],[-80.48106,40.79798],[-80.47915,40.79813],[-80.47854,40.79577],[-80.48022,40.79553],[-80.48294,40.79349],[-80.4847,40.79464],[-80.48969,40.79227],[-80.49109,40.79284],[-80.49108,40.79318],[-80.49036,40.79333],[-80.49069,40.79449],[-80.49329,40.79342],[-80.4935,40.79424],[-80.49467,40.79369],[-80.49552,40.79227],[-80.49464,40.79019],[-80.49423,40.78975],[-80.49353,40.79015],[-80.49407,40.79095],[-80.49251,40.79287],[-80.48846,40.78998],[-80.48538,40.79138],[-80.47883,40.78939],[-80.47652,40.78799],[-80.48056,40.78473],[-80.47952,40.78382],[-80.47517,40.78519],[-80.47538,40.78175],[-80.4681,40.78156],[-80.468,40.78594],[-80.46657,40.7875],[-80.46712,40.78798],[-80.46685,40.79096],[-80.46982,40.79175],[-80.46769,40.79349],[-80.4714,40.79498],[-80.47513,40.79419],[-80.47853,40.79875],[-80.47911,40.79861],[-80.47915,40.79875]]],[[[-80.49325,40.81544],[-80.50112,40.81572],[-80.50077,40.80883],[-80.50277,40.80886],[-80.50257,40.81135],[-80.50997,40.81169],[-80.51013,40.80801],[-80.51205,40.80801],[-80.51207,40.80565],[-80.51027,40.80566],[-80.51083,40.80268],[-80.51021,40.80101],[-80.51073,40.79993],[-80.51326,40.80002],[-80.51361,40.79477],[-80.51032,40.79484],[-80.51249,40.78918],[-80.51223,40.789],[-80.5111,40.7886],[-80.50173,40.78777],[-80.49788,40.78826],[-80.50035,40.79549],[-80.50424,40.79556],[-80.50115,40.79979],[-80.48924,40.79964],[-80.48548,40.8029],[-80.48742,40.80496],[-80.48917,40.80386],[-80.48995,40.80442],[-80.49036,40.80425],[-80.49426,40.80683],[-80.4901,40.80676],[-80.49013,40.80773],[-80.48786,40.80822],[-80.48892,40.80965],[-80.48926,40.80945],[-80.48994,40.80989],[-80.49185,40.81201],[-80.49211,40.81257],[-80.4917,40.81268],[-80.49296,40.81525],[-80.49255,40.81547],[-80.49286,40.81574],[-80.49314,40.81544],[-80.49325,40.81544]]],[[[-80.5043,40.83497],[-80.5094,40.8351],[-80.51007,40.83345],[-80.51234,40.83351],[-80.51245,40.82932],[-80.50855,40.82937],[-80.50838,40.82338],[-80.50163,40.82319],[-80.50153,40.82588],[-80.50291,40.82587],[-80.50294,40.82689],[-80.50166,40.82782],[-80.50156,40.82927],[-80.50136,40.82873],[-80.49861,40.82664],[-80.49858,40.82318],[-80.49644,40.82326],[-80.49634,40.82694],[-80.49863,40.8275],[-80.50008,40.82872],[-80.50016,40.82997],[-80.49627,40.82983],[-80.4962,40.83197],[-80.5044,40.83214],[-80.5043,40.83497]]]]},"properties":{"SGL":285,"NAME":"285","ACRES":2840.469,"PGC_REGION":2}},{"type":"Feature","geometry":{"type":"MultiPolygon","coordinates":[[[[-76.98497,40.30691],[-76.98143,40.30757],[-76.98119,40.30699],[-76.97398,40.30841],[-76.97478,40.31044],[-76.97697,40.31002],[-76.97638,40.30858],[-76.97789,40.30828],[-76.97841,40.30972],[-76.98557,40.3084],[-76.98497,40.30691]]],[[[-76.97077,40.3116],[-76.97155,40.31148],[-76.96956,40.30612],[-76.96641,40.30671],[-76.96771,40.31209],[-76.96999,40.31173],[-76.97077,40.3116]]],[[[-76.99012,40.30934],[-76.97698,40.31113],[-76.96295,40.31462],[-76.96458,40.32084],[-76.96245,40.3225],[-76.97253,40.31953],[-76.99318,40.31622],[-77.00597,40.3156],[-77.00661,40.31845],[-77.01691,40.3181],[-77.01679,40.3162],[-77.03423,40.31581],[-77.04695,40.31629],[-77.04727,40.31491],[-77.04781,40.315],[-77.04706,40.31771],[-77.05588,40.3166],[-77.0682,40.31709],[-77.06999,40.323],[-77.07229,40.32288],[-77.06928,40.31654],[-77.07112,40.31642],[-77.07404,40.31535],[-77.07641,40.31577],[-77.07659,40.31876],[-77.07991,40.31808],[-77.07899,40.31616],[-77.08274,40.31565],[-77.08467,40.31179],[-77.09061,40.31112],[-77.09052,40.31495],[-77.09233,40.31603],[-77.09253,40.31498],[-77.09337,40.31428],[-77.09467,40.3144],[-77.09461,40.31119],[-77.10709,40.31024],[-77.10724,40.31119],[-77.11985,40.30933],[-77.11959,40.30709],[-77.11898,40.30692],[-77.11878,40.30054],[-77.12327,40.30021],[-77.12249,40.29715],[-77.11976,40.29647],[-77.08438,40.30026],[-77.0843,40.29887],[-77.08332,40.29825],[-77.08307,40.29701],[-77.07916,40.29732],[-77.07919,40.29814],[-77.07606,40.29857],[-77.07572,40.29958],[-77.07595,40.30102],[-77.0705,40.30114],[-77.06349,40.30198],[-77.05726,40.30056],[-77.03587,40.30132],[-77.03621,40.30322],[-77.02239,40.30321],[-77.02194,40.30231],[-77.00873,40.30293],[-77.00601,40.30317],[-77.00685,40.30514],[-77.0023,40.30664],[-76.99577,40.30717],[-76.98989,40.30815],[-76.99012,40.30934]],[[-77.11681,40.30492],[-77.11597,40.30475],[-77.11583,40.30151],[-77.11666,40.30137],[-77.11681,40.30492]],[[-77.05214,40.30411],[-77.05142,40.30413],[-77.05139,40.30358],[-77.05211,40.30356],[-77.05214,40.30411]]],[[[-77.0436,40.37396],[-77.04586,40.37333],[-77.04859,40.37195],[-77.05348,40.37087],[-77.06288,40.36703],[-77.06426,40.36601],[-77.06949,40.36416],[-77.07031,40.36319],[-77.09594,40.34846],[-77.09768,40.35123],[-77.10408,40.34843],[-77.10073,40.34357],[-77.11659,40.33635],[-77.11472,40.33553],[-77.11525,40.33332],[-77.11304,40.33248],[-77.11342,40.33171],[-77.1127,40.3313],[-77.11366,40.32925],[-77.11221,40.32898],[-77.10427,40.32962],[-77.10431,40.33073],[-77.08493,40.33267],[-77.08476,40.33226],[-77.08294,40.3321],[-77.08343,40.33037],[-77.08466,40.33012],[-77.08445,40.3291],[-77.08216,40.32929],[-77.08164,40.32601],[-77.07807,40.32624],[-77.0787,40.32208],[-77.07763,40.32729],[-77.07795,40.32763],[-77.07731,40.33202],[-77.06412,40.33308],[-77.06231,40.33117],[-77.06229,40.32956],[-77.06172,40.32908],[-77.06073,40.32591],[-77.06156,40.32916],[-77.06203,40.32968],[-77.06198,40.33102],[-77.05923,40.33254],[-77.05381,40.3338],[-77.05269,40.33506],[-77.053,40.33332],[-77.04393,40.33277],[-77.04386,40.33307],[-77.03925,40.33241],[-77.0393,40.33208],[-77.03687,40.33239],[-77.037,40.33206],[-77.03536,40.33193],[-77.03502,40.33373],[-77.03175,40.33364],[-77.03156,40.33496],[-77.02848,40.33474],[-77.02865,40.33399],[-77.02572,40.3341],[-77.02567,40.3369],[-77.01242,40.34025],[-77.01192,40.33423],[-77.00651,40.33498],[-77.00654,40.33533],[-77.0021,40.33552],[-77.00228,40.33883],[-76.98729,40.344],[-76.98865,40.3465],[-76.99899,40.34341],[-77.01512,40.34276],[-77.01684,40.34593],[-77.02067,40.34582],[-77.02009,40.34453],[-77.0376,40.34392],[-77.0422,40.34418],[-77.04141,40.34646],[-77.04694,40.34654],[-77.04534,40.34382],[-77.05068,40.34395],[-77.05206,40.3467],[-77.05149,40.3467],[-77.05181,40.34767],[-77.05321,40.34766],[-77.05342,40.34633],[-77.05288,40.34376],[-77.05564,40.34382],[-77.05828,40.34847],[-77.07218,40.3469],[-77.0742,40.34707],[-77.07991,40.34588],[-77.08009,40.34503],[-77.08299,40.34454],[-77.08448,40.34748],[-77.08189,40.34777],[-77.07126,40.35534],[-77.06378,40.35728],[-77.06353,40.3568],[-77.05909,40.35931],[-77.05993,40.36064],[-77.0575,40.36162],[-77.05688,40.36058],[-77.05422,40.36204],[-77.0511,40.3572],[-77.04772,40.35838],[-77.04952,40.3626],[-77.03828,40.36676],[-77.03509,40.36342],[-77.03207,40.36564],[-77.02696,40.36768],[-77.02642,40.36943],[-77.02517,40.37006],[-77.02414,40.36997],[-77.02401,40.37134],[-77.02439,40.37133],[-77.02509,40.37394],[-77.02584,40.37464],[-77.02871,40.37395],[-77.03314,40.37837],[-77.03671,40.37722],[-77.04121,40.37463],[-77.0436,40.37396]]]]},"properties":{"SGL":170,"NAME":"170","ACRES":9462.66216881,"PGC_REGION":4}},{"type":"Feature","geometry":{"type":"MultiPolygon","coordinates":[[[[-75.23818,40.51244],[-75.23723,40.51329],[-75.23802,40.51374],[-75.2408,40.51272],[-75.23693,40.51051],[-75.23791,40.50979],[-75.23883,40.51047],[-75.2397,40.51012],[-75.23606,40.50802],[-75.23963,40.50981],[-75.24014,40.50955],[-75.24091,40.51],[-75.24155,40.50982],[-75.24197,40.50929],[-75.2391,40.50757],[-75.23926,40.50716],[-75.2378,40.50628],[-75.24041,40.50549],[-75.24092,40.50579],[-75.24489,40.50216],[-75.24293,40.50097],[-75.24218,40.49691],[-75.249,40.49724],[-75.25099,40.49844],[-75.25315,40.4982],[-75.25221,40.49261],[-75.25387,40.49285],[-75.25528,40.48862],[-75.25487,40.48855],[-75.25555,40.48725],[-75.25395,40.48597],[-75.25308,40.48646],[-75.25456,40.4875],[-75.25425,40.48844],[-75.2522,40.48688],[-75.25239,40.48937],[-75.25051,40.48928],[-75.25012,40.48993],[-75.25035,40.49148],[-75.25096,40.49149],[-75.25088,40.49237],[-75.24913,40.49212],[-75.24887,40.49309],[-75.24988,40.49323],[-75.24947,40.49476],[-75.24394,40.49397],[-75.24526,40.49265],[-75.24597,40.48809],[-75.24483,40.48808],[-75.24493,40.48852],[-75.24254,40.48857],[-75.24175,40.48823],[-75.24022,40.48537],[-75.24018,40.48611],[-75.23856,40.48625],[-75.2366,40.48384],[-75.23426,40.48526],[-75.23241,40.48414],[-75.23153,40.48469],[-75.23281,40.48574],[-75.23132,40.48595],[-75.22967,40.48454],[-75.2305,40.48447],[-75.2282,40.48254],[-75.22913,40.4815],[-75.22899,40.48114],[-75.22421,40.48224],[-75.22394,40.48255],[-75.2247,40.48404],[-75.22468,40.48635],[-75.22198,40.48792],[-75.22091,40.48705],[-75.22402,40.48568],[-75.22359,40.48487],[-75.22344,40.48067],[-75.21947,40.48115],[-75.21718,40.48046],[-75.21715,40.48004],[-75.21232,40.48068],[-75.21118,40.48311],[-75.20921,40.48181],[-75.20893,40.4822],[-75.20855,40.48197],[-75.20883,40.48154],[-75.20845,40.48127],[-75.20685,40.48381],[-75.21093,40.48632],[-75.2101,40.48856],[-75.21226,40.48904],[-75.21122,40.49119],[-75.20852,40.49031],[-75.20745,40.4912],[-75.21071,40.49273],[-75.21186,40.49287],[-75.21001,40.49463],[-75.20971,40.49446],[-75.21021,40.49359],[-75.20688,40.49173],[-75.20635,40.49233],[-75.20898,40.49409],[-75.20657,40.4957],[-75.20938,40.49827],[-75.20848,40.49902],[-75.20854,40.49956],[-75.21028,40.50141],[-75.21187,40.50085],[-75.21289,40.50171],[-75.21426,40.50047],[-75.21612,40.50166],[-75.21503,40.50234],[-75.21741,40.50385],[-75.21511,40.50605],[-75.21674,40.50677],[-75.21614,40.50733],[-75.21641,40.50743],[-75.22109,40.50311],[-75.22166,40.50343],[-75.21983,40.50509],[-75.22037,40.50543],[-75.22218,40.50379],[-75.22323,40.5045],[-75.21811,40.5092],[-75.21863,40.50952],[-75.22121,40.50713],[-75.22175,40.50747],[-75.21991,40.50926],[-75.22075,40.50977],[-75.22011,40.51038],[-75.22035,40.51048],[-75.22433,40.50713],[-75.22585,40.50821],[-75.22298,40.51068],[-75.22336,40.51091],[-75.22461,40.50985],[-75.22582,40.51067],[-75.22745,40.50928],[-75.22971,40.51074],[-75.22805,40.51217],[-75.22883,40.51271],[-75.23047,40.51127],[-75.22991,40.51092],[-75.23132,40.50958],[-75.23337,40.51081],[-75.23194,40.51216],[-75.23291,40.51282],[-75.23426,40.51161],[-75.2367,40.51299],[-75.2376,40.51205],[-75.23818,40.51244]],[[-75.21452,40.49711],[-75.21426,40.49692],[-75.2154,40.49569],[-75.21587,40.49602],[-75.21452,40.49711]],[[-75.23526,40.49035],[-75.23175,40.49073],[-75.2311,40.48977],[-75.23464,40.48943],[-75.23526,40.49035]],[[-75.23287,40.48677],[-75.23216,40.48704],[-75.23231,40.48724],[-75.22945,40.48764],[-75.22905,40.48706],[-75.23274,40.48657],[-75.23287,40.48677]],[[-75.21854,40.48217],[-75.21974,40.48291],[-75.21919,40.48344],[-75.21731,40.48239],[-75.2159,40.48281],[-75.21519,40.48194],[-75.21638,40.48085],[-75.21854,40.48217]]],[[[-75.22981,40.5134],[-75.22669,40.51617],[-75.22788,40.51661],[-75.23075,40.51355],[-75.23006,40.51317],[-75.22981,40.5134]]],[[[-75.23245,40.51502],[-75.23011,40.51755],[-75.23068,40.51769],[-75.23361,40.51481],[-75.23295,40.51447],[-75.23245,40.51502]]]]},"properties":{"SGL":157,"NAME":"157","ACRES":2065.2,"PGC_REGION":6}},{"type":"Feature","geometry":{"type":"MultiPolygon","coordinates":[[[[-78.41132,40.35192],[-78.41314,40.35248],[-78.42384,40.34954],[-78.42507,40.34978],[-78.42659,40.34623],[-78.42682,40.34375],[-78.42722,40.34382],[-78.42789,40.34139],[-78.42923,40.33904],[-78.42824,40.33345],[-78.43219,40.3256],[-78.43355,40.3246],[-78.43149,40.32408],[-78.43019,40.32732],[-78.4282,40.32706],[-78.4315,40.31888],[-78.42658,40.31761],[-78.42475,40.32165],[-78.42586,40.32174],[-78.42437,40.32534],[-78.42409,40.3253],[-78.42006,40.33571],[-78.41852,40.33556],[-78.41132,40.35192]]],[[[-78.36072,40.41488],[-78.36107,40.41512],[-78.36428,40.41473],[-78.36525,40.41257],[-78.3685,40.41251],[-78.37125,40.41072],[-78.37289,40.41154],[-78.37331,40.41117],[-78.3738,40.41051],[-78.37231,40.40904],[-78.37335,40.4074],[-78.3801,40.40143],[-78.38081,40.40204],[-78.38175,40.40142],[-78.38054,40.3993],[-78.38244,40.39829],[-78.38184,40.39756],[-78.38337,40.3956],[-78.38198,40.39419],[-78.38573,40.39227],[-78.38793,40.38929],[-78.38062,40.39039],[-78.37896,40.39248],[-78.37586,40.39426],[-78.37105,40.39273],[-78.36891,40.39105],[-78.36655,40.38751],[-78.36574,40.38451],[-78.3651,40.38481],[-78.36397,40.3831],[-78.36184,40.37797],[-78.3621,40.37786],[-78.36084,40.37585],[-78.3599,40.3731],[-78.35924,40.36588],[-78.35727,40.36129],[-78.35669,40.35671],[-78.35558,40.3534],[-78.35303,40.34811],[-78.35194,40.34684],[-78.34916,40.34481],[-78.34701,40.34411],[-78.35106,40.33896],[-78.34655,40.33726],[-78.34623,40.33554],[-78.34016,40.33332],[-78.33703,40.33346],[-78.33651,40.33264],[-78.33685,40.33254],[-78.33642,40.33138],[-78.33615,40.33141],[-78.33635,40.33174],[-78.33585,40.33193],[-78.33687,40.33354],[-78.33113,40.33805],[-78.33235,40.33927],[-78.33094,40.34068],[-78.32979,40.33943],[-78.32951,40.33965],[-78.32134,40.34845],[-78.31977,40.3487],[-78.31825,40.34822],[-78.31729,40.35312],[-78.31649,40.35439],[-78.31617,40.35639],[-78.31622,40.36056],[-78.31655,40.36048],[-78.31596,40.36197],[-78.31418,40.36161],[-78.31161,40.37013],[-78.31229,40.37031],[-78.31095,40.37423],[-78.30971,40.37384],[-78.30845,40.37614],[-78.31137,40.3769],[-78.30879,40.38175],[-78.30529,40.38081],[-78.30445,40.3824],[-78.30285,40.38195],[-78.30188,40.38439],[-78.30429,40.38456],[-78.30397,40.38572],[-78.30501,40.38664],[-78.30346,40.38696],[-78.30327,40.38731],[-78.30938,40.39024],[-78.31374,40.38292],[-78.31585,40.37767],[-78.3172,40.37632],[-78.31967,40.37128],[-78.32121,40.36611],[-78.32256,40.36455],[-78.32394,40.36156],[-78.33066,40.36814],[-78.33228,40.36812],[-78.3323,40.36028],[-78.33583,40.36033],[-78.33589,40.3592],[-78.33874,40.35893],[-78.34331,40.37226],[-78.34268,40.37536],[-78.34412,40.38355],[-78.34188,40.38384],[-78.34311,40.38639],[-78.34877,40.38441],[-78.34883,40.38521],[-78.35099,40.38523],[-78.35098,40.38684],[-78.34886,40.38684],[-78.34871,40.39456],[-78.34545,40.39447],[-78.3445,40.39274],[-78.34528,40.39464],[-78.34875,40.39468],[-78.34844,40.39841],[-78.34637,40.39845],[-78.34723,40.40428],[-78.35521,40.40029],[-78.35575,40.40309],[-78.35672,40.40464],[-78.36183,40.4098],[-78.36453,40.40659],[-78.36599,40.40675],[-78.36072,40.41488]]],[[[-78.27997,40.42919],[-78.28958,40.43245],[-78.29335,40.42591],[-78.29622,40.42698],[-78.30991,40.41112],[-78.31257,40.40512],[-78.31589,40.40203],[-78.30859,40.40461],[-78.30643,40.40589],[-78.30308,40.40667],[-78.29944,40.40938],[-78.2946,40.41392],[-78.29441,40.41313],[-78.29491,40.41229],[-78.2974,40.40821],[-78.30102,40.4034],[-78.29404,40.39981],[-78.29341,40.40117],[-78.28606,40.41084],[-78.28707,40.41136],[-78.28193,40.41887],[-78.28541,40.41994],[-78.28518,40.42034],[-78.27997,40.42919]],[[-78.29418,40.41423],[-78.2933,40.41549],[-78.29297,40.41538],[-78.29415,40.4142],[-78.29418,40.41423]]],[[[-78.23336,40.47762],[-78.2323,40.47835],[-78.23875,40.48522],[-78.24494,40.47862],[-78.24737,40.47679],[-78.25581,40.46763],[-78.25865,40.46521],[-78.26199,40.46134],[-78.26647,40.45514],[-78.27135,40.44959],[-78.28133,40.43637],[-78.2747,40.43402],[-78.27219,40.43833],[-78.27084,40.43794],[-78.26594,40.44501],[-78.26802,40.44582],[-78.26695,40.44733],[-78.26543,40.44767],[-78.2641,40.44737],[-78.26351,40.44882],[-78.26229,40.44848],[-78.25613,40.45637],[-78.25433,40.45771],[-78.25371,40.45901],[-78.25653,40.46128],[-78.25512,40.46377],[-78.25272,40.46543],[-78.2493,40.46281],[-78.25277,40.45847],[-78.25076,40.45687],[-78.24707,40.46126],[-78.24584,40.46211],[-78.24336,40.4621],[-78.24276,40.46364],[-78.24128,40.46544],[-78.24074,40.46746],[-78.24394,40.46915],[-78.24156,40.47203],[-78.23723,40.47576],[-78.23479,40.47727],[-78.2322,40.475],[-78.23109,40.47555],[-78.23336,40.47762]]]]},"properties":{"SGL":147,"NAME":"147","ACRES":7946.12009078,"PGC_REGION":4}},{"type":"Feature","geometry":{"type":"MultiPolygon","coordinates":[[[[-78.77819,40.96231],[-78.77816,40.96463],[-78.77392,40.96462],[-78.77404,40.97513],[-78.77194,40.97511],[-78.77195,40.97919],[-78.79286,40.97934],[-78.79274,40.98715],[-78.79876,40.98724],[-78.79883,40.97936],[-78.8043,40.97938],[-78.80441,40.96463],[-78.79639,40.96457],[-78.79635,40.95641],[-78.79379,40.9564],[-78.79355,40.95702],[-78.79164,40.95638],[-78.78722,40.95636],[-78.78711,40.96233],[-78.77819,40.96231]]],[[[-78.73176,40.99308],[-78.73172,40.99938],[-78.73972,40.99943],[-78.73977,40.99331],[-78.73176,40.99308]]],[[[-78.77819,40.96231],[-78.77823,40.95737],[-78.78177,40.95737],[-78.78174,40.95092],[-78.78653,40.95093],[-78.78654,40.94767],[-78.77884,40.94762],[-78.77881,40.94462],[-78.77928,40.94461],[-78.77946,40.9407],[-78.77731,40.94069],[-78.77863,40.93949],[-78.77947,40.93946],[-78.77951,40.93788],[-78.76599,40.93792],[-78.76593,40.92343],[-78.76437,40.92342],[-78.76462,40.92378],[-78.76369,40.92378],[-78.7637,40.92311],[-78.76245,40.9231],[-78.76253,40.92265],[-78.76218,40.92265],[-78.76204,40.92521],[-78.75653,40.92523],[-78.75694,40.93331],[-78.75524,40.93331],[-78.7553,40.9417],[-78.75014,40.94172],[-78.75008,40.93333],[-78.74856,40.93333],[-78.74857,40.92812],[-78.73998,40.92812],[-78.73999,40.91743],[-78.74509,40.91743],[-78.74891,40.91497],[-78.74401,40.91061],[-78.73774,40.91304],[-78.73463,40.91028],[-78.73315,40.91086],[-78.72655,40.90501],[-78.71579,40.90896],[-78.7229,40.91332],[-78.72125,40.91486],[-78.72737,40.91861],[-78.71131,40.92009],[-78.71132,40.9234],[-78.70819,40.92467],[-78.67841,40.93001],[-78.68376,40.92376],[-78.67957,40.92035],[-78.67126,40.92508],[-78.67121,40.9287],[-78.66692,40.9315],[-78.67368,40.93215],[-78.6737,40.93666],[-78.66318,40.93564],[-78.66319,40.93417],[-78.65612,40.93417],[-78.65615,40.92999],[-78.66322,40.93001],[-78.66326,40.92416],[-78.65185,40.93034],[-78.65329,40.93899],[-78.65331,40.94153],[-78.65538,40.94181],[-78.65536,40.9521],[-78.65258,40.95212],[-78.65264,40.95585],[-78.65538,40.95596],[-78.65542,40.96015],[-78.66557,40.96022],[-78.66555,40.95509],[-78.67615,40.95499],[-78.67613,40.95577],[-78.6804,40.95575],[-78.68039,40.9488],[-78.67062,40.9488],[-78.67061,40.94116],[-78.66904,40.94097],[-78.66903,40.93935],[-78.67572,40.93937],[-78.67571,40.93996],[-78.67613,40.93997],[-78.67591,40.93967],[-78.67738,40.93967],[-78.67793,40.93997],[-78.68338,40.94],[-78.68341,40.94878],[-78.68755,40.94879],[-78.68758,40.95281],[-78.68935,40.9528],[-78.68937,40.9557],[-78.68387,40.95572],[-78.68387,40.96415],[-78.673,40.96418],[-78.67279,40.96944],[-78.68222,40.96953],[-78.68225,40.97627],[-78.68274,40.97628],[-78.68272,40.98195],[-78.68469,40.98196],[-78.68466,40.98843],[-78.69098,40.98845],[-78.691,40.99338],[-78.68782,40.99339],[-78.68785,41.00075],[-78.70613,41.00071],[-78.70613,40.99967],[-78.70748,40.99967],[-78.70747,40.99683],[-78.71181,40.99682],[-78.71254,40.99651],[-78.71313,40.99695],[-78.71229,40.99928],[-78.7167,40.99929],[-78.71674,40.99304],[-78.73036,40.99305],[-78.73037,40.98625],[-78.74002,40.9864],[-78.74004,40.97899],[-78.74824,40.97908],[-78.74807,40.98703],[-78.75539,40.98701],[-78.75551,40.97912],[-78.76664,40.97918],[-78.76661,40.9751],[-78.77038,40.97512],[-78.77024,40.96627],[-78.76184,40.96625],[-78.76262,40.96452],[-78.76861,40.9648],[-78.77084,40.96455],[-78.77193,40.96343],[-78.77194,40.96225],[-78.77819,40.96231]],[[-78.75317,40.9644],[-78.72007,40.96423],[-78.72012,40.95654],[-78.70801,40.95647],[-78.70803,40.9502],[-78.70667,40.94968],[-78.70602,40.9489],[-78.70651,40.94593],[-78.70631,40.94391],[-78.71133,40.94392],[-78.71125,40.94969],[-78.73957,40.94957],[-78.73958,40.94558],[-78.74571,40.94563],[-78.7457,40.94961],[-78.74043,40.94958],[-78.74026,40.95672],[-78.75295,40.95685],[-78.75317,40.9644]],[[-78.70794,40.9635],[-78.70415,40.96611],[-78.70221,40.96547],[-78.70109,40.96348],[-78.70196,40.96128],[-78.70264,40.96108],[-78.70478,40.96124],[-78.70541,40.96269],[-78.70611,40.96283],[-78.70795,40.96202],[-78.70794,40.9635]],[[-78.77231,40.94466],[-78.77196,40.94466],[-78.77195,40.94394],[-78.77255,40.9439],[-78.77276,40.9443],[-78.7732,40.94394],[-78.77377,40.94465],[-78.77231,40.94466]],[[-78.75975,40.94878],[-78.75975,40.94985],[-78.75383,40.94973],[-78.75909,40.94904],[-78.75975,40.94878]],[[-78.75125,40.95048],[-78.75057,40.95069],[-78.75087,40.94995],[-78.75125,40.95048]],[[-78.76439,40.96036],[-78.75971,40.96037],[-78.75972,40.95688],[-78.76605,40.95687],[-78.76603,40.96219],[-78.76347,40.96193],[-78.76429,40.96054],[-78.76439,40.96036]],[[-78.65852,40.9422],[-78.65826,40.94133],[-78.65959,40.94118],[-78.65961,40.94233],[-78.65852,40.9422]]],[[[-78.67153,41.00813],[-78.67693,41.00813],[-78.67691,41.00315],[-78.68187,41.00315],[-78.68187,41.00012],[-78.68099,41.00011],[-78.68098,40.99341],[-78.67369,40.99338],[-78.67369,40.99286],[-78.66864,40.99283],[-78.66866,40.98915],[-78.65946,40.98883],[-78.65947,40.98743],[-78.6586,40.98743],[-78.65862,40.98376],[-78.64763,40.98362],[-78.64773,40.99379],[-78.65849,40.99383],[-78.65838,40.99908],[-78.6571,40.99912],[-78.65725,41.002],[-78.65681,41.00207],[-78.6567,41.00845],[-78.66936,41.00813],[-78.67153,41.00813]]],[[[-78.75419,41.00597],[-78.75289,41.00679],[-78.75221,41.0085],[-78.75433,41.00851],[-78.75429,41.00595],[-78.75419,41.00597]]],[[[-78.74672,41.00907],[-78.74668,41.01347],[-78.74757,41.01252],[-78.7492,41.01204],[-78.74917,41.0085],[-78.75201,41.0085],[-78.75273,41.00671],[-78.75428,41.0058],[-78.75422,41.00142],[-78.75943,41.00142],[-78.75935,40.99358],[-78.749,40.99352],[-78.74912,41.00376],[-78.73956,41.00389],[-78.73958,41.00906],[-78.74186,41.00907],[-78.74672,41.00907]]],[[[-78.74921,41.01721],[-78.74913,41.0122],[-78.74759,41.01268],[-78.74668,41.01373],[-78.74666,41.01643],[-78.74004,41.01543],[-78.74042,41.0172],[-78.74763,41.01722],[-78.74921,41.01721]]]]},"properties":{"SGL":87,"NAME":"087","ACRES":17321.1617895,"PGC_REGION":3}},{"type":"Feature","geometry":{"type":"Polygon","coordinates":[[[-76.65451,41.79468],[-76.65973,41.79497],[-76.66165,41.79569],[-76.6617,41.79457],[-76.66523,41.79424],[-76.66522,41.79347],[-76.66738,41.79244],[-76.66632,41.78714],[-76.67101,41.78696],[-76.67051,41.77927],[-76.66313,41.77951],[-76.66363,41.7873],[-76.6523,41.78763],[-76.65197,41.78352],[-76.6484,41.78364],[-76.64815,41.77998],[-76.64404,41.78008],[-76.64226,41.77497],[-76.64627,41.77282],[-76.64451,41.76706],[-76.64101,41.76716],[-76.63931,41.76863],[-76.63694,41.76873],[-76.63527,41.76982],[-76.63441,41.76737],[-76.62976,41.76872],[-76.63165,41.77392],[-76.63184,41.7742],[-76.63411,41.77376],[-76.63572,41.77839],[-76.63343,41.77883],[-76.63386,41.78003],[-76.63145,41.78041],[-76.63174,41.78111],[-76.62457,41.78255],[-76.62393,41.78094],[-76.62138,41.78108],[-76.61931,41.7822],[-76.61773,41.77756],[-76.61275,41.77779],[-76.61511,41.78502],[-76.62411,41.78789],[-76.62939,41.79198],[-76.63059,41.79136],[-76.63271,41.79122],[-76.63335,41.79554],[-76.65232,41.79464],[-76.65451,41.79468]],[[-76.63366,41.77242],[-76.63302,41.77274],[-76.63261,41.77235],[-76.63327,41.77131],[-76.63366,41.77242]]]},"properties":{"SGL":289,"NAME":"289","ACRES":1642.58349037,"PGC_REGION":5}},{"type":"Feature","geometry":{"type":"MultiPolygon","coordinates":[[[[-76.59021,41.91774],[-76.59021,41.91354],[-76.58907,41.91357],[-76.58907,41.91109],[-76.58516,41.91124],[-76.58551,41.91754],[-76.58782,41.91808],[-76.59021,41.91774]]],[[[-76.63195,41.9082],[-76.63179,41.90471],[-76.63799,41.90457],[-76.63787,41.90105],[-76.63165,41.90114],[-76.63179,41.90462],[-76.62902,41.90478],[-76.62966,41.90336],[-76.62906,41.90262],[-76.62533,41.90372],[-76.62557,41.90785],[-76.61879,41.90753],[-76.61885,41.90851],[-76.61512,41.90851],[-76.61331,41.90928],[-76.61336,41.91087],[-76.60919,41.91175],[-76.60211,41.91147],[-76.60213,41.9109],[-76.59869,41.91084],[-76.59879,41.91304],[-76.59472,41.9131],[-76.59382,41.91555],[-76.59234,41.91571],[-76.59236,41.91478],[-76.59034,41.91436],[-76.59017,41.9166],[-76.59041,41.91773],[-76.59095,41.91765],[-76.59104,41.92146],[-76.59073,41.92181],[-76.59497,41.92189],[-76.59575,41.92055],[-76.59516,41.91909],[-76.59611,41.91892],[-76.5961,41.91844],[-76.60242,41.91829],[-76.60235,41.91675],[-76.60918,41.91778],[-76.60912,41.91912],[-76.61815,41.91867],[-76.62203,41.91743],[-76.6217,41.9147],[-76.62563,41.91445],[-76.62584,41.91227],[-76.63213,41.9121],[-76.63197,41.91019],[-76.63195,41.9082]],[[-76.63063,41.90628],[-76.6298,41.90675],[-76.62929,41.90632],[-76.63011,41.90584],[-76.63063,41.90628]]]]},"properties":{"SGL":239,"NAME":"239","ACRES":839.34,"PGC_REGION":5}},{"type":"Feature","geometry":{"type":"MultiPolygon","coordinates":[[[[-78.66976,41.29665],[-78.66359,41.29677],[-78.66358,41.29903],[-78.66694,41.29904],[-78.66977,41.29665],[-78.66976,41.29665]]],[[[-78.68344,41.30719],[-78.6833,41.30679],[-78.68376,41.30661],[-78.68312,41.30662],[-78.68344,41.30719]]],[[[-78.68384,41.30733],[-78.68353,41.30735],[-78.68419,41.30852],[-78.68452,41.30852],[-78.6839,41.30733],[-78.68384,41.30733]]],[[[-78.6814,41.31855],[-78.68485,41.31833],[-78.68464,41.3174],[-78.6814,41.31855]]],[[[-78.68229,41.32885],[-78.68279,41.32771],[-78.68242,41.32556],[-78.68419,41.32336],[-78.68066,41.32339],[-78.68065,41.32843],[-78.68103,41.32843],[-78.68105,41.32962],[-78.68223,41.32891],[-78.68229,41.32885]]],[[[-78.67184,41.33122],[-78.67182,41.32861],[-78.67473,41.32859],[-78.67469,41.32243],[-78.68064,41.32241],[-78.68033,41.31857],[-78.68287,41.31618],[-78.68415,41.31688],[-78.68491,41.31668],[-78.68554,41.31496],[-78.67841,41.31457],[-78.67834,41.31],[-78.67912,41.30999],[-78.6791,41.30856],[-78.68393,41.30852],[-78.68358,41.3079],[-78.68274,41.30803],[-78.68245,41.30753],[-78.68329,41.30739],[-78.68285,41.30662],[-78.67908,41.30665],[-78.67855,41.29649],[-78.67447,41.29657],[-78.67399,41.29606],[-78.67196,41.29709],[-78.67142,41.29645],[-78.67057,41.29721],[-78.67007,41.29665],[-78.66724,41.29904],[-78.66879,41.29904],[-78.66986,41.29794],[-78.67173,41.29918],[-78.67539,41.29918],[-78.67547,41.30543],[-78.66995,41.30547],[-78.67001,41.31012],[-78.66097,41.31011],[-78.66134,41.32099],[-78.64929,41.32095],[-78.6493,41.3241],[-78.64773,41.32411],[-78.6478,41.32788],[-78.64922,41.32785],[-78.64923,41.32723],[-78.65403,41.32719],[-78.65411,41.33208],[-78.66144,41.33201],[-78.66154,41.33914],[-78.6627,41.33914],[-78.66291,41.32925],[-78.66789,41.32922],[-78.66793,41.33125],[-78.67184,41.33122]],[[-78.66486,41.32527],[-78.66464,41.32739],[-78.66184,41.32742],[-78.66175,41.3229],[-78.66387,41.32287],[-78.66456,41.32353],[-78.66485,41.3251],[-78.66486,41.32527]]],[[[-78.68756,41.34034],[-78.68757,41.34295],[-78.69438,41.34298],[-78.69442,41.34076],[-78.69269,41.34073],[-78.69211,41.33893],[-78.68856,41.33499],[-78.68784,41.33525],[-78.68577,41.33474],[-78.68577,41.33538],[-78.68328,41.33535],[-78.68326,41.33291],[-78.68579,41.33293],[-78.68578,41.3341],[-78.68836,41.33473],[-78.68836,41.3333],[-78.68764,41.33231],[-78.68693,41.33224],[-78.68561,41.32956],[-78.68559,41.32815],[-78.69053,41.32811],[-78.69018,41.32677],[-78.68898,41.32494],[-78.68836,41.32492],[-78.68885,41.32474],[-78.68883,41.32332],[-78.68446,41.32336],[-78.68262,41.32563],[-78.68301,41.32757],[-78.68281,41.32847],[-78.68105,41.32981],[-78.68113,41.33549],[-78.6806,41.33549],[-78.67798,41.33755],[-78.67715,41.33919],[-78.67561,41.34044],[-78.67508,41.34213],[-78.68111,41.34207],[-78.68097,41.33885],[-78.68755,41.33889],[-78.68756,41.34034],[-78.68756,41.34034]],[[-78.68692,41.33612],[-78.68661,41.33626],[-78.6864,41.33587],[-78.68671,41.33572],[-78.68691,41.33611],[-78.68692,41.33612]]],[[[-78.66667,41.34502],[-78.66668,41.34576],[-78.66951,41.34478],[-78.6711,41.34305],[-78.67395,41.34274],[-78.67394,41.34214],[-78.67483,41.34213],[-78.67544,41.34034],[-78.67698,41.33908],[-78.67778,41.33747],[-78.68034,41.33549],[-78.6693,41.33555],[-78.66919,41.34098],[-78.6679,41.341],[-78.66789,41.34272],[-78.66666,41.34271],[-78.66667,41.34483],[-78.66667,41.34502]]],[[[-78.67145,41.3431],[-78.67064,41.34356],[-78.66971,41.34487],[-78.66727,41.34552],[-78.66669,41.34643],[-78.67401,41.34642],[-78.67393,41.34293],[-78.67151,41.34309],[-78.67145,41.3431]]],[[[-78.66668,41.34656],[-78.66668,41.34703],[-78.66668,41.3466],[-78.66668,41.34656]]],[[[-78.68496,41.343],[-78.68113,41.34301],[-78.68121,41.34813],[-78.685,41.3481],[-78.68497,41.34401],[-78.68496,41.343]]],[[[-78.66129,41.34756],[-78.66473,41.34855],[-78.66587,41.34821],[-78.66645,41.3474],[-78.66638,41.34656],[-78.66196,41.34658],[-78.66129,41.34756]]],[[[-78.66439,41.35124],[-78.66666,41.35126],[-78.66667,41.34746],[-78.66598,41.34836],[-78.6648,41.34871],[-78.66119,41.34771],[-78.65926,41.35054],[-78.66442,41.35042],[-78.66439,41.35124]]],[[[-78.92521,41.40022],[-78.92645,41.40087],[-78.92849,41.40086],[-78.93192,41.39987],[-78.93156,41.39645],[-78.93511,41.385],[-78.93352,41.38396],[-78.93338,41.38431],[-78.93232,41.38448],[-78.93239,41.38484],[-78.92897,41.38398],[-78.93222,41.38397],[-78.93202,41.38298],[-78.93437,41.38296],[-78.9305,41.37976],[-78.92885,41.38043],[-78.92727,41.37904],[-78.92736,41.3784],[-78.92635,41.37733],[-78.92656,41.37717],[-78.92608,41.37718],[-78.92601,41.37525],[-78.92473,41.37528],[-78.9246,41.36721],[-78.9381,41.36706],[-78.93785,41.36235],[-78.9479,41.3623],[-78.94809,41.36594],[-78.95139,41.36591],[-78.95136,41.36433],[-78.95409,41.36558],[-78.95447,41.37044],[-78.9506,41.37049],[-78.94943,41.37188],[-78.9475,41.37224],[-78.94679,41.3732],[-78.94637,41.3749],[-78.94643,41.37713],[-78.93476,41.37729],[-78.93824,41.38287],[-78.94416,41.38155],[-78.94182,41.37948],[-78.94364,41.3783],[-78.94599,41.38037],[-78.94801,41.37815],[-78.94941,41.3774],[-78.95632,41.37164],[-78.95917,41.37052],[-78.95899,41.36264],[-78.79561,41.2896],[-78.77217,41.28956],[-78.77241,41.30352],[-78.7409,41.30377],[-78.74059,41.2756],[-78.73386,41.2756],[-78.73386,41.27758],[-78.73062,41.27759],[-78.73063,41.27493],[-78.72208,41.27493],[-78.72193,41.30357],[-78.71056,41.30358],[-78.71062,41.31568],[-78.71653,41.31566],[-78.71657,41.32094],[-78.72085,41.32094],[-78.72086,41.32556],[-78.72017,41.32556],[-78.7216,41.3264],[-78.72105,41.32767],[-78.72158,41.32879],[-78.72095,41.32941],[-78.72094,41.33017],[-78.71979,41.33114],[-78.71973,41.33296],[-78.77265,41.33267],[-78.7726,41.35924],[-78.79326,41.35945],[-78.79318,41.37374],[-78.80231,41.37092],[-78.80392,41.37085],[-78.80621,41.37134],[-78.80983,41.3731],[-78.81352,41.37384],[-78.81587,41.37305],[-78.81858,41.37002],[-78.8233,41.36682],[-78.82696,41.36587],[-78.82847,41.36741],[-78.8289,41.37517],[-78.8342,41.37584],[-78.83429,41.37733],[-78.84084,41.37751],[-78.84098,41.38132],[-78.84457,41.37945],[-78.84527,41.37685],[-78.84655,41.37596],[-78.85184,41.37383],[-78.85259,41.37428],[-78.85325,41.37791],[-78.85421,41.37922],[-78.85592,41.38029],[-78.85624,41.38401],[-78.85733,41.38457],[-78.86052,41.38505],[-78.8635,41.38719],[-78.86426,41.39083],[-78.86619,41.39564],[-78.86774,41.39719],[-78.86924,41.39746],[-78.87297,41.39672],[-78.87396,41.39602],[-78.87448,41.39542],[-78.87413,41.39218],[-78.8747,41.39025],[-78.87667,41.3892],[-78.87786,41.38903],[-78.88436,41.39173],[-78.88645,41.39381],[-78.88668,41.3947],[-78.88629,41.39686],[-78.8869,41.39841],[-78.88815,41.39915],[-78.88923,41.39921],[-78.89094,41.39851],[-78.89305,41.39701],[-78.89307,41.39461],[-78.89373,41.39152],[-78.89635,41.38861],[-78.90375,41.38677],[-78.90603,41.38664],[-78.9078,41.38717],[-78.91047,41.38871],[-78.91077,41.38954],[-78.90985,41.39102],[-78.90958,41.39395],[-78.90647,41.39539],[-78.90494,41.39698],[-78.90491,41.39756],[-78.90655,41.39972],[-78.90879,41.40031],[-78.91097,41.39865],[-78.9144,41.39396],[-78.91889,41.39286],[-78.92052,41.39332],[-78.92182,41.39608],[-78.92413,41.39896],[-78.92521,41.40022]],[[-78.93397,41.38881],[-78.9338,41.38924],[-78.93284,41.38919],[-78.93301,41.38875],[-78.93397,41.3888],[-78.93397,41.38881]],[[-78.93424,41.38767],[-78.93289,41.38781],[-78.933,41.38737],[-78.93424,41.38751],[-78.93424,41.38767]],[[-78.93485,41.3855],[-78.93412,41.38535],[-78.93485,41.38533],[-78.93485,41.3855]],[[-78.89264,41.38273],[-78.88919,41.38276],[-78.88896,41.37334],[-78.88153,41.37343],[-78.88154,41.37755],[-78.87736,41.37761],[-78.87726,41.3735],[-78.8654,41.37367],[-78.8673,41.37344],[-78.86722,41.36841],[-78.86367,41.36844],[-78.86288,41.35219],[-78.87518,41.35229],[-78.87507,41.33796],[-78.88956,41.33786],[-78.88952,41.34005],[-78.89475,41.34002],[-78.89473,41.34148],[-78.90683,41.34139],[-78.90698,41.35089],[-78.90448,41.3509],[-78.90449,41.35282],[-78.89999,41.35281],[-78.90011,41.36776],[-78.91954,41.36732],[-78.91967,41.37536],[-78.91902,41.37537],[-78.91926,41.3825],[-78.8935,41.38273],[-78.89264,41.38273]],[[-78.82692,41.36554],[-78.82454,41.36583],[-78.82289,41.36468],[-78.82335,41.36472],[-78.82338,41.364],[-78.82417,41.3643],[-78.82389,41.36475],[-78.82691,41.36501],[-78.82692,41.36554]],[[-78.81768,41.35546],[-78.8155,41.35675],[-78.81399,41.35531],[-78.81656,41.35381],[-78.81747,41.35408],[-78.81765,41.35525],[-78.81768,41.35546]],[[-78.73907,41.32001],[-78.73734,41.31988],[-78.73729,41.31875],[-78.73902,41.31874],[-78.73905,41.31962],[-78.73907,41.32001]],[[-78.73178,41.31432],[-78.731,41.31412],[-78.73178,41.31431],[-78.73178,41.31432]],[[-78.73257,41.31381],[-78.73205,41.31394],[-78.73169,41.31319],[-78.73225,41.31305],[-78.73257,41.3138],[-78.73257,41.31381]],[[-78.72303,41.31133],[-78.72192,41.30854],[-78.72693,41.30702],[-78.72553,41.30392],[-78.72682,41.30164],[-78.72816,41.30034],[-78.72919,41.30095],[-78.72738,41.30288],[-78.72702,41.30449],[-78.72722,41.30605],[-78.72854,41.3088],[-78.72751,41.30908],[-78.72795,41.30999],[-78.72686,41.31028],[-78.72303,41.31133]],[[-78.72979,41.30947],[-78.72946,41.30863],[-78.72993,41.30844],[-78.73106,41.31036],[-78.73048,41.31057],[-78.72979,41.30948],[-78.72979,41.30947]],[[-78.7327,41.29876],[-78.73215,41.29865],[-78.73262,41.29758],[-78.73223,41.29748],[-78.7324,41.29712],[-78.73278,41.29721],[-78.73327,41.29598],[-78.7341,41.2962],[-78.73278,41.29858],[-78.7327,41.29876]],[[-78.73291,41.28943],[-78.7329,41.28977],[-78.73213,41.28955],[-78.73274,41.2882],[-78.73442,41.28856],[-78.73392,41.28941],[-78.73295,41.2893],[-78.73291,41.28943]],[[-78.73597,41.28822],[-78.73432,41.28806],[-78.73439,41.28766],[-78.73611,41.28782],[-78.73605,41.28823],[-78.73597,41.28822]],[[-78.73409,41.28786],[-78.73365,41.2879],[-78.73359,41.28757],[-78.73411,41.2876],[-78.73409,41.28786]],[[-78.73276,41.28769],[-78.73164,41.28584],[-78.73234,41.28556],[-78.73272,41.28634],[-78.73348,41.2861],[-78.73379,41.2866],[-78.73458,41.28654],[-78.73447,41.28708],[-78.73598,41.28717],[-78.7359,41.28764],[-78.73335,41.28756],[-78.73276,41.28769]],[[-78.73132,41.28252],[-78.73059,41.28259],[-78.73058,41.28205],[-78.7313,41.28199],[-78.73131,41.28245],[-78.73132,41.28252]],[[-78.73134,41.28139],[-78.7306,41.2816],[-78.73064,41.28106],[-78.73137,41.28114],[-78.73134,41.28139]],[[-78.73233,41.28058],[-78.73224,41.28112],[-78.73151,41.28118],[-78.73161,41.28064],[-78.73233,41.28058]],[[-78.73244,41.27991],[-78.73234,41.28053],[-78.73162,41.28059],[-78.73172,41.27997],[-78.73244,41.27991]],[[-78.73156,41.27975],[-78.73083,41.27976],[-78.73082,41.27942],[-78.73155,41.27941],[-78.73156,41.27975]]],[[[-78.65648,41.39573],[-78.65808,41.39564],[-78.65845,41.39984],[-78.65281,41.40015],[-78.65247,41.39596],[-78.64803,41.39585],[-78.64822,41.41723],[-78.65147,41.41669],[-78.65134,41.40659],[-78.65964,41.40652],[-78.65988,41.41716],[-78.66681,41.41705],[-78.66744,41.41926],[-78.67838,41.41987],[-78.6783,41.41667],[-78.68666,41.41792],[-78.68965,41.4174],[-78.68947,41.40834],[-78.69759,41.40798],[-78.69753,41.40525],[-78.69612,41.40526],[-78.69592,41.40174],[-78.69197,41.39894],[-78.69687,41.3972],[-78.69954,41.39866],[-78.70212,41.3989],[-78.70293,41.39978],[-78.70185,41.39979],[-78.7038,41.40112],[-78.70205,41.40121],[-78.71111,41.40119],[-78.71118,41.40272],[-78.7062,41.40273],[-78.70729,41.40416],[-78.71097,41.4041],[-78.7113,41.40883],[-78.72462,41.40908],[-78.72464,41.41547],[-78.74103,41.41539],[-78.74102,41.41423],[-78.74913,41.41404],[-78.74789,41.41113],[-78.7507,41.40725],[-78.75382,41.40459],[-78.75539,41.40155],[-78.75283,41.39939],[-78.75237,41.39827],[-78.74397,41.39835],[-78.74396,41.39658],[-78.74579,41.39704],[-78.74753,41.39667],[-78.74934,41.39724],[-78.75211,41.39741],[-78.75376,41.39549],[-78.76226,41.39536],[-78.76504,41.39371],[-78.7697,41.39368],[-78.77136,41.39308],[-78.77699,41.38814],[-78.7784,41.38622],[-78.77837,41.38558],[-78.7743,41.38205],[-78.77319,41.38014],[-78.77384,41.37915],[-78.77519,41.37859],[-78.77679,41.37872],[-78.77836,41.38001],[-78.77829,41.37529],[-78.77271,41.37528],[-78.77259,41.361],[-78.74717,41.36124],[-78.74724,41.36487],[-78.75206,41.36482],[-78.75212,41.36844],[-78.7425,41.36854],[-78.74237,41.36497],[-78.74477,41.36494],[-78.74476,41.36126],[-78.7376,41.36131],[-78.73754,41.36494],[-78.73257,41.36497],[-78.73262,41.36132],[-78.71331,41.36147],[-78.71336,41.3651],[-78.71129,41.36511],[-78.71124,41.36795],[-78.69466,41.36794],[-78.69437,41.36718],[-78.69438,41.36166],[-78.67878,41.36165],[-78.67912,41.3697],[-78.69224,41.36959],[-78.68974,41.37218],[-78.68801,41.37612],[-78.68862,41.37611],[-78.68862,41.38327],[-78.68432,41.38324],[-78.6843,41.38107],[-78.68349,41.3803],[-78.68422,41.37997],[-78.68042,41.37607],[-78.67959,41.37609],[-78.67958,41.37571],[-78.66577,41.37572],[-78.66576,41.3817],[-78.66075,41.38176],[-78.66074,41.38688],[-78.65989,41.38688],[-78.65971,41.38891],[-78.65545,41.3889],[-78.65546,41.39165],[-78.65242,41.39181],[-78.65247,41.39596],[-78.65648,41.39573]],[[-78.68971,41.39796],[-78.68914,41.39814],[-78.68834,41.39661],[-78.69376,41.39487],[-78.69535,41.39611],[-78.69365,41.39667],[-78.68971,41.39796]],[[-78.68852,41.39494],[-78.68753,41.39525],[-78.6852,41.39064],[-78.69081,41.38866],[-78.69281,41.3936],[-78.69046,41.39434],[-78.68852,41.39494]],[[-78.68425,41.38921],[-78.68337,41.38777],[-78.68924,41.38591],[-78.69025,41.38728],[-78.68644,41.38854],[-78.68425,41.38921]]]]},"properties":{"SGL":44,"NAME":"044","ACRES":39076.3523676,"PGC_REGION":3}},{"type":"Feature","geometry":{"type":"Polygon","coordinates":[[[-75.67426,41.96454],[-75.67531,41.96464],[-75.67389,41.95999],[-75.68043,41.95949],[-75.67904,41.95665],[-75.69277,41.95049],[-75.69438,41.95123],[-75.70117,41.94551],[-75.70155,41.94173],[-75.70713,41.94529],[-75.70691,41.94924],[-75.7051,41.95562],[-75.70817,41.95712],[-75.7092,41.95433],[-75.71378,41.9578],[-75.71232,41.95894],[-75.71006,41.95964],[-75.71296,41.96322],[-75.7191,41.95916],[-75.71719,41.95608],[-75.72523,41.94894],[-75.72788,41.95164],[-75.73208,41.9514],[-75.73822,41.95328],[-75.73725,41.94967],[-75.73143,41.93464],[-75.73027,41.93008],[-75.72999,41.92641],[-75.73369,41.92671],[-75.73385,41.92159],[-75.72849,41.92177],[-75.72838,41.91966],[-75.72306,41.9199],[-75.72286,41.91803],[-75.7201,41.91053],[-75.725,41.9078],[-75.72311,41.90619],[-75.72259,41.90509],[-75.72863,41.90346],[-75.72926,41.90259],[-75.72843,41.90096],[-75.72755,41.9003],[-75.72461,41.90005],[-75.72443,41.89855],[-75.71484,41.89895],[-75.71512,41.90086],[-75.72029,41.90454],[-75.71015,41.91309],[-75.69669,41.90412],[-75.69547,41.90411],[-75.67996,41.91706],[-75.67845,41.91734],[-75.67841,41.91865],[-75.6765,41.92032],[-75.68476,41.92568],[-75.68089,41.9288],[-75.67288,41.92335],[-75.67144,41.92466],[-75.66775,41.92225],[-75.66869,41.92114],[-75.6665,41.92037],[-75.66588,41.92097],[-75.66243,41.91875],[-75.65405,41.91544],[-75.65553,41.91394],[-75.65194,41.91195],[-75.64994,41.91362],[-75.6433,41.90936],[-75.6396,41.91717],[-75.65493,41.92737],[-75.6465,41.9343],[-75.65525,41.94002],[-75.65045,41.94409],[-75.65978,41.95017],[-75.65822,41.95144],[-75.66253,41.95428],[-75.65915,41.95737],[-75.65861,41.95735],[-75.65724,41.95924],[-75.66162,41.96067],[-75.66738,41.96344],[-75.67119,41.96444],[-75.67237,41.96433],[-75.67426,41.96454]]]},"properties":{"SGL":35,"NAME":"035","ACRES":7773.8719,"PGC_REGION":5}},{"type":"Feature","geometry":{"type":"MultiPolygon","coordinates":[[[[-76.48162,40.22617],[-76.48946,40.22746],[-76.49278,40.22752],[-76.51382,40.22571],[-76.51758,40.22455],[-76.52685,40.21882],[-76.52311,40.21774],[-76.51818,40.21469],[-76.51461,40.21781],[-76.51507,40.21828],[-76.51247,40.22019],[-76.515,40.22202],[-76.50236,40.22542],[-76.49762,40.22503],[-76.49733,40.22277],[-76.49518,40.22114],[-76.49338,40.22209],[-76.48967,40.22144],[-76.48987,40.22525],[-76.47491,40.2261],[-76.47479,40.22643],[-76.47914,40.22608],[-76.48162,40.22617]]],[[[-76.50492,40.23905],[-76.50168,40.23984],[-76.50223,40.24135],[-76.50497,40.24181],[-76.50746,40.24125],[-76.50679,40.23885],[-76.50492,40.23905]]],[[[-76.5173,40.23673],[-76.51841,40.23875],[-76.51336,40.24005],[-76.5136,40.24044],[-76.51309,40.24061],[-76.5138,40.2416],[-76.51323,40.24187],[-76.51359,40.24233],[-76.51596,40.24402],[-76.51782,40.24602],[-76.51909,40.2463],[-76.52673,40.24518],[-76.5266,40.24434],[-76.53038,40.24435],[-76.5289,40.24099],[-76.52463,40.23757],[-76.52294,40.23504],[-76.5173,40.23673]]],[[[-76.48448,40.24007],[-76.48189,40.24066],[-76.48595,40.24581],[-76.48637,40.2459],[-76.48716,40.24738],[-76.48425,40.25018],[-76.48699,40.24993],[-76.49317,40.24827],[-76.49508,40.24727],[-76.4962,40.24585],[-76.4977,40.24253],[-76.50056,40.24009],[-76.50448,40.23886],[-76.51012,40.23831],[-76.50921,40.23685],[-76.50984,40.23661],[-76.50941,40.23606],[-76.51245,40.23537],[-76.51294,40.23646],[-76.51886,40.23514],[-76.51922,40.23588],[-76.52748,40.23329],[-76.52917,40.23244],[-76.52435,40.23058],[-76.52211,40.22673],[-76.52532,40.22499],[-76.52553,40.22304],[-76.52681,40.21941],[-76.51793,40.22502],[-76.51347,40.22624],[-76.49296,40.22807],[-76.48928,40.22802],[-76.48084,40.22668],[-76.47674,40.22674],[-76.46388,40.22852],[-76.45856,40.22863],[-76.45895,40.22938],[-76.45788,40.22979],[-76.4584,40.23121],[-76.45551,40.23216],[-76.4592,40.23483],[-76.46028,40.23633],[-76.46127,40.23809],[-76.46244,40.24295],[-76.46306,40.24387],[-76.46413,40.24435],[-76.46544,40.24394],[-76.4741,40.2434],[-76.47475,40.24406],[-76.47629,40.2427],[-76.47756,40.24389],[-76.47865,40.24208],[-76.47955,40.24274],[-76.48083,40.24128],[-76.48288,40.2399],[-76.48281,40.23944],[-76.48423,40.23916],[-76.48448,40.24007]]],[[[-76.48627,40.25152],[-76.49071,40.24953],[-76.49491,40.2482],[-76.49828,40.2463],[-76.4996,40.2468],[-76.49947,40.24492],[-76.50034,40.24374],[-76.50032,40.24058],[-76.49818,40.24246],[-76.49625,40.24647],[-76.49525,40.24754],[-76.49355,40.24845],[-76.48798,40.25003],[-76.48436,40.2505],[-76.48569,40.2505],[-76.48627,40.25152]]]]},"properties":{"SGL":145,"NAME":"145","ACRES":2983.63135107,"PGC_REGION":6}},{"type":"Feature","geometry":{"type":"MultiPolygon","coordinates":[[[[-76.27775,40.23242],[-76.27854,40.23626],[-76.27978,40.23613],[-76.2794,40.23226],[-76.27775,40.23242]]],[[[-76.23682,40.29449],[-76.24125,40.29569],[-76.24399,40.29737],[-76.24485,40.29668],[-76.24419,40.29572],[-76.24711,40.29551],[-76.25031,40.29464],[-76.24967,40.29392],[-76.25392,40.292],[-76.2545,40.28964],[-76.25386,40.29001],[-76.25389,40.28843],[-76.25294,40.28863],[-76.25273,40.29004],[-76.25117,40.2906],[-76.24938,40.2869],[-76.25181,40.28593],[-76.25115,40.28447],[-76.2524,40.28458],[-76.25207,40.28326],[-76.25513,40.28277],[-76.2562,40.28327],[-76.25694,40.28307],[-76.25737,40.28582],[-76.2597,40.28455],[-76.26019,40.286],[-76.26275,40.2845],[-76.26178,40.28357],[-76.26447,40.28194],[-76.25937,40.27855],[-76.26004,40.27741],[-76.26071,40.27797],[-76.26308,40.27649],[-76.26302,40.27569],[-76.26046,40.27588],[-76.25955,40.27634],[-76.25718,40.27935],[-76.25589,40.27782],[-76.25775,40.27712],[-76.25799,40.27584],[-76.25756,40.27507],[-76.2608,40.27421],[-76.26051,40.27244],[-76.26159,40.27197],[-76.26107,40.27122],[-76.26221,40.27074],[-76.2618,40.27039],[-76.26335,40.26994],[-76.26177,40.26811],[-76.25798,40.26855],[-76.2582,40.26887],[-76.25683,40.26938],[-76.25532,40.26676],[-76.258,40.26582],[-76.25922,40.26578],[-76.25957,40.26462],[-76.26197,40.26455],[-76.26176,40.26671],[-76.26325,40.26714],[-76.2667,40.26626],[-76.26713,40.26726],[-76.26875,40.26538],[-76.27086,40.26482],[-76.27061,40.26405],[-76.27166,40.26366],[-76.27208,40.26459],[-76.27387,40.26419],[-76.27748,40.26452],[-76.27878,40.26333],[-76.28332,40.26388],[-76.28354,40.26274],[-76.28945,40.26189],[-76.28968,40.25861],[-76.29064,40.25865],[-76.28967,40.25848],[-76.28982,40.25749],[-76.29088,40.25645],[-76.29296,40.25588],[-76.29339,40.25648],[-76.29313,40.25583],[-76.2951,40.25464],[-76.29556,40.25307],[-76.2964,40.25321],[-76.29322,40.25262],[-76.29467,40.25052],[-76.29649,40.25125],[-76.29778,40.24936],[-76.29865,40.24956],[-76.29787,40.24924],[-76.29865,40.24775],[-76.2978,40.24683],[-76.29909,40.24649],[-76.29915,40.24491],[-76.29794,40.24208],[-76.29818,40.24007],[-76.29641,40.24027],[-76.29138,40.23822],[-76.28263,40.23921],[-76.28201,40.23638],[-76.2799,40.23666],[-76.27982,40.23954],[-76.28142,40.24517],[-76.27717,40.24622],[-76.27559,40.24473],[-76.2694,40.24713],[-76.26653,40.24404],[-76.26373,40.24438],[-76.25997,40.24656],[-76.26294,40.24883],[-76.25535,40.25124],[-76.255,40.2504],[-76.25138,40.24926],[-76.24971,40.24992],[-76.2483,40.25333],[-76.24619,40.25465],[-76.24601,40.25555],[-76.24489,40.25616],[-76.2421,40.25927],[-76.24045,40.25959],[-76.24006,40.25924],[-76.23865,40.26039],[-76.23775,40.26375],[-76.22841,40.25815],[-76.22542,40.25965],[-76.22469,40.26204],[-76.22262,40.26153],[-76.22189,40.26333],[-76.21759,40.26238],[-76.21709,40.26569],[-76.21176,40.26547],[-76.2117,40.26611],[-76.2131,40.26669],[-76.21444,40.26663],[-76.2142,40.26998],[-76.2102,40.26952],[-76.21031,40.26832],[-76.20886,40.26833],[-76.20898,40.26741],[-76.20603,40.26712],[-76.20475,40.2707],[-76.20594,40.27457],[-76.20711,40.27453],[-76.20765,40.27772],[-76.20729,40.27782],[-76.20596,40.2812],[-76.20586,40.28455],[-76.19529,40.28118],[-76.19568,40.28402],[-76.1977,40.28484],[-76.19802,40.2837],[-76.20082,40.28426],[-76.20108,40.28551],[-76.20378,40.28593],[-76.20443,40.28672],[-76.20555,40.28689],[-76.2054,40.28804],[-76.20649,40.28819],[-76.20637,40.28915],[-76.20803,40.28975],[-76.22613,40.29373],[-76.23314,40.29475],[-76.23627,40.29443],[-76.23682,40.29449]],[[-76.23346,40.29288],[-76.23354,40.29381],[-76.23315,40.29381],[-76.23338,40.29288],[-76.23346,40.29288]]]]},"properties":{"SGL":46,"NAME":"046","ACRES":5916.70007612,"PGC_REGION":6}},{"type":"Feature","geometry":{"type":"MultiPolygon","coordinates":[[[[-76.39459,40.26238],[-76.39728,40.26343],[-76.39963,40.26206],[-76.40082,40.26211],[-76.40176,40.26264],[-76.40219,40.26217],[-76.41622,40.26164],[-76.41974,40.26339],[-76.42372,40.26005],[-76.42586,40.25701],[-76.42705,40.2561],[-76.42194,40.25485],[-76.41633,40.25265],[-76.41388,40.25228],[-76.41097,40.2524],[-76.3944,40.25642],[-76.39452,40.26191],[-76.39459,40.26238]]],[[[-76.35961,40.27973],[-76.36343,40.2802],[-76.36407,40.27858],[-76.36531,40.27886],[-76.36571,40.27714],[-76.37058,40.27766],[-76.37056,40.27725],[-76.37505,40.27587],[-76.37478,40.2759],[-76.37442,40.26817],[-76.37845,40.2682],[-76.38083,40.26728],[-76.37387,40.25677],[-76.37416,40.26272],[-76.36949,40.26273],[-76.36555,40.26323],[-76.36534,40.26291],[-76.34845,40.26607],[-76.34944,40.26334],[-76.35517,40.2606],[-76.35753,40.25797],[-76.36403,40.25652],[-76.36492,40.25464],[-76.36721,40.24958],[-76.36554,40.24844],[-76.36544,40.247],[-76.36482,40.24598],[-76.35894,40.24328],[-76.36422,40.24335],[-76.36921,40.24137],[-76.36928,40.24059],[-76.37253,40.24103],[-76.37522,40.24083],[-76.37515,40.2415],[-76.38131,40.2453],[-76.38626,40.24405],[-76.38637,40.24469],[-76.4078,40.24185],[-76.40748,40.24165],[-76.41638,40.23363],[-76.42009,40.23445],[-76.42014,40.23371],[-76.42366,40.22971],[-76.42366,40.2273],[-76.42244,40.22562],[-76.42066,40.2243],[-76.41847,40.22335],[-76.41676,40.2232],[-76.39987,40.22569],[-76.40042,40.22728],[-76.39916,40.22759],[-76.39677,40.22993],[-76.3975,40.23144],[-76.38901,40.2325],[-76.38809,40.22848],[-76.38687,40.22859],[-76.38647,40.22725],[-76.36934,40.2282],[-76.36953,40.2286],[-76.36715,40.22949],[-76.36638,40.23253],[-76.36536,40.23256],[-76.36601,40.22968],[-76.35762,40.23081],[-76.35718,40.2317],[-76.35739,40.23233],[-76.35584,40.23316],[-76.35441,40.23313],[-76.35215,40.23396],[-76.35127,40.23264],[-76.34865,40.23352],[-76.34944,40.24242],[-76.34879,40.24195],[-76.34704,40.24169],[-76.34306,40.24217],[-76.34302,40.24121],[-76.33917,40.23818],[-76.33703,40.23918],[-76.33666,40.24132],[-76.33623,40.24012],[-76.33244,40.24417],[-76.33185,40.24338],[-76.32844,40.24431],[-76.32762,40.23655],[-76.32581,40.23672],[-76.32564,40.23534],[-76.32532,40.23532],[-76.32574,40.23674],[-76.31019,40.2382],[-76.31029,40.23522],[-76.2993,40.23548],[-76.29791,40.24148],[-76.29905,40.24473],[-76.29994,40.2457],[-76.30176,40.24646],[-76.30701,40.24597],[-76.30491,40.24789],[-76.30556,40.24866],[-76.31283,40.24521],[-76.31636,40.24514],[-76.31953,40.24684],[-76.32404,40.24616],[-76.32842,40.24662],[-76.32857,40.24939],[-76.32987,40.24986],[-76.32872,40.25012],[-76.32624,40.25221],[-76.32661,40.25252],[-76.32638,40.25343],[-76.33801,40.25247],[-76.33831,40.25479],[-76.33977,40.25472],[-76.33967,40.25342],[-76.34057,40.25327],[-76.34097,40.25683],[-76.34003,40.25693],[-76.34019,40.25825],[-76.34111,40.25823],[-76.34136,40.25991],[-76.35048,40.25656],[-76.35334,40.259],[-76.34094,40.2663],[-76.34252,40.2708],[-76.34352,40.27191],[-76.34033,40.2737],[-76.34088,40.27423],[-76.34402,40.27247],[-76.34453,40.27302],[-76.34144,40.27477],[-76.3421,40.27541],[-76.34536,40.27396],[-76.34822,40.27706],[-76.35297,40.27672],[-76.35575,40.27597],[-76.35632,40.27659],[-76.35663,40.27795],[-76.35612,40.27829],[-76.35648,40.27948],[-76.35927,40.2797],[-76.35961,40.27973]],[[-76.36522,40.27736],[-76.36295,40.27721],[-76.36305,40.27667],[-76.3654,40.2771],[-76.36522,40.27736]]]]},"properties":{"SGL":156,"NAME":"156","ACRES":5899.08537274,"PGC_REGION":6}},{"type":"Feature","geometry":{"type":"MultiPolygon","coordinates":[[[[-78.90961,40.78313],[-78.90932,40.78314],[-78.90932,40.78563],[-78.91368,40.78555],[-78.91369,40.78297],[-78.91555,40.783],[-78.91543,40.77769],[-78.91245,40.77774],[-78.91232,40.77205],[-78.90841,40.77209],[-78.90805,40.77073],[-78.90733,40.77074],[-78.90731,40.77014],[-78.90357,40.77019],[-78.90388,40.77826],[-78.90049,40.77826],[-78.89947,40.78024],[-78.90484,40.78204],[-78.90736,40.78153],[-78.90682,40.78025],[-78.90708,40.77994],[-78.90935,40.78134],[-78.90952,40.78247],[-78.90961,40.78313]],[[-78.91351,40.78297],[-78.91241,40.78298],[-78.91243,40.78246],[-78.91351,40.78246],[-78.91351,40.78297]]],[[[-78.92177,40.79256],[-78.92119,40.79259],[-78.92117,40.79591],[-78.92727,40.79579],[-78.92727,40.79472],[-78.9293,40.79471],[-78.93024,40.79225],[-78.93165,40.79229],[-78.93148,40.7905],[-78.93189,40.7902],[-78.93382,40.78992],[-78.93488,40.79013],[-78.93521,40.79063],[-78.9371,40.78952],[-78.93946,40.78892],[-78.94057,40.78715],[-78.93843,40.78722],[-78.93761,40.7865],[-78.93762,40.78557],[-78.93696,40.7853],[-78.93954,40.78264],[-78.93584,40.78284],[-78.9356,40.77747],[-78.92778,40.77771],[-78.92773,40.77464],[-78.92131,40.77438],[-78.91853,40.77476],[-78.91856,40.78294],[-78.92547,40.78291],[-78.92569,40.78743],[-78.92172,40.78762],[-78.92177,40.79203],[-78.92177,40.79256]]],[[[-78.88827,40.79421],[-78.88711,40.79443],[-78.88555,40.79742],[-78.88722,40.79812],[-78.88763,40.79767],[-78.88854,40.79594],[-78.8883,40.7942],[-78.88827,40.79421]]],[[[-78.88956,40.79546],[-78.88936,40.79591],[-78.88873,40.79593],[-78.8867,40.79944],[-78.89286,40.79942],[-78.89346,40.79368],[-78.88929,40.7938],[-78.88948,40.79483],[-78.88956,40.79546]]],[[[-78.85584,40.82911],[-78.85572,40.8357],[-78.8743,40.83559],[-78.87424,40.8315],[-78.87579,40.83147],[-78.87571,40.82756],[-78.87285,40.82757],[-78.87197,40.82902],[-78.87105,40.82875],[-78.87111,40.82758],[-78.86318,40.82755],[-78.86339,40.8234],[-78.86219,40.82342],[-78.8622,40.8231],[-78.85593,40.82316],[-78.85596,40.81972],[-78.84688,40.81976],[-78.85136,40.82231],[-78.85325,40.82442],[-78.85388,40.82594],[-78.85589,40.82768],[-78.85584,40.82911]]],[[[-78.91845,40.83609],[-78.91846,40.84111],[-78.92422,40.84115],[-78.92416,40.83189],[-78.94425,40.8318],[-78.94422,40.82686],[-78.9376,40.82692],[-78.93758,40.82582],[-78.94427,40.82574],[-78.94425,40.82411],[-78.9531,40.82392],[-78.95306,40.81859],[-78.94428,40.81862],[-78.94428,40.81432],[-78.94025,40.81368],[-78.93277,40.81366],[-78.93272,40.82026],[-78.92823,40.82026],[-78.9285,40.80729],[-78.9382,40.80714],[-78.93812,40.80306],[-78.9409,40.80355],[-78.94149,40.80261],[-78.94409,40.80328],[-78.94403,40.80127],[-78.9212,40.80163],[-78.92123,40.80277],[-78.90525,40.80291],[-78.90511,40.79626],[-78.91389,40.79616],[-78.91389,40.79284],[-78.90508,40.79307],[-78.90259,40.79365],[-78.90045,40.79315],[-78.89847,40.79391],[-78.89812,40.79431],[-78.89922,40.79427],[-78.89906,40.7998],[-78.89285,40.79981],[-78.89269,40.80314],[-78.89238,40.80315],[-78.89255,40.81248],[-78.90251,40.81243],[-78.90257,40.81559],[-78.90627,40.81555],[-78.90628,40.8217],[-78.91202,40.82172],[-78.91204,40.82677],[-78.90265,40.82676],[-78.90261,40.82197],[-78.90182,40.82195],[-78.90261,40.82131],[-78.90256,40.81615],[-78.89235,40.81617],[-78.89236,40.81735],[-78.8831,40.81727],[-78.88314,40.81245],[-78.87326,40.81251],[-78.8733,40.81713],[-78.87733,40.81721],[-78.87742,40.82203],[-78.88532,40.82202],[-78.88789,40.82038],[-78.88948,40.8208],[-78.88905,40.822],[-78.88941,40.82201],[-78.88934,40.82678],[-78.88309,40.8269],[-78.88293,40.8337],[-78.89262,40.83369],[-78.89259,40.8304],[-78.90264,40.83022],[-78.90247,40.83556],[-78.91845,40.8354],[-78.91845,40.83609]],[[-78.93945,40.8295],[-78.94024,40.82954],[-78.94028,40.83054],[-78.93934,40.83056],[-78.93883,40.82936],[-78.93945,40.8295]],[[-78.92154,40.81532],[-78.92152,40.81624],[-78.92061,40.81626],[-78.92063,40.81532],[-78.92154,40.81531],[-78.92154,40.81532]]]]},"properties":{"SGL":262,"NAME":"262","ACRES":5456.08664106,"PGC_REGION":2}},{"type":"Feature","geometry":{"type":"MultiPolygon","coordinates":[[[[-78.91864,39.78413],[-78.91899,39.78459],[-78.91959,39.7843],[-78.91925,39.78386],[-78.91864,39.78413]]],[[[-78.92666,39.78702],[-78.92586,39.78802],[-78.92685,39.78836],[-78.92798,39.78695],[-78.92677,39.78684],[-78.92666,39.78702]]],[[[-78.93483,39.78799],[-78.93393,39.78855],[-78.93459,39.78881],[-78.93484,39.78798],[-78.93483,39.78799]]],[[[-78.91721,39.82327],[-78.91776,39.82385],[-78.91948,39.82435],[-78.92446,39.83037],[-78.93041,39.82755],[-78.91999,39.82059],[-78.92464,39.81632],[-78.92469,39.81704],[-78.92587,39.81838],[-78.92801,39.81827],[-78.93208,39.81955],[-78.93574,39.81868],[-78.93786,39.81903],[-78.93885,39.81787],[-78.93864,39.81724],[-78.93945,39.8166],[-78.94071,39.81736],[-78.94194,39.8174],[-78.94036,39.81851],[-78.94029,39.81955],[-78.94292,39.82227],[-78.94793,39.82221],[-78.94819,39.8208],[-78.94953,39.8186],[-78.94906,39.81838],[-78.95031,39.81731],[-78.94095,39.81162],[-78.93962,39.81251],[-78.93912,39.81221],[-78.94008,39.81128],[-78.93974,39.81079],[-78.94014,39.81011],[-78.94054,39.81037],[-78.94252,39.80658],[-78.94292,39.80397],[-78.94241,39.80192],[-78.94403,39.79978],[-78.9441,39.79845],[-78.94495,39.79808],[-78.93902,39.79447],[-78.9461,39.78942],[-78.94652,39.78724],[-78.94509,39.78764],[-78.94518,39.78703],[-78.94652,39.78671],[-78.94624,39.78442],[-78.93801,39.79026],[-78.93105,39.78772],[-78.9283,39.79016],[-78.92706,39.78952],[-78.92061,39.79547],[-78.91899,39.79439],[-78.92025,39.79256],[-78.92318,39.78999],[-78.92094,39.78951],[-78.91917,39.78995],[-78.91615,39.79167],[-78.91574,39.79134],[-78.91543,39.79154],[-78.91582,39.79197],[-78.91465,39.79289],[-78.91396,39.79297],[-78.91344,39.79235],[-78.91378,39.79184],[-78.91677,39.78983],[-78.91569,39.78911],[-78.91423,39.79022],[-78.91327,39.78978],[-78.91688,39.78758],[-78.91756,39.78806],[-78.91841,39.78739],[-78.9147,39.78402],[-78.91412,39.78437],[-78.9137,39.784],[-78.90539,39.78805],[-78.9008,39.7828],[-78.90294,39.7815],[-78.9004,39.78035],[-78.89915,39.77899],[-78.89437,39.78403],[-78.90309,39.79001],[-78.90205,39.79131],[-78.89736,39.79194],[-78.89512,39.79384],[-78.89322,39.80293],[-78.8727,39.78984],[-78.87976,39.78393],[-78.87473,39.78016],[-78.87393,39.78214],[-78.87326,39.78215],[-78.87186,39.78426],[-78.86346,39.77889],[-78.86278,39.77949],[-78.86319,39.77974],[-78.86291,39.78047],[-78.85976,39.784],[-78.85893,39.78533],[-78.85916,39.7855],[-78.85393,39.79045],[-78.85308,39.78981],[-78.85012,39.7938],[-78.84231,39.80018],[-78.84112,39.80064],[-78.84559,39.80319],[-78.85025,39.80431],[-78.85092,39.80505],[-78.85149,39.80496],[-78.85212,39.80588],[-78.85011,39.80664],[-78.84966,39.80744],[-78.84637,39.80909],[-78.84412,39.81371],[-78.8421,39.81286],[-78.84139,39.81449],[-78.83788,39.8124],[-78.83369,39.81731],[-78.82776,39.82048],[-78.82761,39.82275],[-78.82987,39.8225],[-78.83134,39.82094],[-78.83502,39.81952],[-78.83707,39.81995],[-78.83724,39.81941],[-78.83976,39.81914],[-78.83982,39.81856],[-78.84099,39.81743],[-78.84138,39.81736],[-78.84162,39.8186],[-78.84246,39.81909],[-78.84538,39.81954],[-78.85002,39.81768],[-78.84775,39.8129],[-78.84753,39.811],[-78.8494,39.80958],[-78.85209,39.80927],[-78.85327,39.8093],[-78.85286,39.80995],[-78.85769,39.81006],[-78.85766,39.80927],[-78.85609,39.80929],[-78.85605,39.8086],[-78.85849,39.80673],[-78.85807,39.80635],[-78.85877,39.80647],[-78.86022,39.80472],[-78.86095,39.80498],[-78.86043,39.80626],[-78.86075,39.80922],[-78.85988,39.80922],[-78.85984,39.81007],[-78.87543,39.81003],[-78.88335,39.81542],[-78.88521,39.81171],[-78.88511,39.81112],[-78.88886,39.81035],[-78.89357,39.8116],[-78.89522,39.8098],[-78.89701,39.81008],[-78.89723,39.81166],[-78.89636,39.81217],[-78.8989,39.81253],[-78.89783,39.81313],[-78.89731,39.81429],[-78.89931,39.81472],[-78.89844,39.81608],[-78.8959,39.81499],[-78.89549,39.81588],[-78.8925,39.81476],[-78.89073,39.81894],[-78.89298,39.82088],[-78.90016,39.82259],[-78.90604,39.82337],[-78.91488,39.82339],[-78.91615,39.82234],[-78.91721,39.82327]],[[-78.8836,39.80515],[-78.88289,39.80836],[-78.8808,39.81096],[-78.87715,39.80977],[-78.87807,39.8084],[-78.87912,39.80852],[-78.88427,39.80213],[-78.8836,39.80515]],[[-78.88015,39.80259],[-78.87956,39.80266],[-78.87951,39.80236],[-78.88008,39.80228],[-78.88015,39.80259]],[[-78.93875,39.79408],[-78.93795,39.79485],[-78.93699,39.79422],[-78.93778,39.7935],[-78.93875,39.79408]]],[[[-78.96858,39.83304],[-78.96938,39.83473],[-78.9738,39.83263],[-78.97438,39.8334],[-78.98196,39.82786],[-78.9785,39.8252],[-78.98257,39.82289],[-78.97426,39.81811],[-78.96517,39.82578],[-78.96604,39.82763],[-78.96858,39.83304]]]]},"properties":{"SGL":82,"NAME":"082","ACRES":6775.7024,"PGC_REGION":2}},{"type":"Feature","geometry":{"type":"MultiPolygon","coordinates":[[[[-75.66589,41.15311],[-75.66593,41.15392],[-75.7071,41.15239],[-75.70558,41.13403],[-75.7122,41.13387],[-75.71192,41.13303],[-75.71527,41.13164],[-75.7179,41.13128],[-75.71729,41.12997],[-75.71741,41.12906],[-75.71667,41.12813],[-75.71882,41.12469],[-75.71836,41.12193],[-75.71751,41.1204],[-75.71415,41.11998],[-75.7094,41.11817],[-75.709,41.11833],[-75.71035,41.12236],[-75.70999,41.12352],[-75.70749,41.12481],[-75.70613,41.12378],[-75.70397,41.12401],[-75.70271,41.12539],[-75.70232,41.12649],[-75.70019,41.12837],[-75.69373,41.1321],[-75.6939,41.13259],[-75.69303,41.13398],[-75.69146,41.13472],[-75.69149,41.13404],[-75.69226,41.13379],[-75.69243,41.13268],[-75.69145,41.13215],[-75.6856,41.1313],[-75.6795,41.13339],[-75.67664,41.13379],[-75.67071,41.13413],[-75.66541,41.13374],[-75.66469,41.13265],[-75.66439,41.12742],[-75.65735,41.12774],[-75.65742,41.12902],[-75.64541,41.12937],[-75.64531,41.12759],[-75.64892,41.12747],[-75.64878,41.12509],[-75.64248,41.12664],[-75.63947,41.12646],[-75.63605,41.12712],[-75.63682,41.12943],[-75.63259,41.13101],[-75.63596,41.13389],[-75.63497,41.13435],[-75.63617,41.13545],[-75.63596,41.13568],[-75.64042,41.13895],[-75.64202,41.13748],[-75.64386,41.13864],[-75.64283,41.13959],[-75.64589,41.13957],[-75.64613,41.14354],[-75.66528,41.14288],[-75.66476,41.13468],[-75.68508,41.13408],[-75.68562,41.14373],[-75.66536,41.14431],[-75.66579,41.15167],[-75.65776,41.15166],[-75.65836,41.15235],[-75.66582,41.15222],[-75.66589,41.15311]]],[[[-75.77462,41.24534],[-75.77464,41.24586],[-75.77954,41.24272],[-75.7792,41.24171],[-75.7803,41.24104],[-75.78141,41.24139],[-75.78032,41.24097],[-75.7812,41.23972],[-75.78261,41.2406],[-75.78457,41.23919],[-75.78281,41.23816],[-75.78514,41.23747],[-75.78595,41.23793],[-75.78968,41.23468],[-75.78849,41.23384],[-75.78912,41.23338],[-75.79009,41.23403],[-75.7911,41.2328],[-75.79079,41.23262],[-75.79333,41.23032],[-75.7921,41.22957],[-75.7931,41.22869],[-75.78967,41.22646],[-75.79156,41.22477],[-75.79409,41.22629],[-75.79406,41.22547],[-75.79156,41.22047],[-75.79716,41.22031],[-75.79625,41.20794],[-75.79585,41.20808],[-75.79448,41.20679],[-75.79485,41.20625],[-75.79453,41.20614],[-75.79239,41.20984],[-75.78939,41.20877],[-75.79026,41.20647],[-75.78977,41.20636],[-75.78943,41.20676],[-75.78504,41.20467],[-75.78753,41.20162],[-75.78756,41.1998],[-75.78652,41.19975],[-75.78644,41.19524],[-75.77974,41.19302],[-75.77597,41.19316],[-75.77754,41.19187],[-75.77592,41.19143],[-75.77717,41.19044],[-75.77275,41.18967],[-75.77188,41.19376],[-75.7732,41.19394],[-75.77233,41.19543],[-75.77265,41.20165],[-75.76949,41.2017],[-75.77011,41.2172],[-75.76472,41.2216],[-75.76518,41.23124],[-75.76814,41.23112],[-75.76834,41.23941],[-75.77433,41.23927],[-75.77462,41.24534]]],[[[-75.76562,41.25246],[-75.76641,41.25279],[-75.76602,41.25218],[-75.76562,41.25246]]],[[[-75.76679,41.25348],[-75.76557,41.25507],[-75.76612,41.25545],[-75.76746,41.25451],[-75.76684,41.25339],[-75.76679,41.25348]]],[[[-75.76268,41.27309],[-75.7597,41.27539],[-75.7681,41.27847],[-75.76985,41.2744],[-75.7654,41.27278],[-75.76268,41.27309]]],[[[-75.66713,41.29707],[-75.6724,41.29688],[-75.67177,41.28839],[-75.67476,41.28832],[-75.67458,41.28523],[-75.67947,41.28497],[-75.67961,41.28827],[-75.71519,41.28683],[-75.71495,41.28466],[-75.72243,41.28445],[-75.72146,41.27004],[-75.72915,41.26975],[-75.73013,41.28422],[-75.75047,41.28365],[-75.75088,41.28291],[-75.75413,41.28414],[-75.75593,41.28095],[-75.75259,41.27988],[-75.75912,41.26836],[-75.757,41.2684],[-75.76011,41.26258],[-75.75949,41.25411],[-75.74484,41.25449],[-75.74523,41.26222],[-75.74625,41.26053],[-75.74904,41.259],[-75.75007,41.25907],[-75.75219,41.25974],[-75.75477,41.26202],[-75.7547,41.26315],[-75.75222,41.26542],[-75.74898,41.26734],[-75.74011,41.27149],[-75.73488,41.2732],[-75.73298,41.27163],[-75.73408,41.2699],[-75.73661,41.26868],[-75.73782,41.26738],[-75.74425,41.26318],[-75.73494,41.25475],[-75.71305,41.25542],[-75.71221,41.241],[-75.72777,41.24049],[-75.73695,41.23742],[-75.73969,41.23718],[-75.73867,41.22093],[-75.73697,41.2196],[-75.73845,41.21447],[-75.73276,41.21465],[-75.72833,41.20031],[-75.72757,41.18397],[-75.72375,41.18457],[-75.72124,41.18899],[-75.72126,41.19139],[-75.7203,41.193],[-75.71987,41.1957],[-75.71725,41.20051],[-75.71441,41.20056],[-75.7121,41.20165],[-75.71269,41.20264],[-75.71133,41.20304],[-75.71074,41.20209],[-75.70913,41.20256],[-75.70948,41.20363],[-75.71005,41.2132],[-75.68672,41.2139],[-75.68907,41.21298],[-75.69315,41.20873],[-75.69518,41.20752],[-75.69675,41.20709],[-75.69632,41.20599],[-75.69665,41.20592],[-75.69712,41.20699],[-75.69886,41.20544],[-75.70142,41.20486],[-75.70085,41.20341],[-75.70202,41.20301],[-75.70277,41.20446],[-75.71008,41.20212],[-75.70979,41.19424],[-75.67177,41.19544],[-75.67208,41.20002],[-75.66448,41.20029],[-75.66405,41.19571],[-75.65956,41.19579],[-75.65941,41.19279],[-75.66256,41.1927],[-75.66143,41.1912],[-75.66226,41.18871],[-75.66396,41.18715],[-75.66561,41.18351],[-75.67078,41.18327],[-75.67065,41.1818],[-75.67644,41.18157],[-75.6762,41.1776],[-75.66642,41.17774],[-75.66621,41.17262],[-75.66042,41.17272],[-75.65979,41.16382],[-75.64812,41.16428],[-75.64751,41.1545],[-75.65743,41.15428],[-75.65733,41.15167],[-75.65388,41.14788],[-75.64971,41.14596],[-75.64663,41.14373],[-75.64492,41.14676],[-75.64279,41.14605],[-75.63914,41.14857],[-75.63618,41.14925],[-75.6396,41.15043],[-75.63805,41.1514],[-75.63542,41.15104],[-75.6347,41.14948],[-75.63421,41.14957],[-75.63502,41.15063],[-75.6342,41.15133],[-75.6331,41.15141],[-75.63236,41.15137],[-75.63119,41.14949],[-75.63087,41.14945],[-75.63077,41.1499],[-75.63129,41.15034],[-75.62782,41.15069],[-75.62663,41.14938],[-75.62445,41.1496],[-75.6223,41.14922],[-75.62105,41.1495],[-75.6205,41.14969],[-75.62064,41.15016],[-75.62353,41.15042],[-75.62147,41.15295],[-75.61958,41.15212],[-75.61892,41.15287],[-75.61723,41.15316],[-75.61709,41.15347],[-75.61798,41.15435],[-75.61505,41.15558],[-75.61384,41.15494],[-75.61388,41.15425],[-75.61337,41.15442],[-75.61374,41.15506],[-75.61488,41.15563],[-75.61502,41.15652],[-75.61219,41.15682],[-75.60892,41.1579],[-75.60814,41.15748],[-75.60846,41.1568],[-75.60811,41.1564],[-75.60716,41.15625],[-75.60463,41.15781],[-75.60649,41.15818],[-75.60614,41.1592],[-75.60417,41.15882],[-75.60374,41.1597],[-75.60592,41.15991],[-75.60611,41.16175],[-75.61062,41.16167],[-75.61162,41.16067],[-75.61871,41.16054],[-75.61303,41.16624],[-75.61371,41.16732],[-75.61515,41.16827],[-75.61481,41.16887],[-75.61411,41.16866],[-75.6138,41.16907],[-75.6151,41.17109],[-75.61435,41.17155],[-75.6158,41.17254],[-75.61712,41.17243],[-75.61803,41.17181],[-75.61816,41.17125],[-75.619,41.17099],[-75.62289,41.17091],[-75.62414,41.16975],[-75.62617,41.17007],[-75.6267,41.16972],[-75.62818,41.16996],[-75.63167,41.16948],[-75.63263,41.17018],[-75.63489,41.17067],[-75.63512,41.1713],[-75.63681,41.17152],[-75.63703,41.17277],[-75.63781,41.17349],[-75.63789,41.17479],[-75.63897,41.1754],[-75.63871,41.17569],[-75.63925,41.17621],[-75.64251,41.1758],[-75.64372,41.17656],[-75.6445,41.17967],[-75.64383,41.18246],[-75.64543,41.18387],[-75.64592,41.18467],[-75.64577,41.18508],[-75.64681,41.18604],[-75.64671,41.1876],[-75.64868,41.18758],[-75.64997,41.2078],[-75.68066,41.20717],[-75.68086,41.21336],[-75.68322,41.21388],[-75.68586,41.21376],[-75.68512,41.21973],[-75.68242,41.21843],[-75.68301,41.2179],[-75.68254,41.21764],[-75.68212,41.21829],[-75.67864,41.21648],[-75.67922,41.21585],[-75.67894,41.21563],[-75.67416,41.21882],[-75.67351,41.21771],[-75.67115,41.21925],[-75.67136,41.21945],[-75.66916,41.22376],[-75.67036,41.22542],[-75.67231,41.22567],[-75.67227,41.22642],[-75.67187,41.22641],[-75.67115,41.22753],[-75.67103,41.23027],[-75.66901,41.23046],[-75.66991,41.23136],[-75.66989,41.23195],[-75.66938,41.23219],[-75.66809,41.23246],[-75.66717,41.23221],[-75.66733,41.22812],[-75.66669,41.22804],[-75.66661,41.22704],[-75.66541,41.2257],[-75.6656,41.22848],[-75.65133,41.22896],[-75.65345,41.25839],[-75.66239,41.25819],[-75.6644,41.2734],[-75.65236,41.2739],[-75.65252,41.27668],[-75.64875,41.27681],[-75.64962,41.28931],[-75.65952,41.28898],[-75.65964,41.29167],[-75.66678,41.29154],[-75.66713,41.29707]],[[-75.71446,41.27675],[-75.71485,41.28312],[-75.69713,41.28375],[-75.69694,41.27607],[-75.71439,41.27551],[-75.71446,41.27675]],[[-75.6927,41.25544],[-75.69208,41.25603],[-75.68779,41.25354],[-75.69067,41.24946],[-75.68588,41.24651],[-75.69969,41.23694],[-75.70797,41.24179],[-75.69801,41.25389],[-75.69575,41.25252],[-75.69329,41.25487],[-75.6927,41.25544]]]]},"properties":{"SGL":91,"NAME":"091","ACRES":23673.857,"PGC_REGION":5}},{"type":"Feature","geometry":{"type":"MultiPolygon","coordinates":[[[[-77.2731,40.27792],[-77.27556,40.27937],[-77.27737,40.27947],[-77.27962,40.27651],[-77.28109,40.27584],[-77.28498,40.27536],[-77.29201,40.27253],[-77.29511,40.27193],[-77.29377,40.26975],[-77.2906,40.27045],[-77.27646,40.27465],[-77.27771,40.27642],[-77.27655,40.27654],[-77.27661,40.27702],[-77.27626,40.27707],[-77.2762,40.27659],[-77.27298,40.27692],[-77.2731,40.27792]],[[-77.27855,40.27642],[-77.27872,40.27667],[-77.27805,40.27693],[-77.27771,40.27643],[-77.27838,40.27616],[-77.27855,40.27642]]],[[[-77.18623,40.28736],[-77.18565,40.28739],[-77.18577,40.28885],[-77.19077,40.28918],[-77.19261,40.29034],[-77.19509,40.2904],[-77.19508,40.29113],[-77.21712,40.28863],[-77.21584,40.28747],[-77.20222,40.28623],[-77.1976,40.28667],[-77.1975,40.28382],[-77.1955,40.27808],[-77.19951,40.27752],[-77.19975,40.27681],[-77.19709,40.2694],[-77.19769,40.26839],[-77.19629,40.26786],[-77.19168,40.26899],[-77.19074,40.2681],[-77.19014,40.26818],[-77.18126,40.27191],[-77.17312,40.27258],[-77.17091,40.2722],[-77.17515,40.28067],[-77.17766,40.28043],[-77.17789,40.28616],[-77.17067,40.28658],[-77.17112,40.28886],[-77.18182,40.28814],[-77.18607,40.28542],[-77.18623,40.28736]]]]},"properties":{"SGL":230,"NAME":"230","ACRES":1289.6409,"PGC_REGION":4}},{"type":"Feature","geometry":{"type":"Polygon","coordinates":[[[-79.61086,41.73926],[-79.61083,41.73654],[-79.60695,41.73644],[-79.60804,41.73421],[-79.60069,41.73422],[-79.60066,41.73141],[-79.59788,41.73138],[-79.59802,41.73689],[-79.59137,41.73685],[-79.59139,41.73921],[-79.60117,41.73924],[-79.61086,41.73926]]]},"properties":{"SGL":272,"NAME":"272","ACRES":184.34620172,"PGC_REGION":1}},{"type":"Feature","geometry":{"type":"MultiPolygon","coordinates":[[[[-77.03997,40.47348],[-77.04109,40.47425],[-77.04484,40.4751],[-77.04051,40.47307],[-77.03997,40.47348]]],[[[-77.04223,40.47328],[-77.04672,40.47478],[-77.05035,40.47661],[-77.05635,40.4759],[-77.06033,40.47457],[-77.0666,40.47372],[-77.06657,40.47327],[-77.07103,40.47382],[-77.0714,40.47302],[-77.074,40.47427],[-77.07353,40.4748],[-77.0751,40.47623],[-77.08889,40.47124],[-77.08795,40.46859],[-77.09493,40.46666],[-77.09492,40.46602],[-77.10094,40.46465],[-77.09668,40.46295],[-77.1019,40.46227],[-77.10173,40.45666],[-77.09743,40.45787],[-77.0938,40.45022],[-77.09089,40.45117],[-77.09257,40.45481],[-77.08696,40.45518],[-77.08622,40.45261],[-77.07882,40.45547],[-77.07839,40.4542],[-77.08076,40.45344],[-77.08061,40.45322],[-77.07112,40.45416],[-77.07291,40.4579],[-77.06455,40.46012],[-77.06399,40.46267],[-77.06259,40.46333],[-77.05894,40.46424],[-77.06122,40.46329],[-77.05843,40.46378],[-77.05331,40.46518],[-77.05139,40.46669],[-77.04803,40.46782],[-77.04849,40.46845],[-77.04779,40.46846],[-77.04368,40.47049],[-77.04483,40.4716],[-77.04285,40.47299],[-77.04223,40.47328]],[[-77.09309,40.45943],[-77.09195,40.46294],[-77.08861,40.46386],[-77.0894,40.46682],[-77.08708,40.46754],[-77.08529,40.46319],[-77.08077,40.46388],[-77.07922,40.46097],[-77.08579,40.45841],[-77.08691,40.4606],[-77.08755,40.45994],[-77.08591,40.45827],[-77.0851,40.45842],[-77.0852,40.45651],[-77.08631,40.45696],[-77.0898,40.45729],[-77.09161,40.45853],[-77.09248,40.45815],[-77.09309,40.45943]]]]},"properties":{"SGL":281,"NAME":"281","ACRES":1647.031,"PGC_REGION":4}},{"type":"Feature","geometry":{"type":"Polygon","coordinates":[[[-79.08852,40.57649],[-79.08978,40.57717],[-79.08706,40.57871],[-79.08715,40.57984],[-79.08952,40.58042],[-79.08842,40.58088],[-79.09418,40.58791],[-79.09551,40.58672],[-79.09636,40.58399],[-79.10087,40.58217],[-79.10175,40.58115],[-79.10276,40.57778],[-79.10499,40.576],[-79.10491,40.57489],[-79.10339,40.57274],[-79.1034,40.57214],[-79.10208,40.57207],[-79.103,40.57048],[-79.10409,40.56977],[-79.10822,40.5691],[-79.1084,40.57018],[-79.11572,40.56899],[-79.12476,40.57098],[-79.12623,40.57034],[-79.12747,40.56885],[-79.12953,40.56743],[-79.12879,40.56429],[-79.1285,40.56385],[-79.12779,40.56378],[-79.12803,40.56324],[-79.12606,40.56257],[-79.12457,40.56292],[-79.11763,40.55898],[-79.11638,40.55938],[-79.11582,40.55878],[-79.10964,40.56051],[-79.10882,40.5596],[-79.10643,40.55936],[-79.10262,40.56069],[-79.10254,40.56169],[-79.10167,40.56154],[-79.10152,40.56087],[-79.09865,40.56007],[-79.09865,40.56088],[-79.10009,40.56437],[-79.0984,40.56477],[-79.09871,40.56499],[-79.09002,40.57163],[-79.09013,40.56955],[-79.08985,40.5694],[-79.08574,40.57287],[-79.08438,40.57312],[-79.08737,40.57576],[-79.08791,40.57578],[-79.08852,40.57649]]]},"properties":{"SGL":273,"NAME":"273","ACRES":1183.533,"PGC_REGION":2}},{"type":"Feature","geometry":{"type":"Polygon","coordinates":[[[-75.44166,41.25271],[-75.44173,41.25302],[-75.43496,41.25931],[-75.43451,41.25775],[-75.42777,41.25887],[-75.42704,41.25624],[-75.43179,41.25477],[-75.4328,41.25404],[-75.43151,41.24944],[-75.4342,41.24903],[-75.42977,41.23356],[-75.39295,41.23981],[-75.39581,41.2498],[-75.39131,41.24965],[-75.39116,41.25055],[-75.39031,41.25084],[-75.3942,41.25394],[-75.37859,41.25637],[-75.3787,41.2569],[-75.37765,41.25709],[-75.37894,41.26133],[-75.39899,41.25803],[-75.39976,41.26054],[-75.40365,41.25856],[-75.40716,41.2658],[-75.42213,41.27187],[-75.40947,41.2844],[-75.42178,41.29136],[-75.4322,41.28108],[-75.43966,41.28537],[-75.44802,41.27702],[-75.44668,41.27393],[-75.4422,41.27136],[-75.44213,41.27079],[-75.45223,41.26912],[-75.45212,41.26504],[-75.45379,41.26479],[-75.45256,41.26035],[-75.45369,41.25886],[-75.45362,41.25722],[-75.45467,41.25713],[-75.45444,41.25547],[-75.45382,41.25552],[-75.45234,41.25422],[-75.45014,41.25152],[-75.44368,41.25267],[-75.44298,41.2504],[-75.44184,41.2506],[-75.44143,41.24919],[-75.44074,41.24959],[-75.44166,41.25271]],[[-75.41841,41.25863],[-75.41789,41.25881],[-75.41769,41.25828],[-75.41825,41.25809],[-75.4184,41.25859],[-75.41841,41.25863]],[[-75.41832,41.2575],[-75.4176,41.25792],[-75.41713,41.25647],[-75.41247,41.25549],[-75.41164,41.25284],[-75.4204,41.2513],[-75.42215,41.25686],[-75.41992,41.25701],[-75.42002,41.25745],[-75.4196,41.25749],[-75.41947,41.25706],[-75.41831,41.25742],[-75.41832,41.2575]]]},"properties":{"SGL":312,"NAME":"312","ACRES":4459.85683026,"PGC_REGION":5}},{"type":"Feature","geometry":{"type":"MultiPolygon","coordinates":[[[[-78.61416,41.54018],[-78.61427,41.54044],[-78.61425,41.5401],[-78.61416,41.54018]]],[[[-78.57724,41.56475],[-78.57724,41.56504],[-78.58146,41.56495],[-78.58666,41.56283],[-78.5891,41.56049],[-78.58717,41.5591],[-78.59617,41.55233],[-78.59679,41.55263],[-78.59851,41.55155],[-78.60023,41.54924],[-78.60074,41.54989],[-78.6047,41.5495],[-78.60421,41.54835],[-78.60467,41.5478],[-78.60648,41.54755],[-78.60786,41.54928],[-78.60915,41.54926],[-78.61201,41.54753],[-78.61262,41.54597],[-78.61254,41.54444],[-78.61163,41.54627],[-78.61066,41.54688],[-78.608,41.54708],[-78.6077,41.53053],[-78.61222,41.5305],[-78.61378,41.53182],[-78.6144,41.53382],[-78.61465,41.53378],[-78.61403,41.53169],[-78.61255,41.5305],[-78.61748,41.5305],[-78.62573,41.53684],[-78.62539,41.53322],[-78.62715,41.52762],[-78.62503,41.52538],[-78.62572,41.52488],[-78.62796,41.52472],[-78.62865,41.52418],[-78.63035,41.52419],[-78.63208,41.5232],[-78.63198,41.53908],[-78.63334,41.53908],[-78.63332,41.54011],[-78.64226,41.54011],[-78.64027,41.44288],[-78.69348,41.44299],[-78.69465,41.44302],[-78.69457,41.44349],[-78.70734,41.44342],[-78.7073,41.44137],[-78.70816,41.44136],[-78.708,41.43257],[-78.70573,41.4322],[-78.70216,41.43297],[-78.70338,41.43003],[-78.69881,41.43051],[-78.69431,41.43287],[-78.69459,41.43501],[-78.69219,41.435],[-78.69247,41.43682],[-78.68851,41.43712],[-78.68793,41.43441],[-78.68846,41.43435],[-78.69306,41.42981],[-78.6847,41.42514],[-78.6847,41.42336],[-78.67851,41.42336],[-78.67858,41.42922],[-78.67237,41.42926],[-78.67255,41.43355],[-78.61603,41.43364],[-78.61604,41.44344],[-78.6244,41.44346],[-78.62255,41.45293],[-78.61603,41.45297],[-78.61616,41.4584],[-78.59775,41.45888],[-78.59771,41.45757],[-78.59374,41.45765],[-78.59383,41.46748],[-78.60457,41.46751],[-78.60462,41.47446],[-78.6013,41.47446],[-78.60149,41.49069],[-78.59683,41.4907],[-78.59702,41.49592],[-78.59665,41.49593],[-78.597,41.50304],[-78.59286,41.50309],[-78.59271,41.49952],[-78.58355,41.49956],[-78.58357,41.49612],[-78.58437,41.49613],[-78.58443,41.49251],[-78.57947,41.49245],[-78.57719,41.49615],[-78.56871,41.49618],[-78.56859,41.487],[-78.55417,41.48719],[-78.55393,41.48446],[-78.54618,41.48465],[-78.54574,41.4838],[-78.54635,41.48273],[-78.54869,41.48247],[-78.54986,41.48167],[-78.54987,41.4788],[-78.55095,41.47743],[-78.55133,41.47561],[-78.55013,41.47335],[-78.55014,41.4725],[-78.55217,41.47042],[-78.55358,41.46795],[-78.54992,41.4725],[-78.5511,41.47642],[-78.54967,41.47877],[-78.54967,41.48159],[-78.54866,41.48231],[-78.54622,41.48258],[-78.54551,41.48381],[-78.54595,41.48465],[-78.54475,41.48466],[-78.5428,41.48275],[-78.54191,41.48043],[-78.5434,41.47656],[-78.54478,41.47655],[-78.54462,41.4699],[-78.54146,41.46989],[-78.54149,41.47659],[-78.5355,41.47662],[-78.5355,41.49593],[-78.5158,41.49605],[-78.51588,41.51382],[-78.51461,41.51413],[-78.51254,41.51761],[-78.51111,41.51891],[-78.50655,41.5203],[-78.50581,41.52101],[-78.50575,41.52395],[-78.50747,41.52421],[-78.50843,41.5257],[-78.51025,41.52716],[-78.51044,41.52889],[-78.50883,41.52998],[-78.50494,41.53103],[-78.50348,41.53314],[-78.50481,41.5349],[-78.50476,41.53554],[-78.50342,41.53688],[-78.4971,41.53799],[-78.49327,41.53968],[-78.49154,41.54218],[-78.49132,41.54353],[-78.49178,41.54476],[-78.48989,41.5467],[-78.48981,41.54804],[-78.48893,41.54902],[-78.48743,41.54971],[-78.48228,41.54859],[-78.48233,41.54947],[-78.47915,41.54906],[-78.47815,41.54955],[-78.47659,41.55119],[-78.47903,41.54926],[-78.48234,41.54966],[-78.48267,41.55554],[-78.57727,41.55491],[-78.57724,41.56475]],[[-78.58938,41.51906],[-78.58819,41.52062],[-78.58643,41.51887],[-78.58889,41.51848],[-78.58938,41.51906]],[[-78.58071,41.49975],[-78.58072,41.50303],[-78.57717,41.50304],[-78.57711,41.49962],[-78.58071,41.49956],[-78.58071,41.49975]]]]},"properties":{"SGL":25,"NAME":"025","ACRES":24381.857,"PGC_REGION":3}},{"type":"Feature","geometry":{"type":"MultiPolygon","coordinates":[[[[-80.34795,39.78963],[-80.35689,39.78994],[-80.35881,39.79176],[-80.35884,39.79269],[-80.35977,39.7938],[-80.35976,39.7945],[-80.36732,39.79031],[-80.3688,39.79344],[-80.37046,39.79127],[-80.37096,39.78868],[-80.37156,39.78846],[-80.37155,39.78819],[-80.37062,39.78816],[-80.37097,39.78564],[-80.3695,39.78509],[-80.37287,39.78611],[-80.37496,39.7859],[-80.37495,39.77774],[-80.36704,39.77796],[-80.3675,39.76936],[-80.36529,39.77023],[-80.36163,39.7677],[-80.35946,39.76544],[-80.36095,39.76539],[-80.36102,39.76415],[-80.36255,39.76374],[-80.36234,39.76264],[-80.36157,39.76188],[-80.36096,39.76192],[-80.36079,39.75803],[-80.36127,39.75803],[-80.36132,39.75381],[-80.35899,39.7538],[-80.36009,39.75102],[-80.35941,39.74886],[-80.36323,39.749],[-80.36344,39.74788],[-80.36322,39.74636],[-80.36112,39.74442],[-80.36074,39.74273],[-80.35531,39.74029],[-80.35518,39.7393],[-80.34311,39.73761],[-80.34288,39.74063],[-80.34383,39.74306],[-80.34401,39.74495],[-80.34365,39.74514],[-80.34485,39.74699],[-80.35263,39.74711],[-80.35259,39.74867],[-80.34949,39.74941],[-80.34861,39.75213],[-80.3492,39.75325],[-80.34767,39.75316],[-80.34714,39.75584],[-80.34662,39.75646],[-80.34514,39.7563],[-80.34514,39.75679],[-80.34153,39.75615],[-80.3418,39.75309],[-80.33682,39.75273],[-80.33674,39.75659],[-80.34153,39.7582],[-80.3415,39.7592],[-80.33652,39.75775],[-80.3362,39.76497],[-80.3429,39.76529],[-80.34267,39.77144],[-80.34198,39.77214],[-80.34381,39.77568],[-80.34438,39.77537],[-80.34764,39.77703],[-80.35456,39.7771],[-80.35423,39.77872],[-80.35117,39.77818],[-80.35163,39.78295],[-80.35206,39.78391],[-80.35329,39.78455],[-80.35363,39.78548],[-80.34855,39.78622],[-80.3396,39.78674],[-80.33943,39.78586],[-80.34155,39.78186],[-80.34157,39.77768],[-80.33057,39.77755],[-80.33206,39.78353],[-80.32815,39.78364],[-80.3243,39.78225],[-80.32327,39.78255],[-80.32486,39.78594],[-80.32539,39.78978],[-80.34313,39.78961],[-80.34377,39.79398],[-80.34482,39.79209],[-80.34788,39.78962],[-80.34795,39.78963]]],[[[-80.43024,39.79019],[-80.42991,39.79588],[-80.44524,39.79626],[-80.44558,39.79048],[-80.43025,39.79006],[-80.43024,39.79019]]],[[[-80.34079,39.84624],[-80.34341,39.84705],[-80.34685,39.84612],[-80.34829,39.84625],[-80.34903,39.84537],[-80.34605,39.84334],[-80.34823,39.84196],[-80.35112,39.8427],[-80.35142,39.84126],[-80.35219,39.84189],[-80.35306,39.84181],[-80.35479,39.84136],[-80.35546,39.84034],[-80.35855,39.83924],[-80.36018,39.83935],[-80.36115,39.83825],[-80.36099,39.83757],[-80.35998,39.83645],[-80.35685,39.83631],[-80.35581,39.83436],[-80.35522,39.83119],[-80.35815,39.83124],[-80.36085,39.83077],[-80.36079,39.83158],[-80.36196,39.83162],[-80.36292,39.83229],[-80.36309,39.83348],[-80.36543,39.83293],[-80.36631,39.83371],[-80.36663,39.83466],[-80.36872,39.83562],[-80.3725,39.83327],[-80.37279,39.83353],[-80.3731,39.83311],[-80.37403,39.83316],[-80.37397,39.83219],[-80.37615,39.83099],[-80.37556,39.83058],[-80.37663,39.82878],[-80.3763,39.82782],[-80.37744,39.82717],[-80.37607,39.82542],[-80.38305,39.82546],[-80.38302,39.82698],[-80.3846,39.82766],[-80.38658,39.82762],[-80.38901,39.82952],[-80.38865,39.8303],[-80.38885,39.83134],[-80.39644,39.83146],[-80.39627,39.837],[-80.40363,39.83644],[-80.40389,39.82571],[-80.40623,39.8258],[-80.40563,39.82284],[-80.40611,39.81966],[-80.40698,39.81964],[-80.40698,39.81662],[-80.40536,39.81661],[-80.40549,39.81448],[-80.40454,39.81427],[-80.39978,39.81115],[-80.40108,39.81005],[-80.39832,39.80896],[-80.39847,39.80531],[-80.39007,39.80516],[-80.38863,39.80649],[-80.38851,39.80707],[-80.38922,39.8071],[-80.38913,39.81018],[-80.38869,39.81017],[-80.38872,39.81103],[-80.38741,39.81104],[-80.38455,39.80966],[-80.38285,39.80954],[-80.38275,39.80881],[-80.38152,39.80883],[-80.38057,39.809],[-80.37681,39.81145],[-80.37694,39.81311],[-80.36815,39.81304],[-80.36888,39.8154],[-80.36853,39.81702],[-80.36899,39.81771],[-80.36852,39.81782],[-80.37146,39.8211],[-80.37031,39.82137],[-80.3683,39.82277],[-80.3671,39.82277],[-80.36697,39.82536],[-80.36046,39.82514],[-80.35987,39.8255],[-80.3592,39.82687],[-80.35352,39.82747],[-80.35157,39.82505],[-80.35144,39.82232],[-80.35118,39.82236],[-80.3485,39.82363],[-80.34886,39.82524],[-80.35142,39.82751],[-80.35032,39.82837],[-80.34555,39.82847],[-80.3446,39.8297],[-80.34251,39.83031],[-80.34105,39.82998],[-80.34163,39.83216],[-80.33993,39.83223],[-80.33816,39.83147],[-80.33734,39.83263],[-80.34006,39.83396],[-80.33923,39.83539],[-80.33757,39.83504],[-80.33677,39.83803],[-80.33866,39.83862],[-80.34035,39.8375],[-80.34096,39.83881],[-80.3399,39.83929],[-80.33828,39.84171],[-80.33909,39.84238],[-80.33966,39.84637],[-80.34051,39.84622],[-80.34079,39.84624]]]]},"properties":{"SGL":179,"NAME":"179","ACRES":5817.5559,"PGC_REGION":2}},{"type":"Feature","geometry":{"type":"MultiPolygon","coordinates":[[[[-76.87274,40.37542],[-76.8707,40.37258],[-76.86998,40.37279],[-76.87208,40.37562],[-76.87274,40.37542]]],[[[-76.85138,40.39859],[-76.8523,40.39867],[-76.85135,40.39857],[-76.85138,40.39859]]],[[[-76.88374,40.41988],[-76.89117,40.41783],[-76.88965,40.41433],[-76.88711,40.41461],[-76.88631,40.41353],[-76.88632,40.41255],[-76.8886,40.41201],[-76.88777,40.40911],[-76.89561,40.40731],[-76.89433,40.40435],[-76.90353,40.40086],[-76.90183,40.39875],[-76.90152,40.39764],[-76.9056,40.39609],[-76.90537,40.3929],[-76.89991,40.39294],[-76.89898,40.39353],[-76.89823,40.39342],[-76.8907,40.39515],[-76.89092,40.39572],[-76.88782,40.39642],[-76.8864,40.39239],[-76.87726,40.39494],[-76.87421,40.39352],[-76.87432,40.39565],[-76.86962,40.39688],[-76.86838,40.39385],[-76.86181,40.39652],[-76.86092,40.39557],[-76.85635,40.39745],[-76.85439,40.39715],[-76.85356,40.39829],[-76.85258,40.39865],[-76.85262,40.39901],[-76.85131,40.3995],[-76.84416,40.40024],[-76.84012,40.40119],[-76.83475,40.4033],[-76.83212,40.40396],[-76.83201,40.40363],[-76.83486,40.4018],[-76.83705,40.40199],[-76.84059,40.39992],[-76.84224,40.4001],[-76.84439,40.39901],[-76.84599,40.39936],[-76.84753,40.39834],[-76.84955,40.39913],[-76.85002,40.39885],[-76.84987,40.39845],[-76.84891,40.39808],[-76.84831,40.39595],[-76.85221,40.39554],[-76.85867,40.3927],[-76.86669,40.38786],[-76.86759,40.39072],[-76.86948,40.38977],[-76.86961,40.39036],[-76.8704,40.38972],[-76.87137,40.39036],[-76.87396,40.38521],[-76.87569,40.3846],[-76.87593,40.38516],[-76.87763,40.38518],[-76.87758,40.38549],[-76.87844,40.38583],[-76.87888,40.38173],[-76.88146,40.38163],[-76.88218,40.38252],[-76.88616,40.38145],[-76.88605,40.37621],[-76.89662,40.3741],[-76.89697,40.3752],[-76.90048,40.37414],[-76.90044,40.3709],[-76.90302,40.37508],[-76.90709,40.37506],[-76.90563,40.37208],[-76.92144,40.3664],[-76.92128,40.3662],[-76.92277,40.36564],[-76.92276,40.36424],[-76.92561,40.36331],[-76.92137,40.36293],[-76.92096,40.36203],[-76.92111,40.36131],[-76.91069,40.36522],[-76.91077,40.36556],[-76.91281,40.36477],[-76.91313,40.36525],[-76.91091,40.36612],[-76.9108,40.36565],[-76.90977,40.3661],[-76.90796,40.36404],[-76.89934,40.36691],[-76.90146,40.36949],[-76.90349,40.36841],[-76.90363,40.36873],[-76.90148,40.37002],[-76.90029,40.3703],[-76.89995,40.36966],[-76.89792,40.37056],[-76.89622,40.36725],[-76.89351,40.36784],[-76.8944,40.36897],[-76.87801,40.37626],[-76.87226,40.37807],[-76.87208,40.37562],[-76.86559,40.37801],[-76.86679,40.37965],[-76.85799,40.3827],[-76.8594,40.38531],[-76.84243,40.39064],[-76.83326,40.3925],[-76.81689,40.39694],[-76.81498,40.39567],[-76.80395,40.39951],[-76.79612,40.40151],[-76.79431,40.39693],[-76.77479,40.40091],[-76.77178,40.39568],[-76.77025,40.39616],[-76.76884,40.39475],[-76.76993,40.39611],[-76.76288,40.39852],[-76.76307,40.40516],[-76.75152,40.41107],[-76.75401,40.41499],[-76.74493,40.41785],[-76.73458,40.42234],[-76.72921,40.42362],[-76.70711,40.43289],[-76.69589,40.43617],[-76.68854,40.43888],[-76.68095,40.44282],[-76.67058,40.4473],[-76.63899,40.46212],[-76.63437,40.46352],[-76.63222,40.46495],[-76.62533,40.46761],[-76.62162,40.46984],[-76.61909,40.47048],[-76.59557,40.4825],[-76.59152,40.47687],[-76.56638,40.48919],[-76.56569,40.48841],[-76.55362,40.49513],[-76.55156,40.49589],[-76.55602,40.50241],[-76.54669,40.50696],[-76.5229,40.51966],[-76.52366,40.52538],[-76.51513,40.52813],[-76.51425,40.52499],[-76.50291,40.535],[-76.49897,40.5326],[-76.49547,40.53547],[-76.49677,40.53488],[-76.49776,40.53618],[-76.49407,40.53828],[-76.49275,40.53661],[-76.49208,40.53708],[-76.4904,40.5363],[-76.48623,40.53644],[-76.48554,40.53701],[-76.48406,40.53584],[-76.48317,40.53711],[-76.48159,40.53604],[-76.47986,40.53716],[-76.48581,40.5407],[-76.48724,40.5424],[-76.48697,40.54265],[-76.49215,40.54386],[-76.49306,40.5435],[-76.49381,40.54809],[-76.49205,40.54998],[-76.48786,40.5508],[-76.48817,40.55172],[-76.46813,40.55584],[-76.46762,40.55415],[-76.46887,40.55329],[-76.46611,40.55069],[-76.4657,40.551],[-76.46388,40.54987],[-76.46197,40.55044],[-76.4624,40.55101],[-76.46192,40.55119],[-76.46281,40.55352],[-76.45756,40.55496],[-76.45732,40.5566],[-76.45179,40.55871],[-76.45152,40.55788],[-76.443,40.55933],[-76.44439,40.56051],[-76.44132,40.56373],[-76.43939,40.565],[-76.4424,40.56759],[-76.43753,40.56946],[-76.44099,40.57903],[-76.46516,40.57323],[-76.46709,40.5788],[-76.47065,40.57632],[-76.4703,40.57581],[-76.51546,40.56777],[-76.53633,40.55562],[-76.54612,40.56183],[-76.55876,40.55552],[-76.5578,40.5545],[-76.56327,40.55163],[-76.56101,40.54923],[-76.57147,40.54299],[-76.625,40.51279],[-76.66805,40.48738],[-76.6695,40.4886],[-76.71047,40.46566],[-76.70742,40.46206],[-76.71778,40.45694],[-76.72727,40.4531],[-76.74008,40.44857],[-76.73896,40.44677],[-76.75144,40.44319],[-76.76802,40.43765],[-76.77398,40.44788],[-76.77063,40.44938],[-76.77138,40.45161],[-76.77098,40.45247],[-76.77366,40.4556],[-76.76417,40.45946],[-76.76552,40.46763],[-76.77885,40.46457],[-76.77892,40.4654],[-76.78762,40.46219],[-76.7872,40.46107],[-76.79057,40.45913],[-76.79934,40.4556],[-76.79957,40.45596],[-76.80228,40.45457],[-76.80212,40.45413],[-76.82775,40.44392],[-76.83108,40.4432],[-76.83235,40.44577],[-76.83472,40.44483],[-76.83398,40.44409],[-76.83957,40.44156],[-76.84446,40.4469],[-76.84552,40.44593],[-76.84591,40.44656],[-76.84691,40.44615],[-76.84215,40.44045],[-76.85301,40.4359],[-76.84806,40.4287],[-76.84972,40.42857],[-76.85257,40.43099],[-76.8629,40.42583],[-76.86219,40.42968],[-76.87922,40.42495],[-76.8856,40.42276],[-76.88374,40.41988],[-76.87239,40.42205],[-76.869,40.41221],[-76.87447,40.4112],[-76.87622,40.41634],[-76.87652,40.41629],[-76.87614,40.41493],[-76.87782,40.41398],[-76.87952,40.41428],[-76.88153,40.41378],[-76.88213,40.41544],[-76.88374,40.41988]],[[-76.82081,40.4327],[-76.82334,40.43625],[-76.8217,40.43686],[-76.82282,40.43834],[-76.81815,40.43966],[-76.81495,40.43476],[-76.81956,40.43313],[-76.81966,40.43369],[-76.82046,40.43355],[-76.82079,40.43275],[-76.82081,40.4327]],[[-76.48736,40.54236],[-76.48646,40.54119],[-76.48688,40.54083],[-76.48803,40.54228],[-76.48755,40.5426],[-76.48736,40.54236]],[[-76.4914,40.54283],[-76.49257,40.54282],[-76.49246,40.54343],[-76.49078,40.5432],[-76.49115,40.54298],[-76.4914,40.54283]],[[-76.49615,40.54327],[-76.49718,40.54318],[-76.4977,40.54471],[-76.50162,40.54534],[-76.50717,40.54391],[-76.50972,40.54386],[-76.50877,40.54482],[-76.50591,40.54552],[-76.50177,40.54859],[-76.49281,40.55304],[-76.49089,40.55369],[-76.48923,40.55358],[-76.49669,40.54689],[-76.49654,40.54582],[-76.49501,40.54453],[-76.49509,40.54373],[-76.4958,40.54329],[-76.49615,40.54327]],[[-76.84082,40.40186],[-76.83846,40.40261],[-76.83822,40.40216],[-76.84437,40.40039],[-76.85127,40.39969],[-76.85645,40.39761],[-76.85708,40.39838],[-76.85209,40.40007],[-76.85238,40.40079],[-76.85134,40.40097],[-76.85119,40.4005],[-76.84937,40.40053],[-76.84966,40.40114],[-76.84824,40.40139],[-76.84825,40.40055],[-76.84537,40.40079],[-76.84082,40.40186]],[[-76.84643,40.40165],[-76.84638,40.4013],[-76.84643,40.40165]],[[-76.87073,40.38916],[-76.87053,40.38888],[-76.87113,40.38842],[-76.87154,40.3888],[-76.87086,40.38935],[-76.87073,40.38916]],[[-76.87168,40.38883],[-76.87168,40.3894],[-76.87141,40.38916],[-76.87168,40.38883]]],[[[-76.49942,40.5857],[-76.50458,40.58226],[-76.50809,40.58477],[-76.5109,40.58343],[-76.5104,40.57908],[-76.50695,40.57975],[-76.49913,40.58546],[-76.49942,40.5857]]]]},"properties":{"SGL":211,"NAME":"211","ACRES":43970.7797374,"PGC_REGION":6}},{"type":"Feature","geometry":{"type":"MultiPolygon","coordinates":[[[[-75.01847,41.33541],[-75.02284,41.32748],[-75.0123,41.32391],[-75.01152,41.3254],[-75.00964,41.32484],[-75.00531,41.33287],[-75.01847,41.33541]]],[[[-75.01847,41.33541],[-75.01033,41.34194],[-74.99848,41.33622],[-74.99584,41.34686],[-74.99337,41.34678],[-74.99045,41.34724],[-74.99078,41.3473],[-74.98932,41.35285],[-74.99538,41.35536],[-74.99237,41.35941],[-74.99163,41.35911],[-74.99107,41.35998],[-74.99114,41.36231],[-74.99247,41.36174],[-74.99289,41.36215],[-74.99117,41.36308],[-74.99324,41.36271],[-74.9933,41.36395],[-74.99224,41.36405],[-74.99213,41.36338],[-74.99144,41.36349],[-74.99152,41.3641],[-74.99068,41.36417],[-74.99062,41.36357],[-74.98636,41.36337],[-74.98679,41.36543],[-74.98414,41.36631],[-74.97965,41.36457],[-74.98014,41.36355],[-74.9782,41.3662],[-74.97341,41.36427],[-74.97419,41.36336],[-74.97237,41.3628],[-74.97277,41.36228],[-74.97062,41.36232],[-74.97019,41.36291],[-74.97109,41.36327],[-74.9714,41.36395],[-74.96703,41.36981],[-74.96918,41.37074],[-74.96777,41.37275],[-74.96937,41.37341],[-74.96923,41.37638],[-74.96553,41.37671],[-74.96583,41.37829],[-74.96293,41.37859],[-74.96362,41.3821],[-74.95935,41.38259],[-74.94259,41.39129],[-74.9501,41.39954],[-74.93765,41.40589],[-74.93977,41.40865],[-74.9366,41.41008],[-74.94186,41.41611],[-74.94041,41.41679],[-74.94302,41.41767],[-74.94795,41.41487],[-74.95154,41.41477],[-74.95232,41.41354],[-74.96213,41.41903],[-74.96339,41.41852],[-74.96186,41.41803],[-74.96214,41.41704],[-74.96794,41.41688],[-74.96681,41.42022],[-74.96427,41.41951],[-74.96378,41.41998],[-74.96377,41.42134],[-74.96637,41.42343],[-74.96627,41.42449],[-74.96769,41.42528],[-74.96753,41.42585],[-74.96797,41.426],[-74.96806,41.42519],[-74.96718,41.42468],[-74.97019,41.42426],[-74.97151,41.42361],[-74.97182,41.42382],[-74.9714,41.42453],[-74.97251,41.42399],[-74.97155,41.42354],[-74.97228,41.42275],[-74.97278,41.42295],[-74.97379,41.42186],[-74.97453,41.42205],[-74.97474,41.42173],[-74.97385,41.42112],[-74.97565,41.41912],[-74.97637,41.41754],[-74.97635,41.41663],[-74.97851,41.4161],[-74.97811,41.4146],[-74.97691,41.4136],[-74.97677,41.41221],[-74.97568,41.41205],[-74.97583,41.41114],[-74.97736,41.41122],[-74.97809,41.40581],[-74.98216,41.40604],[-74.98146,41.41135],[-74.98381,41.41098],[-74.98684,41.40851],[-74.99312,41.40769],[-74.99481,41.40833],[-75.0035,41.40608],[-75.00612,41.40697],[-75.00741,41.40435],[-75.00755,41.40184],[-75.00478,41.40078],[-75.00541,41.39874],[-75.00745,41.39969],[-75.00834,41.39855],[-75.00984,41.39911],[-75.0128,41.39584],[-75.01328,41.39429],[-75.01266,41.39409],[-75.01373,41.39278],[-75.01404,41.39168],[-75.01467,41.3853],[-75.0242,41.38207],[-75.02852,41.3813],[-75.02967,41.38164],[-75.03142,41.38142],[-75.03383,41.38525],[-75.03697,41.38538],[-75.03894,41.38373],[-75.04973,41.39689],[-75.07144,41.38652],[-75.06921,41.38322],[-75.08583,41.37961],[-75.08105,41.36709],[-75.07645,41.36816],[-75.07717,41.37055],[-75.07276,41.37155],[-75.07409,41.37506],[-75.05952,41.37837],[-75.05745,41.38216],[-75.05212,41.38038],[-75.05936,41.36717],[-75.05878,41.36686],[-75.04919,41.3514],[-75.04321,41.35009],[-75.03807,41.34641],[-75.03808,41.34606],[-75.02245,41.34636],[-75.0221,41.34168],[-75.02303,41.34131],[-75.02268,41.33624],[-75.01847,41.33541]],[[-74.98197,41.39975],[-74.97942,41.39881],[-74.97867,41.39898],[-74.97845,41.39842],[-74.97481,41.39711],[-74.97668,41.3942],[-74.97814,41.39477],[-74.98171,41.38947],[-74.98091,41.38936],[-74.98469,41.38383],[-74.98774,41.38489],[-74.98425,41.39033],[-74.98384,41.39341],[-74.98167,41.39855],[-74.98197,41.39975]],[[-74.96716,41.39011],[-74.96467,41.39136],[-74.96457,41.39066],[-74.96658,41.39024],[-74.96716,41.39011]]]]},"properties":{"SGL":180,"NAME":"180","ACRES":12506.2138214,"PGC_REGION":5}},{"type":"Feature","geometry":{"type":"MultiPolygon","coordinates":[[[[-80.06521,39.76176],[-80.0634,39.75775],[-80.05226,39.75931],[-80.0536,39.76343],[-80.06521,39.76176]]],[[[-80.08777,39.80344],[-80.0863,39.80374],[-80.08712,39.80404],[-80.08777,39.80344]]],[[[-80.10268,39.80447],[-80.10249,39.80348],[-80.09924,39.80476],[-80.09486,39.80412],[-80.09327,39.8036],[-80.09137,39.80124],[-80.08883,39.80299],[-80.08894,39.80401],[-80.0897,39.80451],[-80.09248,39.80491],[-80.09278,39.8045],[-80.09679,39.80631],[-80.09864,39.80619],[-80.10268,39.80447]]],[[[-80.02858,39.81237],[-80.02778,39.81066],[-80.02708,39.81063],[-80.02844,39.80945],[-80.02857,39.80624],[-80.02395,39.80463],[-80.01849,39.80778],[-80.01602,39.8079],[-80.01323,39.80541],[-80.01175,39.80654],[-80.01174,39.80775],[-80.01269,39.8107],[-80.01507,39.8103],[-80.01692,39.80941],[-80.02242,39.81195],[-80.02399,39.81145],[-80.02717,39.81185],[-80.02858,39.81237]]],[[[-80.08228,39.8096],[-80.08678,39.80771],[-80.08627,39.80592],[-80.08468,39.80608],[-80.08611,39.80552],[-80.08522,39.80495],[-80.08514,39.80407],[-80.08331,39.80392],[-80.08399,39.80334],[-80.09224,39.80022],[-80.09012,39.79856],[-80.09019,39.79726],[-80.07892,39.79969],[-80.07853,39.79904],[-80.07548,39.80234],[-80.07505,39.80217],[-80.07111,39.8071],[-80.06806,39.802],[-80.06569,39.80465],[-80.06213,39.80619],[-80.0582,39.80473],[-80.05593,39.80073],[-80.05663,39.80094],[-80.05677,39.79259],[-80.05515,39.79296],[-80.0477,39.78922],[-80.04651,39.79171],[-80.04354,39.78927],[-80.04227,39.78726],[-80.04091,39.78786],[-80.04132,39.78987],[-80.03717,39.79239],[-80.03613,39.78968],[-80.03864,39.78861],[-80.03856,39.78527],[-80.03531,39.78527],[-80.035,39.78409],[-80.03549,39.78269],[-80.03683,39.78212],[-80.03557,39.78195],[-80.03288,39.77865],[-80.0326,39.77659],[-80.02887,39.77416],[-80.02606,39.77495],[-80.02726,39.7768],[-80.03012,39.77799],[-80.03001,39.77999],[-80.02655,39.77864],[-80.02628,39.77724],[-80.02278,39.77654],[-80.02213,39.77883],[-80.01951,39.7781],[-80.02677,39.76976],[-80.02538,39.76938],[-80.02559,39.77044],[-80.02426,39.7709],[-80.02203,39.77069],[-80.02183,39.76982],[-80.02368,39.76939],[-80.02008,39.76724],[-80.01958,39.76803],[-80.01664,39.76867],[-80.01604,39.76695],[-80.01993,39.76632],[-80.01973,39.76605],[-80.0201,39.76593],[-80.01956,39.76474],[-80.01699,39.76194],[-80.01654,39.76216],[-80.01694,39.76259],[-80.00994,39.76552],[-80.00527,39.76553],[-80.00714,39.75539],[-80.00469,39.75535],[-80.00381,39.76015],[-80.0008,39.75983],[-80.00025,39.75916],[-79.99947,39.75934],[-79.99799,39.76733],[-79.99703,39.76769],[-79.99527,39.7673],[-79.99544,39.77166],[-79.99341,39.77263],[-79.9946,39.7732],[-79.9949,39.77438],[-79.99615,39.77607],[-79.99803,39.77713],[-80.00662,39.77414],[-80.00683,39.77464],[-80.01049,39.77688],[-80.0115,39.77595],[-80.0108,39.77493],[-80.01189,39.77411],[-80.01267,39.77524],[-80.01095,39.77713],[-80.01049,39.77688],[-80.00953,39.77766],[-80.00896,39.77932],[-80.00434,39.78274],[-80.00043,39.78475],[-79.99959,39.78462],[-79.99903,39.78599],[-79.99883,39.78805],[-79.99653,39.78811],[-79.99663,39.78954],[-79.99875,39.79097],[-80.00054,39.79104],[-79.99464,39.79306],[-79.9983,39.79778],[-79.99658,39.79887],[-79.99848,39.80065],[-80.00019,39.80102],[-80.00056,39.80172],[-80.00157,39.80156],[-80.00213,39.80296],[-80.00559,39.8],[-80.00807,39.79919],[-80.00842,39.79969],[-80.00935,39.79874],[-80.01209,39.79722],[-80.01437,39.80006],[-80.02039,39.79718],[-80.02215,39.79818],[-80.02423,39.79713],[-80.02405,39.79682],[-80.02501,39.79506],[-80.0282,39.79637],[-80.02772,39.7978],[-80.02949,39.79915],[-80.03371,39.79908],[-80.0338,39.79759],[-80.0353,39.79763],[-80.0352,39.79705],[-80.03904,39.79743],[-80.03893,39.80103],[-80.03688,39.80027],[-80.03862,39.80206],[-80.03749,39.80279],[-80.03736,39.80359],[-80.03518,39.80484],[-80.03708,39.8071],[-80.04041,39.81265],[-80.04471,39.81118],[-80.05334,39.80665],[-80.05559,39.80614],[-80.05891,39.80633],[-80.07139,39.80945],[-80.07262,39.80907],[-80.07417,39.80765],[-80.07526,39.80729],[-80.08188,39.80699],[-80.08136,39.80774],[-80.08012,39.80796],[-80.07441,39.80798],[-80.07277,39.80978],[-80.07131,39.8102],[-80.0647,39.80876],[-80.06383,39.80945],[-80.06191,39.80845],[-80.06114,39.80939],[-80.06484,39.81133],[-80.06552,39.81304],[-80.06689,39.81363],[-80.06649,39.81533],[-80.06671,39.81671],[-80.06584,39.81689],[-80.06586,39.81779],[-80.0652,39.81794],[-80.06634,39.82213],[-80.07208,39.82042],[-80.07129,39.81637],[-80.06998,39.81532],[-80.07125,39.8137],[-80.07207,39.81414],[-80.0745,39.81764],[-80.08044,39.81696],[-80.0807,39.81812],[-80.08658,39.81792],[-80.08867,39.8189],[-80.08529,39.82146],[-80.09078,39.82133],[-80.09116,39.82219],[-80.09288,39.82219],[-80.09336,39.82445],[-80.09727,39.82765],[-80.10139,39.82422],[-80.10153,39.82369],[-80.10034,39.82188],[-80.09924,39.82139],[-80.09798,39.81849],[-80.09667,39.81755],[-80.09595,39.81612],[-80.0946,39.81527],[-80.09678,39.81366],[-80.09656,39.81312],[-80.09711,39.81294],[-80.09747,39.8136],[-80.09798,39.81268],[-80.10795,39.81728],[-80.10882,39.81589],[-80.1068,39.81526],[-80.10573,39.81431],[-80.10498,39.81477],[-80.10319,39.81397],[-80.0977,39.80836],[-80.09553,39.80813],[-80.09557,39.80919],[-80.09479,39.80941],[-80.09414,39.80823],[-80.0923,39.8066],[-80.09107,39.80827],[-80.08901,39.80775],[-80.09119,39.81181],[-80.08666,39.81311],[-80.08611,39.81193],[-80.08355,39.81213],[-80.08228,39.8096]],[[-80.01643,39.7737],[-80.01551,39.7733],[-80.01556,39.77131],[-80.01693,39.771],[-80.01802,39.77305],[-80.0169,39.77471],[-80.01717,39.7749],[-80.01348,39.77839],[-80.01117,39.77724],[-80.01286,39.77695],[-80.01396,39.77555],[-80.01501,39.77585],[-80.01625,39.77471],[-80.01643,39.7737]],[[-80.02077,39.77261],[-80.0198,39.77258],[-80.01984,39.77085],[-80.02097,39.77089],[-80.02094,39.7726],[-80.02077,39.77261]],[[-80.00953,39.78526],[-80.00906,39.78526],[-80.00783,39.78244],[-80.0102,39.78125],[-80.01122,39.7801],[-80.01262,39.78066],[-80.01308,39.78178],[-80.01221,39.78288],[-80.01101,39.7819],[-80.01041,39.78374],[-80.01096,39.78533],[-80.01045,39.78641],[-80.00951,39.78609],[-80.00942,39.78719],[-80.00804,39.78708],[-80.00847,39.78573],[-80.00951,39.78609],[-80.00953,39.78526]],[[-80.0035,39.79296],[-80.0033,39.79121],[-80.00354,39.79056],[-80.00489,39.78945],[-80.00492,39.78804],[-80.00991,39.78826],[-80.01181,39.78929],[-80.01369,39.79153],[-80.01448,39.79337],[-80.01086,39.79437],[-80.00724,39.79338],[-80.00674,39.79529],[-80.00333,39.79598],[-80.00118,39.79599],[-80.00281,39.79486],[-80.00344,39.79341],[-80.0035,39.79296]],[[-80.05282,39.79576],[-80.05101,39.79927],[-80.04981,39.79885],[-80.04962,39.79961],[-80.05127,39.80106],[-80.04668,39.80106],[-80.04769,39.7984],[-80.04709,39.79822],[-80.0478,39.79679],[-80.04708,39.79591],[-80.04795,39.79437],[-80.05282,39.79576]],[[-80.0797,39.81025],[-80.07879,39.81165],[-80.07632,39.81066],[-80.0773,39.81021],[-80.07793,39.81109],[-80.07924,39.81023],[-80.0797,39.81025]],[[-80.00558,39.75578],[-80.00529,39.75572],[-80.00558,39.75578]]],[[[-80.04466,39.81159],[-80.04038,39.81305],[-80.0412,39.81724],[-80.04355,39.81735],[-80.0487,39.8242],[-80.04859,39.82514],[-80.046,39.82772],[-80.04658,39.83008],[-80.04852,39.83131],[-80.05029,39.82811],[-80.05217,39.82694],[-80.05038,39.82214],[-80.05595,39.82063],[-80.05688,39.81875],[-80.05772,39.81847],[-80.05516,39.81534],[-80.05588,39.81305],[-80.06006,39.8072],[-80.05696,39.80655],[-80.05413,39.80686],[-80.04709,39.81044],[-80.04466,39.81159]],[[-80.05086,39.81048],[-80.05043,39.81091],[-80.05001,39.81066],[-80.05044,39.81023],[-80.05086,39.81048]]],[[[-80.03586,39.84883],[-80.03558,39.8482],[-80.0379,39.84515],[-80.03655,39.84367],[-80.0401,39.84197],[-80.03983,39.84139],[-80.04046,39.83986],[-80.03885,39.83456],[-80.03546,39.83062],[-80.03445,39.83093],[-80.03473,39.83206],[-80.034,39.83359],[-80.02921,39.83305],[-80.02712,39.83957],[-80.02989,39.84342],[-80.03044,39.84516],[-80.03254,39.84879],[-80.03352,39.84826],[-80.03444,39.84986],[-80.03586,39.84883]]],[[[-80.051,39.84662],[-80.04744,39.84806],[-80.05307,39.85313],[-80.05362,39.85246],[-80.05321,39.85108],[-80.05612,39.84794],[-80.06184,39.84693],[-80.06154,39.84599],[-80.0621,39.84363],[-80.06107,39.84178],[-80.06165,39.84098],[-80.06216,39.83887],[-80.06047,39.83759],[-80.06106,39.8339],[-80.04851,39.8328],[-80.04791,39.83589],[-80.04861,39.83717],[-80.0501,39.83795],[-80.05002,39.84092],[-80.04724,39.84157],[-80.04639,39.84338],[-80.04123,39.84445],[-80.04086,39.84368],[-80.039,39.84515],[-80.03883,39.84803],[-80.04404,39.84885],[-80.04458,39.84865],[-80.04419,39.84803],[-80.0478,39.84628],[-80.04759,39.84607],[-80.04851,39.84538],[-80.04943,39.84542],[-80.04974,39.84595],[-80.051,39.84662]],[[-80.04671,39.84526],[-80.04618,39.84564],[-80.04569,39.84521],[-80.04623,39.84482],[-80.04671,39.84526]]],[[[-80.00847,39.85494],[-80.00784,39.85339],[-80.00987,39.85345],[-80.01064,39.85172],[-80.01905,39.85371],[-80.0238,39.85282],[-80.02417,39.85226],[-80.02394,39.85067],[-80.0256,39.85012],[-80.02504,39.84878],[-80.02396,39.84792],[-80.02323,39.84805],[-80.02298,39.84725],[-80.02368,39.84713],[-80.0248,39.84846],[-80.02424,39.84762],[-80.02393,39.84597],[-80.02456,39.84458],[-80.02347,39.84346],[-80.02389,39.84262],[-80.01483,39.84075],[-80.01331,39.84215],[-80.01234,39.84631],[-80.01034,39.8482],[-80.00458,39.84997],[-80.00286,39.84809],[-80.00106,39.85161],[-79.99696,39.85355],[-79.99786,39.85712],[-79.99962,39.85922],[-80.0064,39.85839],[-80.00736,39.85872],[-80.0074,39.85529],[-80.00847,39.85494]]],[[[-80.07967,39.8658],[-80.07918,39.86775],[-80.07842,39.86856],[-80.08119,39.87096],[-80.08517,39.86222],[-80.08659,39.8626],[-80.08862,39.86151],[-80.08685,39.86087],[-80.08525,39.85889],[-80.08318,39.85962],[-80.08247,39.85848],[-80.08412,39.85766],[-80.0843,39.85612],[-80.08747,39.85461],[-80.09059,39.85673],[-80.09151,39.85654],[-80.09202,39.85462],[-80.09383,39.85419],[-80.09394,39.85843],[-80.09478,39.85839],[-80.09588,39.85993],[-80.09579,39.86162],[-80.09395,39.86152],[-80.09405,39.86495],[-80.09632,39.86582],[-80.09676,39.86425],[-80.10531,39.86503],[-80.10465,39.86387],[-80.10521,39.8628],[-80.1138,39.86469],[-80.11645,39.86332],[-80.11726,39.86186],[-80.12152,39.86165],[-80.11853,39.86084],[-80.11943,39.8575],[-80.119,39.8574],[-80.11957,39.85602],[-80.1189,39.85614],[-80.11918,39.85298],[-80.11018,39.84984],[-80.10343,39.85146],[-80.10352,39.85234],[-80.10562,39.8533],[-80.10468,39.85582],[-80.10761,39.85879],[-80.10694,39.86099],[-80.1006,39.86039],[-80.10021,39.85929],[-80.10122,39.85735],[-80.09894,39.85441],[-80.09618,39.85327],[-80.09592,39.85274],[-80.09635,39.84951],[-80.09556,39.84814],[-80.09251,39.84768],[-80.0893,39.84522],[-80.08831,39.84543],[-80.08864,39.84587],[-80.08625,39.84694],[-80.08404,39.8474],[-80.08416,39.84795],[-80.08257,39.84815],[-80.08222,39.84775],[-80.08114,39.84828],[-80.0813,39.84853],[-80.08049,39.84875],[-80.08015,39.84844],[-80.07758,39.85281],[-80.07688,39.85443],[-80.07768,39.85658],[-80.07726,39.85805],[-80.07797,39.85937],[-80.07811,39.86196],[-80.07931,39.86493],[-80.07967,39.8658]],[[-80.11652,39.85857],[-80.1157,39.85972],[-80.11428,39.85889],[-80.11153,39.85812],[-80.11112,39.8575],[-80.11281,39.85681],[-80.11652,39.85857]]]]},"properties":{"SGL":223,"NAME":"223","ACRES":7794.98817966,"PGC_REGION":2}}]}