{"type":"FeatureCollection","features":[{"type":"Feature","geometry":{"type":"Point","coordinates":[-76.61776,40.60512]},"properties":{"SGL":264,"PGC_REGION":6}},{"type":"Feature","geometry":{"type":"Point","coordinates":[-76.61448,40.60671]},"properties":{"SGL":264,"PGC_REGION":6}},{"type":"Feature","geometry":{"type":"Point","coordinates":[-76.69454,40.57621]},"properties":{"SGL":264,"PGC_REGION":6}},{"type":"Feature","geometry":{"type":"Point","coordinates":[-76.69911,40.58214]},"properties":{"SGL":264,"PGC_REGION":6}},{"type":"Feature","geometry":{"type":"Point","coordinates":[-80.38421,40.40646]},"properties":{"SGL":117,"PGC_REGION":2}},{"type":"Feature","geometry":{"type":"Point","coordinates":[-80.37666,40.4152]},"properties":{"SGL":117,"PGC_REGION":2}},{"type":"Feature","geometry":{"type":"Point","coordinates":[-80.41553,40.41722]},"properties":{"SGL":117,"PGC_REGION":2}},{"type":"Feature","geometry":{"type":"Point","coordinates":[-76.40279,39.8864]},"properties":{"SGL":83,"PGC_REGION":4}},{"type":"Feature","geometry":{"type":"Point","coordinates":[-75.67029,40.66852]},"properties":{"SGL":205,"PGC_REGION":6}},{"type":"Feature","geometry":{"type":"Point","coordinates":[-75.66096,40.67105]},"properties":{"SGL":205,"PGC_REGION":6}},{"type":"Feature","geometry":{"type":"Point","coordinates":[-75.65467,40.66621]},"properties":{"SGL":205,"PGC_REGION":6}},{"type":"Feature","geometry":{"type":"Point","coordinates":[-75.65049,40.66276]},"properties":{"SGL":205,"PGC_REGION":6}},{"type":"Feature","geometry":{"type":"Point","coordinates":[-75.66341,40.65944]},"properties":{"SGL":205,"PGC_REGION":6}},{"type":"Feature","geometry":{"type":"Point","coordinates":[-75.64388,40.66016]},"properties":{"SGL":205,"PGC_REGION":6}},{"type":"Feature","geometry":{"type":"Point","coordinates":[-80.34343,39.84674]},"properties":{"SGL":179,"PGC_REGION":2}},{"type":"Feature","geometry":{"type":"Point","coordinates":[-78.96945,41.45934]},"properties":{"SGL":28,"PGC_REGION":3}},{"type":"Feature","geometry":{"type":"Point","coordinates":[-78.97126,41.46104]},"properties":{"SGL":28,"PGC_REGION":3}},{"type":"Feature","geometry":{"type":"Point","coordinates":[-78.94836,41.41674]},"properties":{"SGL":28,"PGC_REGION":3}},{"type":"Feature","geometry":{"type":"Point","coordinates":[-78.94846,41.41577]},"properties":{"SGL":28,"PGC_REGION":3}},{"type":"Feature","geometry":{"type":"Point","coordinates":[-78.91837,41.39468]},"properties":{"SGL":28,"PGC_REGION":3}},{"type":"Feature","geometry":{"type":"Point","coordinates":[-79.56735,40.77259]},"properties":{"SGL":247,"PGC_REGION":2}},{"type":"Feature","geometry":{"type":"Point","coordinates":[-79.57688,40.77483]},"properties":{"SGL":247,"PGC_REGION":2}},{"type":"Feature","geometry":{"type":"Point","coordinates":[-79.57446,40.77143]},"properties":{"SGL":247,"PGC_REGION":2}},{"type":"Feature","geometry":{"type":"Point","coordinates":[-76.68116,40.21989]},"properties":{"SGL":246,"PGC_REGION":6}},{"type":"Feature","geometry":{"type":"Point","coordinates":[-76.68251,40.21184]},"properties":{"SGL":246,"PGC_REGION":6}},{"type":"Feature","geometry":{"type":"Point","coordinates":[-79.69645,40.10274]},"properties":{"SGL":296,"PGC_REGION":2}},{"type":"Feature","geometry":{"type":"Point","coordinates":[-79.71519,40.10116]},"properties":{"SGL":296,"PGC_REGION":2}},{"type":"Feature","geometry":{"type":"Point","coordinates":[-76.94258,40.08586]},"properties":{"SGL":242,"PGC_REGION":4}},{"type":"Feature","geometry":{"type":"Point","coordinates":[-76.97409,40.08025]},"properties":{"SGL":242,"PGC_REGION":4}},{"type":"Feature","geometry":{"type":"Point","coordinates":[-76.96074,40.09188]},"properties":{"SGL":242,"PGC_REGION":4}},{"type":"Feature","geometry":{"type":"Point","coordinates":[-77.73383,41.02517]},"properties":{"SGL":92,"PGC_REGION":3}},{"type":"Feature","geometry":{"type":"Point","coordinates":[-77.76767,41.00075]},"properties":{"SGL":92,"PGC_REGION":3}},{"type":"Feature","geometry":{"type":"Point","coordinates":[-78.22278,40.69565]},"properties":{"SGL":278,"PGC_REGION":4}},{"type":"Feature","geometry":{"type":"Point","coordinates":[-78.17718,40.71498]},"properties":{"SGL":278,"PGC_REGION":4}},{"type":"Feature","geometry":{"type":"Point","coordinates":[-75.99602,40.80893]},"properties":{"SGL":227,"PGC_REGION":6}},{"type":"Feature","geometry":{"type":"Point","coordinates":[-76.00415,40.82143]},"properties":{"SGL":227,"PGC_REGION":6}},{"type":"Feature","geometry":{"type":"Point","coordinates":[-76.01172,40.81139]},"properties":{"SGL":227,"PGC_REGION":6}},{"type":"Feature","geometry":{"type":"Point","coordinates":[-75.99084,40.8105]},"properties":{"SGL":227,"PGC_REGION":6}},{"type":"Feature","geometry":{"type":"Point","coordinates":[-80.49167,40.77545]},"properties":{"SGL":285,"PGC_REGION":2}},{"type":"Feature","geometry":{"type":"Point","coordinates":[-80.49046,40.77662]},"properties":{"SGL":285,"PGC_REGION":2}},{"type":"Feature","geometry":{"type":"Point","coordinates":[-80.48991,40.78211]},"properties":{"SGL":285,"PGC_REGION":2}},{"type":"Feature","geometry":{"type":"Point","coordinates":[-80.47053,40.78673]},"properties":{"SGL":285,"PGC_REGION":2}},{"type":"Feature","geometry":{"type":"Point","coordinates":[-80.50719,40.78909]},"properties":{"SGL":285,"PGC_REGION":2}},{"type":"Feature","geometry":{"type":"Point","coordinates":[-80.50614,40.79002]},"properties":{"SGL":285,"PGC_REGION":2}},{"type":"Feature","geometry":{"type":"Point","coordinates":[-80.48736,40.80473]},"properties":{"SGL":285,"PGC_REGION":2}},{"type":"Feature","geometry":{"type":"Point","coordinates":[-80.48823,40.80835]},"properties":{"SGL":285,"PGC_REGION":2}},{"type":"Feature","geometry":{"type":"Point","coordinates":[-79.45486,40.91039]},"properties":{"SGL":287,"PGC_REGION":2}},{"type":"Feature","geometry":{"type":"Point","coordinates":[-79.44536,40.93898]},"properties":{"SGL":287,"PGC_REGION":2}},{"type":"Feature","geometry":{"type":"Point","coordinates":[-79.45048,40.96072]},"properties":{"SGL":287,"PGC_REGION":2}},{"type":"Feature","geometry":{"type":"Point","coordinates":[-79.46038,40.94264]},"properties":{"SGL":287,"PGC_REGION":2}},{"type":"Feature","geometry":{"type":"Point","coordinates":[-79.63447,39.89672]},"properties":{"SGL":51,"PGC_REGION":2}},{"type":"Feature","geometry":{"type":"Point","coordinates":[-79.5966,39.86874]},"properties":{"SGL":51,"PGC_REGION":2}},{"type":"Feature","geometry":{"type":"Point","coordinates":[-79.58737,39.90199]},"properties":{"SGL":51,"PGC_REGION":2}},{"type":"Feature","geometry":{"type":"Point","coordinates":[-79.52144,39.93552]},"properties":{"SGL":51,"PGC_REGION":2}},{"type":"Feature","geometry":{"type":"Point","coordinates":[-79.55217,39.91485]},"properties":{"SGL":51,"PGC_REGION":2}},{"type":"Feature","geometry":{"type":"Point","coordinates":[-79.58797,39.93225]},"properties":{"SGL":51,"PGC_REGION":2}},{"type":"Feature","geometry":{"type":"Point","coordinates":[-79.56753,39.90397]},"properties":{"SGL":51,"PGC_REGION":2}},{"type":"Feature","geometry":{"type":"Point","coordinates":[-79.58937,39.90494]},"properties":{"SGL":51,"PGC_REGION":2}},{"type":"Feature","geometry":{"type":"Point","coordinates":[-79.58433,39.89767]},"properties":{"SGL":51,"PGC_REGION":2}},{"type":"Feature","geometry":{"type":"Point","coordinates":[-79.58579,39.89025]},"properties":{"SGL":51,"PGC_REGION":2}},{"type":"Feature","geometry":{"type":"Point","coordinates":[-79.58204,39.87536]},"properties":{"SGL":51,"PGC_REGION":2}},{"type":"Feature","geometry":{"type":"Point","coordinates":[-76.75185,41.60335]},"properties":{"SGL":12,"PGC_REGION":5}},{"type":"Feature","geometry":{"type":"Point","coordinates":[-76.72997,41.61477]},"properties":{"SGL":12,"PGC_REGION":5}},{"type":"Feature","geometry":{"type":"Point","coordinates":[-76.71483,41.62392]},"properties":{"SGL":12,"PGC_REGION":5}},{"type":"Feature","geometry":{"type":"Point","coordinates":[-76.715,41.62984]},"properties":{"SGL":12,"PGC_REGION":5}},{"type":"Feature","geometry":{"type":"Point","coordinates":[-76.71505,41.62728]},"properties":{"SGL":12,"PGC_REGION":5}},{"type":"Feature","geometry":{"type":"Point","coordinates":[-76.7377,41.61053]},"properties":{"SGL":12,"PGC_REGION":5}},{"type":"Feature","geometry":{"type":"Point","coordinates":[-76.73493,41.6042]},"properties":{"SGL":12,"PGC_REGION":5}},{"type":"Feature","geometry":{"type":"Point","coordinates":[-76.73431,41.60116]},"properties":{"SGL":12,"PGC_REGION":5}},{"type":"Feature","geometry":{"type":"Point","coordinates":[-76.74602,41.61036]},"properties":{"SGL":12,"PGC_REGION":5}},{"type":"Feature","geometry":{"type":"Point","coordinates":[-76.70448,41.63865]},"properties":{"SGL":12,"PGC_REGION":5}},{"type":"Feature","geometry":{"type":"Point","coordinates":[-76.70121,41.6451]},"properties":{"SGL":12,"PGC_REGION":5}},{"type":"Feature","geometry":{"type":"Point","coordinates":[-75.71177,41.96191]},"properties":{"SGL":35,"PGC_REGION":5}},{"type":"Feature","geometry":{"type":"Point","coordinates":[-75.71249,41.96279]},"properties":{"SGL":35,"PGC_REGION":5}},{"type":"Feature","geometry":{"type":"Point","coordinates":[-76.49001,41.68772]},"properties":{"SGL":36,"PGC_REGION":5}},{"type":"Feature","geometry":{"type":"Point","coordinates":[-76.54648,41.67822]},"properties":{"SGL":36,"PGC_REGION":5}},{"type":"Feature","geometry":{"type":"Point","coordinates":[-76.54893,41.67859]},"properties":{"SGL":36,"PGC_REGION":5}},{"type":"Feature","geometry":{"type":"Point","coordinates":[-76.55093,41.67922]},"properties":{"SGL":36,"PGC_REGION":5}},{"type":"Feature","geometry":{"type":"Point","coordinates":[-76.55412,41.68027]},"properties":{"SGL":36,"PGC_REGION":5}},{"type":"Feature","geometry":{"type":"Point","coordinates":[-76.56908,41.66691]},"properties":{"SGL":36,"PGC_REGION":5}},{"type":"Feature","geometry":{"type":"Point","coordinates":[-76.57623,41.66418]},"properties":{"SGL":36,"PGC_REGION":5}},{"type":"Feature","geometry":{"type":"Point","coordinates":[-76.51818,41.60135]},"properties":{"SGL":36,"PGC_REGION":5}},{"type":"Feature","geometry":{"type":"Point","coordinates":[-76.51762,41.60079]},"properties":{"SGL":36,"PGC_REGION":5}},{"type":"Feature","geometry":{"type":"Point","coordinates":[-76.51339,41.5966]},"properties":{"SGL":36,"PGC_REGION":5}},{"type":"Feature","geometry":{"type":"Point","coordinates":[-76.50079,41.62175]},"properties":{"SGL":36,"PGC_REGION":5}},{"type":"Feature","geometry":{"type":"Point","coordinates":[-76.50327,41.61372]},"properties":{"SGL":36,"PGC_REGION":5}},{"type":"Feature","geometry":{"type":"Point","coordinates":[-76.37726,40.95821]},"properties":{"SGL":58,"PGC_REGION":5}},{"type":"Feature","geometry":{"type":"Point","coordinates":[-76.39489,40.93861]},"properties":{"SGL":58,"PGC_REGION":5}},{"type":"Feature","geometry":{"type":"Point","coordinates":[-76.37544,40.96342]},"properties":{"SGL":58,"PGC_REGION":5}},{"type":"Feature","geometry":{"type":"Point","coordinates":[-76.33499,40.96584]},"properties":{"SGL":58,"PGC_REGION":5}},{"type":"Feature","geometry":{"type":"Point","coordinates":[-75.77143,41.20458]},"properties":{"SGL":91,"PGC_REGION":5}},{"type":"Feature","geometry":{"type":"Point","coordinates":[-75.7892,41.20888]},"properties":{"SGL":91,"PGC_REGION":5}},{"type":"Feature","geometry":{"type":"Point","coordinates":[-75.78625,41.21601]},"properties":{"SGL":91,"PGC_REGION":5}},{"type":"Feature","geometry":{"type":"Point","coordinates":[-75.63679,41.13593]},"properties":{"SGL":91,"PGC_REGION":5}},{"type":"Feature","geometry":{"type":"Point","coordinates":[-76.71855,40.95503]},"properties":{"SGL":115,"PGC_REGION":5}},{"type":"Feature","geometry":{"type":"Point","coordinates":[-76.68939,40.96219]},"properties":{"SGL":115,"PGC_REGION":5}},{"type":"Feature","geometry":{"type":"Point","coordinates":[-76.68595,40.96437]},"properties":{"SGL":115,"PGC_REGION":5}},{"type":"Feature","geometry":{"type":"Point","coordinates":[-76.6838,40.96644]},"properties":{"SGL":115,"PGC_REGION":5}},{"type":"Feature","geometry":{"type":"Point","coordinates":[-76.68411,40.96775]},"properties":{"SGL":115,"PGC_REGION":5}},{"type":"Feature","geometry":{"type":"Point","coordinates":[-76.68861,40.96383]},"properties":{"SGL":115,"PGC_REGION":5}},{"type":"Feature","geometry":{"type":"Point","coordinates":[-76.68621,40.96447]},"properties":{"SGL":115,"PGC_REGION":5}},{"type":"Feature","geometry":{"type":"Point","coordinates":[-74.98561,41.44059]},"properties":{"SGL":116,"PGC_REGION":5}},{"type":"Feature","geometry":{"type":"Point","coordinates":[-75.49751,41.21559]},"properties":{"SGL":127,"PGC_REGION":5}},{"type":"Feature","geometry":{"type":"Point","coordinates":[-75.49536,41.21311]},"properties":{"SGL":127,"PGC_REGION":5}},{"type":"Feature","geometry":{"type":"Point","coordinates":[-75.48387,41.20604]},"properties":{"SGL":127,"PGC_REGION":5}},{"type":"Feature","geometry":{"type":"Point","coordinates":[-75.45961,41.18844]},"properties":{"SGL":127,"PGC_REGION":5}},{"type":"Feature","geometry":{"type":"Point","coordinates":[-75.45839,41.18676]},"properties":{"SGL":127,"PGC_REGION":5}},{"type":"Feature","geometry":{"type":"Point","coordinates":[-75.44101,41.17275]},"properties":{"SGL":127,"PGC_REGION":5}},{"type":"Feature","geometry":{"type":"Point","coordinates":[-75.55169,41.2484]},"properties":{"SGL":135,"PGC_REGION":5}},{"type":"Feature","geometry":{"type":"Point","coordinates":[-75.5972,41.22489]},"properties":{"SGL":135,"PGC_REGION":5}},{"type":"Feature","geometry":{"type":"Point","coordinates":[-75.5483,41.22336]},"properties":{"SGL":135,"PGC_REGION":5}},{"type":"Feature","geometry":{"type":"Point","coordinates":[-75.30148,41.66181]},"properties":{"SGL":159,"PGC_REGION":5}},{"type":"Feature","geometry":{"type":"Point","coordinates":[-75.3004,41.66364]},"properties":{"SGL":159,"PGC_REGION":5}},{"type":"Feature","geometry":{"type":"Point","coordinates":[-75.29842,41.6631]},"properties":{"SGL":159,"PGC_REGION":5}},{"type":"Feature","geometry":{"type":"Point","coordinates":[-75.2976,41.66287]},"properties":{"SGL":159,"PGC_REGION":5}},{"type":"Feature","geometry":{"type":"Point","coordinates":[-75.28839,41.6613]},"properties":{"SGL":159,"PGC_REGION":5}},{"type":"Feature","geometry":{"type":"Point","coordinates":[-75.29197,41.66946]},"properties":{"SGL":159,"PGC_REGION":5}},{"type":"Feature","geometry":{"type":"Point","coordinates":[-75.30901,41.67549]},"properties":{"SGL":159,"PGC_REGION":5}},{"type":"Feature","geometry":{"type":"Point","coordinates":[-75.30509,41.66484]},"properties":{"SGL":159,"PGC_REGION":5}},{"type":"Feature","geometry":{"type":"Point","coordinates":[-75.32308,41.69932]},"properties":{"SGL":159,"PGC_REGION":5}},{"type":"Feature","geometry":{"type":"Point","coordinates":[-75.32252,41.73492]},"properties":{"SGL":159,"PGC_REGION":5}},{"type":"Feature","geometry":{"type":"Point","coordinates":[-75.28208,41.69457]},"properties":{"SGL":159,"PGC_REGION":5}},{"type":"Feature","geometry":{"type":"Point","coordinates":[-75.2803,41.69562]},"properties":{"SGL":159,"PGC_REGION":5}},{"type":"Feature","geometry":{"type":"Point","coordinates":[-75.01384,41.34979]},"properties":{"SGL":180,"PGC_REGION":5}},{"type":"Feature","geometry":{"type":"Point","coordinates":[-74.98472,41.38185]},"properties":{"SGL":180,"PGC_REGION":5}},{"type":"Feature","geometry":{"type":"Point","coordinates":[-74.98635,41.39064]},"properties":{"SGL":180,"PGC_REGION":5}},{"type":"Feature","geometry":{"type":"Point","coordinates":[-75.02114,41.33502]},"properties":{"SGL":180,"PGC_REGION":5}},{"type":"Feature","geometry":{"type":"Point","coordinates":[-75.04306,41.37409]},"properties":{"SGL":180,"PGC_REGION":5}},{"type":"Feature","geometry":{"type":"Point","coordinates":[-76.1967,41.96794]},"properties":{"SGL":219,"PGC_REGION":5}},{"type":"Feature","geometry":{"type":"Point","coordinates":[-76.20769,41.96898]},"properties":{"SGL":219,"PGC_REGION":5}},{"type":"Feature","geometry":{"type":"Point","coordinates":[-76.2114,41.96977]},"properties":{"SGL":219,"PGC_REGION":5}},{"type":"Feature","geometry":{"type":"Point","coordinates":[-76.2134,41.97014]},"properties":{"SGL":219,"PGC_REGION":5}},{"type":"Feature","geometry":{"type":"Point","coordinates":[-76.21612,41.97028]},"properties":{"SGL":219,"PGC_REGION":5}},{"type":"Feature","geometry":{"type":"Point","coordinates":[-76.22289,41.9703]},"properties":{"SGL":219,"PGC_REGION":5}},{"type":"Feature","geometry":{"type":"Point","coordinates":[-76.22357,41.96999]},"properties":{"SGL":219,"PGC_REGION":5}},{"type":"Feature","geometry":{"type":"Point","coordinates":[-76.19708,41.96021]},"properties":{"SGL":219,"PGC_REGION":5}},{"type":"Feature","geometry":{"type":"Point","coordinates":[-76.19685,41.97283]},"properties":{"SGL":219,"PGC_REGION":5}},{"type":"Feature","geometry":{"type":"Point","coordinates":[-76.19708,41.97991]},"properties":{"SGL":219,"PGC_REGION":5}},{"type":"Feature","geometry":{"type":"Point","coordinates":[-76.20057,41.97959]},"properties":{"SGL":219,"PGC_REGION":5}},{"type":"Feature","geometry":{"type":"Point","coordinates":[-76.20912,41.98001]},"properties":{"SGL":219,"PGC_REGION":5}},{"type":"Feature","geometry":{"type":"Point","coordinates":[-76.56841,41.13214]},"properties":{"SGL":226,"PGC_REGION":5}},{"type":"Feature","geometry":{"type":"Point","coordinates":[-76.57478,41.13665]},"properties":{"SGL":226,"PGC_REGION":5}},{"type":"Feature","geometry":{"type":"Point","coordinates":[-76.59626,41.14715]},"properties":{"SGL":226,"PGC_REGION":5}},{"type":"Feature","geometry":{"type":"Point","coordinates":[-76.60016,41.14488]},"properties":{"SGL":226,"PGC_REGION":5}},{"type":"Feature","geometry":{"type":"Point","coordinates":[-76.59757,41.13926]},"properties":{"SGL":226,"PGC_REGION":5}},{"type":"Feature","geometry":{"type":"Point","coordinates":[-76.59548,41.13759]},"properties":{"SGL":226,"PGC_REGION":5}},{"type":"Feature","geometry":{"type":"Point","coordinates":[-76.14502,41.13144]},"properties":{"SGL":260,"PGC_REGION":5}},{"type":"Feature","geometry":{"type":"Point","coordinates":[-76.66105,41.79523]},"properties":{"SGL":289,"PGC_REGION":5}},{"type":"Feature","geometry":{"type":"Point","coordinates":[-76.65244,41.79441]},"properties":{"SGL":289,"PGC_REGION":5}},{"type":"Feature","geometry":{"type":"Point","coordinates":[-76.64969,41.79446]},"properties":{"SGL":289,"PGC_REGION":5}},{"type":"Feature","geometry":{"type":"Point","coordinates":[-76.64649,41.79052]},"properties":{"SGL":289,"PGC_REGION":5}},{"type":"Feature","geometry":{"type":"Point","coordinates":[-76.64232,41.78711]},"properties":{"SGL":289,"PGC_REGION":5}},{"type":"Feature","geometry":{"type":"Point","coordinates":[-76.63866,41.78344]},"properties":{"SGL":289,"PGC_REGION":5}},{"type":"Feature","geometry":{"type":"Point","coordinates":[-76.63733,41.78152]},"properties":{"SGL":289,"PGC_REGION":5}},{"type":"Feature","geometry":{"type":"Point","coordinates":[-76.63606,41.78008]},"properties":{"SGL":289,"PGC_REGION":5}},{"type":"Feature","geometry":{"type":"Point","coordinates":[-76.62288,41.78726]},"properties":{"SGL":289,"PGC_REGION":5}},{"type":"Feature","geometry":{"type":"Point","coordinates":[-75.83521,41.21333]},"properties":{"SGL":292,"PGC_REGION":5}},{"type":"Feature","geometry":{"type":"Point","coordinates":[-75.83384,41.20408]},"properties":{"SGL":292,"PGC_REGION":5}},{"type":"Feature","geometry":{"type":"Point","coordinates":[-79.45055,40.91447]},"properties":{"SGL":287,"PGC_REGION":2}},{"type":"Feature","geometry":{"type":"Point","coordinates":[-79.43719,40.91036]},"properties":{"SGL":287,"PGC_REGION":2}},{"type":"Feature","geometry":{"type":"Point","coordinates":[-77.49246,40.99109]},"properties":{"SGL":295,"PGC_REGION":3}},{"type":"Feature","geometry":{"type":"Point","coordinates":[-77.48645,40.98547]},"properties":{"SGL":295,"PGC_REGION":3}},{"type":"Feature","geometry":{"type":"Point","coordinates":[-77.39386,41.03002]},"properties":{"SGL":295,"PGC_REGION":3}},{"type":"Feature","geometry":{"type":"Point","coordinates":[-78.76412,40.09733]},"properties":{"SGL":228,"PGC_REGION":2}},{"type":"Feature","geometry":{"type":"Point","coordinates":[-78.75712,40.09592]},"properties":{"SGL":228,"PGC_REGION":2}},{"type":"Feature","geometry":{"type":"Point","coordinates":[-78.74583,40.0921]},"properties":{"SGL":228,"PGC_REGION":2}},{"type":"Feature","geometry":{"type":"Point","coordinates":[-78.35087,41.44373]},"properties":{"SGL":14,"PGC_REGION":3}},{"type":"Feature","geometry":{"type":"Point","coordinates":[-78.34498,41.45676]},"properties":{"SGL":14,"PGC_REGION":3}},{"type":"Feature","geometry":{"type":"Point","coordinates":[-78.33352,41.44106]},"properties":{"SGL":14,"PGC_REGION":3}},{"type":"Feature","geometry":{"type":"Point","coordinates":[-78.32856,41.43943]},"properties":{"SGL":14,"PGC_REGION":3}},{"type":"Feature","geometry":{"type":"Point","coordinates":[-78.39137,41.47095]},"properties":{"SGL":14,"PGC_REGION":3}},{"type":"Feature","geometry":{"type":"Point","coordinates":[-76.52183,40.2379]},"properties":{"SGL":145,"PGC_REGION":6}},{"type":"Feature","geometry":{"type":"Point","coordinates":[-76.50565,40.22536]},"properties":{"SGL":145,"PGC_REGION":6}},{"type":"Feature","geometry":{"type":"Point","coordinates":[-76.5234,40.21815]},"properties":{"SGL":145,"PGC_REGION":6}},{"type":"Feature","geometry":{"type":"Point","coordinates":[-76.50813,40.23511]},"properties":{"SGL":145,"PGC_REGION":6}},{"type":"Feature","geometry":{"type":"Point","coordinates":[-76.50392,40.22968]},"properties":{"SGL":145,"PGC_REGION":6}},{"type":"Feature","geometry":{"type":"Point","coordinates":[-76.48899,40.2415]},"properties":{"SGL":145,"PGC_REGION":6}},{"type":"Feature","geometry":{"type":"Point","coordinates":[-76.48791,40.23775]},"properties":{"SGL":145,"PGC_REGION":6}},{"type":"Feature","geometry":{"type":"Point","coordinates":[-76.49255,40.2433]},"properties":{"SGL":145,"PGC_REGION":6}},{"type":"Feature","geometry":{"type":"Point","coordinates":[-76.46387,40.24429]},"properties":{"SGL":145,"PGC_REGION":6}},{"type":"Feature","geometry":{"type":"Point","coordinates":[-76.48136,40.23868]},"properties":{"SGL":145,"PGC_REGION":6}},{"type":"Feature","geometry":{"type":"Point","coordinates":[-76.46081,40.23598]},"properties":{"SGL":145,"PGC_REGION":6}},{"type":"Feature","geometry":{"type":"Point","coordinates":[-79.1907,40.4242]},"properties":{"SGL":153,"PGC_REGION":2}},{"type":"Feature","geometry":{"type":"Point","coordinates":[-79.13867,40.42543]},"properties":{"SGL":153,"PGC_REGION":2}},{"type":"Feature","geometry":{"type":"Point","coordinates":[-79.16079,40.39235]},"properties":{"SGL":153,"PGC_REGION":2}},{"type":"Feature","geometry":{"type":"Point","coordinates":[-79.20044,40.42502]},"properties":{"SGL":153,"PGC_REGION":2}},{"type":"Feature","geometry":{"type":"Point","coordinates":[-76.37994,39.84051]},"properties":{"SGL":181,"PGC_REGION":4}},{"type":"Feature","geometry":{"type":"Point","coordinates":[-76.21686,40.2913]},"properties":{"SGL":46,"PGC_REGION":6}},{"type":"Feature","geometry":{"type":"Point","coordinates":[-76.21436,40.27049]},"properties":{"SGL":46,"PGC_REGION":6}},{"type":"Feature","geometry":{"type":"Point","coordinates":[-76.28943,40.25857]},"properties":{"SGL":46,"PGC_REGION":6}},{"type":"Feature","geometry":{"type":"Point","coordinates":[-76.29889,40.23898]},"properties":{"SGL":46,"PGC_REGION":6}},{"type":"Feature","geometry":{"type":"Point","coordinates":[-76.24251,40.29608]},"properties":{"SGL":46,"PGC_REGION":6}},{"type":"Feature","geometry":{"type":"Point","coordinates":[-78.91359,39.78998]},"properties":{"SGL":82,"PGC_REGION":2}},{"type":"Feature","geometry":{"type":"Point","coordinates":[-75.96102,40.66845]},"properties":{"SGL":106,"PGC_REGION":6}},{"type":"Feature","geometry":{"type":"Point","coordinates":[-75.9205,40.68132]},"properties":{"SGL":106,"PGC_REGION":6}},{"type":"Feature","geometry":{"type":"Point","coordinates":[-75.95344,40.62556]},"properties":{"SGL":106,"PGC_REGION":6}},{"type":"Feature","geometry":{"type":"Point","coordinates":[-75.95114,40.62568]},"properties":{"SGL":106,"PGC_REGION":6}},{"type":"Feature","geometry":{"type":"Point","coordinates":[-76.01036,40.62546]},"properties":{"SGL":106,"PGC_REGION":6}},{"type":"Feature","geometry":{"type":"Point","coordinates":[-78.25792,40.98463]},"properties":{"SGL":78,"PGC_REGION":3}},{"type":"Feature","geometry":{"type":"Point","coordinates":[-79.07089,40.60901]},"properties":{"SGL":248,"PGC_REGION":2}},{"type":"Feature","geometry":{"type":"Point","coordinates":[-76.95214,40.09204]},"properties":{"SGL":242,"PGC_REGION":4}},{"type":"Feature","geometry":{"type":"Point","coordinates":[-79.05538,40.36261]},"properties":{"SGL":42,"PGC_REGION":2}},{"type":"Feature","geometry":{"type":"Point","coordinates":[-79.05447,40.36095]},"properties":{"SGL":42,"PGC_REGION":2}},{"type":"Feature","geometry":{"type":"Point","coordinates":[-79.0543,40.35921]},"properties":{"SGL":42,"PGC_REGION":2}},{"type":"Feature","geometry":{"type":"Point","coordinates":[-79.05359,40.35935]},"properties":{"SGL":42,"PGC_REGION":2}},{"type":"Feature","geometry":{"type":"Point","coordinates":[-79.05921,40.35144]},"properties":{"SGL":42,"PGC_REGION":2}},{"type":"Feature","geometry":{"type":"Point","coordinates":[-79.07013,40.22122]},"properties":{"SGL":42,"PGC_REGION":2}},{"type":"Feature","geometry":{"type":"Point","coordinates":[-79.09049,40.21222]},"properties":{"SGL":42,"PGC_REGION":2}},{"type":"Feature","geometry":{"type":"Point","coordinates":[-79.10258,40.22394]},"properties":{"SGL":42,"PGC_REGION":2}},{"type":"Feature","geometry":{"type":"Point","coordinates":[-78.92094,40.83276]},"properties":{"SGL":262,"PGC_REGION":2}},{"type":"Feature","geometry":{"type":"Point","coordinates":[-78.8709,40.8303]},"properties":{"SGL":262,"PGC_REGION":2}},{"type":"Feature","geometry":{"type":"Point","coordinates":[-76.96345,41.13826]},"properties":{"SGL":252,"PGC_REGION":3}},{"type":"Feature","geometry":{"type":"Point","coordinates":[-76.96819,41.14099]},"properties":{"SGL":252,"PGC_REGION":3}},{"type":"Feature","geometry":{"type":"Point","coordinates":[-76.97357,41.13503]},"properties":{"SGL":252,"PGC_REGION":3}},{"type":"Feature","geometry":{"type":"Point","coordinates":[-76.97163,41.13034]},"properties":{"SGL":252,"PGC_REGION":3}},{"type":"Feature","geometry":{"type":"Point","coordinates":[-76.9731,41.12847]},"properties":{"SGL":252,"PGC_REGION":3}},{"type":"Feature","geometry":{"type":"Point","coordinates":[-76.35256,40.64302]},"properties":{"SGL":229,"PGC_REGION":6}},{"type":"Feature","geometry":{"type":"Point","coordinates":[-76.35622,40.64118]},"properties":{"SGL":229,"PGC_REGION":6}},{"type":"Feature","geometry":{"type":"Point","coordinates":[-76.4331,40.5844]},"properties":{"SGL":229,"PGC_REGION":6}},{"type":"Feature","geometry":{"type":"Point","coordinates":[-78.49142,40.57066]},"properties":{"SGL":184,"PGC_REGION":2}},{"type":"Feature","geometry":{"type":"Point","coordinates":[-78.46283,40.58736]},"properties":{"SGL":184,"PGC_REGION":2}},{"type":"Feature","geometry":{"type":"Point","coordinates":[-78.45959,40.58603]},"properties":{"SGL":184,"PGC_REGION":2}},{"type":"Feature","geometry":{"type":"Point","coordinates":[-78.52316,40.58037]},"properties":{"SGL":184,"PGC_REGION":2}},{"type":"Feature","geometry":{"type":"Point","coordinates":[-77.44332,41.47963]},"properties":{"SGL":68,"PGC_REGION":3}},{"type":"Feature","geometry":{"type":"Point","coordinates":[-78.2978,41.81778]},"properties":{"SGL":61,"PGC_REGION":3}},{"type":"Feature","geometry":{"type":"Point","coordinates":[-78.36627,41.80794]},"properties":{"SGL":61,"PGC_REGION":3}},{"type":"Feature","geometry":{"type":"Point","coordinates":[-78.30678,41.80443]},"properties":{"SGL":61,"PGC_REGION":3}},{"type":"Feature","geometry":{"type":"Point","coordinates":[-78.3199,41.78816]},"properties":{"SGL":61,"PGC_REGION":3}},{"type":"Feature","geometry":{"type":"Point","coordinates":[-75.13909,40.55916]},"properties":{"SGL":56,"PGC_REGION":6}},{"type":"Feature","geometry":{"type":"Point","coordinates":[-78.59549,40.72611]},"properties":{"SGL":120,"PGC_REGION":2}},{"type":"Feature","geometry":{"type":"Point","coordinates":[-78.59185,40.73886]},"properties":{"SGL":120,"PGC_REGION":2}},{"type":"Feature","geometry":{"type":"Point","coordinates":[-78.59597,40.75121]},"properties":{"SGL":120,"PGC_REGION":2}},{"type":"Feature","geometry":{"type":"Point","coordinates":[-78.62337,40.73435]},"properties":{"SGL":120,"PGC_REGION":2}},{"type":"Feature","geometry":{"type":"Point","coordinates":[-78.62555,40.73134]},"properties":{"SGL":120,"PGC_REGION":2}},{"type":"Feature","geometry":{"type":"Point","coordinates":[-79.6447,40.97878]},"properties":{"SGL":105,"PGC_REGION":2}},{"type":"Feature","geometry":{"type":"Point","coordinates":[-79.6206,40.96136]},"properties":{"SGL":105,"PGC_REGION":2}},{"type":"Feature","geometry":{"type":"Point","coordinates":[-79.59155,40.95674]},"properties":{"SGL":105,"PGC_REGION":2}},{"type":"Feature","geometry":{"type":"Point","coordinates":[-75.95756,40.18131]},"properties":{"SGL":52,"PGC_REGION":6}},{"type":"Feature","geometry":{"type":"Point","coordinates":[-75.92176,40.20126]},"properties":{"SGL":52,"PGC_REGION":6}},{"type":"Feature","geometry":{"type":"Point","coordinates":[-76.6309,41.63587]},"properties":{"SGL":12,"PGC_REGION":5}},{"type":"Feature","geometry":{"type":"Point","coordinates":[-76.79203,41.59336]},"properties":{"SGL":12,"PGC_REGION":5}},{"type":"Feature","geometry":{"type":"Point","coordinates":[-76.7914,41.59342]},"properties":{"SGL":12,"PGC_REGION":5}},{"type":"Feature","geometry":{"type":"Point","coordinates":[-76.78529,41.59141]},"properties":{"SGL":12,"PGC_REGION":5}},{"type":"Feature","geometry":{"type":"Point","coordinates":[-76.78116,41.59407]},"properties":{"SGL":12,"PGC_REGION":5}},{"type":"Feature","geometry":{"type":"Point","coordinates":[-76.66603,41.588]},"properties":{"SGL":12,"PGC_REGION":5}},{"type":"Feature","geometry":{"type":"Point","coordinates":[-75.70697,41.95511]},"properties":{"SGL":35,"PGC_REGION":5}},{"type":"Feature","geometry":{"type":"Point","coordinates":[-75.64135,41.91261]},"properties":{"SGL":35,"PGC_REGION":5}},{"type":"Feature","geometry":{"type":"Point","coordinates":[-76.62566,41.62911]},"properties":{"SGL":36,"PGC_REGION":5}},{"type":"Feature","geometry":{"type":"Point","coordinates":[-76.6242,41.63302]},"properties":{"SGL":36,"PGC_REGION":5}},{"type":"Feature","geometry":{"type":"Point","coordinates":[-76.62398,41.62959]},"properties":{"SGL":36,"PGC_REGION":5}},{"type":"Feature","geometry":{"type":"Point","coordinates":[-76.54091,41.67011]},"properties":{"SGL":36,"PGC_REGION":5}},{"type":"Feature","geometry":{"type":"Point","coordinates":[-76.6284,41.62221]},"properties":{"SGL":36,"PGC_REGION":5}},{"type":"Feature","geometry":{"type":"Point","coordinates":[-76.63034,41.61942]},"properties":{"SGL":36,"PGC_REGION":5}},{"type":"Feature","geometry":{"type":"Point","coordinates":[-76.60988,41.63418]},"properties":{"SGL":36,"PGC_REGION":5}},{"type":"Feature","geometry":{"type":"Point","coordinates":[-76.62547,41.62908]},"properties":{"SGL":36,"PGC_REGION":5}},{"type":"Feature","geometry":{"type":"Point","coordinates":[-76.6237,41.62951]},"properties":{"SGL":36,"PGC_REGION":5}},{"type":"Feature","geometry":{"type":"Point","coordinates":[-75.69728,41.09949]},"properties":{"SGL":40,"PGC_REGION":5}},{"type":"Feature","geometry":{"type":"Point","coordinates":[-75.68638,41.08805]},"properties":{"SGL":40,"PGC_REGION":5}},{"type":"Feature","geometry":{"type":"Point","coordinates":[-75.68314,41.09805]},"properties":{"SGL":40,"PGC_REGION":5}},{"type":"Feature","geometry":{"type":"Point","coordinates":[-75.68516,41.09401]},"properties":{"SGL":40,"PGC_REGION":5}},{"type":"Feature","geometry":{"type":"Point","coordinates":[-75.67162,41.08594]},"properties":{"SGL":40,"PGC_REGION":5}},{"type":"Feature","geometry":{"type":"Point","coordinates":[-76.28663,41.11563]},"properties":{"SGL":55,"PGC_REGION":5}},{"type":"Feature","geometry":{"type":"Point","coordinates":[-76.45279,40.74363]},"properties":{"SGL":84,"PGC_REGION":5}},{"type":"Feature","geometry":{"type":"Point","coordinates":[-76.45288,40.7436]},"properties":{"SGL":84,"PGC_REGION":5}},{"type":"Feature","geometry":{"type":"Point","coordinates":[-76.55617,40.73588]},"properties":{"SGL":84,"PGC_REGION":5}},{"type":"Feature","geometry":{"type":"Point","coordinates":[-76.56022,40.73546]},"properties":{"SGL":84,"PGC_REGION":5}},{"type":"Feature","geometry":{"type":"Point","coordinates":[-75.6703,41.29682]},"properties":{"SGL":91,"PGC_REGION":5}},{"type":"Feature","geometry":{"type":"Point","coordinates":[-75.66159,41.28841]},"properties":{"SGL":91,"PGC_REGION":5}},{"type":"Feature","geometry":{"type":"Point","coordinates":[-75.69147,41.25954]},"properties":{"SGL":91,"PGC_REGION":5}},{"type":"Feature","geometry":{"type":"Point","coordinates":[-75.70977,41.24356]},"properties":{"SGL":91,"PGC_REGION":5}},{"type":"Feature","geometry":{"type":"Point","coordinates":[-75.6893,41.23144]},"properties":{"SGL":91,"PGC_REGION":5}},{"type":"Feature","geometry":{"type":"Point","coordinates":[-75.6882,41.22113]},"properties":{"SGL":91,"PGC_REGION":5}},{"type":"Feature","geometry":{"type":"Point","coordinates":[-76.7886,41.91256]},"properties":{"SGL":123,"PGC_REGION":5}},{"type":"Feature","geometry":{"type":"Point","coordinates":[-76.7732,41.9079]},"properties":{"SGL":123,"PGC_REGION":5}},{"type":"Feature","geometry":{"type":"Point","coordinates":[-76.74773,41.91055]},"properties":{"SGL":123,"PGC_REGION":5}},{"type":"Feature","geometry":{"type":"Point","coordinates":[-75.51418,41.122]},"properties":{"SGL":127,"PGC_REGION":5}},{"type":"Feature","geometry":{"type":"Point","coordinates":[-75.50176,41.22787]},"properties":{"SGL":127,"PGC_REGION":5}},{"type":"Feature","geometry":{"type":"Point","coordinates":[-75.47518,41.13196]},"properties":{"SGL":127,"PGC_REGION":5}},{"type":"Feature","geometry":{"type":"Point","coordinates":[-75.44368,41.16746]},"properties":{"SGL":127,"PGC_REGION":5}},{"type":"Feature","geometry":{"type":"Point","coordinates":[-75.43972,41.16806]},"properties":{"SGL":127,"PGC_REGION":5}},{"type":"Feature","geometry":{"type":"Point","coordinates":[-75.43465,41.16877]},"properties":{"SGL":127,"PGC_REGION":5}},{"type":"Feature","geometry":{"type":"Point","coordinates":[-75.45497,41.16264]},"properties":{"SGL":127,"PGC_REGION":5}},{"type":"Feature","geometry":{"type":"Point","coordinates":[-75.52207,41.2216]},"properties":{"SGL":127,"PGC_REGION":5}},{"type":"Feature","geometry":{"type":"Point","coordinates":[-75.52372,41.22199]},"properties":{"SGL":127,"PGC_REGION":5}},{"type":"Feature","geometry":{"type":"Point","coordinates":[-75.83541,40.89358]},"properties":{"SGL":141,"PGC_REGION":5}},{"type":"Feature","geometry":{"type":"Point","coordinates":[-75.83778,40.89293]},"properties":{"SGL":141,"PGC_REGION":5}},{"type":"Feature","geometry":{"type":"Point","coordinates":[-75.85869,40.89087]},"properties":{"SGL":141,"PGC_REGION":5}},{"type":"Feature","geometry":{"type":"Point","coordinates":[-75.80595,40.89216]},"properties":{"SGL":141,"PGC_REGION":5}},{"type":"Feature","geometry":{"type":"Point","coordinates":[-75.81096,40.89597]},"properties":{"SGL":141,"PGC_REGION":5}},{"type":"Feature","geometry":{"type":"Point","coordinates":[-75.67241,40.94156]},"properties":{"SGL":141,"PGC_REGION":5}},{"type":"Feature","geometry":{"type":"Point","coordinates":[-75.6765,40.94303]},"properties":{"SGL":141,"PGC_REGION":5}},{"type":"Feature","geometry":{"type":"Point","coordinates":[-75.68264,40.94342]},"properties":{"SGL":141,"PGC_REGION":5}},{"type":"Feature","geometry":{"type":"Point","coordinates":[-75.68714,40.94469]},"properties":{"SGL":141,"PGC_REGION":5}},{"type":"Feature","geometry":{"type":"Point","coordinates":[-75.69893,40.94168]},"properties":{"SGL":141,"PGC_REGION":5}},{"type":"Feature","geometry":{"type":"Point","coordinates":[-75.28142,41.76286]},"properties":{"SGL":159,"PGC_REGION":5}},{"type":"Feature","geometry":{"type":"Point","coordinates":[-76.66674,40.78654]},"properties":{"SGL":165,"PGC_REGION":5}},{"type":"Feature","geometry":{"type":"Point","coordinates":[-76.62246,40.81084]},"properties":{"SGL":165,"PGC_REGION":5}},{"type":"Feature","geometry":{"type":"Point","coordinates":[-76.28146,41.61954]},"properties":{"SGL":172,"PGC_REGION":5}},{"type":"Feature","geometry":{"type":"Point","coordinates":[-76.2757,41.62558]},"properties":{"SGL":172,"PGC_REGION":5}},{"type":"Feature","geometry":{"type":"Point","coordinates":[-75.01094,41.39665]},"properties":{"SGL":180,"PGC_REGION":5}},{"type":"Feature","geometry":{"type":"Point","coordinates":[-75.00462,41.39878]},"properties":{"SGL":180,"PGC_REGION":5}},{"type":"Feature","geometry":{"type":"Point","coordinates":[-74.96914,41.39015]},"properties":{"SGL":180,"PGC_REGION":5}},{"type":"Feature","geometry":{"type":"Point","coordinates":[-74.97285,41.39134]},"properties":{"SGL":180,"PGC_REGION":5}},{"type":"Feature","geometry":{"type":"Point","coordinates":[-74.97409,41.38923]},"properties":{"SGL":180,"PGC_REGION":5}},{"type":"Feature","geometry":{"type":"Point","coordinates":[-76.18652,41.9893]},"properties":{"SGL":219,"PGC_REGION":5}},{"type":"Feature","geometry":{"type":"Point","coordinates":[-76.18619,41.98917]},"properties":{"SGL":219,"PGC_REGION":5}},{"type":"Feature","geometry":{"type":"Point","coordinates":[-76.18047,41.99393]},"properties":{"SGL":219,"PGC_REGION":5}},{"type":"Feature","geometry":{"type":"Point","coordinates":[-76.1793,41.99406]},"properties":{"SGL":219,"PGC_REGION":5}},{"type":"Feature","geometry":{"type":"Point","coordinates":[-76.17666,41.99416]},"properties":{"SGL":219,"PGC_REGION":5}},{"type":"Feature","geometry":{"type":"Point","coordinates":[-76.16915,41.9937]},"properties":{"SGL":219,"PGC_REGION":5}},{"type":"Feature","geometry":{"type":"Point","coordinates":[-76.18844,41.96644]},"properties":{"SGL":219,"PGC_REGION":5}},{"type":"Feature","geometry":{"type":"Point","coordinates":[-76.18151,41.97001]},"properties":{"SGL":219,"PGC_REGION":5}},{"type":"Feature","geometry":{"type":"Point","coordinates":[-76.19011,41.97718]},"properties":{"SGL":219,"PGC_REGION":5}},{"type":"Feature","geometry":{"type":"Point","coordinates":[-76.19342,41.97942]},"properties":{"SGL":219,"PGC_REGION":5}},{"type":"Feature","geometry":{"type":"Point","coordinates":[-76.14417,41.98286]},"properties":{"SGL":219,"PGC_REGION":5}},{"type":"Feature","geometry":{"type":"Point","coordinates":[-76.21284,41.94631]},"properties":{"SGL":219,"PGC_REGION":5}},{"type":"Feature","geometry":{"type":"Point","coordinates":[-75.54226,41.7662]},"properties":{"SGL":236,"PGC_REGION":5}},{"type":"Feature","geometry":{"type":"Point","coordinates":[-75.5128,41.73692]},"properties":{"SGL":236,"PGC_REGION":5}},{"type":"Feature","geometry":{"type":"Point","coordinates":[-75.49372,41.73114]},"properties":{"SGL":236,"PGC_REGION":5}},{"type":"Feature","geometry":{"type":"Point","coordinates":[-76.27883,41.66808]},"properties":{"SGL":237,"PGC_REGION":5}},{"type":"Feature","geometry":{"type":"Point","coordinates":[-76.61872,41.90923]},"properties":{"SGL":239,"PGC_REGION":5}},{"type":"Feature","geometry":{"type":"Point","coordinates":[-75.56832,41.52437]},"properties":{"SGL":307,"PGC_REGION":5}},{"type":"Feature","geometry":{"type":"Point","coordinates":[-75.55632,41.53166]},"properties":{"SGL":307,"PGC_REGION":5}},{"type":"Feature","geometry":{"type":"Point","coordinates":[-75.41738,41.43421]},"properties":{"SGL":310,"PGC_REGION":5}},{"type":"Feature","geometry":{"type":"Point","coordinates":[-75.43795,41.44528]},"properties":{"SGL":310,"PGC_REGION":5}},{"type":"Feature","geometry":{"type":"Point","coordinates":[-75.41154,41.46482]},"properties":{"SGL":310,"PGC_REGION":5}},{"type":"Feature","geometry":{"type":"Point","coordinates":[-75.43377,41.43309]},"properties":{"SGL":310,"PGC_REGION":5}},{"type":"Feature","geometry":{"type":"Point","coordinates":[-75.4137,41.44481]},"properties":{"SGL":310,"PGC_REGION":5}},{"type":"Feature","geometry":{"type":"Point","coordinates":[-75.07675,41.5552]},"properties":{"SGL":316,"PGC_REGION":5}},{"type":"Feature","geometry":{"type":"Point","coordinates":[-75.06758,41.55511]},"properties":{"SGL":316,"PGC_REGION":5}},{"type":"Feature","geometry":{"type":"Point","coordinates":[-75.07786,41.55924]},"properties":{"SGL":316,"PGC_REGION":5}},{"type":"Feature","geometry":{"type":"Point","coordinates":[-76.74996,41.16505]},"properties":{"SGL":325,"PGC_REGION":5}},{"type":"Feature","geometry":{"type":"Point","coordinates":[-76.76383,41.16408]},"properties":{"SGL":325,"PGC_REGION":5}},{"type":"Feature","geometry":{"type":"Point","coordinates":[-76.76148,41.1628]},"properties":{"SGL":325,"PGC_REGION":5}},{"type":"Feature","geometry":{"type":"Point","coordinates":[-76.34891,40.23393]},"properties":{"SGL":156,"PGC_REGION":6}},{"type":"Feature","geometry":{"type":"Point","coordinates":[-76.35848,40.24324]},"properties":{"SGL":156,"PGC_REGION":6}},{"type":"Feature","geometry":{"type":"Point","coordinates":[-76.35754,40.24685]},"properties":{"SGL":156,"PGC_REGION":6}},{"type":"Feature","geometry":{"type":"Point","coordinates":[-76.33675,40.24201]},"properties":{"SGL":156,"PGC_REGION":6}},{"type":"Feature","geometry":{"type":"Point","coordinates":[-76.35649,40.2782]},"properties":{"SGL":156,"PGC_REGION":6}},{"type":"Feature","geometry":{"type":"Point","coordinates":[-79.02115,39.77415]},"properties":{"SGL":231,"PGC_REGION":2}},{"type":"Feature","geometry":{"type":"Point","coordinates":[-80.14445,40.0884]},"properties":{"SGL":297,"PGC_REGION":2}},{"type":"Feature","geometry":{"type":"Point","coordinates":[-80.14169,40.09049]},"properties":{"SGL":297,"PGC_REGION":2}},{"type":"Feature","geometry":{"type":"Point","coordinates":[-80.1329,40.09151]},"properties":{"SGL":297,"PGC_REGION":2}},{"type":"Feature","geometry":{"type":"Point","coordinates":[-80.13067,40.08818]},"properties":{"SGL":297,"PGC_REGION":2}},{"type":"Feature","geometry":{"type":"Point","coordinates":[-76.2513,40.28196]},"properties":{"SGL":46,"PGC_REGION":6}},{"type":"Feature","geometry":{"type":"Point","coordinates":[-76.25932,40.27281]},"properties":{"SGL":46,"PGC_REGION":6}},{"type":"Feature","geometry":{"type":"Point","coordinates":[-76.25802,40.27073]},"properties":{"SGL":46,"PGC_REGION":6}},{"type":"Feature","geometry":{"type":"Point","coordinates":[-76.25511,40.26684]},"properties":{"SGL":46,"PGC_REGION":6}},{"type":"Feature","geometry":{"type":"Point","coordinates":[-76.24825,40.26813]},"properties":{"SGL":46,"PGC_REGION":6}},{"type":"Feature","geometry":{"type":"Point","coordinates":[-80.40258,39.83299]},"properties":{"SGL":179,"PGC_REGION":2}},{"type":"Feature","geometry":{"type":"Point","coordinates":[-80.38866,39.82643]},"properties":{"SGL":179,"PGC_REGION":2}},{"type":"Feature","geometry":{"type":"Point","coordinates":[-80.34892,39.78698]},"properties":{"SGL":179,"PGC_REGION":2}},{"type":"Feature","geometry":{"type":"Point","coordinates":[-80.3638,39.78004]},"properties":{"SGL":179,"PGC_REGION":2}},{"type":"Feature","geometry":{"type":"Point","coordinates":[-80.35392,39.76475]},"properties":{"SGL":179,"PGC_REGION":2}},{"type":"Feature","geometry":{"type":"Point","coordinates":[-79.12657,40.56856]},"properties":{"SGL":273,"PGC_REGION":2}},{"type":"Feature","geometry":{"type":"Point","coordinates":[-78.35015,40.93482]},"properties":{"SGL":98,"PGC_REGION":3}},{"type":"Feature","geometry":{"type":"Point","coordinates":[-78.35184,40.93346]},"properties":{"SGL":98,"PGC_REGION":3}},{"type":"Feature","geometry":{"type":"Point","coordinates":[-78.35404,40.93381]},"properties":{"SGL":98,"PGC_REGION":3}},{"type":"Feature","geometry":{"type":"Point","coordinates":[-78.35735,40.92896]},"properties":{"SGL":98,"PGC_REGION":3}},{"type":"Feature","geometry":{"type":"Point","coordinates":[-78.01621,41.18503]},"properties":{"SGL":321,"PGC_REGION":3}},{"type":"Feature","geometry":{"type":"Point","coordinates":[-77.98558,41.19289]},"properties":{"SGL":321,"PGC_REGION":3}},{"type":"Feature","geometry":{"type":"Point","coordinates":[-77.99562,41.19146]},"properties":{"SGL":321,"PGC_REGION":3}},{"type":"Feature","geometry":{"type":"Point","coordinates":[-77.97926,41.18952]},"properties":{"SGL":321,"PGC_REGION":3}},{"type":"Feature","geometry":{"type":"Point","coordinates":[-76.02,40.83211]},"properties":{"SGL":227,"PGC_REGION":6}},{"type":"Feature","geometry":{"type":"Point","coordinates":[-76.00474,40.81011]},"properties":{"SGL":227,"PGC_REGION":6}},{"type":"Feature","geometry":{"type":"Point","coordinates":[-75.99679,40.8099]},"properties":{"SGL":227,"PGC_REGION":6}},{"type":"Feature","geometry":{"type":"Point","coordinates":[-80.49635,40.8311]},"properties":{"SGL":285,"PGC_REGION":2}},{"type":"Feature","geometry":{"type":"Point","coordinates":[-80.4964,40.83096]},"properties":{"SGL":285,"PGC_REGION":2}},{"type":"Feature","geometry":{"type":"Point","coordinates":[-75.11793,40.52854]},"properties":{"SGL":56,"PGC_REGION":6}},{"type":"Feature","geometry":{"type":"Point","coordinates":[-75.15394,40.51579]},"properties":{"SGL":56,"PGC_REGION":6}},{"type":"Feature","geometry":{"type":"Point","coordinates":[-75.15188,40.54063]},"properties":{"SGL":56,"PGC_REGION":6}},{"type":"Feature","geometry":{"type":"Point","coordinates":[-75.09985,40.5252]},"properties":{"SGL":56,"PGC_REGION":6}},{"type":"Feature","geometry":{"type":"Point","coordinates":[-75.10618,40.52189]},"properties":{"SGL":56,"PGC_REGION":6}},{"type":"Feature","geometry":{"type":"Point","coordinates":[-75.11388,40.51094]},"properties":{"SGL":56,"PGC_REGION":6}},{"type":"Feature","geometry":{"type":"Point","coordinates":[-75.15751,40.54038]},"properties":{"SGL":56,"PGC_REGION":6}},{"type":"Feature","geometry":{"type":"Point","coordinates":[-79.58778,39.86997]},"properties":{"SGL":51,"PGC_REGION":2}},{"type":"Feature","geometry":{"type":"Point","coordinates":[-79.58953,39.86672]},"properties":{"SGL":51,"PGC_REGION":2}},{"type":"Feature","geometry":{"type":"Point","coordinates":[-79.57527,39.88387]},"properties":{"SGL":51,"PGC_REGION":2}},{"type":"Feature","geometry":{"type":"Point","coordinates":[-76.69912,41.64742]},"properties":{"SGL":12,"PGC_REGION":5}},{"type":"Feature","geometry":{"type":"Point","coordinates":[-76.69729,41.5732]},"properties":{"SGL":12,"PGC_REGION":5}},{"type":"Feature","geometry":{"type":"Point","coordinates":[-76.68452,41.573]},"properties":{"SGL":12,"PGC_REGION":5}},{"type":"Feature","geometry":{"type":"Point","coordinates":[-76.67292,41.57908]},"properties":{"SGL":12,"PGC_REGION":5}},{"type":"Feature","geometry":{"type":"Point","coordinates":[-76.67476,41.5653]},"properties":{"SGL":12,"PGC_REGION":5}},{"type":"Feature","geometry":{"type":"Point","coordinates":[-75.71912,41.91063]},"properties":{"SGL":35,"PGC_REGION":5}},{"type":"Feature","geometry":{"type":"Point","coordinates":[-75.70554,41.9547]},"properties":{"SGL":35,"PGC_REGION":5}},{"type":"Feature","geometry":{"type":"Point","coordinates":[-75.70974,41.91759]},"properties":{"SGL":35,"PGC_REGION":5}},{"type":"Feature","geometry":{"type":"Point","coordinates":[-75.71253,41.92531]},"properties":{"SGL":35,"PGC_REGION":5}},{"type":"Feature","geometry":{"type":"Point","coordinates":[-75.70716,41.94024]},"properties":{"SGL":35,"PGC_REGION":5}},{"type":"Feature","geometry":{"type":"Point","coordinates":[-75.71337,41.9278]},"properties":{"SGL":35,"PGC_REGION":5}},{"type":"Feature","geometry":{"type":"Point","coordinates":[-76.5668,41.65128]},"properties":{"SGL":36,"PGC_REGION":5}},{"type":"Feature","geometry":{"type":"Point","coordinates":[-76.58851,41.60294]},"properties":{"SGL":36,"PGC_REGION":5}},{"type":"Feature","geometry":{"type":"Point","coordinates":[-76.59229,41.59838]},"properties":{"SGL":36,"PGC_REGION":5}},{"type":"Feature","geometry":{"type":"Point","coordinates":[-76.58398,41.60613]},"properties":{"SGL":36,"PGC_REGION":5}},{"type":"Feature","geometry":{"type":"Point","coordinates":[-76.53753,41.62003]},"properties":{"SGL":36,"PGC_REGION":5}},{"type":"Feature","geometry":{"type":"Point","coordinates":[-76.29904,41.49408]},"properties":{"SGL":66,"PGC_REGION":5}},{"type":"Feature","geometry":{"type":"Point","coordinates":[-76.25967,41.47271]},"properties":{"SGL":66,"PGC_REGION":5}},{"type":"Feature","geometry":{"type":"Point","coordinates":[-76.28329,41.4519]},"properties":{"SGL":66,"PGC_REGION":5}},{"type":"Feature","geometry":{"type":"Point","coordinates":[-76.2499,41.45271]},"properties":{"SGL":66,"PGC_REGION":5}},{"type":"Feature","geometry":{"type":"Point","coordinates":[-76.28694,41.49015]},"properties":{"SGL":66,"PGC_REGION":5}},{"type":"Feature","geometry":{"type":"Point","coordinates":[-74.99077,41.44904]},"properties":{"SGL":116,"PGC_REGION":5}},{"type":"Feature","geometry":{"type":"Point","coordinates":[-74.97128,41.42522]},"properties":{"SGL":116,"PGC_REGION":5}},{"type":"Feature","geometry":{"type":"Point","coordinates":[-74.94965,41.43775]},"properties":{"SGL":116,"PGC_REGION":5}},{"type":"Feature","geometry":{"type":"Point","coordinates":[-75.7335,41.12808]},"properties":{"SGL":119,"PGC_REGION":5}},{"type":"Feature","geometry":{"type":"Point","coordinates":[-75.78297,41.13317]},"properties":{"SGL":119,"PGC_REGION":5}},{"type":"Feature","geometry":{"type":"Point","coordinates":[-76.07319,41.93906]},"properties":{"SGL":140,"PGC_REGION":5}},{"type":"Feature","geometry":{"type":"Point","coordinates":[-76.10346,41.91361]},"properties":{"SGL":140,"PGC_REGION":5}},{"type":"Feature","geometry":{"type":"Point","coordinates":[-76.10393,41.91136]},"properties":{"SGL":140,"PGC_REGION":5}},{"type":"Feature","geometry":{"type":"Point","coordinates":[-76.10684,41.90644]},"properties":{"SGL":140,"PGC_REGION":5}},{"type":"Feature","geometry":{"type":"Point","coordinates":[-76.08724,41.9428]},"properties":{"SGL":140,"PGC_REGION":5}},{"type":"Feature","geometry":{"type":"Point","coordinates":[-76.10692,41.9043]},"properties":{"SGL":140,"PGC_REGION":5}},{"type":"Feature","geometry":{"type":"Point","coordinates":[-75.292,41.68283]},"properties":{"SGL":159,"PGC_REGION":5}},{"type":"Feature","geometry":{"type":"Point","coordinates":[-75.27528,41.70346]},"properties":{"SGL":159,"PGC_REGION":5}},{"type":"Feature","geometry":{"type":"Point","coordinates":[-75.27344,41.70612]},"properties":{"SGL":159,"PGC_REGION":5}},{"type":"Feature","geometry":{"type":"Point","coordinates":[-75.2678,41.71871]},"properties":{"SGL":159,"PGC_REGION":5}},{"type":"Feature","geometry":{"type":"Point","coordinates":[-75.25933,41.72538]},"properties":{"SGL":159,"PGC_REGION":5}},{"type":"Feature","geometry":{"type":"Point","coordinates":[-75.15065,41.4353]},"properties":{"SGL":183,"PGC_REGION":5}},{"type":"Feature","geometry":{"type":"Point","coordinates":[-75.15375,41.43625]},"properties":{"SGL":183,"PGC_REGION":5}},{"type":"Feature","geometry":{"type":"Point","coordinates":[-75.13867,41.42191]},"properties":{"SGL":183,"PGC_REGION":5}},{"type":"Feature","geometry":{"type":"Point","coordinates":[-75.14336,41.44089]},"properties":{"SGL":183,"PGC_REGION":5}},{"type":"Feature","geometry":{"type":"Point","coordinates":[-75.15024,41.44024]},"properties":{"SGL":183,"PGC_REGION":5}},{"type":"Feature","geometry":{"type":"Point","coordinates":[-75.134,41.44468]},"properties":{"SGL":183,"PGC_REGION":5}},{"type":"Feature","geometry":{"type":"Point","coordinates":[-76.21556,41.98049]},"properties":{"SGL":219,"PGC_REGION":5}},{"type":"Feature","geometry":{"type":"Point","coordinates":[-76.21665,41.98106]},"properties":{"SGL":219,"PGC_REGION":5}},{"type":"Feature","geometry":{"type":"Point","coordinates":[-76.22836,41.97976]},"properties":{"SGL":219,"PGC_REGION":5}},{"type":"Feature","geometry":{"type":"Point","coordinates":[-76.19694,41.98085]},"properties":{"SGL":219,"PGC_REGION":5}},{"type":"Feature","geometry":{"type":"Point","coordinates":[-76.19705,41.98389]},"properties":{"SGL":219,"PGC_REGION":5}},{"type":"Feature","geometry":{"type":"Point","coordinates":[-76.1972,41.98823]},"properties":{"SGL":219,"PGC_REGION":5}},{"type":"Feature","geometry":{"type":"Point","coordinates":[-76.57941,41.11107]},"properties":{"SGL":226,"PGC_REGION":5}},{"type":"Feature","geometry":{"type":"Point","coordinates":[-76.56928,41.15047]},"properties":{"SGL":226,"PGC_REGION":5}},{"type":"Feature","geometry":{"type":"Point","coordinates":[-75.53821,41.81227]},"properties":{"SGL":236,"PGC_REGION":5}},{"type":"Feature","geometry":{"type":"Point","coordinates":[-75.52541,41.81201]},"properties":{"SGL":236,"PGC_REGION":5}},{"type":"Feature","geometry":{"type":"Point","coordinates":[-75.54207,41.80549]},"properties":{"SGL":236,"PGC_REGION":5}},{"type":"Feature","geometry":{"type":"Point","coordinates":[-75.48601,41.47975]},"properties":{"SGL":300,"PGC_REGION":5}},{"type":"Feature","geometry":{"type":"Point","coordinates":[-79.69096,39.81121]},"properties":{"SGL":138,"PGC_REGION":2}},{"type":"Feature","geometry":{"type":"Point","coordinates":[-79.69366,39.80818]},"properties":{"SGL":138,"PGC_REGION":2}},{"type":"Feature","geometry":{"type":"Point","coordinates":[-78.74518,40.10756]},"properties":{"SGL":228,"PGC_REGION":2}},{"type":"Feature","geometry":{"type":"Point","coordinates":[-78.7985,40.06164]},"properties":{"SGL":228,"PGC_REGION":2}},{"type":"Feature","geometry":{"type":"Point","coordinates":[-80.42307,40.41158]},"properties":{"SGL":117,"PGC_REGION":2}},{"type":"Feature","geometry":{"type":"Point","coordinates":[-80.42327,40.4094]},"properties":{"SGL":117,"PGC_REGION":2}},{"type":"Feature","geometry":{"type":"Point","coordinates":[-80.42494,40.40503]},"properties":{"SGL":117,"PGC_REGION":2}},{"type":"Feature","geometry":{"type":"Point","coordinates":[-80.39946,40.39655]},"properties":{"SGL":117,"PGC_REGION":2}},{"type":"Feature","geometry":{"type":"Point","coordinates":[-80.38109,40.39292]},"properties":{"SGL":117,"PGC_REGION":2}},{"type":"Feature","geometry":{"type":"Point","coordinates":[-80.38769,40.40103]},"properties":{"SGL":117,"PGC_REGION":2}},{"type":"Feature","geometry":{"type":"Point","coordinates":[-80.38471,40.4028]},"properties":{"SGL":117,"PGC_REGION":2}},{"type":"Feature","geometry":{"type":"Point","coordinates":[-76.40469,39.87248]},"properties":{"SGL":83,"PGC_REGION":4}},{"type":"Feature","geometry":{"type":"Point","coordinates":[-76.40648,39.8665]},"properties":{"SGL":83,"PGC_REGION":4}},{"type":"Feature","geometry":{"type":"Point","coordinates":[-77.05393,40.8838]},"properties":{"SGL":201,"PGC_REGION":3}},{"type":"Feature","geometry":{"type":"Point","coordinates":[-76.88918,40.90514]},"properties":{"SGL":193,"PGC_REGION":3}},{"type":"Feature","geometry":{"type":"Point","coordinates":[-76.65178,40.61554]},"properties":{"SGL":264,"PGC_REGION":6}},{"type":"Feature","geometry":{"type":"Point","coordinates":[-76.75232,40.58301]},"properties":{"SGL":264,"PGC_REGION":6}},{"type":"Feature","geometry":{"type":"Point","coordinates":[-78.3154,41.46426]},"properties":{"SGL":14,"PGC_REGION":3}},{"type":"Feature","geometry":{"type":"Point","coordinates":[-78.36069,41.43042]},"properties":{"SGL":14,"PGC_REGION":3}},{"type":"Feature","geometry":{"type":"Point","coordinates":[-78.41914,41.4681]},"properties":{"SGL":14,"PGC_REGION":3}},{"type":"Feature","geometry":{"type":"Point","coordinates":[-78.40422,41.4074]},"properties":{"SGL":14,"PGC_REGION":3}},{"type":"Feature","geometry":{"type":"Point","coordinates":[-78.35536,41.44028]},"properties":{"SGL":14,"PGC_REGION":3}},{"type":"Feature","geometry":{"type":"Point","coordinates":[-78.40773,41.47013]},"properties":{"SGL":14,"PGC_REGION":3}},{"type":"Feature","geometry":{"type":"Point","coordinates":[-78.57915,41.15279]},"properties":{"SGL":331,"PGC_REGION":3}},{"type":"Feature","geometry":{"type":"Point","coordinates":[-78.64295,41.12771]},"properties":{"SGL":331,"PGC_REGION":3}},{"type":"Feature","geometry":{"type":"Point","coordinates":[-78.59391,41.16271]},"properties":{"SGL":331,"PGC_REGION":3}},{"type":"Feature","geometry":{"type":"Point","coordinates":[-78.65062,41.15053]},"properties":{"SGL":331,"PGC_REGION":3}},{"type":"Feature","geometry":{"type":"Point","coordinates":[-77.18648,40.89576]},"properties":{"SGL":317,"PGC_REGION":3}},{"type":"Feature","geometry":{"type":"Point","coordinates":[-79.49517,39.77608]},"properties":{"SGL":265,"PGC_REGION":2}},{"type":"Feature","geometry":{"type":"Point","coordinates":[-79.25277,39.78452]},"properties":{"SGL":271,"PGC_REGION":2}},{"type":"Feature","geometry":{"type":"Point","coordinates":[-79.26474,39.79512]},"properties":{"SGL":271,"PGC_REGION":2}},{"type":"Feature","geometry":{"type":"Point","coordinates":[-75.94409,41.15756]},"properties":{"SGL":207,"PGC_REGION":5}},{"type":"Feature","geometry":{"type":"Point","coordinates":[-75.89648,41.18493]},"properties":{"SGL":207,"PGC_REGION":5}},{"type":"Feature","geometry":{"type":"Point","coordinates":[-75.89156,41.18408]},"properties":{"SGL":207,"PGC_REGION":5}},{"type":"Feature","geometry":{"type":"Point","coordinates":[-74.8307,41.40019]},"properties":{"SGL":209,"PGC_REGION":5}},{"type":"Feature","geometry":{"type":"Point","coordinates":[-74.82471,41.42977]},"properties":{"SGL":209,"PGC_REGION":5}},{"type":"Feature","geometry":{"type":"Point","coordinates":[-76.2492,41.96312]},"properties":{"SGL":219,"PGC_REGION":5}},{"type":"Feature","geometry":{"type":"Point","coordinates":[-76.59495,41.91927]},"properties":{"SGL":239,"PGC_REGION":5}},{"type":"Feature","geometry":{"type":"Point","coordinates":[-76.59011,41.91743]},"properties":{"SGL":239,"PGC_REGION":5}},{"type":"Feature","geometry":{"type":"Point","coordinates":[-76.33862,41.64258]},"properties":{"SGL":250,"PGC_REGION":5}},{"type":"Feature","geometry":{"type":"Point","coordinates":[-76.3362,41.64478]},"properties":{"SGL":250,"PGC_REGION":5}},{"type":"Feature","geometry":{"type":"Point","coordinates":[-76.33416,41.64872]},"properties":{"SGL":250,"PGC_REGION":5}},{"type":"Feature","geometry":{"type":"Point","coordinates":[-76.34305,41.64429]},"properties":{"SGL":250,"PGC_REGION":5}},{"type":"Feature","geometry":{"type":"Point","coordinates":[-77.5366,40.97236]},"properties":{"SGL":295,"PGC_REGION":3}},{"type":"Feature","geometry":{"type":"Point","coordinates":[-77.50181,41.00801]},"properties":{"SGL":295,"PGC_REGION":3}},{"type":"Feature","geometry":{"type":"Point","coordinates":[-76.35753,39.84365]},"properties":{"SGL":181,"PGC_REGION":4}},{"type":"Feature","geometry":{"type":"Point","coordinates":[-76.37545,39.83885]},"properties":{"SGL":181,"PGC_REGION":4}},{"type":"Feature","geometry":{"type":"Point","coordinates":[-78.84493,40.68585]},"properties":{"SGL":185,"PGC_REGION":2}},{"type":"Feature","geometry":{"type":"Point","coordinates":[-78.86284,40.68355]},"properties":{"SGL":185,"PGC_REGION":2}},{"type":"Feature","geometry":{"type":"Point","coordinates":[-78.86435,40.68828]},"properties":{"SGL":185,"PGC_REGION":2}},{"type":"Feature","geometry":{"type":"Point","coordinates":[-75.67558,40.64734]},"properties":{"SGL":205,"PGC_REGION":6}},{"type":"Feature","geometry":{"type":"Point","coordinates":[-75.67057,40.64659]},"properties":{"SGL":205,"PGC_REGION":6}},{"type":"Feature","geometry":{"type":"Point","coordinates":[-75.66687,40.65797]},"properties":{"SGL":205,"PGC_REGION":6}},{"type":"Feature","geometry":{"type":"Point","coordinates":[-75.67079,40.6578]},"properties":{"SGL":205,"PGC_REGION":6}},{"type":"Feature","geometry":{"type":"Point","coordinates":[-76.24149,40.28053]},"properties":{"SGL":46,"PGC_REGION":6}},{"type":"Feature","geometry":{"type":"Point","coordinates":[-76.23884,40.26822]},"properties":{"SGL":46,"PGC_REGION":6}},{"type":"Feature","geometry":{"type":"Point","coordinates":[-76.23536,40.26825]},"properties":{"SGL":46,"PGC_REGION":6}},{"type":"Feature","geometry":{"type":"Point","coordinates":[-76.22884,40.2696]},"properties":{"SGL":46,"PGC_REGION":6}},{"type":"Feature","geometry":{"type":"Point","coordinates":[-76.2491,40.29134]},"properties":{"SGL":46,"PGC_REGION":6}},{"type":"Feature","geometry":{"type":"Point","coordinates":[-76.25591,40.28047]},"properties":{"SGL":46,"PGC_REGION":6}},{"type":"Feature","geometry":{"type":"Point","coordinates":[-78.93354,39.78881]},"properties":{"SGL":82,"PGC_REGION":2}},{"type":"Feature","geometry":{"type":"Point","coordinates":[-78.96715,39.82514]},"properties":{"SGL":82,"PGC_REGION":2}},{"type":"Feature","geometry":{"type":"Point","coordinates":[-78.93575,39.79218]},"properties":{"SGL":82,"PGC_REGION":2}},{"type":"Feature","geometry":{"type":"Point","coordinates":[-78.48624,41.09729]},"properties":{"SGL":90,"PGC_REGION":3}},{"type":"Feature","geometry":{"type":"Point","coordinates":[-78.41816,41.10221]},"properties":{"SGL":90,"PGC_REGION":3}},{"type":"Feature","geometry":{"type":"Point","coordinates":[-75.96555,40.66715]},"properties":{"SGL":106,"PGC_REGION":6}},{"type":"Feature","geometry":{"type":"Point","coordinates":[-76.01146,40.62888]},"properties":{"SGL":106,"PGC_REGION":6}},{"type":"Feature","geometry":{"type":"Point","coordinates":[-77.20338,41.39063]},"properties":{"SGL":114,"PGC_REGION":3}},{"type":"Feature","geometry":{"type":"Point","coordinates":[-75.24562,40.4886]},"properties":{"SGL":157,"PGC_REGION":6}},{"type":"Feature","geometry":{"type":"Point","coordinates":[-75.24106,40.50964]},"properties":{"SGL":157,"PGC_REGION":6}},{"type":"Feature","geometry":{"type":"Point","coordinates":[-75.20679,40.4923]},"properties":{"SGL":157,"PGC_REGION":6}},{"type":"Feature","geometry":{"type":"Point","coordinates":[-75.21668,40.50707]},"properties":{"SGL":157,"PGC_REGION":6}},{"type":"Feature","geometry":{"type":"Point","coordinates":[-79.57404,40.77766]},"properties":{"SGL":247,"PGC_REGION":2}},{"type":"Feature","geometry":{"type":"Point","coordinates":[-79.70874,40.12548]},"properties":{"SGL":296,"PGC_REGION":2}},{"type":"Feature","geometry":{"type":"Point","coordinates":[-79.70631,40.11773]},"properties":{"SGL":296,"PGC_REGION":2}},{"type":"Feature","geometry":{"type":"Point","coordinates":[-79.67005,40.11483]},"properties":{"SGL":296,"PGC_REGION":2}},{"type":"Feature","geometry":{"type":"Point","coordinates":[-77.71231,40.97662]},"properties":{"SGL":323,"PGC_REGION":3}},{"type":"Feature","geometry":{"type":"Point","coordinates":[-76.81448,41.45408]},"properties":{"SGL":134,"PGC_REGION":3}},{"type":"Feature","geometry":{"type":"Point","coordinates":[-76.80919,41.38505]},"properties":{"SGL":134,"PGC_REGION":3}},{"type":"Feature","geometry":{"type":"Point","coordinates":[-76.79507,41.43679]},"properties":{"SGL":134,"PGC_REGION":3}},{"type":"Feature","geometry":{"type":"Point","coordinates":[-76.75164,41.42084]},"properties":{"SGL":134,"PGC_REGION":3}},{"type":"Feature","geometry":{"type":"Point","coordinates":[-76.75314,41.43764]},"properties":{"SGL":134,"PGC_REGION":3}},{"type":"Feature","geometry":{"type":"Point","coordinates":[-79.07181,40.61013]},"properties":{"SGL":248,"PGC_REGION":2}},{"type":"Feature","geometry":{"type":"Point","coordinates":[-79.06818,40.61138]},"properties":{"SGL":248,"PGC_REGION":2}},{"type":"Feature","geometry":{"type":"Point","coordinates":[-79.09382,40.60872]},"properties":{"SGL":248,"PGC_REGION":2}},{"type":"Feature","geometry":{"type":"Point","coordinates":[-76.94878,40.08948]},"properties":{"SGL":242,"PGC_REGION":4}},{"type":"Feature","geometry":{"type":"Point","coordinates":[-76.95423,40.09569]},"properties":{"SGL":242,"PGC_REGION":4}},{"type":"Feature","geometry":{"type":"Point","coordinates":[-76.9618,40.09548]},"properties":{"SGL":242,"PGC_REGION":4}},{"type":"Feature","geometry":{"type":"Point","coordinates":[-76.97227,40.08521]},"properties":{"SGL":242,"PGC_REGION":4}},{"type":"Feature","geometry":{"type":"Point","coordinates":[-76.95978,40.08878]},"properties":{"SGL":242,"PGC_REGION":4}},{"type":"Feature","geometry":{"type":"Point","coordinates":[-76.9693,40.0966]},"properties":{"SGL":242,"PGC_REGION":4}},{"type":"Feature","geometry":{"type":"Point","coordinates":[-76.96542,40.09615]},"properties":{"SGL":242,"PGC_REGION":4}},{"type":"Feature","geometry":{"type":"Point","coordinates":[-76.97336,40.07759]},"properties":{"SGL":242,"PGC_REGION":4}},{"type":"Feature","geometry":{"type":"Point","coordinates":[-76.43804,39.78629]},"properties":{"SGL":327,"PGC_REGION":4}},{"type":"Feature","geometry":{"type":"Point","coordinates":[-77.89354,40.9996]},"properties":{"SGL":103,"PGC_REGION":3}},{"type":"Feature","geometry":{"type":"Point","coordinates":[-77.91696,40.984]},"properties":{"SGL":103,"PGC_REGION":3}},{"type":"Feature","geometry":{"type":"Point","coordinates":[-77.92927,40.97479]},"properties":{"SGL":103,"PGC_REGION":3}},{"type":"Feature","geometry":{"type":"Point","coordinates":[-77.94257,40.96109]},"properties":{"SGL":103,"PGC_REGION":3}},{"type":"Feature","geometry":{"type":"Point","coordinates":[-79.05216,40.36721]},"properties":{"SGL":42,"PGC_REGION":2}},{"type":"Feature","geometry":{"type":"Point","coordinates":[-79.04812,40.36788]},"properties":{"SGL":42,"PGC_REGION":2}},{"type":"Feature","geometry":{"type":"Point","coordinates":[-79.03296,40.37142]},"properties":{"SGL":42,"PGC_REGION":2}},{"type":"Feature","geometry":{"type":"Point","coordinates":[-79.058,40.27685]},"properties":{"SGL":42,"PGC_REGION":2}},{"type":"Feature","geometry":{"type":"Point","coordinates":[-79.14888,40.23072]},"properties":{"SGL":42,"PGC_REGION":2}},{"type":"Feature","geometry":{"type":"Point","coordinates":[-79.14286,40.23049]},"properties":{"SGL":42,"PGC_REGION":2}},{"type":"Feature","geometry":{"type":"Point","coordinates":[-79.11203,40.21203]},"properties":{"SGL":42,"PGC_REGION":2}},{"type":"Feature","geometry":{"type":"Point","coordinates":[-78.90013,40.80926]},"properties":{"SGL":262,"PGC_REGION":2}},{"type":"Feature","geometry":{"type":"Point","coordinates":[-78.92103,40.82325]},"properties":{"SGL":262,"PGC_REGION":2}},{"type":"Feature","geometry":{"type":"Point","coordinates":[-78.89767,40.82076]},"properties":{"SGL":262,"PGC_REGION":2}},{"type":"Feature","geometry":{"type":"Point","coordinates":[-78.90614,40.81999]},"properties":{"SGL":262,"PGC_REGION":2}},{"type":"Feature","geometry":{"type":"Point","coordinates":[-78.92612,40.8261]},"properties":{"SGL":262,"PGC_REGION":2}},{"type":"Feature","geometry":{"type":"Point","coordinates":[-78.22525,40.68674]},"properties":{"SGL":278,"PGC_REGION":4}},{"type":"Feature","geometry":{"type":"Point","coordinates":[-78.13309,40.74218]},"properties":{"SGL":278,"PGC_REGION":4}},{"type":"Feature","geometry":{"type":"Point","coordinates":[-76.96837,41.12174]},"properties":{"SGL":252,"PGC_REGION":3}},{"type":"Feature","geometry":{"type":"Point","coordinates":[-76.95682,41.12163]},"properties":{"SGL":252,"PGC_REGION":3}},{"type":"Feature","geometry":{"type":"Point","coordinates":[-76.96801,41.14671]},"properties":{"SGL":252,"PGC_REGION":3}},{"type":"Feature","geometry":{"type":"Point","coordinates":[-76.95049,41.16992]},"properties":{"SGL":252,"PGC_REGION":3}},{"type":"Feature","geometry":{"type":"Point","coordinates":[-76.96238,41.16524]},"properties":{"SGL":252,"PGC_REGION":3}},{"type":"Feature","geometry":{"type":"Point","coordinates":[-76.96809,41.16302]},"properties":{"SGL":252,"PGC_REGION":3}},{"type":"Feature","geometry":{"type":"Point","coordinates":[-79.89566,39.87713]},"properties":{"SGL":238,"PGC_REGION":2}},{"type":"Feature","geometry":{"type":"Point","coordinates":[-79.9126,39.89946]},"properties":{"SGL":238,"PGC_REGION":2}},{"type":"Feature","geometry":{"type":"Point","coordinates":[-79.89812,39.88921]},"properties":{"SGL":238,"PGC_REGION":2}},{"type":"Feature","geometry":{"type":"Point","coordinates":[-78.46575,40.55441]},"properties":{"SGL":267,"PGC_REGION":2}},{"type":"Feature","geometry":{"type":"Point","coordinates":[-78.25515,41.75479]},"properties":{"SGL":61,"PGC_REGION":3}},{"type":"Feature","geometry":{"type":"Point","coordinates":[-78.25061,41.7464]},"properties":{"SGL":61,"PGC_REGION":3}},{"type":"Feature","geometry":{"type":"Point","coordinates":[-78.2619,41.76096]},"properties":{"SGL":61,"PGC_REGION":3}},{"type":"Feature","geometry":{"type":"Point","coordinates":[-78.30047,41.79123]},"properties":{"SGL":61,"PGC_REGION":3}},{"type":"Feature","geometry":{"type":"Point","coordinates":[-76.97045,41.34655]},"properties":{"SGL":298,"PGC_REGION":3}},{"type":"Feature","geometry":{"type":"Point","coordinates":[-76.97408,41.35297]},"properties":{"SGL":298,"PGC_REGION":3}},{"type":"Feature","geometry":{"type":"Point","coordinates":[-76.97611,41.35808]},"properties":{"SGL":298,"PGC_REGION":3}},{"type":"Feature","geometry":{"type":"Point","coordinates":[-79.58717,40.96137]},"properties":{"SGL":105,"PGC_REGION":2}},{"type":"Feature","geometry":{"type":"Point","coordinates":[-79.52223,39.94356]},"properties":{"SGL":51,"PGC_REGION":2}},{"type":"Feature","geometry":{"type":"Point","coordinates":[-79.52165,39.94235]},"properties":{"SGL":51,"PGC_REGION":2}},{"type":"Feature","geometry":{"type":"Point","coordinates":[-79.51192,39.93032]},"properties":{"SGL":51,"PGC_REGION":2}},{"type":"Feature","geometry":{"type":"Point","coordinates":[-79.57583,39.88477]},"properties":{"SGL":51,"PGC_REGION":2}},{"type":"Feature","geometry":{"type":"Point","coordinates":[-79.56869,39.88951]},"properties":{"SGL":51,"PGC_REGION":2}},{"type":"Feature","geometry":{"type":"Point","coordinates":[-79.5637,39.89422]},"properties":{"SGL":51,"PGC_REGION":2}},{"type":"Feature","geometry":{"type":"Point","coordinates":[-79.59133,39.9606]},"properties":{"SGL":51,"PGC_REGION":2}},{"type":"Feature","geometry":{"type":"Point","coordinates":[-78.88682,40.0844]},"properties":{"SGL":93,"PGC_REGION":2}},{"type":"Feature","geometry":{"type":"Point","coordinates":[-78.87679,40.09268]},"properties":{"SGL":93,"PGC_REGION":2}},{"type":"Feature","geometry":{"type":"Point","coordinates":[-78.84125,40.11423]},"properties":{"SGL":93,"PGC_REGION":2}},{"type":"Feature","geometry":{"type":"Point","coordinates":[-78.84335,40.1151]},"properties":{"SGL":93,"PGC_REGION":2}},{"type":"Feature","geometry":{"type":"Point","coordinates":[-79.61794,40.96774]},"properties":{"SGL":105,"PGC_REGION":2}},{"type":"Feature","geometry":{"type":"Point","coordinates":[-79.61992,40.96789]},"properties":{"SGL":105,"PGC_REGION":2}},{"type":"Feature","geometry":{"type":"Point","coordinates":[-79.64627,40.97365]},"properties":{"SGL":105,"PGC_REGION":2}},{"type":"Feature","geometry":{"type":"Point","coordinates":[-75.95912,40.2008]},"properties":{"SGL":52,"PGC_REGION":6}},{"type":"Feature","geometry":{"type":"Point","coordinates":[-75.95368,40.18735]},"properties":{"SGL":52,"PGC_REGION":6}},{"type":"Feature","geometry":{"type":"Point","coordinates":[-75.95837,40.17645]},"properties":{"SGL":52,"PGC_REGION":6}},{"type":"Feature","geometry":{"type":"Point","coordinates":[-76.79267,41.59385]},"properties":{"SGL":12,"PGC_REGION":5}},{"type":"Feature","geometry":{"type":"Point","coordinates":[-76.79086,41.59393]},"properties":{"SGL":12,"PGC_REGION":5}},{"type":"Feature","geometry":{"type":"Point","coordinates":[-76.77754,41.59648]},"properties":{"SGL":12,"PGC_REGION":5}},{"type":"Feature","geometry":{"type":"Point","coordinates":[-76.76207,41.60837]},"properties":{"SGL":12,"PGC_REGION":5}},{"type":"Feature","geometry":{"type":"Point","coordinates":[-76.75489,41.60372]},"properties":{"SGL":12,"PGC_REGION":5}},{"type":"Feature","geometry":{"type":"Point","coordinates":[-76.74746,41.60769]},"properties":{"SGL":12,"PGC_REGION":5}},{"type":"Feature","geometry":{"type":"Point","coordinates":[-76.73958,41.61669]},"properties":{"SGL":12,"PGC_REGION":5}},{"type":"Feature","geometry":{"type":"Point","coordinates":[-76.72494,41.61739]},"properties":{"SGL":12,"PGC_REGION":5}},{"type":"Feature","geometry":{"type":"Point","coordinates":[-76.69295,41.64226]},"properties":{"SGL":12,"PGC_REGION":5}},{"type":"Feature","geometry":{"type":"Point","coordinates":[-76.68698,41.56547]},"properties":{"SGL":12,"PGC_REGION":5}},{"type":"Feature","geometry":{"type":"Point","coordinates":[-76.67476,41.56529]},"properties":{"SGL":12,"PGC_REGION":5}},{"type":"Feature","geometry":{"type":"Point","coordinates":[-76.66941,41.58271]},"properties":{"SGL":12,"PGC_REGION":5}},{"type":"Feature","geometry":{"type":"Point","coordinates":[-76.54091,41.67011]},"properties":{"SGL":36,"PGC_REGION":5}},{"type":"Feature","geometry":{"type":"Point","coordinates":[-76.6284,41.62221]},"properties":{"SGL":36,"PGC_REGION":5}},{"type":"Feature","geometry":{"type":"Point","coordinates":[-76.63034,41.61942]},"properties":{"SGL":36,"PGC_REGION":5}},{"type":"Feature","geometry":{"type":"Point","coordinates":[-76.60988,41.63418]},"properties":{"SGL":36,"PGC_REGION":5}},{"type":"Feature","geometry":{"type":"Point","coordinates":[-76.62566,41.62911]},"properties":{"SGL":36,"PGC_REGION":5}},{"type":"Feature","geometry":{"type":"Point","coordinates":[-76.6242,41.63302]},"properties":{"SGL":36,"PGC_REGION":5}},{"type":"Feature","geometry":{"type":"Point","coordinates":[-76.62398,41.62959]},"properties":{"SGL":36,"PGC_REGION":5}},{"type":"Feature","geometry":{"type":"Point","coordinates":[-76.61733,41.63205]},"properties":{"SGL":36,"PGC_REGION":5}},{"type":"Feature","geometry":{"type":"Point","coordinates":[-76.62405,41.63295]},"properties":{"SGL":36,"PGC_REGION":5}},{"type":"Feature","geometry":{"type":"Point","coordinates":[-76.6097,41.63415]},"properties":{"SGL":36,"PGC_REGION":5}},{"type":"Feature","geometry":{"type":"Point","coordinates":[-76.54228,41.67869]},"properties":{"SGL":36,"PGC_REGION":5}},{"type":"Feature","geometry":{"type":"Point","coordinates":[-76.48904,41.68816]},"properties":{"SGL":36,"PGC_REGION":5}},{"type":"Feature","geometry":{"type":"Point","coordinates":[-76.48772,41.68672]},"properties":{"SGL":36,"PGC_REGION":5}},{"type":"Feature","geometry":{"type":"Point","coordinates":[-76.48584,41.68584]},"properties":{"SGL":36,"PGC_REGION":5}},{"type":"Feature","geometry":{"type":"Point","coordinates":[-76.48088,41.68051]},"properties":{"SGL":36,"PGC_REGION":5}},{"type":"Feature","geometry":{"type":"Point","coordinates":[-76.2751,41.12401]},"properties":{"SGL":55,"PGC_REGION":5}},{"type":"Feature","geometry":{"type":"Point","coordinates":[-76.24794,41.11404]},"properties":{"SGL":55,"PGC_REGION":5}},{"type":"Feature","geometry":{"type":"Point","coordinates":[-76.28084,41.11039]},"properties":{"SGL":55,"PGC_REGION":5}},{"type":"Feature","geometry":{"type":"Point","coordinates":[-76.30606,40.98591]},"properties":{"SGL":58,"PGC_REGION":5}},{"type":"Feature","geometry":{"type":"Point","coordinates":[-76.27692,40.9176]},"properties":{"SGL":58,"PGC_REGION":5}},{"type":"Feature","geometry":{"type":"Point","coordinates":[-76.27327,41.48203]},"properties":{"SGL":66,"PGC_REGION":5}},{"type":"Feature","geometry":{"type":"Point","coordinates":[-76.28348,41.48851]},"properties":{"SGL":66,"PGC_REGION":5}},{"type":"Feature","geometry":{"type":"Point","coordinates":[-76.31023,41.51523]},"properties":{"SGL":66,"PGC_REGION":5}},{"type":"Feature","geometry":{"type":"Point","coordinates":[-76.31728,41.52258]},"properties":{"SGL":66,"PGC_REGION":5}},{"type":"Feature","geometry":{"type":"Point","coordinates":[-76.3123,41.525]},"properties":{"SGL":66,"PGC_REGION":5}},{"type":"Feature","geometry":{"type":"Point","coordinates":[-76.78779,40.7527]},"properties":{"SGL":84,"PGC_REGION":5}},{"type":"Feature","geometry":{"type":"Point","coordinates":[-76.78958,40.74949]},"properties":{"SGL":84,"PGC_REGION":5}},{"type":"Feature","geometry":{"type":"Point","coordinates":[-76.63311,40.7351]},"properties":{"SGL":84,"PGC_REGION":5}},{"type":"Feature","geometry":{"type":"Point","coordinates":[-76.54885,40.73988]},"properties":{"SGL":84,"PGC_REGION":5}},{"type":"Feature","geometry":{"type":"Point","coordinates":[-75.69131,41.25958]},"properties":{"SGL":91,"PGC_REGION":5}},{"type":"Feature","geometry":{"type":"Point","coordinates":[-75.69123,41.25627]},"properties":{"SGL":91,"PGC_REGION":5}},{"type":"Feature","geometry":{"type":"Point","coordinates":[-75.68979,41.24208]},"properties":{"SGL":91,"PGC_REGION":5}},{"type":"Feature","geometry":{"type":"Point","coordinates":[-75.68591,41.21426]},"properties":{"SGL":91,"PGC_REGION":5}},{"type":"Feature","geometry":{"type":"Point","coordinates":[-75.71434,41.20118]},"properties":{"SGL":91,"PGC_REGION":5}},{"type":"Feature","geometry":{"type":"Point","coordinates":[-75.69658,41.26862]},"properties":{"SGL":91,"PGC_REGION":5}},{"type":"Feature","geometry":{"type":"Point","coordinates":[-75.7032,41.26293]},"properties":{"SGL":91,"PGC_REGION":5}},{"type":"Feature","geometry":{"type":"Point","coordinates":[-75.70345,41.2837]},"properties":{"SGL":91,"PGC_REGION":5}},{"type":"Feature","geometry":{"type":"Point","coordinates":[-75.65306,41.24929]},"properties":{"SGL":91,"PGC_REGION":5}},{"type":"Feature","geometry":{"type":"Point","coordinates":[-75.78506,41.20007]},"properties":{"SGL":91,"PGC_REGION":5}},{"type":"Feature","geometry":{"type":"Point","coordinates":[-75.77804,41.20426]},"properties":{"SGL":91,"PGC_REGION":5}},{"type":"Feature","geometry":{"type":"Point","coordinates":[-75.47678,41.13392]},"properties":{"SGL":127,"PGC_REGION":5}},{"type":"Feature","geometry":{"type":"Point","coordinates":[-75.47792,41.13556]},"properties":{"SGL":127,"PGC_REGION":5}},{"type":"Feature","geometry":{"type":"Point","coordinates":[-75.47871,41.13657]},"properties":{"SGL":127,"PGC_REGION":5}},{"type":"Feature","geometry":{"type":"Point","coordinates":[-75.4796,41.13862]},"properties":{"SGL":127,"PGC_REGION":5}},{"type":"Feature","geometry":{"type":"Point","coordinates":[-75.4689,41.14899]},"properties":{"SGL":127,"PGC_REGION":5}},{"type":"Feature","geometry":{"type":"Point","coordinates":[-75.46038,41.15444]},"properties":{"SGL":127,"PGC_REGION":5}},{"type":"Feature","geometry":{"type":"Point","coordinates":[-75.45718,41.15923]},"properties":{"SGL":127,"PGC_REGION":5}},{"type":"Feature","geometry":{"type":"Point","coordinates":[-75.52813,41.16331]},"properties":{"SGL":127,"PGC_REGION":5}},{"type":"Feature","geometry":{"type":"Point","coordinates":[-75.44319,41.16933]},"properties":{"SGL":127,"PGC_REGION":5}},{"type":"Feature","geometry":{"type":"Point","coordinates":[-75.51367,41.12046]},"properties":{"SGL":127,"PGC_REGION":5}},{"type":"Feature","geometry":{"type":"Point","coordinates":[-75.51398,41.12196]},"properties":{"SGL":127,"PGC_REGION":5}},{"type":"Feature","geometry":{"type":"Point","coordinates":[-75.51856,41.14013]},"properties":{"SGL":127,"PGC_REGION":5}},{"type":"Feature","geometry":{"type":"Point","coordinates":[-75.52134,41.14523]},"properties":{"SGL":127,"PGC_REGION":5}},{"type":"Feature","geometry":{"type":"Point","coordinates":[-75.52239,41.14877]},"properties":{"SGL":127,"PGC_REGION":5}},{"type":"Feature","geometry":{"type":"Point","coordinates":[-75.52307,41.15213]},"properties":{"SGL":127,"PGC_REGION":5}},{"type":"Feature","geometry":{"type":"Point","coordinates":[-75.64388,40.97417]},"properties":{"SGL":141,"PGC_REGION":5}},{"type":"Feature","geometry":{"type":"Point","coordinates":[-75.64303,40.97795]},"properties":{"SGL":141,"PGC_REGION":5}},{"type":"Feature","geometry":{"type":"Point","coordinates":[-75.64106,40.98125]},"properties":{"SGL":141,"PGC_REGION":5}},{"type":"Feature","geometry":{"type":"Point","coordinates":[-75.65756,40.96906]},"properties":{"SGL":141,"PGC_REGION":5}},{"type":"Feature","geometry":{"type":"Point","coordinates":[-75.66534,40.96604]},"properties":{"SGL":141,"PGC_REGION":5}},{"type":"Feature","geometry":{"type":"Point","coordinates":[-75.7877,40.87926]},"properties":{"SGL":141,"PGC_REGION":5}},{"type":"Feature","geometry":{"type":"Point","coordinates":[-75.67979,40.94295]},"properties":{"SGL":141,"PGC_REGION":5}},{"type":"Feature","geometry":{"type":"Point","coordinates":[-76.36107,41.59153]},"properties":{"SGL":142,"PGC_REGION":5}},{"type":"Feature","geometry":{"type":"Point","coordinates":[-76.35208,41.58977]},"properties":{"SGL":142,"PGC_REGION":5}},{"type":"Feature","geometry":{"type":"Point","coordinates":[-75.76889,41.02107]},"properties":{"SGL":149,"PGC_REGION":5}},{"type":"Feature","geometry":{"type":"Point","coordinates":[-75.77373,41.02599]},"properties":{"SGL":149,"PGC_REGION":5}},{"type":"Feature","geometry":{"type":"Point","coordinates":[-75.77084,41.02353]},"properties":{"SGL":149,"PGC_REGION":5}},{"type":"Feature","geometry":{"type":"Point","coordinates":[-75.25147,41.7627]},"properties":{"SGL":159,"PGC_REGION":5}},{"type":"Feature","geometry":{"type":"Point","coordinates":[-75.27924,41.69814]},"properties":{"SGL":159,"PGC_REGION":5}},{"type":"Feature","geometry":{"type":"Point","coordinates":[-75.2922,41.69765]},"properties":{"SGL":159,"PGC_REGION":5}},{"type":"Feature","geometry":{"type":"Point","coordinates":[-76.3052,41.62199]},"properties":{"SGL":172,"PGC_REGION":5}},{"type":"Feature","geometry":{"type":"Point","coordinates":[-76.30525,41.62267]},"properties":{"SGL":172,"PGC_REGION":5}},{"type":"Feature","geometry":{"type":"Point","coordinates":[-76.27222,41.62599]},"properties":{"SGL":172,"PGC_REGION":5}},{"type":"Feature","geometry":{"type":"Point","coordinates":[-75.05211,41.37243]},"properties":{"SGL":180,"PGC_REGION":5}},{"type":"Feature","geometry":{"type":"Point","coordinates":[-75.04179,41.37421]},"properties":{"SGL":180,"PGC_REGION":5}},{"type":"Feature","geometry":{"type":"Point","coordinates":[-75.0385,41.37573]},"properties":{"SGL":180,"PGC_REGION":5}},{"type":"Feature","geometry":{"type":"Point","coordinates":[-74.97069,41.36291]},"properties":{"SGL":180,"PGC_REGION":5}},{"type":"Feature","geometry":{"type":"Point","coordinates":[-75.08154,41.37341]},"properties":{"SGL":180,"PGC_REGION":5}},{"type":"Feature","geometry":{"type":"Point","coordinates":[-75.06908,41.37996]},"properties":{"SGL":180,"PGC_REGION":5}},{"type":"Feature","geometry":{"type":"Point","coordinates":[-75.01312,41.35645]},"properties":{"SGL":180,"PGC_REGION":5}},{"type":"Feature","geometry":{"type":"Point","coordinates":[-75.0337,41.37892]},"properties":{"SGL":180,"PGC_REGION":5}},{"type":"Feature","geometry":{"type":"Point","coordinates":[-75.01129,41.36546]},"properties":{"SGL":180,"PGC_REGION":5}},{"type":"Feature","geometry":{"type":"Point","coordinates":[-74.97933,41.36506]},"properties":{"SGL":180,"PGC_REGION":5}},{"type":"Feature","geometry":{"type":"Point","coordinates":[-75.16718,41.44147]},"properties":{"SGL":183,"PGC_REGION":5}},{"type":"Feature","geometry":{"type":"Point","coordinates":[-75.15581,41.44057]},"properties":{"SGL":183,"PGC_REGION":5}},{"type":"Feature","geometry":{"type":"Point","coordinates":[-75.15473,41.43725]},"properties":{"SGL":183,"PGC_REGION":5}},{"type":"Feature","geometry":{"type":"Point","coordinates":[-75.14463,41.43427]},"properties":{"SGL":183,"PGC_REGION":5}},{"type":"Feature","geometry":{"type":"Point","coordinates":[-76.19513,41.30255]},"properties":{"SGL":206,"PGC_REGION":5}},{"type":"Feature","geometry":{"type":"Point","coordinates":[-76.21446,41.27674]},"properties":{"SGL":206,"PGC_REGION":5}},{"type":"Feature","geometry":{"type":"Point","coordinates":[-76.19863,41.30131]},"properties":{"SGL":206,"PGC_REGION":5}},{"type":"Feature","geometry":{"type":"Point","coordinates":[-76.19711,41.27378]},"properties":{"SGL":206,"PGC_REGION":5}},{"type":"Feature","geometry":{"type":"Point","coordinates":[-75.88542,41.17798]},"properties":{"SGL":207,"PGC_REGION":5}},{"type":"Feature","geometry":{"type":"Point","coordinates":[-75.93256,41.16281]},"properties":{"SGL":207,"PGC_REGION":5}},{"type":"Feature","geometry":{"type":"Point","coordinates":[-75.93403,41.162]},"properties":{"SGL":207,"PGC_REGION":5}},{"type":"Feature","geometry":{"type":"Point","coordinates":[-76.59356,41.13353]},"properties":{"SGL":226,"PGC_REGION":5}},{"type":"Feature","geometry":{"type":"Point","coordinates":[-76.59263,41.13027]},"properties":{"SGL":226,"PGC_REGION":5}},{"type":"Feature","geometry":{"type":"Point","coordinates":[-76.59774,41.11717]},"properties":{"SGL":226,"PGC_REGION":5}},{"type":"Feature","geometry":{"type":"Point","coordinates":[-76.61073,41.13074]},"properties":{"SGL":226,"PGC_REGION":5}},{"type":"Feature","geometry":{"type":"Point","coordinates":[-76.60747,41.14473]},"properties":{"SGL":226,"PGC_REGION":5}},{"type":"Feature","geometry":{"type":"Point","coordinates":[-76.60655,41.13599]},"properties":{"SGL":226,"PGC_REGION":5}},{"type":"Feature","geometry":{"type":"Point","coordinates":[-76.58933,41.11425]},"properties":{"SGL":226,"PGC_REGION":5}},{"type":"Feature","geometry":{"type":"Point","coordinates":[-78.18072,40.65014]},"properties":{"SGL":131,"PGC_REGION":3}},{"type":"Feature","geometry":{"type":"Point","coordinates":[-76.52375,40.24528]},"properties":{"SGL":145,"PGC_REGION":6}},{"type":"Feature","geometry":{"type":"Point","coordinates":[-76.5261,40.24273]},"properties":{"SGL":145,"PGC_REGION":6}},{"type":"Feature","geometry":{"type":"Point","coordinates":[-76.51512,40.24312]},"properties":{"SGL":145,"PGC_REGION":6}},{"type":"Feature","geometry":{"type":"Point","coordinates":[-76.52057,40.23835]},"properties":{"SGL":145,"PGC_REGION":6}},{"type":"Feature","geometry":{"type":"Point","coordinates":[-80.12892,40.08363]},"properties":{"SGL":297,"PGC_REGION":2}},{"type":"Feature","geometry":{"type":"Point","coordinates":[-80.12879,40.08303]},"properties":{"SGL":297,"PGC_REGION":2}},{"type":"Feature","geometry":{"type":"Point","coordinates":[-79.38418,40.47571]},"properties":{"SGL":328,"PGC_REGION":2}},{"type":"Feature","geometry":{"type":"Point","coordinates":[-76.2336,40.2927]},"properties":{"SGL":46,"PGC_REGION":6}},{"type":"Feature","geometry":{"type":"Point","coordinates":[-76.23209,40.28473]},"properties":{"SGL":46,"PGC_REGION":6}},{"type":"Feature","geometry":{"type":"Point","coordinates":[-76.20398,40.28616]},"properties":{"SGL":46,"PGC_REGION":6}},{"type":"Feature","geometry":{"type":"Point","coordinates":[-76.21009,40.2742]},"properties":{"SGL":46,"PGC_REGION":6}},{"type":"Feature","geometry":{"type":"Point","coordinates":[-76.25089,40.27112]},"properties":{"SGL":46,"PGC_REGION":6}},{"type":"Feature","geometry":{"type":"Point","coordinates":[-76.24158,40.26792]},"properties":{"SGL":46,"PGC_REGION":6}},{"type":"Feature","geometry":{"type":"Point","coordinates":[-76.25053,40.24938]},"properties":{"SGL":46,"PGC_REGION":6}},{"type":"Feature","geometry":{"type":"Point","coordinates":[-80.35385,39.76472]},"properties":{"SGL":179,"PGC_REGION":2}},{"type":"Feature","geometry":{"type":"Point","coordinates":[-80.35031,39.76123]},"properties":{"SGL":179,"PGC_REGION":2}},{"type":"Feature","geometry":{"type":"Point","coordinates":[-80.36134,39.79138]},"properties":{"SGL":179,"PGC_REGION":2}},{"type":"Feature","geometry":{"type":"Point","coordinates":[-78.91534,41.47019]},"properties":{"SGL":28,"PGC_REGION":3}},{"type":"Feature","geometry":{"type":"Point","coordinates":[-76.68932,40.51835]},"properties":{"SGL":210,"PGC_REGION":6}},{"type":"Feature","geometry":{"type":"Point","coordinates":[-76.59412,40.55943]},"properties":{"SGL":210,"PGC_REGION":6}},{"type":"Feature","geometry":{"type":"Point","coordinates":[-76.69386,40.531]},"properties":{"SGL":210,"PGC_REGION":6}},{"type":"Feature","geometry":{"type":"Point","coordinates":[-76.68862,40.5185]},"properties":{"SGL":210,"PGC_REGION":6}},{"type":"Feature","geometry":{"type":"Point","coordinates":[-78.35861,40.92978]},"properties":{"SGL":98,"PGC_REGION":3}},{"type":"Feature","geometry":{"type":"Point","coordinates":[-80.35785,40.5227]},"properties":{"SGL":189,"PGC_REGION":2}},{"type":"Feature","geometry":{"type":"Point","coordinates":[-80.36531,40.51919]},"properties":{"SGL":189,"PGC_REGION":2}},{"type":"Feature","geometry":{"type":"Point","coordinates":[-80.36793,40.53355]},"properties":{"SGL":189,"PGC_REGION":2}},{"type":"Feature","geometry":{"type":"Point","coordinates":[-77.18375,40.88738]},"properties":{"SGL":317,"PGC_REGION":3}},{"type":"Feature","geometry":{"type":"Point","coordinates":[-77.19221,40.8787]},"properties":{"SGL":317,"PGC_REGION":3}},{"type":"Feature","geometry":{"type":"Point","coordinates":[-77.20049,40.90319]},"properties":{"SGL":317,"PGC_REGION":3}},{"type":"Feature","geometry":{"type":"Point","coordinates":[-79.08292,40.3792]},"properties":{"SGL":42,"PGC_REGION":2}},{"type":"Feature","geometry":{"type":"Point","coordinates":[-76.93785,41.12434]},"properties":{"SGL":252,"PGC_REGION":3}},{"type":"Feature","geometry":{"type":"Point","coordinates":[-76.94519,41.12866]},"properties":{"SGL":252,"PGC_REGION":3}},{"type":"Feature","geometry":{"type":"Point","coordinates":[-76.95163,41.13217]},"properties":{"SGL":252,"PGC_REGION":3}},{"type":"Feature","geometry":{"type":"Point","coordinates":[-76.95206,41.13171]},"properties":{"SGL":252,"PGC_REGION":3}},{"type":"Feature","geometry":{"type":"Point","coordinates":[-76.95592,41.13434]},"properties":{"SGL":252,"PGC_REGION":3}},{"type":"Feature","geometry":{"type":"Point","coordinates":[-76.95917,41.13616]},"properties":{"SGL":252,"PGC_REGION":3}},{"type":"Feature","geometry":{"type":"Point","coordinates":[-79.26334,39.78643]},"properties":{"SGL":271,"PGC_REGION":2}},{"type":"Feature","geometry":{"type":"Point","coordinates":[-79.26642,39.78369]},"properties":{"SGL":271,"PGC_REGION":2}},{"type":"Feature","geometry":{"type":"Point","coordinates":[-77.03862,41.41056]},"properties":{"SGL":133,"PGC_REGION":3}},{"type":"Feature","geometry":{"type":"Point","coordinates":[-77.03963,41.40941]},"properties":{"SGL":133,"PGC_REGION":3}},{"type":"Feature","geometry":{"type":"Point","coordinates":[-78.50658,40.5746]},"properties":{"SGL":184,"PGC_REGION":2}},{"type":"Feature","geometry":{"type":"Point","coordinates":[-78.61167,40.76825]},"properties":{"SGL":120,"PGC_REGION":2}},{"type":"Feature","geometry":{"type":"Point","coordinates":[-78.56948,40.79274]},"properties":{"SGL":120,"PGC_REGION":2}},{"type":"Feature","geometry":{"type":"Point","coordinates":[-78.56628,40.78037]},"properties":{"SGL":120,"PGC_REGION":2}},{"type":"Feature","geometry":{"type":"Point","coordinates":[-78.56915,40.72901]},"properties":{"SGL":120,"PGC_REGION":2}},{"type":"Feature","geometry":{"type":"Point","coordinates":[-76.62917,41.61634]},"properties":{"SGL":12,"PGC_REGION":5}},{"type":"Feature","geometry":{"type":"Point","coordinates":[-76.64182,41.65202]},"properties":{"SGL":12,"PGC_REGION":5}},{"type":"Feature","geometry":{"type":"Point","coordinates":[-76.66148,41.65075]},"properties":{"SGL":12,"PGC_REGION":5}},{"type":"Feature","geometry":{"type":"Point","coordinates":[-76.62741,41.65444]},"properties":{"SGL":12,"PGC_REGION":5}},{"type":"Feature","geometry":{"type":"Point","coordinates":[-76.66921,41.65097]},"properties":{"SGL":12,"PGC_REGION":5}},{"type":"Feature","geometry":{"type":"Point","coordinates":[-76.66182,41.64941]},"properties":{"SGL":12,"PGC_REGION":5}},{"type":"Feature","geometry":{"type":"Point","coordinates":[-76.66082,41.6235]},"properties":{"SGL":12,"PGC_REGION":5}},{"type":"Feature","geometry":{"type":"Point","coordinates":[-76.64271,41.63094]},"properties":{"SGL":12,"PGC_REGION":5}},{"type":"Feature","geometry":{"type":"Point","coordinates":[-75.65917,41.95867]},"properties":{"SGL":35,"PGC_REGION":5}},{"type":"Feature","geometry":{"type":"Point","coordinates":[-75.6743,41.96466]},"properties":{"SGL":35,"PGC_REGION":5}},{"type":"Feature","geometry":{"type":"Point","coordinates":[-75.69555,41.90428]},"properties":{"SGL":35,"PGC_REGION":5}},{"type":"Feature","geometry":{"type":"Point","coordinates":[-75.72384,41.90074]},"properties":{"SGL":35,"PGC_REGION":5}},{"type":"Feature","geometry":{"type":"Point","coordinates":[-75.71228,41.91287]},"properties":{"SGL":35,"PGC_REGION":5}},{"type":"Feature","geometry":{"type":"Point","coordinates":[-75.70759,41.94404]},"properties":{"SGL":35,"PGC_REGION":5}},{"type":"Feature","geometry":{"type":"Point","coordinates":[-75.70667,41.95045]},"properties":{"SGL":35,"PGC_REGION":5}},{"type":"Feature","geometry":{"type":"Point","coordinates":[-76.54007,41.63075]},"properties":{"SGL":36,"PGC_REGION":5}},{"type":"Feature","geometry":{"type":"Point","coordinates":[-75.37257,41.04454]},"properties":{"SGL":38,"PGC_REGION":5}},{"type":"Feature","geometry":{"type":"Point","coordinates":[-75.74754,41.04864]},"properties":{"SGL":40,"PGC_REGION":5}},{"type":"Feature","geometry":{"type":"Point","coordinates":[-75.7475,41.04633]},"properties":{"SGL":40,"PGC_REGION":5}},{"type":"Feature","geometry":{"type":"Point","coordinates":[-75.74954,41.05467]},"properties":{"SGL":40,"PGC_REGION":5}},{"type":"Feature","geometry":{"type":"Point","coordinates":[-75.74948,41.05805]},"properties":{"SGL":40,"PGC_REGION":5}},{"type":"Feature","geometry":{"type":"Point","coordinates":[-75.74698,41.0347]},"properties":{"SGL":40,"PGC_REGION":5}},{"type":"Feature","geometry":{"type":"Point","coordinates":[-75.73565,41.06743]},"properties":{"SGL":40,"PGC_REGION":5}},{"type":"Feature","geometry":{"type":"Point","coordinates":[-75.83631,41.12276]},"properties":{"SGL":119,"PGC_REGION":5}},{"type":"Feature","geometry":{"type":"Point","coordinates":[-75.83594,41.12259]},"properties":{"SGL":119,"PGC_REGION":5}},{"type":"Feature","geometry":{"type":"Point","coordinates":[-75.84497,41.12066]},"properties":{"SGL":119,"PGC_REGION":5}},{"type":"Feature","geometry":{"type":"Point","coordinates":[-76.79651,41.92449]},"properties":{"SGL":123,"PGC_REGION":5}},{"type":"Feature","geometry":{"type":"Point","coordinates":[-76.78424,41.89541]},"properties":{"SGL":123,"PGC_REGION":5}},{"type":"Feature","geometry":{"type":"Point","coordinates":[-76.78735,41.90085]},"properties":{"SGL":123,"PGC_REGION":5}},{"type":"Feature","geometry":{"type":"Point","coordinates":[-76.78969,41.9081]},"properties":{"SGL":123,"PGC_REGION":5}},{"type":"Feature","geometry":{"type":"Point","coordinates":[-76.78883,41.91048]},"properties":{"SGL":123,"PGC_REGION":5}},{"type":"Feature","geometry":{"type":"Point","coordinates":[-76.10655,41.91757]},"properties":{"SGL":140,"PGC_REGION":5}},{"type":"Feature","geometry":{"type":"Point","coordinates":[-76.07521,41.93912]},"properties":{"SGL":140,"PGC_REGION":5}},{"type":"Feature","geometry":{"type":"Point","coordinates":[-76.07441,41.94484]},"properties":{"SGL":140,"PGC_REGION":5}},{"type":"Feature","geometry":{"type":"Point","coordinates":[-76.07623,41.94309]},"properties":{"SGL":140,"PGC_REGION":5}},{"type":"Feature","geometry":{"type":"Point","coordinates":[-75.8076,40.88949]},"properties":{"SGL":141,"PGC_REGION":5}},{"type":"Feature","geometry":{"type":"Point","coordinates":[-75.82055,40.90305]},"properties":{"SGL":141,"PGC_REGION":5}},{"type":"Feature","geometry":{"type":"Point","coordinates":[-75.83394,40.89404]},"properties":{"SGL":141,"PGC_REGION":5}},{"type":"Feature","geometry":{"type":"Point","coordinates":[-75.25224,41.72249]},"properties":{"SGL":159,"PGC_REGION":5}},{"type":"Feature","geometry":{"type":"Point","coordinates":[-75.26196,41.74868]},"properties":{"SGL":159,"PGC_REGION":5}},{"type":"Feature","geometry":{"type":"Point","coordinates":[-75.26364,41.77296]},"properties":{"SGL":159,"PGC_REGION":5}},{"type":"Feature","geometry":{"type":"Point","coordinates":[-75.26344,41.771]},"properties":{"SGL":159,"PGC_REGION":5}},{"type":"Feature","geometry":{"type":"Point","coordinates":[-75.25724,41.78253]},"properties":{"SGL":159,"PGC_REGION":5}},{"type":"Feature","geometry":{"type":"Point","coordinates":[-75.2737,41.79201]},"properties":{"SGL":159,"PGC_REGION":5}},{"type":"Feature","geometry":{"type":"Point","coordinates":[-75.28345,41.76417]},"properties":{"SGL":159,"PGC_REGION":5}},{"type":"Feature","geometry":{"type":"Point","coordinates":[-75.2844,41.76454]},"properties":{"SGL":159,"PGC_REGION":5}},{"type":"Feature","geometry":{"type":"Point","coordinates":[-75.13294,41.44489]},"properties":{"SGL":183,"PGC_REGION":5}},{"type":"Feature","geometry":{"type":"Point","coordinates":[-75.1294,41.45261]},"properties":{"SGL":183,"PGC_REGION":5}},{"type":"Feature","geometry":{"type":"Point","coordinates":[-75.16041,41.45202]},"properties":{"SGL":183,"PGC_REGION":5}},{"type":"Feature","geometry":{"type":"Point","coordinates":[-75.33509,40.99518]},"properties":{"SGL":186,"PGC_REGION":5}},{"type":"Feature","geometry":{"type":"Point","coordinates":[-75.33529,40.97843]},"properties":{"SGL":186,"PGC_REGION":5}},{"type":"Feature","geometry":{"type":"Point","coordinates":[-76.24921,41.96314]},"properties":{"SGL":219,"PGC_REGION":5}},{"type":"Feature","geometry":{"type":"Point","coordinates":[-76.24984,41.96353]},"properties":{"SGL":219,"PGC_REGION":5}},{"type":"Feature","geometry":{"type":"Point","coordinates":[-76.2465,41.96571]},"properties":{"SGL":219,"PGC_REGION":5}},{"type":"Feature","geometry":{"type":"Point","coordinates":[-76.24226,41.96822]},"properties":{"SGL":219,"PGC_REGION":5}},{"type":"Feature","geometry":{"type":"Point","coordinates":[-76.238,41.96872]},"properties":{"SGL":219,"PGC_REGION":5}},{"type":"Feature","geometry":{"type":"Point","coordinates":[-76.23216,41.96891]},"properties":{"SGL":219,"PGC_REGION":5}},{"type":"Feature","geometry":{"type":"Point","coordinates":[-76.20544,41.94166]},"properties":{"SGL":219,"PGC_REGION":5}},{"type":"Feature","geometry":{"type":"Point","coordinates":[-76.19659,41.96699]},"properties":{"SGL":219,"PGC_REGION":5}},{"type":"Feature","geometry":{"type":"Point","coordinates":[-76.19587,41.99354]},"properties":{"SGL":219,"PGC_REGION":5}},{"type":"Feature","geometry":{"type":"Point","coordinates":[-76.20094,41.99632]},"properties":{"SGL":219,"PGC_REGION":5}},{"type":"Feature","geometry":{"type":"Point","coordinates":[-76.20157,41.99671]},"properties":{"SGL":219,"PGC_REGION":5}},{"type":"Feature","geometry":{"type":"Point","coordinates":[-76.19565,41.9818]},"properties":{"SGL":219,"PGC_REGION":5}},{"type":"Feature","geometry":{"type":"Point","coordinates":[-76.19402,41.97964]},"properties":{"SGL":219,"PGC_REGION":5}},{"type":"Feature","geometry":{"type":"Point","coordinates":[-76.19133,41.9917]},"properties":{"SGL":219,"PGC_REGION":5}},{"type":"Feature","geometry":{"type":"Point","coordinates":[-76.19274,41.99251]},"properties":{"SGL":219,"PGC_REGION":5}},{"type":"Feature","geometry":{"type":"Point","coordinates":[-76.18987,41.99084]},"properties":{"SGL":219,"PGC_REGION":5}},{"type":"Feature","geometry":{"type":"Point","coordinates":[-76.16802,41.99373]},"properties":{"SGL":219,"PGC_REGION":5}},{"type":"Feature","geometry":{"type":"Point","coordinates":[-76.17943,41.98539]},"properties":{"SGL":219,"PGC_REGION":5}},{"type":"Feature","geometry":{"type":"Point","coordinates":[-76.17793,41.98444]},"properties":{"SGL":219,"PGC_REGION":5}},{"type":"Feature","geometry":{"type":"Point","coordinates":[-76.17474,41.98264]},"properties":{"SGL":219,"PGC_REGION":5}},{"type":"Feature","geometry":{"type":"Point","coordinates":[-76.16438,41.97783]},"properties":{"SGL":219,"PGC_REGION":5}},{"type":"Feature","geometry":{"type":"Point","coordinates":[-76.19413,41.96703]},"properties":{"SGL":219,"PGC_REGION":5}},{"type":"Feature","geometry":{"type":"Point","coordinates":[-76.1897,41.96673]},"properties":{"SGL":219,"PGC_REGION":5}},{"type":"Feature","geometry":{"type":"Point","coordinates":[-75.98073,41.24701]},"properties":{"SGL":224,"PGC_REGION":5}},{"type":"Feature","geometry":{"type":"Point","coordinates":[-75.97995,41.24683]},"properties":{"SGL":224,"PGC_REGION":5}},{"type":"Feature","geometry":{"type":"Point","coordinates":[-76.55985,41.11556]},"properties":{"SGL":226,"PGC_REGION":5}},{"type":"Feature","geometry":{"type":"Point","coordinates":[-76.56255,41.11792]},"properties":{"SGL":226,"PGC_REGION":5}},{"type":"Feature","geometry":{"type":"Point","coordinates":[-76.56471,41.12368]},"properties":{"SGL":226,"PGC_REGION":5}},{"type":"Feature","geometry":{"type":"Point","coordinates":[-75.51943,41.80464]},"properties":{"SGL":236,"PGC_REGION":5}},{"type":"Feature","geometry":{"type":"Point","coordinates":[-75.51538,41.78668]},"properties":{"SGL":236,"PGC_REGION":5}},{"type":"Feature","geometry":{"type":"Point","coordinates":[-75.51115,41.76104]},"properties":{"SGL":236,"PGC_REGION":5}},{"type":"Feature","geometry":{"type":"Point","coordinates":[-75.51396,41.768]},"properties":{"SGL":236,"PGC_REGION":5}},{"type":"Feature","geometry":{"type":"Point","coordinates":[-75.521,41.77424]},"properties":{"SGL":236,"PGC_REGION":5}},{"type":"Feature","geometry":{"type":"Point","coordinates":[-75.53329,41.76893]},"properties":{"SGL":236,"PGC_REGION":5}},{"type":"Feature","geometry":{"type":"Point","coordinates":[-75.53398,41.77357]},"properties":{"SGL":236,"PGC_REGION":5}},{"type":"Feature","geometry":{"type":"Point","coordinates":[-75.5382,41.7659]},"properties":{"SGL":236,"PGC_REGION":5}},{"type":"Feature","geometry":{"type":"Point","coordinates":[-76.61841,41.91227]},"properties":{"SGL":239,"PGC_REGION":5}},{"type":"Feature","geometry":{"type":"Point","coordinates":[-76.61806,41.91326]},"properties":{"SGL":239,"PGC_REGION":5}},{"type":"Feature","geometry":{"type":"Point","coordinates":[-76.61754,41.91537]},"properties":{"SGL":239,"PGC_REGION":5}},{"type":"Feature","geometry":{"type":"Point","coordinates":[-76.62175,41.90772]},"properties":{"SGL":239,"PGC_REGION":5}},{"type":"Feature","geometry":{"type":"Point","coordinates":[-76.62549,41.90786]},"properties":{"SGL":239,"PGC_REGION":5}},{"type":"Feature","geometry":{"type":"Point","coordinates":[-76.6128,41.91625]},"properties":{"SGL":239,"PGC_REGION":5}},{"type":"Feature","geometry":{"type":"Point","coordinates":[-76.60154,41.91664]},"properties":{"SGL":239,"PGC_REGION":5}},{"type":"Feature","geometry":{"type":"Point","coordinates":[-76.34497,41.64407]},"properties":{"SGL":250,"PGC_REGION":5}},{"type":"Feature","geometry":{"type":"Point","coordinates":[-76.33389,41.64823]},"properties":{"SGL":250,"PGC_REGION":5}},{"type":"Feature","geometry":{"type":"Point","coordinates":[-76.1698,41.14791]},"properties":{"SGL":260,"PGC_REGION":5}},{"type":"Feature","geometry":{"type":"Point","coordinates":[-76.19304,41.13863]},"properties":{"SGL":260,"PGC_REGION":5}},{"type":"Feature","geometry":{"type":"Point","coordinates":[-76.17951,41.16192]},"properties":{"SGL":260,"PGC_REGION":5}},{"type":"Feature","geometry":{"type":"Point","coordinates":[-76.24293,41.14073]},"properties":{"SGL":260,"PGC_REGION":5}},{"type":"Feature","geometry":{"type":"Point","coordinates":[-76.16278,41.1356]},"properties":{"SGL":260,"PGC_REGION":5}},{"type":"Feature","geometry":{"type":"Point","coordinates":[-75.47771,41.48228]},"properties":{"SGL":300,"PGC_REGION":5}},{"type":"Feature","geometry":{"type":"Point","coordinates":[-75.51104,41.49386]},"properties":{"SGL":300,"PGC_REGION":5}},{"type":"Feature","geometry":{"type":"Point","coordinates":[-75.46072,41.52748]},"properties":{"SGL":300,"PGC_REGION":5}},{"type":"Feature","geometry":{"type":"Point","coordinates":[-75.44963,41.53823]},"properties":{"SGL":300,"PGC_REGION":5}},{"type":"Feature","geometry":{"type":"Point","coordinates":[-75.51484,41.49224]},"properties":{"SGL":300,"PGC_REGION":5}},{"type":"Feature","geometry":{"type":"Point","coordinates":[-75.5144,41.49138]},"properties":{"SGL":300,"PGC_REGION":5}},{"type":"Feature","geometry":{"type":"Point","coordinates":[-76.76985,41.17498]},"properties":{"SGL":325,"PGC_REGION":5}},{"type":"Feature","geometry":{"type":"Point","coordinates":[-76.76879,41.15868]},"properties":{"SGL":325,"PGC_REGION":5}},{"type":"Feature","geometry":{"type":"Point","coordinates":[-76.76954,41.17295]},"properties":{"SGL":325,"PGC_REGION":5}},{"type":"Feature","geometry":{"type":"Point","coordinates":[-76.29989,40.83438]},"properties":{"SGL":329,"PGC_REGION":5}},{"type":"Feature","geometry":{"type":"Point","coordinates":[-76.29202,40.83217]},"properties":{"SGL":329,"PGC_REGION":5}},{"type":"Feature","geometry":{"type":"Point","coordinates":[-76.27869,40.82974]},"properties":{"SGL":329,"PGC_REGION":5}},{"type":"Feature","geometry":{"type":"Point","coordinates":[-79.73406,39.77111]},"properties":{"SGL":138,"PGC_REGION":2}},{"type":"Feature","geometry":{"type":"Point","coordinates":[-79.74468,39.79371]},"properties":{"SGL":138,"PGC_REGION":2}},{"type":"Feature","geometry":{"type":"Point","coordinates":[-76.40378,40.23697]},"properties":{"SGL":156,"PGC_REGION":6}},{"type":"Feature","geometry":{"type":"Point","coordinates":[-76.37651,40.24117]},"properties":{"SGL":156,"PGC_REGION":6}},{"type":"Feature","geometry":{"type":"Point","coordinates":[-76.36983,40.22849]},"properties":{"SGL":156,"PGC_REGION":6}},{"type":"Feature","geometry":{"type":"Point","coordinates":[-76.36511,40.23012]},"properties":{"SGL":156,"PGC_REGION":6}},{"type":"Feature","geometry":{"type":"Point","coordinates":[-75.64743,40.6582]},"properties":{"SGL":205,"PGC_REGION":6}},{"type":"Feature","geometry":{"type":"Point","coordinates":[-75.64632,40.66284]},"properties":{"SGL":205,"PGC_REGION":6}},{"type":"Feature","geometry":{"type":"Point","coordinates":[-75.63873,40.65918]},"properties":{"SGL":205,"PGC_REGION":6}},{"type":"Feature","geometry":{"type":"Point","coordinates":[-75.64295,40.65142]},"properties":{"SGL":205,"PGC_REGION":6}},{"type":"Feature","geometry":{"type":"Point","coordinates":[-80.3515,39.84108]},"properties":{"SGL":179,"PGC_REGION":2}},{"type":"Feature","geometry":{"type":"Point","coordinates":[-80.36666,39.83449]},"properties":{"SGL":179,"PGC_REGION":2}},{"type":"Feature","geometry":{"type":"Point","coordinates":[-80.37377,39.82556]},"properties":{"SGL":179,"PGC_REGION":2}},{"type":"Feature","geometry":{"type":"Point","coordinates":[-80.3715,39.8209]},"properties":{"SGL":179,"PGC_REGION":2}},{"type":"Feature","geometry":{"type":"Point","coordinates":[-80.39195,39.82151]},"properties":{"SGL":179,"PGC_REGION":2}},{"type":"Feature","geometry":{"type":"Point","coordinates":[-79.63233,40.8988]},"properties":{"SGL":259,"PGC_REGION":2}},{"type":"Feature","geometry":{"type":"Point","coordinates":[-79.63215,40.89548]},"properties":{"SGL":259,"PGC_REGION":2}},{"type":"Feature","geometry":{"type":"Point","coordinates":[-77.75239,41.01163]},"properties":{"SGL":92,"PGC_REGION":3}},{"type":"Feature","geometry":{"type":"Point","coordinates":[-77.70789,41.01662]},"properties":{"SGL":92,"PGC_REGION":3}},{"type":"Feature","geometry":{"type":"Point","coordinates":[-78.49833,40.65336]},"properties":{"SGL":108,"PGC_REGION":2}},{"type":"Feature","geometry":{"type":"Point","coordinates":[-78.49226,40.66894]},"properties":{"SGL":108,"PGC_REGION":2}},{"type":"Feature","geometry":{"type":"Point","coordinates":[-78.49533,40.6572]},"properties":{"SGL":108,"PGC_REGION":2}},{"type":"Feature","geometry":{"type":"Point","coordinates":[-78.48041,40.65454]},"properties":{"SGL":108,"PGC_REGION":2}},{"type":"Feature","geometry":{"type":"Point","coordinates":[-78.48747,40.65147]},"properties":{"SGL":108,"PGC_REGION":2}},{"type":"Feature","geometry":{"type":"Point","coordinates":[-78.49132,40.63716]},"properties":{"SGL":108,"PGC_REGION":2}},{"type":"Feature","geometry":{"type":"Point","coordinates":[-78.49413,40.6314]},"properties":{"SGL":108,"PGC_REGION":2}},{"type":"Feature","geometry":{"type":"Point","coordinates":[-78.43294,40.68918]},"properties":{"SGL":108,"PGC_REGION":2}},{"type":"Feature","geometry":{"type":"Point","coordinates":[-78.40594,40.67522]},"properties":{"SGL":108,"PGC_REGION":2}},{"type":"Feature","geometry":{"type":"Point","coordinates":[-78.40696,40.66881]},"properties":{"SGL":108,"PGC_REGION":2}},{"type":"Feature","geometry":{"type":"Point","coordinates":[-78.42159,40.66267]},"properties":{"SGL":108,"PGC_REGION":2}},{"type":"Feature","geometry":{"type":"Point","coordinates":[-78.42281,40.66299]},"properties":{"SGL":108,"PGC_REGION":2}},{"type":"Feature","geometry":{"type":"Point","coordinates":[-78.40118,40.64476]},"properties":{"SGL":108,"PGC_REGION":2}},{"type":"Feature","geometry":{"type":"Point","coordinates":[-79.38323,39.89268]},"properties":{"SGL":111,"PGC_REGION":2}},{"type":"Feature","geometry":{"type":"Point","coordinates":[-79.37464,39.88808]},"properties":{"SGL":111,"PGC_REGION":2}},{"type":"Feature","geometry":{"type":"Point","coordinates":[-79.37603,39.89206]},"properties":{"SGL":111,"PGC_REGION":2}},{"type":"Feature","geometry":{"type":"Point","coordinates":[-79.34239,39.86799]},"properties":{"SGL":111,"PGC_REGION":2}},{"type":"Feature","geometry":{"type":"Point","coordinates":[-79.34387,39.87099]},"properties":{"SGL":111,"PGC_REGION":2}},{"type":"Feature","geometry":{"type":"Point","coordinates":[-79.34122,39.87409]},"properties":{"SGL":111,"PGC_REGION":2}},{"type":"Feature","geometry":{"type":"Point","coordinates":[-79.35616,39.86158]},"properties":{"SGL":111,"PGC_REGION":2}},{"type":"Feature","geometry":{"type":"Point","coordinates":[-79.38514,39.86984]},"properties":{"SGL":111,"PGC_REGION":2}},{"type":"Feature","geometry":{"type":"Point","coordinates":[-79.38683,39.8779]},"properties":{"SGL":111,"PGC_REGION":2}},{"type":"Feature","geometry":{"type":"Point","coordinates":[-79.38984,39.888]},"properties":{"SGL":111,"PGC_REGION":2}},{"type":"Feature","geometry":{"type":"Point","coordinates":[-79.36704,39.91597]},"properties":{"SGL":111,"PGC_REGION":2}},{"type":"Feature","geometry":{"type":"Point","coordinates":[-76.34345,41.31924]},"properties":{"SGL":13,"PGC_REGION":5}},{"type":"Feature","geometry":{"type":"Point","coordinates":[-76.35862,41.33492]},"properties":{"SGL":13,"PGC_REGION":5}},{"type":"Feature","geometry":{"type":"Point","coordinates":[-76.42975,41.39627]},"properties":{"SGL":13,"PGC_REGION":5}},{"type":"Feature","geometry":{"type":"Point","coordinates":[-76.54971,41.31895]},"properties":{"SGL":13,"PGC_REGION":5}},{"type":"Feature","geometry":{"type":"Point","coordinates":[-76.55379,41.31726]},"properties":{"SGL":13,"PGC_REGION":5}},{"type":"Feature","geometry":{"type":"Point","coordinates":[-76.50604,41.31812]},"properties":{"SGL":13,"PGC_REGION":5}},{"type":"Feature","geometry":{"type":"Point","coordinates":[-76.41252,41.36377]},"properties":{"SGL":13,"PGC_REGION":5}},{"type":"Feature","geometry":{"type":"Point","coordinates":[-76.38998,41.35651]},"properties":{"SGL":13,"PGC_REGION":5}},{"type":"Feature","geometry":{"type":"Point","coordinates":[-76.32715,41.41426]},"properties":{"SGL":13,"PGC_REGION":5}},{"type":"Feature","geometry":{"type":"Point","coordinates":[-76.46484,41.29951]},"properties":{"SGL":13,"PGC_REGION":5}},{"type":"Feature","geometry":{"type":"Point","coordinates":[-76.43981,41.30632]},"properties":{"SGL":13,"PGC_REGION":5}},{"type":"Feature","geometry":{"type":"Point","coordinates":[-76.44138,41.30479]},"properties":{"SGL":13,"PGC_REGION":5}},{"type":"Feature","geometry":{"type":"Point","coordinates":[-76.4441,41.30429]},"properties":{"SGL":13,"PGC_REGION":5}},{"type":"Feature","geometry":{"type":"Point","coordinates":[-76.28084,41.38683]},"properties":{"SGL":13,"PGC_REGION":5}},{"type":"Feature","geometry":{"type":"Point","coordinates":[-76.45086,41.30171]},"properties":{"SGL":13,"PGC_REGION":5}},{"type":"Feature","geometry":{"type":"Point","coordinates":[-76.44501,41.31787]},"properties":{"SGL":13,"PGC_REGION":5}},{"type":"Feature","geometry":{"type":"Point","coordinates":[-76.4616,41.34674]},"properties":{"SGL":13,"PGC_REGION":5}},{"type":"Feature","geometry":{"type":"Point","coordinates":[-76.44394,41.34637]},"properties":{"SGL":13,"PGC_REGION":5}},{"type":"Feature","geometry":{"type":"Point","coordinates":[-76.42204,41.35614]},"properties":{"SGL":13,"PGC_REGION":5}},{"type":"Feature","geometry":{"type":"Point","coordinates":[-76.41184,41.39544]},"properties":{"SGL":13,"PGC_REGION":5}},{"type":"Feature","geometry":{"type":"Point","coordinates":[-76.441,41.38848]},"properties":{"SGL":13,"PGC_REGION":5}},{"type":"Feature","geometry":{"type":"Point","coordinates":[-76.43661,41.39208]},"properties":{"SGL":13,"PGC_REGION":5}},{"type":"Feature","geometry":{"type":"Point","coordinates":[-76.39037,41.42117]},"properties":{"SGL":13,"PGC_REGION":5}},{"type":"Feature","geometry":{"type":"Point","coordinates":[-76.3822,41.4249]},"properties":{"SGL":13,"PGC_REGION":5}},{"type":"Feature","geometry":{"type":"Point","coordinates":[-78.48507,40.61969]},"properties":{"SGL":108,"PGC_REGION":2}},{"type":"Feature","geometry":{"type":"Point","coordinates":[-78.45972,40.61671]},"properties":{"SGL":108,"PGC_REGION":2}},{"type":"Feature","geometry":{"type":"Point","coordinates":[-78.46151,40.61965]},"properties":{"SGL":108,"PGC_REGION":2}},{"type":"Feature","geometry":{"type":"Point","coordinates":[-78.46352,40.62175]},"properties":{"SGL":108,"PGC_REGION":2}},{"type":"Feature","geometry":{"type":"Point","coordinates":[-78.45666,40.61109]},"properties":{"SGL":108,"PGC_REGION":2}},{"type":"Feature","geometry":{"type":"Point","coordinates":[-78.45643,40.61134]},"properties":{"SGL":108,"PGC_REGION":2}},{"type":"Feature","geometry":{"type":"Point","coordinates":[-78.43698,40.61186]},"properties":{"SGL":108,"PGC_REGION":2}},{"type":"Feature","geometry":{"type":"Point","coordinates":[-78.42594,40.60967]},"properties":{"SGL":108,"PGC_REGION":2}},{"type":"Feature","geometry":{"type":"Point","coordinates":[-78.42173,40.61292]},"properties":{"SGL":108,"PGC_REGION":2}},{"type":"Feature","geometry":{"type":"Point","coordinates":[-78.46653,40.64651]},"properties":{"SGL":108,"PGC_REGION":2}},{"type":"Feature","geometry":{"type":"Point","coordinates":[-78.48718,40.62574]},"properties":{"SGL":108,"PGC_REGION":2}},{"type":"Feature","geometry":{"type":"Point","coordinates":[-78.48038,40.63737]},"properties":{"SGL":108,"PGC_REGION":2}},{"type":"Feature","geometry":{"type":"Point","coordinates":[-78.48424,40.6473]},"properties":{"SGL":108,"PGC_REGION":2}},{"type":"Feature","geometry":{"type":"Point","coordinates":[-78.46523,40.67054]},"properties":{"SGL":108,"PGC_REGION":2}},{"type":"Feature","geometry":{"type":"Point","coordinates":[-77.05742,41.21783]},"properties":{"SGL":126,"PGC_REGION":3}},{"type":"Feature","geometry":{"type":"Point","coordinates":[-77.03719,41.21131]},"properties":{"SGL":126,"PGC_REGION":3}},{"type":"Feature","geometry":{"type":"Point","coordinates":[-79.36802,39.9141]},"properties":{"SGL":111,"PGC_REGION":2}},{"type":"Feature","geometry":{"type":"Point","coordinates":[-79.36869,39.91033]},"properties":{"SGL":111,"PGC_REGION":2}},{"type":"Feature","geometry":{"type":"Point","coordinates":[-79.36102,39.91337]},"properties":{"SGL":111,"PGC_REGION":2}},{"type":"Feature","geometry":{"type":"Point","coordinates":[-79.35511,39.90909]},"properties":{"SGL":111,"PGC_REGION":2}},{"type":"Feature","geometry":{"type":"Point","coordinates":[-79.34867,39.90264]},"properties":{"SGL":111,"PGC_REGION":2}},{"type":"Feature","geometry":{"type":"Point","coordinates":[-79.34006,39.89698]},"properties":{"SGL":111,"PGC_REGION":2}},{"type":"Feature","geometry":{"type":"Point","coordinates":[-79.36192,39.89345]},"properties":{"SGL":111,"PGC_REGION":2}},{"type":"Feature","geometry":{"type":"Point","coordinates":[-79.36799,39.90093]},"properties":{"SGL":111,"PGC_REGION":2}},{"type":"Feature","geometry":{"type":"Point","coordinates":[-79.40932,39.87213]},"properties":{"SGL":111,"PGC_REGION":2}},{"type":"Feature","geometry":{"type":"Point","coordinates":[-79.4071,39.86573]},"properties":{"SGL":111,"PGC_REGION":2}},{"type":"Feature","geometry":{"type":"Point","coordinates":[-79.38358,39.85716]},"properties":{"SGL":111,"PGC_REGION":2}},{"type":"Feature","geometry":{"type":"Point","coordinates":[-79.3828,39.89232]},"properties":{"SGL":111,"PGC_REGION":2}},{"type":"Feature","geometry":{"type":"Point","coordinates":[-79.32061,39.85892]},"properties":{"SGL":111,"PGC_REGION":2}},{"type":"Feature","geometry":{"type":"Point","coordinates":[-76.28411,41.38057]},"properties":{"SGL":13,"PGC_REGION":5}},{"type":"Feature","geometry":{"type":"Point","coordinates":[-76.28427,41.37966]},"properties":{"SGL":13,"PGC_REGION":5}},{"type":"Feature","geometry":{"type":"Point","coordinates":[-76.28546,41.37775]},"properties":{"SGL":13,"PGC_REGION":5}},{"type":"Feature","geometry":{"type":"Point","coordinates":[-76.28624,41.41188]},"properties":{"SGL":13,"PGC_REGION":5}},{"type":"Feature","geometry":{"type":"Point","coordinates":[-76.28421,41.40461]},"properties":{"SGL":13,"PGC_REGION":5}},{"type":"Feature","geometry":{"type":"Point","coordinates":[-76.28227,41.40273]},"properties":{"SGL":13,"PGC_REGION":5}},{"type":"Feature","geometry":{"type":"Point","coordinates":[-76.27863,41.38978]},"properties":{"SGL":13,"PGC_REGION":5}},{"type":"Feature","geometry":{"type":"Point","coordinates":[-76.28447,41.38454]},"properties":{"SGL":13,"PGC_REGION":5}},{"type":"Feature","geometry":{"type":"Point","coordinates":[-76.30333,41.39602]},"properties":{"SGL":13,"PGC_REGION":5}},{"type":"Feature","geometry":{"type":"Point","coordinates":[-76.35405,41.42143]},"properties":{"SGL":13,"PGC_REGION":5}},{"type":"Feature","geometry":{"type":"Point","coordinates":[-76.34732,41.43064]},"properties":{"SGL":13,"PGC_REGION":5}},{"type":"Feature","geometry":{"type":"Point","coordinates":[-76.40826,41.39612]},"properties":{"SGL":13,"PGC_REGION":5}},{"type":"Feature","geometry":{"type":"Point","coordinates":[-76.38022,41.37355]},"properties":{"SGL":13,"PGC_REGION":5}},{"type":"Feature","geometry":{"type":"Point","coordinates":[-76.38957,41.36699]},"properties":{"SGL":13,"PGC_REGION":5}},{"type":"Feature","geometry":{"type":"Point","coordinates":[-78.37269,41.34176]},"properties":{"SGL":311,"PGC_REGION":3}},{"type":"Feature","geometry":{"type":"Point","coordinates":[-78.37501,41.34193]},"properties":{"SGL":311,"PGC_REGION":3}},{"type":"Feature","geometry":{"type":"Point","coordinates":[-78.34844,41.34437]},"properties":{"SGL":311,"PGC_REGION":3}},{"type":"Feature","geometry":{"type":"Point","coordinates":[-78.35297,41.34264]},"properties":{"SGL":311,"PGC_REGION":3}},{"type":"Feature","geometry":{"type":"Point","coordinates":[-78.34772,41.3451]},"properties":{"SGL":311,"PGC_REGION":3}},{"type":"Feature","geometry":{"type":"Point","coordinates":[-78.34672,41.34595]},"properties":{"SGL":311,"PGC_REGION":3}},{"type":"Feature","geometry":{"type":"Point","coordinates":[-78.34665,41.34705]},"properties":{"SGL":311,"PGC_REGION":3}},{"type":"Feature","geometry":{"type":"Point","coordinates":[-78.35661,41.35089]},"properties":{"SGL":311,"PGC_REGION":3}},{"type":"Feature","geometry":{"type":"Point","coordinates":[-78.35672,41.3661]},"properties":{"SGL":311,"PGC_REGION":3}},{"type":"Feature","geometry":{"type":"Point","coordinates":[-78.35973,41.3657]},"properties":{"SGL":311,"PGC_REGION":3}},{"type":"Feature","geometry":{"type":"Point","coordinates":[-78.45963,41.31985]},"properties":{"SGL":311,"PGC_REGION":3}},{"type":"Feature","geometry":{"type":"Point","coordinates":[-78.34655,41.32437]},"properties":{"SGL":311,"PGC_REGION":3}},{"type":"Feature","geometry":{"type":"Point","coordinates":[-78.20685,40.78244]},"properties":{"SGL":33,"PGC_REGION":3}},{"type":"Feature","geometry":{"type":"Point","coordinates":[-78.19937,40.78079]},"properties":{"SGL":33,"PGC_REGION":3}},{"type":"Feature","geometry":{"type":"Point","coordinates":[-78.19164,40.78321]},"properties":{"SGL":33,"PGC_REGION":3}},{"type":"Feature","geometry":{"type":"Point","coordinates":[-78.17443,40.79285]},"properties":{"SGL":33,"PGC_REGION":3}},{"type":"Feature","geometry":{"type":"Point","coordinates":[-78.16841,40.79998]},"properties":{"SGL":33,"PGC_REGION":3}},{"type":"Feature","geometry":{"type":"Point","coordinates":[-78.1616,40.81092]},"properties":{"SGL":33,"PGC_REGION":3}},{"type":"Feature","geometry":{"type":"Point","coordinates":[-78.14851,40.82683]},"properties":{"SGL":33,"PGC_REGION":3}},{"type":"Feature","geometry":{"type":"Point","coordinates":[-78.15326,40.82177]},"properties":{"SGL":33,"PGC_REGION":3}},{"type":"Feature","geometry":{"type":"Point","coordinates":[-78.13772,40.88055]},"properties":{"SGL":33,"PGC_REGION":3}},{"type":"Feature","geometry":{"type":"Point","coordinates":[-78.16805,40.86502]},"properties":{"SGL":33,"PGC_REGION":3}},{"type":"Feature","geometry":{"type":"Point","coordinates":[-78.15991,40.85709]},"properties":{"SGL":33,"PGC_REGION":3}},{"type":"Feature","geometry":{"type":"Point","coordinates":[-78.13603,40.84083]},"properties":{"SGL":33,"PGC_REGION":3}},{"type":"Feature","geometry":{"type":"Point","coordinates":[-78.15195,40.85182]},"properties":{"SGL":33,"PGC_REGION":3}},{"type":"Feature","geometry":{"type":"Point","coordinates":[-78.15276,40.8511]},"properties":{"SGL":33,"PGC_REGION":3}},{"type":"Feature","geometry":{"type":"Point","coordinates":[-78.20502,40.86688]},"properties":{"SGL":33,"PGC_REGION":3}},{"type":"Feature","geometry":{"type":"Point","coordinates":[-78.18462,40.86459]},"properties":{"SGL":33,"PGC_REGION":3}},{"type":"Feature","geometry":{"type":"Point","coordinates":[-78.21058,40.82057]},"properties":{"SGL":33,"PGC_REGION":3}},{"type":"Feature","geometry":{"type":"Point","coordinates":[-78.23544,40.78825]},"properties":{"SGL":33,"PGC_REGION":3}},{"type":"Feature","geometry":{"type":"Point","coordinates":[-78.77142,41.16997]},"properties":{"SGL":77,"PGC_REGION":3}},{"type":"Feature","geometry":{"type":"Point","coordinates":[-78.77069,41.16774]},"properties":{"SGL":77,"PGC_REGION":3}},{"type":"Feature","geometry":{"type":"Point","coordinates":[-78.76645,41.16748]},"properties":{"SGL":77,"PGC_REGION":3}},{"type":"Feature","geometry":{"type":"Point","coordinates":[-78.49687,40.71197]},"properties":{"SGL":108,"PGC_REGION":2}},{"type":"Feature","geometry":{"type":"Point","coordinates":[-78.63896,40.65015]},"properties":{"SGL":108,"PGC_REGION":2}},{"type":"Feature","geometry":{"type":"Point","coordinates":[-78.62669,40.64407]},"properties":{"SGL":108,"PGC_REGION":2}},{"type":"Feature","geometry":{"type":"Point","coordinates":[-78.60157,40.64992]},"properties":{"SGL":108,"PGC_REGION":2}},{"type":"Feature","geometry":{"type":"Point","coordinates":[-78.58187,40.66924]},"properties":{"SGL":108,"PGC_REGION":2}},{"type":"Feature","geometry":{"type":"Point","coordinates":[-78.59382,40.66718]},"properties":{"SGL":108,"PGC_REGION":2}},{"type":"Feature","geometry":{"type":"Point","coordinates":[-78.60091,40.6594]},"properties":{"SGL":108,"PGC_REGION":2}},{"type":"Feature","geometry":{"type":"Point","coordinates":[-78.59371,40.67141]},"properties":{"SGL":108,"PGC_REGION":2}},{"type":"Feature","geometry":{"type":"Point","coordinates":[-78.59908,40.67402]},"properties":{"SGL":108,"PGC_REGION":2}},{"type":"Feature","geometry":{"type":"Point","coordinates":[-78.58548,40.68722]},"properties":{"SGL":108,"PGC_REGION":2}},{"type":"Feature","geometry":{"type":"Point","coordinates":[-78.53251,40.65473]},"properties":{"SGL":108,"PGC_REGION":2}},{"type":"Feature","geometry":{"type":"Point","coordinates":[-78.52631,40.65496]},"properties":{"SGL":108,"PGC_REGION":2}},{"type":"Feature","geometry":{"type":"Point","coordinates":[-78.54649,40.65238]},"properties":{"SGL":108,"PGC_REGION":2}},{"type":"Feature","geometry":{"type":"Point","coordinates":[-78.55877,40.64347]},"properties":{"SGL":108,"PGC_REGION":2}},{"type":"Feature","geometry":{"type":"Point","coordinates":[-78.5628,40.64806]},"properties":{"SGL":108,"PGC_REGION":2}},{"type":"Feature","geometry":{"type":"Point","coordinates":[-78.53251,40.65473]},"properties":{"SGL":108,"PGC_REGION":2}},{"type":"Feature","geometry":{"type":"Point","coordinates":[-78.52025,40.65561]},"properties":{"SGL":108,"PGC_REGION":2}},{"type":"Feature","geometry":{"type":"Point","coordinates":[-78.52631,40.65496]},"properties":{"SGL":108,"PGC_REGION":2}},{"type":"Feature","geometry":{"type":"Point","coordinates":[-78.54005,40.65407]},"properties":{"SGL":108,"PGC_REGION":2}},{"type":"Feature","geometry":{"type":"Point","coordinates":[-78.54649,40.65238]},"properties":{"SGL":108,"PGC_REGION":2}},{"type":"Feature","geometry":{"type":"Point","coordinates":[-78.55583,40.6502]},"properties":{"SGL":108,"PGC_REGION":2}},{"type":"Feature","geometry":{"type":"Point","coordinates":[-78.55618,40.63989]},"properties":{"SGL":108,"PGC_REGION":2}},{"type":"Feature","geometry":{"type":"Point","coordinates":[-78.50488,40.66416]},"properties":{"SGL":108,"PGC_REGION":2}},{"type":"Feature","geometry":{"type":"Point","coordinates":[-78.50758,40.66611]},"properties":{"SGL":108,"PGC_REGION":2}},{"type":"Feature","geometry":{"type":"Point","coordinates":[-78.50701,40.6532]},"properties":{"SGL":108,"PGC_REGION":2}},{"type":"Feature","geometry":{"type":"Point","coordinates":[-78.50527,40.65343]},"properties":{"SGL":108,"PGC_REGION":2}},{"type":"Feature","geometry":{"type":"Point","coordinates":[-78.50158,40.65299]},"properties":{"SGL":108,"PGC_REGION":2}},{"type":"Feature","geometry":{"type":"Point","coordinates":[-78.4725,40.66473]},"properties":{"SGL":108,"PGC_REGION":2}},{"type":"Feature","geometry":{"type":"Point","coordinates":[-78.44635,40.64537]},"properties":{"SGL":108,"PGC_REGION":2}},{"type":"Feature","geometry":{"type":"Point","coordinates":[-78.42766,40.67108]},"properties":{"SGL":108,"PGC_REGION":2}},{"type":"Feature","geometry":{"type":"Point","coordinates":[-78.43786,40.67375]},"properties":{"SGL":108,"PGC_REGION":2}},{"type":"Feature","geometry":{"type":"Point","coordinates":[-78.48566,40.62514]},"properties":{"SGL":108,"PGC_REGION":2}},{"type":"Feature","geometry":{"type":"Point","coordinates":[-78.34275,41.34457]},"properties":{"SGL":311,"PGC_REGION":3}},{"type":"Feature","geometry":{"type":"Point","coordinates":[-78.34362,41.34501]},"properties":{"SGL":311,"PGC_REGION":3}},{"type":"Feature","geometry":{"type":"Point","coordinates":[-78.65331,41.14953]},"properties":{"SGL":331,"PGC_REGION":3}},{"type":"Feature","geometry":{"type":"Point","coordinates":[-78.64619,41.13326]},"properties":{"SGL":331,"PGC_REGION":3}},{"type":"Feature","geometry":{"type":"Point","coordinates":[-76.21662,40.52522]},"properties":{"SGL":110,"PGC_REGION":6}},{"type":"Feature","geometry":{"type":"Point","coordinates":[-76.12674,40.5299]},"properties":{"SGL":110,"PGC_REGION":6}},{"type":"Feature","geometry":{"type":"Point","coordinates":[-76.06183,40.57942]},"properties":{"SGL":110,"PGC_REGION":6}},{"type":"Feature","geometry":{"type":"Point","coordinates":[-76.0547,40.55195]},"properties":{"SGL":110,"PGC_REGION":6}},{"type":"Feature","geometry":{"type":"Point","coordinates":[-76.12357,40.53774]},"properties":{"SGL":110,"PGC_REGION":6}},{"type":"Feature","geometry":{"type":"Point","coordinates":[-76.11386,40.55202]},"properties":{"SGL":110,"PGC_REGION":6}},{"type":"Feature","geometry":{"type":"Point","coordinates":[-78.52373,40.65226]},"properties":{"SGL":108,"PGC_REGION":2}},{"type":"Feature","geometry":{"type":"Point","coordinates":[-78.49687,40.71197]},"properties":{"SGL":108,"PGC_REGION":2}},{"type":"Feature","geometry":{"type":"Point","coordinates":[-78.51478,40.6804]},"properties":{"SGL":108,"PGC_REGION":2}},{"type":"Feature","geometry":{"type":"Point","coordinates":[-76.38436,41.44022]},"properties":{"SGL":13,"PGC_REGION":5}},{"type":"Feature","geometry":{"type":"Point","coordinates":[-76.38661,41.43391]},"properties":{"SGL":13,"PGC_REGION":5}},{"type":"Feature","geometry":{"type":"Point","coordinates":[-76.37061,41.43576]},"properties":{"SGL":13,"PGC_REGION":5}},{"type":"Feature","geometry":{"type":"Point","coordinates":[-76.37016,41.44844]},"properties":{"SGL":13,"PGC_REGION":5}},{"type":"Feature","geometry":{"type":"Point","coordinates":[-76.34907,41.31502]},"properties":{"SGL":13,"PGC_REGION":5}},{"type":"Feature","geometry":{"type":"Point","coordinates":[-76.35477,41.32975]},"properties":{"SGL":13,"PGC_REGION":5}},{"type":"Feature","geometry":{"type":"Point","coordinates":[-78.36885,41.3411]},"properties":{"SGL":311,"PGC_REGION":3}},{"type":"Feature","geometry":{"type":"Point","coordinates":[-78.37101,41.3421]},"properties":{"SGL":311,"PGC_REGION":3}},{"type":"Feature","geometry":{"type":"Point","coordinates":[-77.55008,41.07704]},"properties":{"SGL":255,"PGC_REGION":3}},{"type":"Feature","geometry":{"type":"Point","coordinates":[-77.54736,41.0774]},"properties":{"SGL":255,"PGC_REGION":3}},{"type":"Feature","geometry":{"type":"Point","coordinates":[-79.05081,39.98972]},"properties":{"SGL":50,"PGC_REGION":2}},{"type":"Feature","geometry":{"type":"Point","coordinates":[-79.05702,39.93659]},"properties":{"SGL":50,"PGC_REGION":2}},{"type":"Feature","geometry":{"type":"Point","coordinates":[-79.05775,39.93699]},"properties":{"SGL":50,"PGC_REGION":2}},{"type":"Feature","geometry":{"type":"Point","coordinates":[-79.06389,39.93804]},"properties":{"SGL":50,"PGC_REGION":2}},{"type":"Feature","geometry":{"type":"Point","coordinates":[-79.06666,39.93909]},"properties":{"SGL":50,"PGC_REGION":2}},{"type":"Feature","geometry":{"type":"Point","coordinates":[-79.07495,39.94158]},"properties":{"SGL":50,"PGC_REGION":2}},{"type":"Feature","geometry":{"type":"Point","coordinates":[-79.03809,39.97979]},"properties":{"SGL":50,"PGC_REGION":2}},{"type":"Feature","geometry":{"type":"Point","coordinates":[-79.05066,39.99024]},"properties":{"SGL":50,"PGC_REGION":2}},{"type":"Feature","geometry":{"type":"Point","coordinates":[-79.05991,39.96537]},"properties":{"SGL":50,"PGC_REGION":2}},{"type":"Feature","geometry":{"type":"Point","coordinates":[-79.05664,39.96495]},"properties":{"SGL":50,"PGC_REGION":2}},{"type":"Feature","geometry":{"type":"Point","coordinates":[-79.05419,39.96558]},"properties":{"SGL":50,"PGC_REGION":2}},{"type":"Feature","geometry":{"type":"Point","coordinates":[-79.05086,39.96553]},"properties":{"SGL":50,"PGC_REGION":2}},{"type":"Feature","geometry":{"type":"Point","coordinates":[-79.04863,39.965]},"properties":{"SGL":50,"PGC_REGION":2}},{"type":"Feature","geometry":{"type":"Point","coordinates":[-78.84536,40.86616]},"properties":{"SGL":174,"PGC_REGION":2}},{"type":"Feature","geometry":{"type":"Point","coordinates":[-78.83947,40.8711]},"properties":{"SGL":174,"PGC_REGION":2}},{"type":"Feature","geometry":{"type":"Point","coordinates":[-78.82494,40.8753]},"properties":{"SGL":174,"PGC_REGION":2}},{"type":"Feature","geometry":{"type":"Point","coordinates":[-78.82285,40.87413]},"properties":{"SGL":174,"PGC_REGION":2}},{"type":"Feature","geometry":{"type":"Point","coordinates":[-78.81128,40.8681]},"properties":{"SGL":174,"PGC_REGION":2}},{"type":"Feature","geometry":{"type":"Point","coordinates":[-78.80881,40.87725]},"properties":{"SGL":174,"PGC_REGION":2}},{"type":"Feature","geometry":{"type":"Point","coordinates":[-78.80579,40.88186]},"properties":{"SGL":174,"PGC_REGION":2}},{"type":"Feature","geometry":{"type":"Point","coordinates":[-78.81091,40.88917]},"properties":{"SGL":174,"PGC_REGION":2}},{"type":"Feature","geometry":{"type":"Point","coordinates":[-78.85577,40.88186]},"properties":{"SGL":174,"PGC_REGION":2}},{"type":"Feature","geometry":{"type":"Point","coordinates":[-78.85309,40.87826]},"properties":{"SGL":174,"PGC_REGION":2}},{"type":"Feature","geometry":{"type":"Point","coordinates":[-78.83369,40.87998]},"properties":{"SGL":174,"PGC_REGION":2}},{"type":"Feature","geometry":{"type":"Point","coordinates":[-75.81309,40.17454]},"properties":{"SGL":52,"PGC_REGION":6}},{"type":"Feature","geometry":{"type":"Point","coordinates":[-75.79709,40.17471]},"properties":{"SGL":52,"PGC_REGION":6}},{"type":"Feature","geometry":{"type":"Point","coordinates":[-75.73933,40.18912]},"properties":{"SGL":52,"PGC_REGION":6}},{"type":"Feature","geometry":{"type":"Point","coordinates":[-75.80555,40.18412]},"properties":{"SGL":52,"PGC_REGION":6}},{"type":"Feature","geometry":{"type":"Point","coordinates":[-75.80623,40.17488]},"properties":{"SGL":52,"PGC_REGION":6}},{"type":"Feature","geometry":{"type":"Point","coordinates":[-75.79548,40.1728]},"properties":{"SGL":52,"PGC_REGION":6}},{"type":"Feature","geometry":{"type":"Point","coordinates":[-75.7667,40.18741]},"properties":{"SGL":52,"PGC_REGION":6}},{"type":"Feature","geometry":{"type":"Point","coordinates":[-75.77472,40.18763]},"properties":{"SGL":52,"PGC_REGION":6}},{"type":"Feature","geometry":{"type":"Point","coordinates":[-78.9082,40.43609]},"properties":{"SGL":79,"PGC_REGION":2}},{"type":"Feature","geometry":{"type":"Point","coordinates":[-78.91337,40.44086]},"properties":{"SGL":79,"PGC_REGION":2}},{"type":"Feature","geometry":{"type":"Point","coordinates":[-78.92719,40.45818]},"properties":{"SGL":79,"PGC_REGION":2}},{"type":"Feature","geometry":{"type":"Point","coordinates":[-78.90082,40.46501]},"properties":{"SGL":79,"PGC_REGION":2}},{"type":"Feature","geometry":{"type":"Point","coordinates":[-78.90568,40.46814]},"properties":{"SGL":79,"PGC_REGION":2}},{"type":"Feature","geometry":{"type":"Point","coordinates":[-78.88861,40.48304]},"properties":{"SGL":79,"PGC_REGION":2}},{"type":"Feature","geometry":{"type":"Point","coordinates":[-78.86687,40.48722]},"properties":{"SGL":79,"PGC_REGION":2}},{"type":"Feature","geometry":{"type":"Point","coordinates":[-78.86645,40.48007]},"properties":{"SGL":79,"PGC_REGION":2}},{"type":"Feature","geometry":{"type":"Point","coordinates":[-78.88375,40.48398]},"properties":{"SGL":79,"PGC_REGION":2}},{"type":"Feature","geometry":{"type":"Point","coordinates":[-78.89525,40.4883]},"properties":{"SGL":79,"PGC_REGION":2}},{"type":"Feature","geometry":{"type":"Point","coordinates":[-78.89178,40.50547]},"properties":{"SGL":79,"PGC_REGION":2}},{"type":"Feature","geometry":{"type":"Point","coordinates":[-78.81315,40.46195]},"properties":{"SGL":79,"PGC_REGION":2}},{"type":"Feature","geometry":{"type":"Point","coordinates":[-78.8106,40.46142]},"properties":{"SGL":79,"PGC_REGION":2}},{"type":"Feature","geometry":{"type":"Point","coordinates":[-78.97609,40.53961]},"properties":{"SGL":79,"PGC_REGION":2}},{"type":"Feature","geometry":{"type":"Point","coordinates":[-78.98533,40.53]},"properties":{"SGL":79,"PGC_REGION":2}},{"type":"Feature","geometry":{"type":"Point","coordinates":[-79.00229,40.53959]},"properties":{"SGL":79,"PGC_REGION":2}},{"type":"Feature","geometry":{"type":"Point","coordinates":[-78.79529,40.48462]},"properties":{"SGL":79,"PGC_REGION":2}},{"type":"Feature","geometry":{"type":"Point","coordinates":[-80.48108,40.67541]},"properties":{"SGL":173,"PGC_REGION":2}},{"type":"Feature","geometry":{"type":"Point","coordinates":[-80.48026,40.67254]},"properties":{"SGL":173,"PGC_REGION":2}},{"type":"Feature","geometry":{"type":"Point","coordinates":[-80.47997,40.67155]},"properties":{"SGL":173,"PGC_REGION":2}},{"type":"Feature","geometry":{"type":"Point","coordinates":[-80.45904,40.68214]},"properties":{"SGL":173,"PGC_REGION":2}},{"type":"Feature","geometry":{"type":"Point","coordinates":[-80.45904,40.68093]},"properties":{"SGL":173,"PGC_REGION":2}},{"type":"Feature","geometry":{"type":"Point","coordinates":[-80.4599,40.67908]},"properties":{"SGL":173,"PGC_REGION":2}},{"type":"Feature","geometry":{"type":"Point","coordinates":[-80.46042,40.67665]},"properties":{"SGL":173,"PGC_REGION":2}},{"type":"Feature","geometry":{"type":"Point","coordinates":[-80.45994,40.67638]},"properties":{"SGL":173,"PGC_REGION":2}},{"type":"Feature","geometry":{"type":"Point","coordinates":[-80.4569,40.66951]},"properties":{"SGL":173,"PGC_REGION":2}},{"type":"Feature","geometry":{"type":"Point","coordinates":[-80.48089,40.67297]},"properties":{"SGL":173,"PGC_REGION":2}},{"type":"Feature","geometry":{"type":"Point","coordinates":[-80.48169,39.96565]},"properties":{"SGL":302,"PGC_REGION":2}},{"type":"Feature","geometry":{"type":"Point","coordinates":[-80.48176,39.95279]},"properties":{"SGL":302,"PGC_REGION":2}},{"type":"Feature","geometry":{"type":"Point","coordinates":[-80.47639,39.95312]},"properties":{"SGL":302,"PGC_REGION":2}},{"type":"Feature","geometry":{"type":"Point","coordinates":[-80.46338,39.96065]},"properties":{"SGL":302,"PGC_REGION":2}},{"type":"Feature","geometry":{"type":"Point","coordinates":[-80.4605,39.96054]},"properties":{"SGL":302,"PGC_REGION":2}},{"type":"Feature","geometry":{"type":"Point","coordinates":[-80.47914,39.9642]},"properties":{"SGL":302,"PGC_REGION":2}},{"type":"Feature","geometry":{"type":"Point","coordinates":[-78.57906,40.48988]},"properties":{"SGL":279,"PGC_REGION":2}},{"type":"Feature","geometry":{"type":"Point","coordinates":[-76.50239,40.6746]},"properties":{"SGL":132,"PGC_REGION":6}},{"type":"Feature","geometry":{"type":"Point","coordinates":[-76.51698,40.6742]},"properties":{"SGL":132,"PGC_REGION":6}},{"type":"Feature","geometry":{"type":"Point","coordinates":[-75.58407,41.03583]},"properties":{"SGL":129,"PGC_REGION":5}},{"type":"Feature","geometry":{"type":"Point","coordinates":[-75.54209,41.02483]},"properties":{"SGL":129,"PGC_REGION":5}},{"type":"Feature","geometry":{"type":"Point","coordinates":[-75.54367,41.02902]},"properties":{"SGL":129,"PGC_REGION":5}},{"type":"Feature","geometry":{"type":"Point","coordinates":[-75.52166,41.04749]},"properties":{"SGL":129,"PGC_REGION":5}},{"type":"Feature","geometry":{"type":"Point","coordinates":[-75.33325,41.14096]},"properties":{"SGL":221,"PGC_REGION":5}},{"type":"Feature","geometry":{"type":"Point","coordinates":[-75.28792,41.17973]},"properties":{"SGL":221,"PGC_REGION":5}},{"type":"Feature","geometry":{"type":"Point","coordinates":[-75.28881,41.1545]},"properties":{"SGL":221,"PGC_REGION":5}},{"type":"Feature","geometry":{"type":"Point","coordinates":[-75.30628,41.13951]},"properties":{"SGL":221,"PGC_REGION":5}},{"type":"Feature","geometry":{"type":"Point","coordinates":[-78.8812,41.39028]},"properties":{"SGL":44,"PGC_REGION":3}},{"type":"Feature","geometry":{"type":"Point","coordinates":[-78.87483,41.38865]},"properties":{"SGL":44,"PGC_REGION":3}},{"type":"Feature","geometry":{"type":"Point","coordinates":[-78.86332,41.37385]},"properties":{"SGL":44,"PGC_REGION":3}},{"type":"Feature","geometry":{"type":"Point","coordinates":[-78.85983,41.37374]},"properties":{"SGL":44,"PGC_REGION":3}},{"type":"Feature","geometry":{"type":"Point","coordinates":[-78.85933,41.37214]},"properties":{"SGL":44,"PGC_REGION":3}},{"type":"Feature","geometry":{"type":"Point","coordinates":[-78.85837,41.36787]},"properties":{"SGL":44,"PGC_REGION":3}},{"type":"Feature","geometry":{"type":"Point","coordinates":[-78.85671,41.34107]},"properties":{"SGL":44,"PGC_REGION":3}},{"type":"Feature","geometry":{"type":"Point","coordinates":[-78.8219,41.36051]},"properties":{"SGL":44,"PGC_REGION":3}},{"type":"Feature","geometry":{"type":"Point","coordinates":[-78.82873,41.36894]},"properties":{"SGL":44,"PGC_REGION":3}},{"type":"Feature","geometry":{"type":"Point","coordinates":[-78.851,41.36706]},"properties":{"SGL":44,"PGC_REGION":3}},{"type":"Feature","geometry":{"type":"Point","coordinates":[-78.85111,41.36831]},"properties":{"SGL":44,"PGC_REGION":3}},{"type":"Feature","geometry":{"type":"Point","coordinates":[-78.8211,41.36653]},"properties":{"SGL":44,"PGC_REGION":3}},{"type":"Feature","geometry":{"type":"Point","coordinates":[-78.81843,41.35618]},"properties":{"SGL":44,"PGC_REGION":3}},{"type":"Feature","geometry":{"type":"Point","coordinates":[-78.81582,41.35824]},"properties":{"SGL":44,"PGC_REGION":3}},{"type":"Feature","geometry":{"type":"Point","coordinates":[-78.81413,41.35421]},"properties":{"SGL":44,"PGC_REGION":3}},{"type":"Feature","geometry":{"type":"Point","coordinates":[-78.78717,41.34208]},"properties":{"SGL":44,"PGC_REGION":3}},{"type":"Feature","geometry":{"type":"Point","coordinates":[-78.79036,41.32848]},"properties":{"SGL":44,"PGC_REGION":3}},{"type":"Feature","geometry":{"type":"Point","coordinates":[-78.78683,41.31644]},"properties":{"SGL":44,"PGC_REGION":3}},{"type":"Feature","geometry":{"type":"Point","coordinates":[-78.78623,41.30721]},"properties":{"SGL":44,"PGC_REGION":3}},{"type":"Feature","geometry":{"type":"Point","coordinates":[-78.81659,41.30546]},"properties":{"SGL":44,"PGC_REGION":3}},{"type":"Feature","geometry":{"type":"Point","coordinates":[-78.75813,41.32022]},"properties":{"SGL":44,"PGC_REGION":3}},{"type":"Feature","geometry":{"type":"Point","coordinates":[-78.75428,41.32152]},"properties":{"SGL":44,"PGC_REGION":3}},{"type":"Feature","geometry":{"type":"Point","coordinates":[-78.73438,41.28924]},"properties":{"SGL":44,"PGC_REGION":3}},{"type":"Feature","geometry":{"type":"Point","coordinates":[-78.73171,41.28122]},"properties":{"SGL":44,"PGC_REGION":3}},{"type":"Feature","geometry":{"type":"Point","coordinates":[-78.72654,41.30679]},"properties":{"SGL":44,"PGC_REGION":3}},{"type":"Feature","geometry":{"type":"Point","coordinates":[-78.7323,41.31482]},"properties":{"SGL":44,"PGC_REGION":3}},{"type":"Feature","geometry":{"type":"Point","coordinates":[-78.74119,41.32013]},"properties":{"SGL":44,"PGC_REGION":3}},{"type":"Feature","geometry":{"type":"Point","coordinates":[-78.72387,41.31848]},"properties":{"SGL":44,"PGC_REGION":3}},{"type":"Feature","geometry":{"type":"Point","coordinates":[-78.77296,41.35194]},"properties":{"SGL":44,"PGC_REGION":3}},{"type":"Feature","geometry":{"type":"Point","coordinates":[-78.75873,41.36197]},"properties":{"SGL":44,"PGC_REGION":3}},{"type":"Feature","geometry":{"type":"Point","coordinates":[-78.75118,41.36848]},"properties":{"SGL":44,"PGC_REGION":3}},{"type":"Feature","geometry":{"type":"Point","coordinates":[-78.7314,41.36205]},"properties":{"SGL":44,"PGC_REGION":3}},{"type":"Feature","geometry":{"type":"Point","coordinates":[-78.74071,41.38096]},"properties":{"SGL":44,"PGC_REGION":3}},{"type":"Feature","geometry":{"type":"Point","coordinates":[-78.75224,41.39633]},"properties":{"SGL":44,"PGC_REGION":3}},{"type":"Feature","geometry":{"type":"Point","coordinates":[-78.77656,41.38718]},"properties":{"SGL":44,"PGC_REGION":3}},{"type":"Feature","geometry":{"type":"Point","coordinates":[-78.77232,41.38187]},"properties":{"SGL":44,"PGC_REGION":3}},{"type":"Feature","geometry":{"type":"Point","coordinates":[-78.77784,41.37831]},"properties":{"SGL":44,"PGC_REGION":3}},{"type":"Feature","geometry":{"type":"Point","coordinates":[-78.81382,41.37324]},"properties":{"SGL":44,"PGC_REGION":3}},{"type":"Feature","geometry":{"type":"Point","coordinates":[-78.76879,41.39209]},"properties":{"SGL":44,"PGC_REGION":3}},{"type":"Feature","geometry":{"type":"Point","coordinates":[-78.749,41.40776]},"properties":{"SGL":44,"PGC_REGION":3}},{"type":"Feature","geometry":{"type":"Point","coordinates":[-78.69664,41.39683]},"properties":{"SGL":44,"PGC_REGION":3}},{"type":"Feature","geometry":{"type":"Point","coordinates":[-78.69062,41.38654]},"properties":{"SGL":44,"PGC_REGION":3}},{"type":"Feature","geometry":{"type":"Point","coordinates":[-78.68275,41.37891]},"properties":{"SGL":44,"PGC_REGION":3}},{"type":"Feature","geometry":{"type":"Point","coordinates":[-78.69117,41.37091]},"properties":{"SGL":44,"PGC_REGION":3}},{"type":"Feature","geometry":{"type":"Point","coordinates":[-78.66394,41.32268]},"properties":{"SGL":44,"PGC_REGION":3}},{"type":"Feature","geometry":{"type":"Point","coordinates":[-78.67135,41.31446]},"properties":{"SGL":44,"PGC_REGION":3}},{"type":"Feature","geometry":{"type":"Point","coordinates":[-78.66207,41.31965]},"properties":{"SGL":44,"PGC_REGION":3}},{"type":"Feature","geometry":{"type":"Point","coordinates":[-77.41427,41.41589]},"properties":{"SGL":75,"PGC_REGION":3}},{"type":"Feature","geometry":{"type":"Point","coordinates":[-77.35219,41.47449]},"properties":{"SGL":75,"PGC_REGION":3}},{"type":"Feature","geometry":{"type":"Point","coordinates":[-77.36411,41.47249]},"properties":{"SGL":75,"PGC_REGION":3}},{"type":"Feature","geometry":{"type":"Point","coordinates":[-77.3273,41.46955]},"properties":{"SGL":75,"PGC_REGION":3}},{"type":"Feature","geometry":{"type":"Point","coordinates":[-77.3333,41.47197]},"properties":{"SGL":75,"PGC_REGION":3}},{"type":"Feature","geometry":{"type":"Point","coordinates":[-77.30206,41.50378]},"properties":{"SGL":75,"PGC_REGION":3}},{"type":"Feature","geometry":{"type":"Point","coordinates":[-77.32894,41.48352]},"properties":{"SGL":75,"PGC_REGION":3}},{"type":"Feature","geometry":{"type":"Point","coordinates":[-77.37417,41.47479]},"properties":{"SGL":75,"PGC_REGION":3}},{"type":"Feature","geometry":{"type":"Point","coordinates":[-77.36012,41.5299]},"properties":{"SGL":75,"PGC_REGION":3}},{"type":"Feature","geometry":{"type":"Point","coordinates":[-77.3789,41.52994]},"properties":{"SGL":75,"PGC_REGION":3}},{"type":"Feature","geometry":{"type":"Point","coordinates":[-77.31746,41.47646]},"properties":{"SGL":75,"PGC_REGION":3}},{"type":"Feature","geometry":{"type":"Point","coordinates":[-77.32952,41.4839]},"properties":{"SGL":75,"PGC_REGION":3}},{"type":"Feature","geometry":{"type":"Point","coordinates":[-78.2848,40.75618]},"properties":{"SGL":60,"PGC_REGION":3}},{"type":"Feature","geometry":{"type":"Point","coordinates":[-78.2925,40.74596]},"properties":{"SGL":60,"PGC_REGION":3}},{"type":"Feature","geometry":{"type":"Point","coordinates":[-78.27809,40.76769]},"properties":{"SGL":60,"PGC_REGION":3}},{"type":"Feature","geometry":{"type":"Point","coordinates":[-78.23592,40.78854]},"properties":{"SGL":60,"PGC_REGION":3}},{"type":"Feature","geometry":{"type":"Point","coordinates":[-78.25417,40.77141]},"properties":{"SGL":60,"PGC_REGION":3}},{"type":"Feature","geometry":{"type":"Point","coordinates":[-78.2543,40.78104]},"properties":{"SGL":60,"PGC_REGION":3}},{"type":"Feature","geometry":{"type":"Point","coordinates":[-78.2664,40.75125]},"properties":{"SGL":60,"PGC_REGION":3}},{"type":"Feature","geometry":{"type":"Point","coordinates":[-78.28475,40.75864]},"properties":{"SGL":60,"PGC_REGION":3}},{"type":"Feature","geometry":{"type":"Point","coordinates":[-78.27377,40.7704]},"properties":{"SGL":60,"PGC_REGION":3}},{"type":"Feature","geometry":{"type":"Point","coordinates":[-78.25364,40.77021]},"properties":{"SGL":60,"PGC_REGION":3}},{"type":"Feature","geometry":{"type":"Point","coordinates":[-78.28564,40.75183]},"properties":{"SGL":60,"PGC_REGION":3}},{"type":"Feature","geometry":{"type":"Point","coordinates":[-78.41017,40.77818]},"properties":{"SGL":60,"PGC_REGION":3}},{"type":"Feature","geometry":{"type":"Point","coordinates":[-78.43498,40.7699]},"properties":{"SGL":60,"PGC_REGION":3}},{"type":"Feature","geometry":{"type":"Point","coordinates":[-78.44145,40.77628]},"properties":{"SGL":60,"PGC_REGION":3}},{"type":"Feature","geometry":{"type":"Point","coordinates":[-78.25828,40.77437]},"properties":{"SGL":60,"PGC_REGION":3}},{"type":"Feature","geometry":{"type":"Point","coordinates":[-78.24995,40.78453]},"properties":{"SGL":60,"PGC_REGION":3}},{"type":"Feature","geometry":{"type":"Point","coordinates":[-78.28661,40.7514]},"properties":{"SGL":60,"PGC_REGION":3}},{"type":"Feature","geometry":{"type":"Point","coordinates":[-78.27511,40.75252]},"properties":{"SGL":60,"PGC_REGION":3}},{"type":"Feature","geometry":{"type":"Point","coordinates":[-78.26235,40.74733]},"properties":{"SGL":60,"PGC_REGION":3}},{"type":"Feature","geometry":{"type":"Point","coordinates":[-78.25861,40.7449]},"properties":{"SGL":60,"PGC_REGION":3}},{"type":"Feature","geometry":{"type":"Point","coordinates":[-78.2572,40.76861]},"properties":{"SGL":60,"PGC_REGION":3}},{"type":"Feature","geometry":{"type":"Point","coordinates":[-78.26585,40.76831]},"properties":{"SGL":60,"PGC_REGION":3}},{"type":"Feature","geometry":{"type":"Point","coordinates":[-78.2849,40.75834]},"properties":{"SGL":60,"PGC_REGION":3}},{"type":"Feature","geometry":{"type":"Point","coordinates":[-78.29842,40.73435]},"properties":{"SGL":60,"PGC_REGION":3}},{"type":"Feature","geometry":{"type":"Point","coordinates":[-77.04996,40.07118]},"properties":{"SGL":243,"PGC_REGION":4}},{"type":"Feature","geometry":{"type":"Point","coordinates":[-77.0425,40.0693]},"properties":{"SGL":243,"PGC_REGION":4}},{"type":"Feature","geometry":{"type":"Point","coordinates":[-77.03519,40.06759]},"properties":{"SGL":243,"PGC_REGION":4}},{"type":"Feature","geometry":{"type":"Point","coordinates":[-77.053,40.06508]},"properties":{"SGL":243,"PGC_REGION":4}},{"type":"Feature","geometry":{"type":"Point","coordinates":[-77.0392,40.06179]},"properties":{"SGL":243,"PGC_REGION":4}},{"type":"Feature","geometry":{"type":"Point","coordinates":[-77.02878,40.05174]},"properties":{"SGL":243,"PGC_REGION":4}},{"type":"Feature","geometry":{"type":"Point","coordinates":[-77.03381,40.0339]},"properties":{"SGL":243,"PGC_REGION":4}},{"type":"Feature","geometry":{"type":"Point","coordinates":[-77.04378,40.07731]},"properties":{"SGL":243,"PGC_REGION":4}},{"type":"Feature","geometry":{"type":"Point","coordinates":[-77.03183,40.06811]},"properties":{"SGL":243,"PGC_REGION":4}},{"type":"Feature","geometry":{"type":"Point","coordinates":[-77.03156,40.06834]},"properties":{"SGL":243,"PGC_REGION":4}},{"type":"Feature","geometry":{"type":"Point","coordinates":[-78.59698,41.54939]},"properties":{"SGL":25,"PGC_REGION":3}},{"type":"Feature","geometry":{"type":"Point","coordinates":[-78.59809,41.55096]},"properties":{"SGL":25,"PGC_REGION":3}},{"type":"Feature","geometry":{"type":"Point","coordinates":[-78.59837,41.5507]},"properties":{"SGL":25,"PGC_REGION":3}},{"type":"Feature","geometry":{"type":"Point","coordinates":[-78.54016,41.55502]},"properties":{"SGL":25,"PGC_REGION":3}},{"type":"Feature","geometry":{"type":"Point","coordinates":[-78.4927,41.54434]},"properties":{"SGL":25,"PGC_REGION":3}},{"type":"Feature","geometry":{"type":"Point","coordinates":[-78.5109,41.53076]},"properties":{"SGL":25,"PGC_REGION":3}},{"type":"Feature","geometry":{"type":"Point","coordinates":[-78.60715,41.53435]},"properties":{"SGL":25,"PGC_REGION":3}},{"type":"Feature","geometry":{"type":"Point","coordinates":[-78.58451,41.51594]},"properties":{"SGL":25,"PGC_REGION":3}},{"type":"Feature","geometry":{"type":"Point","coordinates":[-78.58402,41.51607]},"properties":{"SGL":25,"PGC_REGION":3}},{"type":"Feature","geometry":{"type":"Point","coordinates":[-78.57515,41.50191]},"properties":{"SGL":25,"PGC_REGION":3}},{"type":"Feature","geometry":{"type":"Point","coordinates":[-78.58103,41.50382]},"properties":{"SGL":25,"PGC_REGION":3}},{"type":"Feature","geometry":{"type":"Point","coordinates":[-78.5791,41.50347]},"properties":{"SGL":25,"PGC_REGION":3}},{"type":"Feature","geometry":{"type":"Point","coordinates":[-78.51258,41.52007]},"properties":{"SGL":25,"PGC_REGION":3}},{"type":"Feature","geometry":{"type":"Point","coordinates":[-78.62392,41.47019]},"properties":{"SGL":25,"PGC_REGION":3}},{"type":"Feature","geometry":{"type":"Point","coordinates":[-78.617,41.46957]},"properties":{"SGL":25,"PGC_REGION":3}},{"type":"Feature","geometry":{"type":"Point","coordinates":[-78.61742,41.46931]},"properties":{"SGL":25,"PGC_REGION":3}},{"type":"Feature","geometry":{"type":"Point","coordinates":[-78.60628,41.46038]},"properties":{"SGL":25,"PGC_REGION":3}},{"type":"Feature","geometry":{"type":"Point","coordinates":[-78.60064,41.46618]},"properties":{"SGL":25,"PGC_REGION":3}},{"type":"Feature","geometry":{"type":"Point","coordinates":[-78.40621,40.68287]},"properties":{"SGL":158,"PGC_REGION":2}},{"type":"Feature","geometry":{"type":"Point","coordinates":[-78.37495,40.69861]},"properties":{"SGL":158,"PGC_REGION":2}},{"type":"Feature","geometry":{"type":"Point","coordinates":[-78.37018,40.70062]},"properties":{"SGL":158,"PGC_REGION":2}},{"type":"Feature","geometry":{"type":"Point","coordinates":[-78.39526,40.68723]},"properties":{"SGL":158,"PGC_REGION":2}},{"type":"Feature","geometry":{"type":"Point","coordinates":[-78.36553,40.65361]},"properties":{"SGL":158,"PGC_REGION":2}},{"type":"Feature","geometry":{"type":"Point","coordinates":[-78.40629,40.66919]},"properties":{"SGL":158,"PGC_REGION":2}},{"type":"Feature","geometry":{"type":"Point","coordinates":[-78.3532,40.72495]},"properties":{"SGL":158,"PGC_REGION":2}},{"type":"Feature","geometry":{"type":"Point","coordinates":[-78.28969,40.68213]},"properties":{"SGL":158,"PGC_REGION":2}},{"type":"Feature","geometry":{"type":"Point","coordinates":[-76.53812,40.5531]},"properties":{"SGL":211,"PGC_REGION":6}},{"type":"Feature","geometry":{"type":"Point","coordinates":[-76.53995,40.5483]},"properties":{"SGL":211,"PGC_REGION":6}},{"type":"Feature","geometry":{"type":"Point","coordinates":[-76.53983,40.52493]},"properties":{"SGL":211,"PGC_REGION":6}},{"type":"Feature","geometry":{"type":"Point","coordinates":[-76.53699,40.52641]},"properties":{"SGL":211,"PGC_REGION":6}},{"type":"Feature","geometry":{"type":"Point","coordinates":[-76.52562,40.52757]},"properties":{"SGL":211,"PGC_REGION":6}},{"type":"Feature","geometry":{"type":"Point","coordinates":[-76.52527,40.52341]},"properties":{"SGL":211,"PGC_REGION":6}},{"type":"Feature","geometry":{"type":"Point","coordinates":[-76.48988,40.54298]},"properties":{"SGL":211,"PGC_REGION":6}},{"type":"Feature","geometry":{"type":"Point","coordinates":[-76.62598,40.47741]},"properties":{"SGL":211,"PGC_REGION":6}},{"type":"Feature","geometry":{"type":"Point","coordinates":[-76.77619,40.45136]},"properties":{"SGL":211,"PGC_REGION":6}},{"type":"Feature","geometry":{"type":"Point","coordinates":[-76.78682,40.44797]},"properties":{"SGL":211,"PGC_REGION":6}},{"type":"Feature","geometry":{"type":"Point","coordinates":[-76.80195,40.44324]},"properties":{"SGL":211,"PGC_REGION":6}},{"type":"Feature","geometry":{"type":"Point","coordinates":[-76.82376,40.43578]},"properties":{"SGL":211,"PGC_REGION":6}},{"type":"Feature","geometry":{"type":"Point","coordinates":[-76.76971,40.39557]},"properties":{"SGL":211,"PGC_REGION":6}},{"type":"Feature","geometry":{"type":"Point","coordinates":[-76.79056,40.39856]},"properties":{"SGL":211,"PGC_REGION":6}},{"type":"Feature","geometry":{"type":"Point","coordinates":[-76.83946,40.42943]},"properties":{"SGL":211,"PGC_REGION":6}},{"type":"Feature","geometry":{"type":"Point","coordinates":[-76.8512,40.4244]},"properties":{"SGL":211,"PGC_REGION":6}},{"type":"Feature","geometry":{"type":"Point","coordinates":[-76.81887,40.40591]},"properties":{"SGL":211,"PGC_REGION":6}},{"type":"Feature","geometry":{"type":"Point","coordinates":[-76.8454,40.42728]},"properties":{"SGL":211,"PGC_REGION":6}},{"type":"Feature","geometry":{"type":"Point","coordinates":[-76.85557,40.42364]},"properties":{"SGL":211,"PGC_REGION":6}},{"type":"Feature","geometry":{"type":"Point","coordinates":[-76.86173,40.42158]},"properties":{"SGL":211,"PGC_REGION":6}},{"type":"Feature","geometry":{"type":"Point","coordinates":[-76.81887,40.40591]},"properties":{"SGL":211,"PGC_REGION":6}},{"type":"Feature","geometry":{"type":"Point","coordinates":[-75.53479,40.80599]},"properties":{"SGL":168,"PGC_REGION":6}},{"type":"Feature","geometry":{"type":"Point","coordinates":[-75.39527,40.84569]},"properties":{"SGL":168,"PGC_REGION":6}},{"type":"Feature","geometry":{"type":"Point","coordinates":[-75.35643,40.83054]},"properties":{"SGL":168,"PGC_REGION":6}},{"type":"Feature","geometry":{"type":"Point","coordinates":[-75.38755,40.8458]},"properties":{"SGL":168,"PGC_REGION":6}},{"type":"Feature","geometry":{"type":"Point","coordinates":[-75.38943,40.84085]},"properties":{"SGL":168,"PGC_REGION":6}},{"type":"Feature","geometry":{"type":"Point","coordinates":[-75.45123,40.80918]},"properties":{"SGL":168,"PGC_REGION":6}},{"type":"Feature","geometry":{"type":"Point","coordinates":[-75.42009,40.81455]},"properties":{"SGL":168,"PGC_REGION":6}},{"type":"Feature","geometry":{"type":"Point","coordinates":[-75.41977,40.84155]},"properties":{"SGL":168,"PGC_REGION":6}},{"type":"Feature","geometry":{"type":"Point","coordinates":[-75.73808,40.74474]},"properties":{"SGL":217,"PGC_REGION":6}},{"type":"Feature","geometry":{"type":"Point","coordinates":[-75.73897,40.74468]},"properties":{"SGL":217,"PGC_REGION":6}},{"type":"Feature","geometry":{"type":"Point","coordinates":[-75.76871,40.71651]},"properties":{"SGL":217,"PGC_REGION":6}},{"type":"Feature","geometry":{"type":"Point","coordinates":[-75.64118,40.76887]},"properties":{"SGL":217,"PGC_REGION":6}},{"type":"Feature","geometry":{"type":"Point","coordinates":[-75.62225,40.7752]},"properties":{"SGL":217,"PGC_REGION":6}},{"type":"Feature","geometry":{"type":"Point","coordinates":[-75.6411,40.76798]},"properties":{"SGL":217,"PGC_REGION":6}},{"type":"Feature","geometry":{"type":"Point","coordinates":[-75.80787,40.70796]},"properties":{"SGL":217,"PGC_REGION":6}},{"type":"Feature","geometry":{"type":"Point","coordinates":[-75.73241,40.76525]},"properties":{"SGL":217,"PGC_REGION":6}},{"type":"Feature","geometry":{"type":"Point","coordinates":[-75.80937,40.71844]},"properties":{"SGL":217,"PGC_REGION":6}},{"type":"Feature","geometry":{"type":"Point","coordinates":[-80.06689,39.81276]},"properties":{"SGL":223,"PGC_REGION":2}},{"type":"Feature","geometry":{"type":"Point","coordinates":[-80.04279,39.81495]},"properties":{"SGL":223,"PGC_REGION":2}},{"type":"Feature","geometry":{"type":"Point","coordinates":[-80.00531,39.78213]},"properties":{"SGL":223,"PGC_REGION":2}},{"type":"Feature","geometry":{"type":"Point","coordinates":[-80.00063,39.79595]},"properties":{"SGL":223,"PGC_REGION":2}},{"type":"Feature","geometry":{"type":"Point","coordinates":[-80.02822,39.78195]},"properties":{"SGL":223,"PGC_REGION":2}},{"type":"Feature","geometry":{"type":"Point","coordinates":[-80.11201,39.85838]},"properties":{"SGL":223,"PGC_REGION":2}},{"type":"Feature","geometry":{"type":"Point","coordinates":[-80.1083,39.8529]},"properties":{"SGL":223,"PGC_REGION":2}},{"type":"Feature","geometry":{"type":"Point","coordinates":[-80.10389,39.86312]},"properties":{"SGL":223,"PGC_REGION":2}},{"type":"Feature","geometry":{"type":"Point","coordinates":[-80.10015,39.86009]},"properties":{"SGL":223,"PGC_REGION":2}},{"type":"Feature","geometry":{"type":"Point","coordinates":[-80.09899,39.85464]},"properties":{"SGL":223,"PGC_REGION":2}},{"type":"Feature","geometry":{"type":"Point","coordinates":[-80.09076,39.84655]},"properties":{"SGL":223,"PGC_REGION":2}},{"type":"Feature","geometry":{"type":"Point","coordinates":[-80.08151,39.8491]},"properties":{"SGL":223,"PGC_REGION":2}},{"type":"Feature","geometry":{"type":"Point","coordinates":[-80.07961,39.86978]},"properties":{"SGL":223,"PGC_REGION":2}},{"type":"Feature","geometry":{"type":"Point","coordinates":[-80.05106,39.84658]},"properties":{"SGL":223,"PGC_REGION":2}},{"type":"Feature","geometry":{"type":"Point","coordinates":[-80.06152,39.84561]},"properties":{"SGL":223,"PGC_REGION":2}},{"type":"Feature","geometry":{"type":"Point","coordinates":[-80.06088,39.84185]},"properties":{"SGL":223,"PGC_REGION":2}},{"type":"Feature","geometry":{"type":"Point","coordinates":[-80.02964,39.83715]},"properties":{"SGL":223,"PGC_REGION":2}},{"type":"Feature","geometry":{"type":"Point","coordinates":[-80.02397,39.84514]},"properties":{"SGL":223,"PGC_REGION":2}},{"type":"Feature","geometry":{"type":"Point","coordinates":[-80.00471,39.85197]},"properties":{"SGL":223,"PGC_REGION":2}},{"type":"Feature","geometry":{"type":"Point","coordinates":[-80.00066,39.8553]},"properties":{"SGL":223,"PGC_REGION":2}},{"type":"Feature","geometry":{"type":"Point","coordinates":[-80.00702,39.85172]},"properties":{"SGL":223,"PGC_REGION":2}},{"type":"Feature","geometry":{"type":"Point","coordinates":[-80.09691,39.80862]},"properties":{"SGL":223,"PGC_REGION":2}},{"type":"Feature","geometry":{"type":"Point","coordinates":[-80.08951,39.81684]},"properties":{"SGL":223,"PGC_REGION":2}},{"type":"Feature","geometry":{"type":"Point","coordinates":[-80.08204,39.8103]},"properties":{"SGL":223,"PGC_REGION":2}},{"type":"Feature","geometry":{"type":"Point","coordinates":[-80.07615,39.81052]},"properties":{"SGL":223,"PGC_REGION":2}},{"type":"Feature","geometry":{"type":"Point","coordinates":[-80.06588,39.81327]},"properties":{"SGL":223,"PGC_REGION":2}},{"type":"Feature","geometry":{"type":"Point","coordinates":[-80.06653,39.82186]},"properties":{"SGL":223,"PGC_REGION":2}},{"type":"Feature","geometry":{"type":"Point","coordinates":[-80.05575,39.80713]},"properties":{"SGL":223,"PGC_REGION":2}},{"type":"Feature","geometry":{"type":"Point","coordinates":[-80.04225,39.8069]},"properties":{"SGL":223,"PGC_REGION":2}},{"type":"Feature","geometry":{"type":"Point","coordinates":[-80.04054,39.80577]},"properties":{"SGL":223,"PGC_REGION":2}},{"type":"Feature","geometry":{"type":"Point","coordinates":[-80.03307,39.78505]},"properties":{"SGL":223,"PGC_REGION":2}},{"type":"Feature","geometry":{"type":"Point","coordinates":[-80.03009,39.7856]},"properties":{"SGL":223,"PGC_REGION":2}},{"type":"Feature","geometry":{"type":"Point","coordinates":[-80.02454,39.77209]},"properties":{"SGL":223,"PGC_REGION":2}},{"type":"Feature","geometry":{"type":"Point","coordinates":[-80.01368,39.77444]},"properties":{"SGL":223,"PGC_REGION":2}},{"type":"Feature","geometry":{"type":"Point","coordinates":[-80.01769,39.76291]},"properties":{"SGL":223,"PGC_REGION":2}},{"type":"Feature","geometry":{"type":"Point","coordinates":[-79.99554,39.775]},"properties":{"SGL":223,"PGC_REGION":2}},{"type":"Feature","geometry":{"type":"Point","coordinates":[-80.00731,39.79488]},"properties":{"SGL":223,"PGC_REGION":2}},{"type":"Feature","geometry":{"type":"Point","coordinates":[-80.05014,39.81144]},"properties":{"SGL":223,"PGC_REGION":2}},{"type":"Feature","geometry":{"type":"Point","coordinates":[-80.05062,39.81128]},"properties":{"SGL":223,"PGC_REGION":2}},{"type":"Feature","geometry":{"type":"Point","coordinates":[-80.05197,39.80641]},"properties":{"SGL":223,"PGC_REGION":2}},{"type":"Feature","geometry":{"type":"Point","coordinates":[-80.05936,39.80784]},"properties":{"SGL":223,"PGC_REGION":2}},{"type":"Feature","geometry":{"type":"Point","coordinates":[-80.07923,39.80139]},"properties":{"SGL":223,"PGC_REGION":2}},{"type":"Feature","geometry":{"type":"Point","coordinates":[-80.07641,39.81017]},"properties":{"SGL":223,"PGC_REGION":2}},{"type":"Feature","geometry":{"type":"Point","coordinates":[-80.07615,39.81052]},"properties":{"SGL":223,"PGC_REGION":2}},{"type":"Feature","geometry":{"type":"Point","coordinates":[-80.09046,39.81661]},"properties":{"SGL":223,"PGC_REGION":2}},{"type":"Feature","geometry":{"type":"Point","coordinates":[-80.11202,39.8584]},"properties":{"SGL":223,"PGC_REGION":2}},{"type":"Feature","geometry":{"type":"Point","coordinates":[-80.10386,39.86306]},"properties":{"SGL":223,"PGC_REGION":2}},{"type":"Feature","geometry":{"type":"Point","coordinates":[-80.08071,39.86507]},"properties":{"SGL":223,"PGC_REGION":2}},{"type":"Feature","geometry":{"type":"Point","coordinates":[-80.06663,39.82171]},"properties":{"SGL":223,"PGC_REGION":2}},{"type":"Feature","geometry":{"type":"Point","coordinates":[-80.00063,39.8553]},"properties":{"SGL":223,"PGC_REGION":2}},{"type":"Feature","geometry":{"type":"Point","coordinates":[-80.00469,39.8519]},"properties":{"SGL":223,"PGC_REGION":2}},{"type":"Feature","geometry":{"type":"Point","coordinates":[-80.00717,39.85173]},"properties":{"SGL":223,"PGC_REGION":2}},{"type":"Feature","geometry":{"type":"Point","coordinates":[-80.01215,39.80631]},"properties":{"SGL":223,"PGC_REGION":2}},{"type":"Feature","geometry":{"type":"Point","coordinates":[-80.02867,39.79463]},"properties":{"SGL":223,"PGC_REGION":2}},{"type":"Feature","geometry":{"type":"Point","coordinates":[-80.03342,39.7929]},"properties":{"SGL":223,"PGC_REGION":2}},{"type":"Feature","geometry":{"type":"Point","coordinates":[-80.03464,39.796]},"properties":{"SGL":223,"PGC_REGION":2}},{"type":"Feature","geometry":{"type":"Point","coordinates":[-80.0408,39.80574]},"properties":{"SGL":223,"PGC_REGION":2}},{"type":"Feature","geometry":{"type":"Point","coordinates":[-80.05214,39.80525]},"properties":{"SGL":223,"PGC_REGION":2}},{"type":"Feature","geometry":{"type":"Point","coordinates":[-80.03313,39.78509]},"properties":{"SGL":223,"PGC_REGION":2}},{"type":"Feature","geometry":{"type":"Point","coordinates":[-80.01102,39.77559]},"properties":{"SGL":223,"PGC_REGION":2}},{"type":"Feature","geometry":{"type":"Point","coordinates":[-75.41805,41.2628]},"properties":{"SGL":312,"PGC_REGION":5}},{"type":"Feature","geometry":{"type":"Point","coordinates":[-75.45189,41.2681]},"properties":{"SGL":312,"PGC_REGION":5}},{"type":"Feature","geometry":{"type":"Point","coordinates":[-75.42885,41.25545]},"properties":{"SGL":312,"PGC_REGION":5}},{"type":"Feature","geometry":{"type":"Point","coordinates":[-75.41008,41.25698]},"properties":{"SGL":312,"PGC_REGION":5}},{"type":"Feature","geometry":{"type":"Point","coordinates":[-77.98409,40.78616]},"properties":{"SGL":176,"PGC_REGION":3}},{"type":"Feature","geometry":{"type":"Point","coordinates":[-78.00919,40.77824]},"properties":{"SGL":176,"PGC_REGION":3}},{"type":"Feature","geometry":{"type":"Point","coordinates":[-78.01584,40.76641]},"properties":{"SGL":176,"PGC_REGION":3}},{"type":"Feature","geometry":{"type":"Point","coordinates":[-77.99365,40.78595]},"properties":{"SGL":176,"PGC_REGION":3}},{"type":"Feature","geometry":{"type":"Point","coordinates":[-77.99877,40.78626]},"properties":{"SGL":176,"PGC_REGION":3}},{"type":"Feature","geometry":{"type":"Point","coordinates":[-77.98786,40.75362]},"properties":{"SGL":176,"PGC_REGION":3}},{"type":"Feature","geometry":{"type":"Point","coordinates":[-77.94629,40.79826]},"properties":{"SGL":176,"PGC_REGION":3}},{"type":"Feature","geometry":{"type":"Point","coordinates":[-77.94667,40.79703]},"properties":{"SGL":176,"PGC_REGION":3}},{"type":"Feature","geometry":{"type":"Point","coordinates":[-77.94738,40.79502]},"properties":{"SGL":176,"PGC_REGION":3}},{"type":"Feature","geometry":{"type":"Point","coordinates":[-77.9487,40.79194]},"properties":{"SGL":176,"PGC_REGION":3}},{"type":"Feature","geometry":{"type":"Point","coordinates":[-77.95007,40.78523]},"properties":{"SGL":176,"PGC_REGION":3}},{"type":"Feature","geometry":{"type":"Point","coordinates":[-77.95184,40.78065]},"properties":{"SGL":176,"PGC_REGION":3}},{"type":"Feature","geometry":{"type":"Point","coordinates":[-77.95203,40.7807]},"properties":{"SGL":176,"PGC_REGION":3}},{"type":"Feature","geometry":{"type":"Point","coordinates":[-77.96111,40.77489]},"properties":{"SGL":176,"PGC_REGION":3}},{"type":"Feature","geometry":{"type":"Point","coordinates":[-77.96413,40.77302]},"properties":{"SGL":176,"PGC_REGION":3}},{"type":"Feature","geometry":{"type":"Point","coordinates":[-77.96482,40.77236]},"properties":{"SGL":176,"PGC_REGION":3}},{"type":"Feature","geometry":{"type":"Point","coordinates":[-77.96605,40.77127]},"properties":{"SGL":176,"PGC_REGION":3}},{"type":"Feature","geometry":{"type":"Point","coordinates":[-77.97078,40.76567]},"properties":{"SGL":176,"PGC_REGION":3}},{"type":"Feature","geometry":{"type":"Point","coordinates":[-77.97257,40.75559]},"properties":{"SGL":176,"PGC_REGION":3}},{"type":"Feature","geometry":{"type":"Point","coordinates":[-77.9793,40.75644]},"properties":{"SGL":176,"PGC_REGION":3}},{"type":"Feature","geometry":{"type":"Point","coordinates":[-75.89338,40.78427]},"properties":{"SGL":257,"PGC_REGION":6}},{"type":"Feature","geometry":{"type":"Point","coordinates":[-75.93794,40.76776]},"properties":{"SGL":257,"PGC_REGION":6}},{"type":"Feature","geometry":{"type":"Point","coordinates":[-75.95494,40.77063]},"properties":{"SGL":257,"PGC_REGION":6}},{"type":"Feature","geometry":{"type":"Point","coordinates":[-75.98886,40.7646]},"properties":{"SGL":257,"PGC_REGION":6}},{"type":"Feature","geometry":{"type":"Point","coordinates":[-76.00217,40.74989]},"properties":{"SGL":257,"PGC_REGION":6}},{"type":"Feature","geometry":{"type":"Point","coordinates":[-75.99358,40.76019]},"properties":{"SGL":257,"PGC_REGION":6}},{"type":"Feature","geometry":{"type":"Point","coordinates":[-75.98373,40.75119]},"properties":{"SGL":257,"PGC_REGION":6}},{"type":"Feature","geometry":{"type":"Point","coordinates":[-75.99783,40.76418]},"properties":{"SGL":257,"PGC_REGION":6}},{"type":"Feature","geometry":{"type":"Point","coordinates":[-75.98765,40.7696]},"properties":{"SGL":257,"PGC_REGION":6}},{"type":"Feature","geometry":{"type":"Point","coordinates":[-78.66395,40.236]},"properties":{"SGL":26,"PGC_REGION":4}},{"type":"Feature","geometry":{"type":"Point","coordinates":[-78.64165,40.29852]},"properties":{"SGL":26,"PGC_REGION":4}},{"type":"Feature","geometry":{"type":"Point","coordinates":[-78.64135,40.29887]},"properties":{"SGL":26,"PGC_REGION":4}},{"type":"Feature","geometry":{"type":"Point","coordinates":[-78.6583,40.24399]},"properties":{"SGL":26,"PGC_REGION":4}},{"type":"Feature","geometry":{"type":"Point","coordinates":[-78.65122,40.2472]},"properties":{"SGL":26,"PGC_REGION":4}},{"type":"Feature","geometry":{"type":"Point","coordinates":[-78.63818,40.28333]},"properties":{"SGL":26,"PGC_REGION":4}},{"type":"Feature","geometry":{"type":"Point","coordinates":[-78.64008,40.28652]},"properties":{"SGL":26,"PGC_REGION":4}},{"type":"Feature","geometry":{"type":"Point","coordinates":[-78.62286,40.34189]},"properties":{"SGL":26,"PGC_REGION":4}},{"type":"Feature","geometry":{"type":"Point","coordinates":[-78.62655,40.31154]},"properties":{"SGL":26,"PGC_REGION":4}},{"type":"Feature","geometry":{"type":"Point","coordinates":[-78.63172,40.33923]},"properties":{"SGL":26,"PGC_REGION":4}},{"type":"Feature","geometry":{"type":"Point","coordinates":[-78.59813,40.29507]},"properties":{"SGL":26,"PGC_REGION":4}},{"type":"Feature","geometry":{"type":"Point","coordinates":[-78.58002,40.31497]},"properties":{"SGL":26,"PGC_REGION":4}},{"type":"Feature","geometry":{"type":"Point","coordinates":[-78.59005,40.32655]},"properties":{"SGL":26,"PGC_REGION":4}},{"type":"Feature","geometry":{"type":"Point","coordinates":[-78.60449,40.32156]},"properties":{"SGL":26,"PGC_REGION":4}},{"type":"Feature","geometry":{"type":"Point","coordinates":[-78.58615,40.29959]},"properties":{"SGL":26,"PGC_REGION":4}},{"type":"Feature","geometry":{"type":"Point","coordinates":[-78.65992,40.29413]},"properties":{"SGL":26,"PGC_REGION":4}},{"type":"Feature","geometry":{"type":"Point","coordinates":[-78.41,40.22675]},"properties":{"SGL":41,"PGC_REGION":4}},{"type":"Feature","geometry":{"type":"Point","coordinates":[-78.40519,40.23051]},"properties":{"SGL":41,"PGC_REGION":4}},{"type":"Feature","geometry":{"type":"Point","coordinates":[-78.38103,40.26954]},"properties":{"SGL":41,"PGC_REGION":4}},{"type":"Feature","geometry":{"type":"Point","coordinates":[-78.40384,40.25328]},"properties":{"SGL":41,"PGC_REGION":4}},{"type":"Feature","geometry":{"type":"Point","coordinates":[-78.40764,40.25595]},"properties":{"SGL":41,"PGC_REGION":4}},{"type":"Feature","geometry":{"type":"Point","coordinates":[-78.41073,40.25704]},"properties":{"SGL":41,"PGC_REGION":4}},{"type":"Feature","geometry":{"type":"Point","coordinates":[-78.38921,40.24266]},"properties":{"SGL":41,"PGC_REGION":4}},{"type":"Feature","geometry":{"type":"Point","coordinates":[-78.39658,40.24866]},"properties":{"SGL":41,"PGC_REGION":4}},{"type":"Feature","geometry":{"type":"Point","coordinates":[-78.44863,40.27702]},"properties":{"SGL":41,"PGC_REGION":4}},{"type":"Feature","geometry":{"type":"Point","coordinates":[-78.44554,40.27936]},"properties":{"SGL":41,"PGC_REGION":4}},{"type":"Feature","geometry":{"type":"Point","coordinates":[-78.43013,40.28739]},"properties":{"SGL":41,"PGC_REGION":4}},{"type":"Feature","geometry":{"type":"Point","coordinates":[-78.64332,39.90154]},"properties":{"SGL":48,"PGC_REGION":4}},{"type":"Feature","geometry":{"type":"Point","coordinates":[-78.58426,39.9738]},"properties":{"SGL":48,"PGC_REGION":4}},{"type":"Feature","geometry":{"type":"Point","coordinates":[-78.66164,39.87622]},"properties":{"SGL":48,"PGC_REGION":4}},{"type":"Feature","geometry":{"type":"Point","coordinates":[-78.57679,39.9765]},"properties":{"SGL":48,"PGC_REGION":4}},{"type":"Feature","geometry":{"type":"Point","coordinates":[-78.6114,39.90118]},"properties":{"SGL":48,"PGC_REGION":4}},{"type":"Feature","geometry":{"type":"Point","coordinates":[-78.63447,39.87864]},"properties":{"SGL":48,"PGC_REGION":4}},{"type":"Feature","geometry":{"type":"Point","coordinates":[-78.63328,39.88022]},"properties":{"SGL":48,"PGC_REGION":4}},{"type":"Feature","geometry":{"type":"Point","coordinates":[-78.65381,39.86486]},"properties":{"SGL":48,"PGC_REGION":4}},{"type":"Feature","geometry":{"type":"Point","coordinates":[-78.63572,39.91718]},"properties":{"SGL":48,"PGC_REGION":4}},{"type":"Feature","geometry":{"type":"Point","coordinates":[-78.63974,39.90923]},"properties":{"SGL":48,"PGC_REGION":4}},{"type":"Feature","geometry":{"type":"Point","coordinates":[-78.63708,39.89992]},"properties":{"SGL":48,"PGC_REGION":4}},{"type":"Feature","geometry":{"type":"Point","coordinates":[-78.63443,39.89528]},"properties":{"SGL":48,"PGC_REGION":4}},{"type":"Feature","geometry":{"type":"Point","coordinates":[-78.64724,39.8962]},"properties":{"SGL":48,"PGC_REGION":4}},{"type":"Feature","geometry":{"type":"Point","coordinates":[-78.57214,39.97977]},"properties":{"SGL":48,"PGC_REGION":4}},{"type":"Feature","geometry":{"type":"Point","coordinates":[-78.64268,39.9037]},"properties":{"SGL":48,"PGC_REGION":4}},{"type":"Feature","geometry":{"type":"Point","coordinates":[-78.04785,39.93137]},"properties":{"SGL":53,"PGC_REGION":4}},{"type":"Feature","geometry":{"type":"Point","coordinates":[-78.05013,39.91968]},"properties":{"SGL":53,"PGC_REGION":4}},{"type":"Feature","geometry":{"type":"Point","coordinates":[-78.05242,39.91156]},"properties":{"SGL":53,"PGC_REGION":4}},{"type":"Feature","geometry":{"type":"Point","coordinates":[-78.05712,39.90477]},"properties":{"SGL":53,"PGC_REGION":4}},{"type":"Feature","geometry":{"type":"Point","coordinates":[-78.05608,39.90502]},"properties":{"SGL":53,"PGC_REGION":4}},{"type":"Feature","geometry":{"type":"Point","coordinates":[-78.03276,39.96946]},"properties":{"SGL":53,"PGC_REGION":4}},{"type":"Feature","geometry":{"type":"Point","coordinates":[-78.05044,39.92018]},"properties":{"SGL":53,"PGC_REGION":4}},{"type":"Feature","geometry":{"type":"Point","coordinates":[-78.05731,39.90458]},"properties":{"SGL":53,"PGC_REGION":4}},{"type":"Feature","geometry":{"type":"Point","coordinates":[-78.05028,39.90213]},"properties":{"SGL":53,"PGC_REGION":4}},{"type":"Feature","geometry":{"type":"Point","coordinates":[-78.05109,39.9006]},"properties":{"SGL":53,"PGC_REGION":4}},{"type":"Feature","geometry":{"type":"Point","coordinates":[-78.04317,39.92897]},"properties":{"SGL":53,"PGC_REGION":4}},{"type":"Feature","geometry":{"type":"Point","coordinates":[-78.04879,39.91807]},"properties":{"SGL":53,"PGC_REGION":4}},{"type":"Feature","geometry":{"type":"Point","coordinates":[-78.06988,39.934]},"properties":{"SGL":53,"PGC_REGION":4}},{"type":"Feature","geometry":{"type":"Point","coordinates":[-78.23225,39.88003]},"properties":{"SGL":65,"PGC_REGION":4}},{"type":"Feature","geometry":{"type":"Point","coordinates":[-78.22496,39.86631]},"properties":{"SGL":65,"PGC_REGION":4}},{"type":"Feature","geometry":{"type":"Point","coordinates":[-78.20293,39.9039]},"properties":{"SGL":65,"PGC_REGION":4}},{"type":"Feature","geometry":{"type":"Point","coordinates":[-78.19585,39.91235]},"properties":{"SGL":65,"PGC_REGION":4}},{"type":"Feature","geometry":{"type":"Point","coordinates":[-78.20396,39.90465]},"properties":{"SGL":65,"PGC_REGION":4}},{"type":"Feature","geometry":{"type":"Point","coordinates":[-78.20728,39.9115]},"properties":{"SGL":65,"PGC_REGION":4}},{"type":"Feature","geometry":{"type":"Point","coordinates":[-78.21182,39.92605]},"properties":{"SGL":65,"PGC_REGION":4}},{"type":"Feature","geometry":{"type":"Point","coordinates":[-78.20895,39.92364]},"properties":{"SGL":65,"PGC_REGION":4}},{"type":"Feature","geometry":{"type":"Point","coordinates":[-78.20809,39.92224]},"properties":{"SGL":65,"PGC_REGION":4}},{"type":"Feature","geometry":{"type":"Point","coordinates":[-78.2059,39.91448]},"properties":{"SGL":65,"PGC_REGION":4}},{"type":"Feature","geometry":{"type":"Point","coordinates":[-78.19351,39.93269]},"properties":{"SGL":65,"PGC_REGION":4}},{"type":"Feature","geometry":{"type":"Point","coordinates":[-78.1913,39.93609]},"properties":{"SGL":65,"PGC_REGION":4}},{"type":"Feature","geometry":{"type":"Point","coordinates":[-78.22146,39.89913]},"properties":{"SGL":65,"PGC_REGION":4}},{"type":"Feature","geometry":{"type":"Point","coordinates":[-78.22561,39.89802]},"properties":{"SGL":65,"PGC_REGION":4}},{"type":"Feature","geometry":{"type":"Point","coordinates":[-78.22872,39.89422]},"properties":{"SGL":65,"PGC_REGION":4}},{"type":"Feature","geometry":{"type":"Point","coordinates":[-78.19692,40.24845]},"properties":{"SGL":67,"PGC_REGION":4}},{"type":"Feature","geometry":{"type":"Point","coordinates":[-78.19162,40.25641]},"properties":{"SGL":67,"PGC_REGION":4}},{"type":"Feature","geometry":{"type":"Point","coordinates":[-78.18288,40.21882]},"properties":{"SGL":67,"PGC_REGION":4}},{"type":"Feature","geometry":{"type":"Point","coordinates":[-78.1801,40.25053]},"properties":{"SGL":67,"PGC_REGION":4}},{"type":"Feature","geometry":{"type":"Point","coordinates":[-78.14715,40.25907]},"properties":{"SGL":67,"PGC_REGION":4}},{"type":"Feature","geometry":{"type":"Point","coordinates":[-78.15549,40.25732]},"properties":{"SGL":67,"PGC_REGION":4}},{"type":"Feature","geometry":{"type":"Point","coordinates":[-78.1259,40.23418]},"properties":{"SGL":67,"PGC_REGION":4}},{"type":"Feature","geometry":{"type":"Point","coordinates":[-78.13804,40.22616]},"properties":{"SGL":67,"PGC_REGION":4}},{"type":"Feature","geometry":{"type":"Point","coordinates":[-78.15309,40.24877]},"properties":{"SGL":67,"PGC_REGION":4}},{"type":"Feature","geometry":{"type":"Point","coordinates":[-78.15221,40.2514]},"properties":{"SGL":67,"PGC_REGION":4}},{"type":"Feature","geometry":{"type":"Point","coordinates":[-78.15325,40.24648]},"properties":{"SGL":67,"PGC_REGION":4}},{"type":"Feature","geometry":{"type":"Point","coordinates":[-78.1539,40.25368]},"properties":{"SGL":67,"PGC_REGION":4}},{"type":"Feature","geometry":{"type":"Point","coordinates":[-78.15293,40.25822]},"properties":{"SGL":67,"PGC_REGION":4}},{"type":"Feature","geometry":{"type":"Point","coordinates":[-78.15272,40.25815]},"properties":{"SGL":67,"PGC_REGION":4}},{"type":"Feature","geometry":{"type":"Point","coordinates":[-78.1379,40.25449]},"properties":{"SGL":67,"PGC_REGION":4}},{"type":"Feature","geometry":{"type":"Point","coordinates":[-78.13284,40.23277]},"properties":{"SGL":67,"PGC_REGION":4}},{"type":"Feature","geometry":{"type":"Point","coordinates":[-78.12845,40.23522]},"properties":{"SGL":67,"PGC_REGION":4}},{"type":"Feature","geometry":{"type":"Point","coordinates":[-78.19586,40.25066]},"properties":{"SGL":67,"PGC_REGION":4}},{"type":"Feature","geometry":{"type":"Point","coordinates":[-78.16478,40.23501]},"properties":{"SGL":67,"PGC_REGION":4}},{"type":"Feature","geometry":{"type":"Point","coordinates":[-78.1379,40.22898]},"properties":{"SGL":67,"PGC_REGION":4}},{"type":"Feature","geometry":{"type":"Point","coordinates":[-77.96111,40.36676]},"properties":{"SGL":71,"PGC_REGION":4}},{"type":"Feature","geometry":{"type":"Point","coordinates":[-77.9796,40.33442]},"properties":{"SGL":71,"PGC_REGION":4}},{"type":"Feature","geometry":{"type":"Point","coordinates":[-77.90693,40.36153]},"properties":{"SGL":71,"PGC_REGION":4}},{"type":"Feature","geometry":{"type":"Point","coordinates":[-77.95104,40.33442]},"properties":{"SGL":71,"PGC_REGION":4}},{"type":"Feature","geometry":{"type":"Point","coordinates":[-77.94136,40.33744]},"properties":{"SGL":71,"PGC_REGION":4}},{"type":"Feature","geometry":{"type":"Point","coordinates":[-77.94297,40.33666]},"properties":{"SGL":71,"PGC_REGION":4}},{"type":"Feature","geometry":{"type":"Point","coordinates":[-77.94487,40.33289]},"properties":{"SGL":71,"PGC_REGION":4}},{"type":"Feature","geometry":{"type":"Point","coordinates":[-77.94944,40.33739]},"properties":{"SGL":71,"PGC_REGION":4}},{"type":"Feature","geometry":{"type":"Point","coordinates":[-78.37997,40.1241]},"properties":{"SGL":73,"PGC_REGION":4}},{"type":"Feature","geometry":{"type":"Point","coordinates":[-78.39305,40.12013]},"properties":{"SGL":73,"PGC_REGION":4}},{"type":"Feature","geometry":{"type":"Point","coordinates":[-78.26834,40.14978]},"properties":{"SGL":73,"PGC_REGION":4}},{"type":"Feature","geometry":{"type":"Point","coordinates":[-78.37658,40.10754]},"properties":{"SGL":73,"PGC_REGION":4}},{"type":"Feature","geometry":{"type":"Point","coordinates":[-78.3732,40.11329]},"properties":{"SGL":73,"PGC_REGION":4}},{"type":"Feature","geometry":{"type":"Point","coordinates":[-78.37665,40.11573]},"properties":{"SGL":73,"PGC_REGION":4}},{"type":"Feature","geometry":{"type":"Point","coordinates":[-78.26602,40.1545]},"properties":{"SGL":73,"PGC_REGION":4}},{"type":"Feature","geometry":{"type":"Point","coordinates":[-78.37248,40.04336]},"properties":{"SGL":73,"PGC_REGION":4}},{"type":"Feature","geometry":{"type":"Point","coordinates":[-78.2934,40.16398]},"properties":{"SGL":73,"PGC_REGION":4}},{"type":"Feature","geometry":{"type":"Point","coordinates":[-78.28284,40.15447]},"properties":{"SGL":73,"PGC_REGION":4}},{"type":"Feature","geometry":{"type":"Point","coordinates":[-78.38994,40.10265]},"properties":{"SGL":73,"PGC_REGION":4}},{"type":"Feature","geometry":{"type":"Point","coordinates":[-78.38858,40.10128]},"properties":{"SGL":73,"PGC_REGION":4}},{"type":"Feature","geometry":{"type":"Point","coordinates":[-78.38311,40.10424]},"properties":{"SGL":73,"PGC_REGION":4}},{"type":"Feature","geometry":{"type":"Point","coordinates":[-78.37844,40.11884]},"properties":{"SGL":73,"PGC_REGION":4}},{"type":"Feature","geometry":{"type":"Point","coordinates":[-78.30979,40.19781]},"properties":{"SGL":73,"PGC_REGION":4}},{"type":"Feature","geometry":{"type":"Point","coordinates":[-78.30527,40.20874]},"properties":{"SGL":73,"PGC_REGION":4}},{"type":"Feature","geometry":{"type":"Point","coordinates":[-78.29953,40.22122]},"properties":{"SGL":73,"PGC_REGION":4}},{"type":"Feature","geometry":{"type":"Point","coordinates":[-78.2943,40.23247]},"properties":{"SGL":73,"PGC_REGION":4}},{"type":"Feature","geometry":{"type":"Point","coordinates":[-78.31284,40.21574]},"properties":{"SGL":73,"PGC_REGION":4}},{"type":"Feature","geometry":{"type":"Point","coordinates":[-78.31341,40.21581]},"properties":{"SGL":73,"PGC_REGION":4}},{"type":"Feature","geometry":{"type":"Point","coordinates":[-78.30989,40.21296]},"properties":{"SGL":73,"PGC_REGION":4}},{"type":"Feature","geometry":{"type":"Point","coordinates":[-78.30911,40.21033]},"properties":{"SGL":73,"PGC_REGION":4}},{"type":"Feature","geometry":{"type":"Point","coordinates":[-78.31177,40.20561]},"properties":{"SGL":73,"PGC_REGION":4}},{"type":"Feature","geometry":{"type":"Point","coordinates":[-78.3105,40.20378]},"properties":{"SGL":73,"PGC_REGION":4}},{"type":"Feature","geometry":{"type":"Point","coordinates":[-78.30992,40.2004]},"properties":{"SGL":73,"PGC_REGION":4}},{"type":"Feature","geometry":{"type":"Point","coordinates":[-78.39223,40.12005]},"properties":{"SGL":73,"PGC_REGION":4}},{"type":"Feature","geometry":{"type":"Point","coordinates":[-78.29157,40.24002]},"properties":{"SGL":73,"PGC_REGION":4}},{"type":"Feature","geometry":{"type":"Point","coordinates":[-78.27418,40.27334]},"properties":{"SGL":73,"PGC_REGION":4}},{"type":"Feature","geometry":{"type":"Point","coordinates":[-78.26536,40.29161]},"properties":{"SGL":73,"PGC_REGION":4}},{"type":"Feature","geometry":{"type":"Point","coordinates":[-78.22982,40.3222]},"properties":{"SGL":73,"PGC_REGION":4}},{"type":"Feature","geometry":{"type":"Point","coordinates":[-78.2363,40.31678]},"properties":{"SGL":73,"PGC_REGION":4}},{"type":"Feature","geometry":{"type":"Point","coordinates":[-78.25199,40.29116]},"properties":{"SGL":73,"PGC_REGION":4}},{"type":"Feature","geometry":{"type":"Point","coordinates":[-78.25943,40.27621]},"properties":{"SGL":73,"PGC_REGION":4}},{"type":"Feature","geometry":{"type":"Point","coordinates":[-78.26397,40.29502]},"properties":{"SGL":73,"PGC_REGION":4}},{"type":"Feature","geometry":{"type":"Point","coordinates":[-78.21505,40.36969]},"properties":{"SGL":73,"PGC_REGION":4}},{"type":"Feature","geometry":{"type":"Point","coordinates":[-78.21533,40.36858]},"properties":{"SGL":73,"PGC_REGION":4}},{"type":"Feature","geometry":{"type":"Point","coordinates":[-78.2721,40.27773]},"properties":{"SGL":73,"PGC_REGION":4}},{"type":"Feature","geometry":{"type":"Point","coordinates":[-78.26804,40.28574]},"properties":{"SGL":73,"PGC_REGION":4}},{"type":"Feature","geometry":{"type":"Point","coordinates":[-78.26068,40.26989]},"properties":{"SGL":73,"PGC_REGION":4}},{"type":"Feature","geometry":{"type":"Point","coordinates":[-77.74034,40.08344]},"properties":{"SGL":76,"PGC_REGION":4}},{"type":"Feature","geometry":{"type":"Point","coordinates":[-77.733,40.09149]},"properties":{"SGL":76,"PGC_REGION":4}},{"type":"Feature","geometry":{"type":"Point","coordinates":[-77.72192,40.0962]},"properties":{"SGL":76,"PGC_REGION":4}},{"type":"Feature","geometry":{"type":"Point","coordinates":[-77.74751,40.06612]},"properties":{"SGL":76,"PGC_REGION":4}},{"type":"Feature","geometry":{"type":"Point","coordinates":[-77.72642,40.12311]},"properties":{"SGL":76,"PGC_REGION":4}},{"type":"Feature","geometry":{"type":"Point","coordinates":[-77.72726,40.12244]},"properties":{"SGL":76,"PGC_REGION":4}},{"type":"Feature","geometry":{"type":"Point","coordinates":[-77.99875,40.20396]},"properties":{"SGL":99,"PGC_REGION":4}},{"type":"Feature","geometry":{"type":"Point","coordinates":[-77.97097,40.27312]},"properties":{"SGL":99,"PGC_REGION":4}},{"type":"Feature","geometry":{"type":"Point","coordinates":[-77.9396,40.27921]},"properties":{"SGL":99,"PGC_REGION":4}},{"type":"Feature","geometry":{"type":"Point","coordinates":[-77.93637,40.2967]},"properties":{"SGL":99,"PGC_REGION":4}},{"type":"Feature","geometry":{"type":"Point","coordinates":[-77.97099,40.2844]},"properties":{"SGL":99,"PGC_REGION":4}},{"type":"Feature","geometry":{"type":"Point","coordinates":[-77.97056,40.28132]},"properties":{"SGL":99,"PGC_REGION":4}},{"type":"Feature","geometry":{"type":"Point","coordinates":[-77.97074,40.28062]},"properties":{"SGL":99,"PGC_REGION":4}},{"type":"Feature","geometry":{"type":"Point","coordinates":[-77.9818,40.25943]},"properties":{"SGL":99,"PGC_REGION":4}},{"type":"Feature","geometry":{"type":"Point","coordinates":[-77.98332,40.25334]},"properties":{"SGL":99,"PGC_REGION":4}},{"type":"Feature","geometry":{"type":"Point","coordinates":[-77.98358,40.24372]},"properties":{"SGL":99,"PGC_REGION":4}},{"type":"Feature","geometry":{"type":"Point","coordinates":[-77.98852,40.2288]},"properties":{"SGL":99,"PGC_REGION":4}},{"type":"Feature","geometry":{"type":"Point","coordinates":[-77.99865,40.20519]},"properties":{"SGL":99,"PGC_REGION":4}},{"type":"Feature","geometry":{"type":"Point","coordinates":[-77.97579,40.27403]},"properties":{"SGL":99,"PGC_REGION":4}},{"type":"Feature","geometry":{"type":"Point","coordinates":[-77.4546,40.64842]},"properties":{"SGL":107,"PGC_REGION":4}},{"type":"Feature","geometry":{"type":"Point","coordinates":[-77.45253,40.64165]},"properties":{"SGL":107,"PGC_REGION":4}},{"type":"Feature","geometry":{"type":"Point","coordinates":[-77.37319,40.66184]},"properties":{"SGL":107,"PGC_REGION":4}},{"type":"Feature","geometry":{"type":"Point","coordinates":[-77.37382,40.65798]},"properties":{"SGL":107,"PGC_REGION":4}},{"type":"Feature","geometry":{"type":"Point","coordinates":[-77.40351,40.6451]},"properties":{"SGL":107,"PGC_REGION":4}},{"type":"Feature","geometry":{"type":"Point","coordinates":[-77.46423,40.64353]},"properties":{"SGL":107,"PGC_REGION":4}},{"type":"Feature","geometry":{"type":"Point","coordinates":[-77.45667,40.64674]},"properties":{"SGL":107,"PGC_REGION":4}},{"type":"Feature","geometry":{"type":"Point","coordinates":[-77.38571,40.63145]},"properties":{"SGL":107,"PGC_REGION":4}},{"type":"Feature","geometry":{"type":"Point","coordinates":[-77.45495,40.64192]},"properties":{"SGL":107,"PGC_REGION":4}},{"type":"Feature","geometry":{"type":"Point","coordinates":[-77.3761,40.65771]},"properties":{"SGL":107,"PGC_REGION":4}},{"type":"Feature","geometry":{"type":"Point","coordinates":[-77.88455,40.51897]},"properties":{"SGL":112,"PGC_REGION":4}},{"type":"Feature","geometry":{"type":"Point","coordinates":[-77.9072,40.51607]},"properties":{"SGL":112,"PGC_REGION":4}},{"type":"Feature","geometry":{"type":"Point","coordinates":[-77.90108,40.51795]},"properties":{"SGL":112,"PGC_REGION":4}},{"type":"Feature","geometry":{"type":"Point","coordinates":[-77.89249,40.5191]},"properties":{"SGL":112,"PGC_REGION":4}},{"type":"Feature","geometry":{"type":"Point","coordinates":[-77.90755,40.47112]},"properties":{"SGL":112,"PGC_REGION":4}},{"type":"Feature","geometry":{"type":"Point","coordinates":[-77.90037,40.45006]},"properties":{"SGL":112,"PGC_REGION":4}},{"type":"Feature","geometry":{"type":"Point","coordinates":[-77.9145,40.39185]},"properties":{"SGL":112,"PGC_REGION":4}},{"type":"Feature","geometry":{"type":"Point","coordinates":[-77.93154,40.40757]},"properties":{"SGL":112,"PGC_REGION":4}},{"type":"Feature","geometry":{"type":"Point","coordinates":[-77.9282,40.40774]},"properties":{"SGL":112,"PGC_REGION":4}},{"type":"Feature","geometry":{"type":"Point","coordinates":[-77.70728,40.53799]},"properties":{"SGL":113,"PGC_REGION":4}},{"type":"Feature","geometry":{"type":"Point","coordinates":[-78.06628,40.2037]},"properties":{"SGL":121,"PGC_REGION":4}},{"type":"Feature","geometry":{"type":"Point","coordinates":[-78.06948,40.20486]},"properties":{"SGL":121,"PGC_REGION":4}},{"type":"Feature","geometry":{"type":"Point","coordinates":[-78.0579,40.20388]},"properties":{"SGL":121,"PGC_REGION":4}},{"type":"Feature","geometry":{"type":"Point","coordinates":[-78.05113,40.20371]},"properties":{"SGL":121,"PGC_REGION":4}},{"type":"Feature","geometry":{"type":"Point","coordinates":[-78.08308,40.14074]},"properties":{"SGL":121,"PGC_REGION":4}},{"type":"Feature","geometry":{"type":"Point","coordinates":[-78.06711,40.19368]},"properties":{"SGL":121,"PGC_REGION":4}},{"type":"Feature","geometry":{"type":"Point","coordinates":[-78.06424,40.197]},"properties":{"SGL":121,"PGC_REGION":4}},{"type":"Feature","geometry":{"type":"Point","coordinates":[-78.05025,40.20418]},"properties":{"SGL":112,"PGC_REGION":4}},{"type":"Feature","geometry":{"type":"Point","coordinates":[-78.24305,39.80275]},"properties":{"SGL":128,"PGC_REGION":4}},{"type":"Feature","geometry":{"type":"Point","coordinates":[-78.24138,39.81103]},"properties":{"SGL":128,"PGC_REGION":4}},{"type":"Feature","geometry":{"type":"Point","coordinates":[-78.23041,39.79742]},"properties":{"SGL":128,"PGC_REGION":4}},{"type":"Feature","geometry":{"type":"Point","coordinates":[-78.24133,39.7992]},"properties":{"SGL":128,"PGC_REGION":4}},{"type":"Feature","geometry":{"type":"Point","coordinates":[-78.25079,39.79171]},"properties":{"SGL":128,"PGC_REGION":4}},{"type":"Feature","geometry":{"type":"Point","coordinates":[-78.24017,39.81268]},"properties":{"SGL":128,"PGC_REGION":4}},{"type":"Feature","geometry":{"type":"Point","coordinates":[-78.24117,39.7958]},"properties":{"SGL":128,"PGC_REGION":4}},{"type":"Feature","geometry":{"type":"Point","coordinates":[-78.25877,39.77877]},"properties":{"SGL":128,"PGC_REGION":4}},{"type":"Feature","geometry":{"type":"Point","coordinates":[-78.33777,40.34027]},"properties":{"SGL":147,"PGC_REGION":4}},{"type":"Feature","geometry":{"type":"Point","coordinates":[-78.24548,40.46521]},"properties":{"SGL":147,"PGC_REGION":4}},{"type":"Feature","geometry":{"type":"Point","coordinates":[-78.34327,40.36472]},"properties":{"SGL":147,"PGC_REGION":4}},{"type":"Feature","geometry":{"type":"Point","coordinates":[-78.33546,40.3366]},"properties":{"SGL":147,"PGC_REGION":4}},{"type":"Feature","geometry":{"type":"Point","coordinates":[-78.34943,40.39412]},"properties":{"SGL":147,"PGC_REGION":4}},{"type":"Feature","geometry":{"type":"Point","coordinates":[-78.35129,40.38691]},"properties":{"SGL":147,"PGC_REGION":4}},{"type":"Feature","geometry":{"type":"Point","coordinates":[-78.3486,40.37669]},"properties":{"SGL":147,"PGC_REGION":4}},{"type":"Feature","geometry":{"type":"Point","coordinates":[-78.28405,40.42663]},"properties":{"SGL":147,"PGC_REGION":4}},{"type":"Feature","geometry":{"type":"Point","coordinates":[-78.24423,40.46775]},"properties":{"SGL":147,"PGC_REGION":4}},{"type":"Feature","geometry":{"type":"Point","coordinates":[-78.29608,40.55111]},"properties":{"SGL":166,"PGC_REGION":4}},{"type":"Feature","geometry":{"type":"Point","coordinates":[-78.20721,40.53192]},"properties":{"SGL":166,"PGC_REGION":4}},{"type":"Feature","geometry":{"type":"Point","coordinates":[-78.21576,40.55288]},"properties":{"SGL":166,"PGC_REGION":4}},{"type":"Feature","geometry":{"type":"Point","coordinates":[-78.21737,40.55159]},"properties":{"SGL":166,"PGC_REGION":4}},{"type":"Feature","geometry":{"type":"Point","coordinates":[-78.2525,40.52509]},"properties":{"SGL":166,"PGC_REGION":4}},{"type":"Feature","geometry":{"type":"Point","coordinates":[-78.314,40.51491]},"properties":{"SGL":166,"PGC_REGION":4}},{"type":"Feature","geometry":{"type":"Point","coordinates":[-78.2846,40.54097]},"properties":{"SGL":166,"PGC_REGION":4}},{"type":"Feature","geometry":{"type":"Point","coordinates":[-78.2534,40.51392]},"properties":{"SGL":166,"PGC_REGION":4}},{"type":"Feature","geometry":{"type":"Point","coordinates":[-77.50838,40.17314]},"properties":{"SGL":169,"PGC_REGION":4}},{"type":"Feature","geometry":{"type":"Point","coordinates":[-77.50444,40.16445]},"properties":{"SGL":169,"PGC_REGION":4}},{"type":"Feature","geometry":{"type":"Point","coordinates":[-77.50929,40.16369]},"properties":{"SGL":169,"PGC_REGION":4}},{"type":"Feature","geometry":{"type":"Point","coordinates":[-77.51843,40.16212]},"properties":{"SGL":169,"PGC_REGION":4}},{"type":"Feature","geometry":{"type":"Point","coordinates":[-77.50502,40.15812]},"properties":{"SGL":169,"PGC_REGION":4}},{"type":"Feature","geometry":{"type":"Point","coordinates":[-77.49325,40.1682]},"properties":{"SGL":169,"PGC_REGION":4}},{"type":"Feature","geometry":{"type":"Point","coordinates":[-77.49724,40.17916]},"properties":{"SGL":169,"PGC_REGION":4}},{"type":"Feature","geometry":{"type":"Point","coordinates":[-77.49181,40.1728]},"properties":{"SGL":169,"PGC_REGION":4}},{"type":"Feature","geometry":{"type":"Point","coordinates":[-77.48389,40.16256]},"properties":{"SGL":169,"PGC_REGION":4}},{"type":"Feature","geometry":{"type":"Point","coordinates":[-77.48665,40.17866]},"properties":{"SGL":169,"PGC_REGION":4}},{"type":"Feature","geometry":{"type":"Point","coordinates":[-77.50343,40.15474]},"properties":{"SGL":169,"PGC_REGION":4}},{"type":"Feature","geometry":{"type":"Point","coordinates":[-77.51092,40.17146]},"properties":{"SGL":169,"PGC_REGION":4}},{"type":"Feature","geometry":{"type":"Point","coordinates":[-77.46365,40.15259]},"properties":{"SGL":169,"PGC_REGION":4}},{"type":"Feature","geometry":{"type":"Point","coordinates":[-77.46118,40.15634]},"properties":{"SGL":169,"PGC_REGION":4}},{"type":"Feature","geometry":{"type":"Point","coordinates":[-77.49056,40.16227]},"properties":{"SGL":169,"PGC_REGION":4}},{"type":"Feature","geometry":{"type":"Point","coordinates":[-77.21264,40.55412]},"properties":{"SGL":171,"PGC_REGION":4}},{"type":"Feature","geometry":{"type":"Point","coordinates":[-77.20366,40.56071]},"properties":{"SGL":171,"PGC_REGION":4}},{"type":"Feature","geometry":{"type":"Point","coordinates":[-77.2084,40.55745]},"properties":{"SGL":171,"PGC_REGION":4}},{"type":"Feature","geometry":{"type":"Point","coordinates":[-77.13832,40.79639]},"properties":{"SGL":188,"PGC_REGION":4}},{"type":"Feature","geometry":{"type":"Point","coordinates":[-77.1829,40.79582]},"properties":{"SGL":188,"PGC_REGION":4}},{"type":"Feature","geometry":{"type":"Point","coordinates":[-77.16639,40.78165]},"properties":{"SGL":188,"PGC_REGION":4}},{"type":"Feature","geometry":{"type":"Point","coordinates":[-77.17552,40.77687]},"properties":{"SGL":188,"PGC_REGION":4}},{"type":"Feature","geometry":{"type":"Point","coordinates":[-77.15924,40.79741]},"properties":{"SGL":188,"PGC_REGION":4}},{"type":"Feature","geometry":{"type":"Point","coordinates":[-77.16584,40.77908]},"properties":{"SGL":188,"PGC_REGION":4}},{"type":"Feature","geometry":{"type":"Point","coordinates":[-77.18818,40.77841]},"properties":{"SGL":188,"PGC_REGION":4}},{"type":"Feature","geometry":{"type":"Point","coordinates":[-77.14782,40.79352]},"properties":{"SGL":188,"PGC_REGION":4}},{"type":"Feature","geometry":{"type":"Point","coordinates":[-76.98564,40.66128]},"properties":{"SGL":194,"PGC_REGION":4}},{"type":"Feature","geometry":{"type":"Point","coordinates":[-76.9936,40.66157]},"properties":{"SGL":194,"PGC_REGION":4}},{"type":"Feature","geometry":{"type":"Point","coordinates":[-76.87497,40.75223]},"properties":{"SGL":212,"PGC_REGION":4}},{"type":"Feature","geometry":{"type":"Point","coordinates":[-76.87534,40.75924]},"properties":{"SGL":212,"PGC_REGION":4}},{"type":"Feature","geometry":{"type":"Point","coordinates":[-76.87149,40.76003]},"properties":{"SGL":212,"PGC_REGION":4}},{"type":"Feature","geometry":{"type":"Point","coordinates":[-77.63213,40.41037]},"properties":{"SGL":215,"PGC_REGION":4}},{"type":"Feature","geometry":{"type":"Point","coordinates":[-77.62923,40.40377]},"properties":{"SGL":215,"PGC_REGION":4}},{"type":"Feature","geometry":{"type":"Point","coordinates":[-77.18961,40.2733]},"properties":{"SGL":230,"PGC_REGION":4}},{"type":"Feature","geometry":{"type":"Point","coordinates":[-77.19063,40.272]},"properties":{"SGL":230,"PGC_REGION":4}},{"type":"Feature","geometry":{"type":"Point","coordinates":[-77.19247,40.27058]},"properties":{"SGL":230,"PGC_REGION":4}},{"type":"Feature","geometry":{"type":"Point","coordinates":[-77.18516,40.27291]},"properties":{"SGL":230,"PGC_REGION":4}},{"type":"Feature","geometry":{"type":"Point","coordinates":[-77.17824,40.27235]},"properties":{"SGL":230,"PGC_REGION":4}},{"type":"Feature","geometry":{"type":"Point","coordinates":[-77.17571,40.27315]},"properties":{"SGL":230,"PGC_REGION":4}},{"type":"Feature","geometry":{"type":"Point","coordinates":[-77.18829,40.27383]},"properties":{"SGL":230,"PGC_REGION":4}},{"type":"Feature","geometry":{"type":"Point","coordinates":[-77.18807,40.27292]},"properties":{"SGL":230,"PGC_REGION":4}},{"type":"Feature","geometry":{"type":"Point","coordinates":[-77.19647,40.27572]},"properties":{"SGL":230,"PGC_REGION":4}},{"type":"Feature","geometry":{"type":"Point","coordinates":[-76.85824,40.7503]},"properties":{"SGL":233,"PGC_REGION":4}},{"type":"Feature","geometry":{"type":"Point","coordinates":[-77.82256,39.99435]},"properties":{"SGL":235,"PGC_REGION":4}},{"type":"Feature","geometry":{"type":"Point","coordinates":[-77.85011,39.98929]},"properties":{"SGL":235,"PGC_REGION":4}},{"type":"Feature","geometry":{"type":"Point","coordinates":[-77.8502,39.98867]},"properties":{"SGL":235,"PGC_REGION":4}},{"type":"Feature","geometry":{"type":"Point","coordinates":[-77.83394,39.9582]},"properties":{"SGL":235,"PGC_REGION":4}},{"type":"Feature","geometry":{"type":"Point","coordinates":[-77.85946,39.94942]},"properties":{"SGL":235,"PGC_REGION":4}},{"type":"Feature","geometry":{"type":"Point","coordinates":[-77.86745,39.93971]},"properties":{"SGL":235,"PGC_REGION":4}},{"type":"Feature","geometry":{"type":"Point","coordinates":[-77.76199,39.99506]},"properties":{"SGL":235,"PGC_REGION":4}},{"type":"Feature","geometry":{"type":"Point","coordinates":[-77.84584,39.94026]},"properties":{"SGL":235,"PGC_REGION":4}},{"type":"Feature","geometry":{"type":"Point","coordinates":[-77.06866,39.97876]},"properties":{"SGL":249,"PGC_REGION":4}},{"type":"Feature","geometry":{"type":"Point","coordinates":[-77.18368,39.92473]},"properties":{"SGL":249,"PGC_REGION":4}},{"type":"Feature","geometry":{"type":"Point","coordinates":[-77.1591,39.93246]},"properties":{"SGL":249,"PGC_REGION":4}},{"type":"Feature","geometry":{"type":"Point","coordinates":[-77.11905,39.95929]},"properties":{"SGL":249,"PGC_REGION":4}},{"type":"Feature","geometry":{"type":"Point","coordinates":[-77.11558,39.96915]},"properties":{"SGL":249,"PGC_REGION":4}},{"type":"Feature","geometry":{"type":"Point","coordinates":[-77.0667,39.99102]},"properties":{"SGL":249,"PGC_REGION":4}},{"type":"Feature","geometry":{"type":"Point","coordinates":[-77.17535,39.93825]},"properties":{"SGL":249,"PGC_REGION":4}},{"type":"Feature","geometry":{"type":"Point","coordinates":[-77.17542,39.94316]},"properties":{"SGL":249,"PGC_REGION":4}},{"type":"Feature","geometry":{"type":"Point","coordinates":[-77.17012,39.9428]},"properties":{"SGL":249,"PGC_REGION":4}},{"type":"Feature","geometry":{"type":"Point","coordinates":[-77.16513,39.93671]},"properties":{"SGL":249,"PGC_REGION":4}},{"type":"Feature","geometry":{"type":"Point","coordinates":[-77.16089,39.93458]},"properties":{"SGL":249,"PGC_REGION":4}},{"type":"Feature","geometry":{"type":"Point","coordinates":[-77.10453,39.97726]},"properties":{"SGL":249,"PGC_REGION":4}},{"type":"Feature","geometry":{"type":"Point","coordinates":[-77.16764,39.94064]},"properties":{"SGL":249,"PGC_REGION":4}},{"type":"Feature","geometry":{"type":"Point","coordinates":[-77.11389,39.95049]},"properties":{"SGL":249,"PGC_REGION":4}},{"type":"Feature","geometry":{"type":"Point","coordinates":[-77.81313,40.22945]},"properties":{"SGL":251,"PGC_REGION":4}},{"type":"Feature","geometry":{"type":"Point","coordinates":[-77.80776,40.23371]},"properties":{"SGL":251,"PGC_REGION":4}},{"type":"Feature","geometry":{"type":"Point","coordinates":[-77.80212,40.24177]},"properties":{"SGL":251,"PGC_REGION":4}},{"type":"Feature","geometry":{"type":"Point","coordinates":[-77.7959,40.24943]},"properties":{"SGL":251,"PGC_REGION":4}},{"type":"Feature","geometry":{"type":"Point","coordinates":[-77.78088,40.26566]},"properties":{"SGL":251,"PGC_REGION":4}},{"type":"Feature","geometry":{"type":"Point","coordinates":[-77.77545,40.27137]},"properties":{"SGL":251,"PGC_REGION":4}},{"type":"Feature","geometry":{"type":"Point","coordinates":[-77.81005,40.22529]},"properties":{"SGL":251,"PGC_REGION":4}},{"type":"Feature","geometry":{"type":"Point","coordinates":[-77.80377,40.2244]},"properties":{"SGL":251,"PGC_REGION":4}},{"type":"Feature","geometry":{"type":"Point","coordinates":[-77.81718,40.22196]},"properties":{"SGL":251,"PGC_REGION":4}},{"type":"Feature","geometry":{"type":"Point","coordinates":[-77.81549,40.22605]},"properties":{"SGL":251,"PGC_REGION":4}},{"type":"Feature","geometry":{"type":"Point","coordinates":[-77.80003,40.22996]},"properties":{"SGL":251,"PGC_REGION":4}},{"type":"Feature","geometry":{"type":"Point","coordinates":[-77.77552,40.2502]},"properties":{"SGL":251,"PGC_REGION":4}},{"type":"Feature","geometry":{"type":"Point","coordinates":[-77.78067,40.22115]},"properties":{"SGL":251,"PGC_REGION":4}},{"type":"Feature","geometry":{"type":"Point","coordinates":[-77.75968,40.26831]},"properties":{"SGL":251,"PGC_REGION":4}},{"type":"Feature","geometry":{"type":"Point","coordinates":[-77.79258,40.23083]},"properties":{"SGL":251,"PGC_REGION":4}},{"type":"Feature","geometry":{"type":"Point","coordinates":[-77.76996,40.25583]},"properties":{"SGL":251,"PGC_REGION":4}},{"type":"Feature","geometry":{"type":"Point","coordinates":[-77.77992,40.22057]},"properties":{"SGL":251,"PGC_REGION":4}},{"type":"Feature","geometry":{"type":"Point","coordinates":[-77.81423,40.22748]},"properties":{"SGL":251,"PGC_REGION":4}},{"type":"Feature","geometry":{"type":"Point","coordinates":[-77.79881,40.24596]},"properties":{"SGL":251,"PGC_REGION":4}},{"type":"Feature","geometry":{"type":"Point","coordinates":[-77.77621,40.22695]},"properties":{"SGL":251,"PGC_REGION":4}},{"type":"Feature","geometry":{"type":"Point","coordinates":[-76.99466,40.52785]},"properties":{"SGL":254,"PGC_REGION":4}},{"type":"Feature","geometry":{"type":"Point","coordinates":[-76.98385,40.49369]},"properties":{"SGL":254,"PGC_REGION":4}},{"type":"Feature","geometry":{"type":"Point","coordinates":[-76.95326,40.48766]},"properties":{"SGL":254,"PGC_REGION":4}},{"type":"Feature","geometry":{"type":"Point","coordinates":[-76.93407,40.47219]},"properties":{"SGL":254,"PGC_REGION":4}},{"type":"Feature","geometry":{"type":"Point","coordinates":[-76.95154,40.46553]},"properties":{"SGL":254,"PGC_REGION":4}},{"type":"Feature","geometry":{"type":"Point","coordinates":[-77.11365,40.40698]},"properties":{"SGL":256,"PGC_REGION":4}},{"type":"Feature","geometry":{"type":"Point","coordinates":[-77.14467,40.40335]},"properties":{"SGL":256,"PGC_REGION":4}},{"type":"Feature","geometry":{"type":"Point","coordinates":[-77.14248,40.40135]},"properties":{"SGL":256,"PGC_REGION":4}},{"type":"Feature","geometry":{"type":"Point","coordinates":[-77.13789,40.39643]},"properties":{"SGL":256,"PGC_REGION":4}},{"type":"Feature","geometry":{"type":"Point","coordinates":[-77.13347,40.39519]},"properties":{"SGL":256,"PGC_REGION":4}},{"type":"Feature","geometry":{"type":"Point","coordinates":[-77.12845,40.39428]},"properties":{"SGL":256,"PGC_REGION":4}},{"type":"Feature","geometry":{"type":"Point","coordinates":[-78.23964,40.1233]},"properties":{"SGL":261,"PGC_REGION":4}},{"type":"Feature","geometry":{"type":"Point","coordinates":[-78.23995,40.11573]},"properties":{"SGL":261,"PGC_REGION":4}},{"type":"Feature","geometry":{"type":"Point","coordinates":[-77.00347,40.42859]},"properties":{"SGL":290,"PGC_REGION":4}},{"type":"Feature","geometry":{"type":"Point","coordinates":[-77.00407,40.42739]},"properties":{"SGL":290,"PGC_REGION":4}},{"type":"Feature","geometry":{"type":"Point","coordinates":[-77.00628,40.42399]},"properties":{"SGL":290,"PGC_REGION":4}},{"type":"Feature","geometry":{"type":"Point","coordinates":[-76.99111,40.43386]},"properties":{"SGL":290,"PGC_REGION":4}},{"type":"Feature","geometry":{"type":"Point","coordinates":[-77.01139,40.41179]},"properties":{"SGL":290,"PGC_REGION":4}},{"type":"Feature","geometry":{"type":"Point","coordinates":[-77.12697,40.11827]},"properties":{"SGL":305,"PGC_REGION":4}},{"type":"Feature","geometry":{"type":"Point","coordinates":[-77.13056,40.11728]},"properties":{"SGL":305,"PGC_REGION":4}},{"type":"Feature","geometry":{"type":"Point","coordinates":[-77.1189,40.12035]},"properties":{"SGL":305,"PGC_REGION":4}},{"type":"Feature","geometry":{"type":"Point","coordinates":[-78.01664,40.52252]},"properties":{"SGL":322,"PGC_REGION":4}},{"type":"Feature","geometry":{"type":"Point","coordinates":[-78.01281,40.52871]},"properties":{"SGL":322,"PGC_REGION":4}},{"type":"Feature","geometry":{"type":"Point","coordinates":[-78.01342,40.53482]},"properties":{"SGL":322,"PGC_REGION":4}},{"type":"Feature","geometry":{"type":"Point","coordinates":[-78.03192,40.54172]},"properties":{"SGL":322,"PGC_REGION":4}},{"type":"Feature","geometry":{"type":"Point","coordinates":[-78.0327,40.55958]},"properties":{"SGL":322,"PGC_REGION":4}},{"type":"Feature","geometry":{"type":"Point","coordinates":[-78.00861,40.54705]},"properties":{"SGL":322,"PGC_REGION":4}},{"type":"Feature","geometry":{"type":"Point","coordinates":[-77.0939,40.45651]},"properties":{"SGL":281,"PGC_REGION":4}},{"type":"Feature","geometry":{"type":"Point","coordinates":[-77.07944,40.47444]},"properties":{"SGL":281,"PGC_REGION":4}},{"type":"Feature","geometry":{"type":"Point","coordinates":[-77.04875,40.47582]},"properties":{"SGL":281,"PGC_REGION":4}},{"type":"Feature","geometry":{"type":"Point","coordinates":[-77.08465,40.45831]},"properties":{"SGL":281,"PGC_REGION":4}},{"type":"Feature","geometry":{"type":"Point","coordinates":[-77.07407,40.47018]},"properties":{"SGL":281,"PGC_REGION":4}},{"type":"Feature","geometry":{"type":"Point","coordinates":[-77.06642,40.47374]},"properties":{"SGL":281,"PGC_REGION":4}},{"type":"Feature","geometry":{"type":"Point","coordinates":[-77.92639,40.15596]},"properties":{"SGL":81,"PGC_REGION":4}},{"type":"Feature","geometry":{"type":"Point","coordinates":[-77.92035,40.15108]},"properties":{"SGL":81,"PGC_REGION":4}},{"type":"Feature","geometry":{"type":"Point","coordinates":[-77.94598,40.11382]},"properties":{"SGL":81,"PGC_REGION":4}},{"type":"Feature","geometry":{"type":"Point","coordinates":[-77.9378,40.12469]},"properties":{"SGL":81,"PGC_REGION":4}},{"type":"Feature","geometry":{"type":"Point","coordinates":[-77.91659,40.12969]},"properties":{"SGL":81,"PGC_REGION":4}},{"type":"Feature","geometry":{"type":"Point","coordinates":[-77.92699,40.10558]},"properties":{"SGL":81,"PGC_REGION":4}},{"type":"Feature","geometry":{"type":"Point","coordinates":[-77.91961,40.10784]},"properties":{"SGL":81,"PGC_REGION":4}},{"type":"Feature","geometry":{"type":"Point","coordinates":[-78.72964,39.88958]},"properties":{"SGL":104,"PGC_REGION":4}},{"type":"Feature","geometry":{"type":"Point","coordinates":[-78.72644,39.88253]},"properties":{"SGL":104,"PGC_REGION":4}},{"type":"Feature","geometry":{"type":"Point","coordinates":[-78.76078,39.8229]},"properties":{"SGL":104,"PGC_REGION":4}},{"type":"Feature","geometry":{"type":"Point","coordinates":[-78.72884,39.86396]},"properties":{"SGL":104,"PGC_REGION":4}},{"type":"Feature","geometry":{"type":"Point","coordinates":[-78.72795,39.86867]},"properties":{"SGL":104,"PGC_REGION":4}},{"type":"Feature","geometry":{"type":"Point","coordinates":[-78.72863,39.87136]},"properties":{"SGL":104,"PGC_REGION":4}},{"type":"Feature","geometry":{"type":"Point","coordinates":[-78.72726,39.87778]},"properties":{"SGL":104,"PGC_REGION":4}},{"type":"Feature","geometry":{"type":"Point","coordinates":[-78.7679,39.88226]},"properties":{"SGL":104,"PGC_REGION":4}},{"type":"Feature","geometry":{"type":"Point","coordinates":[-78.77,39.87923]},"properties":{"SGL":104,"PGC_REGION":4}},{"type":"Feature","geometry":{"type":"Point","coordinates":[-78.76347,39.8732]},"properties":{"SGL":104,"PGC_REGION":4}},{"type":"Feature","geometry":{"type":"Point","coordinates":[-78.76258,39.86857]},"properties":{"SGL":104,"PGC_REGION":4}},{"type":"Feature","geometry":{"type":"Point","coordinates":[-78.72909,39.86555]},"properties":{"SGL":104,"PGC_REGION":4}},{"type":"Feature","geometry":{"type":"Point","coordinates":[-78.02509,40.56428]},"properties":{"SGL":322,"PGC_REGION":4}},{"type":"Feature","geometry":{"type":"Point","coordinates":[-78.33654,39.85776]},"properties":{"SGL":49,"PGC_REGION":4}},{"type":"Feature","geometry":{"type":"Point","coordinates":[-78.34152,39.87514]},"properties":{"SGL":49,"PGC_REGION":4}},{"type":"Feature","geometry":{"type":"Point","coordinates":[-78.28364,39.89268]},"properties":{"SGL":49,"PGC_REGION":4}},{"type":"Feature","geometry":{"type":"Point","coordinates":[-78.3296,39.88939]},"properties":{"SGL":49,"PGC_REGION":4}},{"type":"Feature","geometry":{"type":"Point","coordinates":[-78.33263,39.83654]},"properties":{"SGL":49,"PGC_REGION":4}},{"type":"Feature","geometry":{"type":"Point","coordinates":[-78.29883,39.80468]},"properties":{"SGL":49,"PGC_REGION":4}},{"type":"Feature","geometry":{"type":"Point","coordinates":[-78.31456,39.80242]},"properties":{"SGL":49,"PGC_REGION":4}},{"type":"Feature","geometry":{"type":"Point","coordinates":[-78.31764,39.80279]},"properties":{"SGL":49,"PGC_REGION":4}},{"type":"Feature","geometry":{"type":"Point","coordinates":[-78.32909,39.76545]},"properties":{"SGL":49,"PGC_REGION":4}},{"type":"Feature","geometry":{"type":"Point","coordinates":[-78.35283,39.75975]},"properties":{"SGL":49,"PGC_REGION":4}},{"type":"Feature","geometry":{"type":"Point","coordinates":[-78.37128,39.75859]},"properties":{"SGL":49,"PGC_REGION":4}},{"type":"Feature","geometry":{"type":"Point","coordinates":[-78.32588,39.84986]},"properties":{"SGL":49,"PGC_REGION":4}},{"type":"Feature","geometry":{"type":"Point","coordinates":[-78.3164,39.86727]},"properties":{"SGL":49,"PGC_REGION":4}},{"type":"Feature","geometry":{"type":"Point","coordinates":[-78.31566,39.86929]},"properties":{"SGL":49,"PGC_REGION":4}},{"type":"Feature","geometry":{"type":"Point","coordinates":[-80.1256,40.63672]},"properties":{"SGL":203,"PGC_REGION":2}},{"type":"Feature","geometry":{"type":"Point","coordinates":[-80.12596,40.62245]},"properties":{"SGL":203,"PGC_REGION":2}},{"type":"Feature","geometry":{"type":"Point","coordinates":[-80.11704,40.6206]},"properties":{"SGL":203,"PGC_REGION":2}},{"type":"Feature","geometry":{"type":"Point","coordinates":[-80.1139,40.62291]},"properties":{"SGL":203,"PGC_REGION":2}},{"type":"Feature","geometry":{"type":"Point","coordinates":[-79.11635,40.48218]},"properties":{"SGL":276,"PGC_REGION":2}},{"type":"Feature","geometry":{"type":"Point","coordinates":[-79.12222,40.48504]},"properties":{"SGL":276,"PGC_REGION":2}},{"type":"Feature","geometry":{"type":"Point","coordinates":[-79.09649,40.47419]},"properties":{"SGL":276,"PGC_REGION":2}},{"type":"Feature","geometry":{"type":"Point","coordinates":[-79.10777,40.48124]},"properties":{"SGL":276,"PGC_REGION":2}},{"type":"Feature","geometry":{"type":"Point","coordinates":[-79.11325,40.5008]},"properties":{"SGL":276,"PGC_REGION":2}},{"type":"Feature","geometry":{"type":"Point","coordinates":[-79.18163,40.44932]},"properties":{"SGL":276,"PGC_REGION":2}},{"type":"Feature","geometry":{"type":"Point","coordinates":[-79.17989,40.45022]},"properties":{"SGL":276,"PGC_REGION":2}},{"type":"Feature","geometry":{"type":"Point","coordinates":[-79.11432,40.50015]},"properties":{"SGL":276,"PGC_REGION":2}},{"type":"Feature","geometry":{"type":"Point","coordinates":[-79.17017,40.43277]},"properties":{"SGL":276,"PGC_REGION":2}},{"type":"Feature","geometry":{"type":"Point","coordinates":[-79.25393,41.7354]},"properties":{"SGL":29,"PGC_REGION":1}},{"type":"Feature","geometry":{"type":"Point","coordinates":[-79.19106,41.74397]},"properties":{"SGL":29,"PGC_REGION":1}},{"type":"Feature","geometry":{"type":"Point","coordinates":[-79.19836,41.67859]},"properties":{"SGL":29,"PGC_REGION":1}},{"type":"Feature","geometry":{"type":"Point","coordinates":[-79.01653,41.06611]},"properties":{"SGL":31,"PGC_REGION":1}},{"type":"Feature","geometry":{"type":"Point","coordinates":[-79.02951,41.05078]},"properties":{"SGL":31,"PGC_REGION":1}},{"type":"Feature","geometry":{"type":"Point","coordinates":[-79.05901,41.05081]},"properties":{"SGL":31,"PGC_REGION":1}},{"type":"Feature","geometry":{"type":"Point","coordinates":[-79.03105,41.03544]},"properties":{"SGL":31,"PGC_REGION":1}},{"type":"Feature","geometry":{"type":"Point","coordinates":[-79.04502,41.01732]},"properties":{"SGL":31,"PGC_REGION":1}},{"type":"Feature","geometry":{"type":"Point","coordinates":[-78.98671,41.03051]},"properties":{"SGL":31,"PGC_REGION":1}},{"type":"Feature","geometry":{"type":"Point","coordinates":[-78.98653,41.04906]},"properties":{"SGL":31,"PGC_REGION":1}},{"type":"Feature","geometry":{"type":"Point","coordinates":[-78.98987,41.05972]},"properties":{"SGL":31,"PGC_REGION":1}},{"type":"Feature","geometry":{"type":"Point","coordinates":[-79.00792,41.03167]},"properties":{"SGL":31,"PGC_REGION":1}},{"type":"Feature","geometry":{"type":"Point","coordinates":[-79.58231,41.32965]},"properties":{"SGL":45,"PGC_REGION":1}},{"type":"Feature","geometry":{"type":"Point","coordinates":[-79.72034,41.32356]},"properties":{"SGL":45,"PGC_REGION":1}},{"type":"Feature","geometry":{"type":"Point","coordinates":[-79.64489,41.34443]},"properties":{"SGL":45,"PGC_REGION":1}},{"type":"Feature","geometry":{"type":"Point","coordinates":[-79.58819,41.3104]},"properties":{"SGL":45,"PGC_REGION":1}},{"type":"Feature","geometry":{"type":"Point","coordinates":[-79.63613,41.32684]},"properties":{"SGL":45,"PGC_REGION":1}},{"type":"Feature","geometry":{"type":"Point","coordinates":[-79.6273,41.33343]},"properties":{"SGL":45,"PGC_REGION":1}},{"type":"Feature","geometry":{"type":"Point","coordinates":[-79.60227,41.43944]},"properties":{"SGL":47,"PGC_REGION":1}},{"type":"Feature","geometry":{"type":"Point","coordinates":[-79.60392,41.42871]},"properties":{"SGL":47,"PGC_REGION":1}},{"type":"Feature","geometry":{"type":"Point","coordinates":[-79.59773,41.43722]},"properties":{"SGL":47,"PGC_REGION":1}},{"type":"Feature","geometry":{"type":"Point","coordinates":[-79.5789,41.42744]},"properties":{"SGL":47,"PGC_REGION":1}},{"type":"Feature","geometry":{"type":"Point","coordinates":[-79.62283,41.42115]},"properties":{"SGL":47,"PGC_REGION":1}},{"type":"Feature","geometry":{"type":"Point","coordinates":[-79.39081,41.25671]},"properties":{"SGL":72,"PGC_REGION":1}},{"type":"Feature","geometry":{"type":"Point","coordinates":[-79.36978,41.23675]},"properties":{"SGL":72,"PGC_REGION":1}},{"type":"Feature","geometry":{"type":"Point","coordinates":[-79.3744,41.25906]},"properties":{"SGL":72,"PGC_REGION":1}},{"type":"Feature","geometry":{"type":"Point","coordinates":[-79.36942,41.25852]},"properties":{"SGL":72,"PGC_REGION":1}},{"type":"Feature","geometry":{"type":"Point","coordinates":[-79.36788,41.23684]},"properties":{"SGL":72,"PGC_REGION":1}},{"type":"Feature","geometry":{"type":"Point","coordinates":[-79.36937,41.23616]},"properties":{"SGL":72,"PGC_REGION":1}},{"type":"Feature","geometry":{"type":"Point","coordinates":[-79.37112,41.23578]},"properties":{"SGL":72,"PGC_REGION":1}},{"type":"Feature","geometry":{"type":"Point","coordinates":[-79.37525,41.23385]},"properties":{"SGL":72,"PGC_REGION":1}},{"type":"Feature","geometry":{"type":"Point","coordinates":[-79.37542,41.23368]},"properties":{"SGL":72,"PGC_REGION":1}},{"type":"Feature","geometry":{"type":"Point","coordinates":[-79.3768,41.23198]},"properties":{"SGL":72,"PGC_REGION":1}},{"type":"Feature","geometry":{"type":"Point","coordinates":[-79.37909,41.23174]},"properties":{"SGL":72,"PGC_REGION":1}},{"type":"Feature","geometry":{"type":"Point","coordinates":[-79.31944,41.23009]},"properties":{"SGL":74,"PGC_REGION":1}},{"type":"Feature","geometry":{"type":"Point","coordinates":[-79.31781,41.2186]},"properties":{"SGL":74,"PGC_REGION":1}},{"type":"Feature","geometry":{"type":"Point","coordinates":[-79.28501,41.23896]},"properties":{"SGL":74,"PGC_REGION":1}},{"type":"Feature","geometry":{"type":"Point","coordinates":[-79.27651,41.24257]},"properties":{"SGL":74,"PGC_REGION":1}},{"type":"Feature","geometry":{"type":"Point","coordinates":[-79.23536,41.23466]},"properties":{"SGL":74,"PGC_REGION":1}},{"type":"Feature","geometry":{"type":"Point","coordinates":[-79.23547,41.23156]},"properties":{"SGL":74,"PGC_REGION":1}},{"type":"Feature","geometry":{"type":"Point","coordinates":[-79.2352,41.23494]},"properties":{"SGL":74,"PGC_REGION":1}},{"type":"Feature","geometry":{"type":"Point","coordinates":[-79.19746,41.24731]},"properties":{"SGL":74,"PGC_REGION":1}},{"type":"Feature","geometry":{"type":"Point","coordinates":[-79.19227,41.23978]},"properties":{"SGL":74,"PGC_REGION":1}},{"type":"Feature","geometry":{"type":"Point","coordinates":[-79.19347,41.23944]},"properties":{"SGL":74,"PGC_REGION":1}},{"type":"Feature","geometry":{"type":"Point","coordinates":[-79.29169,41.21561]},"properties":{"SGL":74,"PGC_REGION":1}},{"type":"Feature","geometry":{"type":"Point","coordinates":[-79.26939,41.21697]},"properties":{"SGL":74,"PGC_REGION":1}},{"type":"Feature","geometry":{"type":"Point","coordinates":[-79.24709,41.21304]},"properties":{"SGL":74,"PGC_REGION":1}},{"type":"Feature","geometry":{"type":"Point","coordinates":[-79.28603,41.23638]},"properties":{"SGL":74,"PGC_REGION":1}},{"type":"Feature","geometry":{"type":"Point","coordinates":[-79.23459,41.23444]},"properties":{"SGL":74,"PGC_REGION":1}},{"type":"Feature","geometry":{"type":"Point","coordinates":[-79.20103,41.25024]},"properties":{"SGL":74,"PGC_REGION":1}},{"type":"Feature","geometry":{"type":"Point","coordinates":[-79.19109,41.23381]},"properties":{"SGL":74,"PGC_REGION":1}},{"type":"Feature","geometry":{"type":"Point","coordinates":[-79.18208,41.24393]},"properties":{"SGL":74,"PGC_REGION":1}},{"type":"Feature","geometry":{"type":"Point","coordinates":[-79.36623,41.79065]},"properties":{"SGL":86,"PGC_REGION":1}},{"type":"Feature","geometry":{"type":"Point","coordinates":[-79.36746,41.75446]},"properties":{"SGL":86,"PGC_REGION":1}},{"type":"Feature","geometry":{"type":"Point","coordinates":[-79.3451,41.74069]},"properties":{"SGL":86,"PGC_REGION":1}},{"type":"Feature","geometry":{"type":"Point","coordinates":[-79.31998,41.79442]},"properties":{"SGL":86,"PGC_REGION":1}},{"type":"Feature","geometry":{"type":"Point","coordinates":[-79.34199,41.78664]},"properties":{"SGL":86,"PGC_REGION":1}},{"type":"Feature","geometry":{"type":"Point","coordinates":[-79.34864,41.74361]},"properties":{"SGL":86,"PGC_REGION":1}},{"type":"Feature","geometry":{"type":"Point","coordinates":[-79.3,41.75505]},"properties":{"SGL":86,"PGC_REGION":1}},{"type":"Feature","geometry":{"type":"Point","coordinates":[-79.3217,41.74037]},"properties":{"SGL":86,"PGC_REGION":1}},{"type":"Feature","geometry":{"type":"Point","coordinates":[-79.38405,41.70508]},"properties":{"SGL":86,"PGC_REGION":1}},{"type":"Feature","geometry":{"type":"Point","coordinates":[-79.39278,41.72185]},"properties":{"SGL":86,"PGC_REGION":1}},{"type":"Feature","geometry":{"type":"Point","coordinates":[-79.38423,41.70801]},"properties":{"SGL":86,"PGC_REGION":1}},{"type":"Feature","geometry":{"type":"Point","coordinates":[-79.88499,41.08686]},"properties":{"SGL":95,"PGC_REGION":1}},{"type":"Feature","geometry":{"type":"Point","coordinates":[-79.89269,41.06811]},"properties":{"SGL":95,"PGC_REGION":1}},{"type":"Feature","geometry":{"type":"Point","coordinates":[-79.83321,41.09104]},"properties":{"SGL":95,"PGC_REGION":1}},{"type":"Feature","geometry":{"type":"Point","coordinates":[-79.88179,41.08503]},"properties":{"SGL":95,"PGC_REGION":1}},{"type":"Feature","geometry":{"type":"Point","coordinates":[-79.8919,41.04426]},"properties":{"SGL":95,"PGC_REGION":1}},{"type":"Feature","geometry":{"type":"Point","coordinates":[-79.8858,41.04627]},"properties":{"SGL":95,"PGC_REGION":1}},{"type":"Feature","geometry":{"type":"Point","coordinates":[-79.89697,41.06123]},"properties":{"SGL":95,"PGC_REGION":1}},{"type":"Feature","geometry":{"type":"Point","coordinates":[-79.88823,41.05077]},"properties":{"SGL":95,"PGC_REGION":1}},{"type":"Feature","geometry":{"type":"Point","coordinates":[-79.88625,41.04646]},"properties":{"SGL":95,"PGC_REGION":1}},{"type":"Feature","geometry":{"type":"Point","coordinates":[-79.86079,41.09764]},"properties":{"SGL":95,"PGC_REGION":1}},{"type":"Feature","geometry":{"type":"Point","coordinates":[-79.89533,41.04989]},"properties":{"SGL":95,"PGC_REGION":1}},{"type":"Feature","geometry":{"type":"Point","coordinates":[-79.89495,41.04617]},"properties":{"SGL":95,"PGC_REGION":1}},{"type":"Feature","geometry":{"type":"Point","coordinates":[-79.87297,41.10965]},"properties":{"SGL":95,"PGC_REGION":1}},{"type":"Feature","geometry":{"type":"Point","coordinates":[-79.86573,41.03278]},"properties":{"SGL":95,"PGC_REGION":1}},{"type":"Feature","geometry":{"type":"Point","coordinates":[-79.90331,41.08976]},"properties":{"SGL":95,"PGC_REGION":1}},{"type":"Feature","geometry":{"type":"Point","coordinates":[-79.84142,41.06988]},"properties":{"SGL":95,"PGC_REGION":1}},{"type":"Feature","geometry":{"type":"Point","coordinates":[-79.88269,41.05163]},"properties":{"SGL":95,"PGC_REGION":1}},{"type":"Feature","geometry":{"type":"Point","coordinates":[-79.85967,41.10157]},"properties":{"SGL":95,"PGC_REGION":1}},{"type":"Feature","geometry":{"type":"Point","coordinates":[-79.89047,41.04098]},"properties":{"SGL":95,"PGC_REGION":1}},{"type":"Feature","geometry":{"type":"Point","coordinates":[-79.87659,41.03853]},"properties":{"SGL":95,"PGC_REGION":1}},{"type":"Feature","geometry":{"type":"Point","coordinates":[-79.88569,41.03718]},"properties":{"SGL":95,"PGC_REGION":1}},{"type":"Feature","geometry":{"type":"Point","coordinates":[-79.85553,41.03848]},"properties":{"SGL":95,"PGC_REGION":1}},{"type":"Feature","geometry":{"type":"Point","coordinates":[-79.87408,41.05497]},"properties":{"SGL":95,"PGC_REGION":1}},{"type":"Feature","geometry":{"type":"Point","coordinates":[-79.87558,41.06996]},"properties":{"SGL":95,"PGC_REGION":1}},{"type":"Feature","geometry":{"type":"Point","coordinates":[-79.89,41.06537]},"properties":{"SGL":95,"PGC_REGION":1}},{"type":"Feature","geometry":{"type":"Point","coordinates":[-79.86902,41.04855]},"properties":{"SGL":95,"PGC_REGION":1}},{"type":"Feature","geometry":{"type":"Point","coordinates":[-79.856,41.03657]},"properties":{"SGL":95,"PGC_REGION":1}},{"type":"Feature","geometry":{"type":"Point","coordinates":[-79.8646,41.03551]},"properties":{"SGL":95,"PGC_REGION":1}},{"type":"Feature","geometry":{"type":"Point","coordinates":[-79.90004,41.05036]},"properties":{"SGL":95,"PGC_REGION":1}},{"type":"Feature","geometry":{"type":"Point","coordinates":[-79.85519,41.03359]},"properties":{"SGL":95,"PGC_REGION":1}},{"type":"Feature","geometry":{"type":"Point","coordinates":[-79.82662,41.09399]},"properties":{"SGL":95,"PGC_REGION":1}},{"type":"Feature","geometry":{"type":"Point","coordinates":[-79.89166,41.08393]},"properties":{"SGL":95,"PGC_REGION":1}},{"type":"Feature","geometry":{"type":"Point","coordinates":[-79.70484,41.08124]},"properties":{"SGL":95,"PGC_REGION":1}},{"type":"Feature","geometry":{"type":"Point","coordinates":[-79.89889,41.06324]},"properties":{"SGL":95,"PGC_REGION":1}},{"type":"Feature","geometry":{"type":"Point","coordinates":[-79.70476,41.08517]},"properties":{"SGL":95,"PGC_REGION":1}},{"type":"Feature","geometry":{"type":"Point","coordinates":[-79.71727,41.07754]},"properties":{"SGL":95,"PGC_REGION":1}},{"type":"Feature","geometry":{"type":"Point","coordinates":[-79.73325,41.07534]},"properties":{"SGL":95,"PGC_REGION":1}},{"type":"Feature","geometry":{"type":"Point","coordinates":[-79.77402,41.06347]},"properties":{"SGL":95,"PGC_REGION":1}},{"type":"Feature","geometry":{"type":"Point","coordinates":[-79.76268,41.06229]},"properties":{"SGL":95,"PGC_REGION":1}},{"type":"Feature","geometry":{"type":"Point","coordinates":[-79.85352,41.08564]},"properties":{"SGL":95,"PGC_REGION":1}},{"type":"Feature","geometry":{"type":"Point","coordinates":[-79.76854,41.05312]},"properties":{"SGL":95,"PGC_REGION":1}},{"type":"Feature","geometry":{"type":"Point","coordinates":[-79.74586,41.05651]},"properties":{"SGL":95,"PGC_REGION":1}},{"type":"Feature","geometry":{"type":"Point","coordinates":[-79.69147,41.07889]},"properties":{"SGL":95,"PGC_REGION":1}},{"type":"Feature","geometry":{"type":"Point","coordinates":[-79.75748,41.53453]},"properties":{"SGL":96,"PGC_REGION":1}},{"type":"Feature","geometry":{"type":"Point","coordinates":[-79.7537,41.55824]},"properties":{"SGL":96,"PGC_REGION":1}},{"type":"Feature","geometry":{"type":"Point","coordinates":[-79.7915,41.56346]},"properties":{"SGL":96,"PGC_REGION":1}},{"type":"Feature","geometry":{"type":"Point","coordinates":[-79.87323,41.55784]},"properties":{"SGL":96,"PGC_REGION":1}},{"type":"Feature","geometry":{"type":"Point","coordinates":[-79.82892,41.5064]},"properties":{"SGL":96,"PGC_REGION":1}},{"type":"Feature","geometry":{"type":"Point","coordinates":[-79.83287,41.51674]},"properties":{"SGL":96,"PGC_REGION":1}},{"type":"Feature","geometry":{"type":"Point","coordinates":[-79.83372,41.536]},"properties":{"SGL":96,"PGC_REGION":1}},{"type":"Feature","geometry":{"type":"Point","coordinates":[-79.8814,41.56098]},"properties":{"SGL":96,"PGC_REGION":1}},{"type":"Feature","geometry":{"type":"Point","coordinates":[-79.83441,41.54222]},"properties":{"SGL":96,"PGC_REGION":1}},{"type":"Feature","geometry":{"type":"Point","coordinates":[-79.82536,41.54541]},"properties":{"SGL":96,"PGC_REGION":1}},{"type":"Feature","geometry":{"type":"Point","coordinates":[-79.82076,41.53729]},"properties":{"SGL":96,"PGC_REGION":1}},{"type":"Feature","geometry":{"type":"Point","coordinates":[-79.82215,41.58154]},"properties":{"SGL":96,"PGC_REGION":1}},{"type":"Feature","geometry":{"type":"Point","coordinates":[-79.76866,41.58723]},"properties":{"SGL":96,"PGC_REGION":1}},{"type":"Feature","geometry":{"type":"Point","coordinates":[-79.82649,41.57384]},"properties":{"SGL":96,"PGC_REGION":1}},{"type":"Feature","geometry":{"type":"Point","coordinates":[-79.78465,41.57731]},"properties":{"SGL":96,"PGC_REGION":1}},{"type":"Feature","geometry":{"type":"Point","coordinates":[-79.80842,41.58395]},"properties":{"SGL":96,"PGC_REGION":1}},{"type":"Feature","geometry":{"type":"Point","coordinates":[-79.80766,41.57314]},"properties":{"SGL":96,"PGC_REGION":1}},{"type":"Feature","geometry":{"type":"Point","coordinates":[-79.78302,41.57897]},"properties":{"SGL":96,"PGC_REGION":1}},{"type":"Feature","geometry":{"type":"Point","coordinates":[-79.79673,41.56758]},"properties":{"SGL":96,"PGC_REGION":1}},{"type":"Feature","geometry":{"type":"Point","coordinates":[-80.47082,41.86563]},"properties":{"SGL":101,"PGC_REGION":1}},{"type":"Feature","geometry":{"type":"Point","coordinates":[-80.47045,41.86129]},"properties":{"SGL":101,"PGC_REGION":1}},{"type":"Feature","geometry":{"type":"Point","coordinates":[-80.48794,41.86373]},"properties":{"SGL":101,"PGC_REGION":1}},{"type":"Feature","geometry":{"type":"Point","coordinates":[-80.48797,41.85955]},"properties":{"SGL":101,"PGC_REGION":1}},{"type":"Feature","geometry":{"type":"Point","coordinates":[-80.48805,41.85534]},"properties":{"SGL":101,"PGC_REGION":1}},{"type":"Feature","geometry":{"type":"Point","coordinates":[-80.46906,41.84604]},"properties":{"SGL":101,"PGC_REGION":1}},{"type":"Feature","geometry":{"type":"Point","coordinates":[-80.45247,41.83676]},"properties":{"SGL":101,"PGC_REGION":1}},{"type":"Feature","geometry":{"type":"Point","coordinates":[-80.43078,41.86056]},"properties":{"SGL":101,"PGC_REGION":1}},{"type":"Feature","geometry":{"type":"Point","coordinates":[-80.49698,41.83192]},"properties":{"SGL":101,"PGC_REGION":1}},{"type":"Feature","geometry":{"type":"Point","coordinates":[-80.47165,41.87]},"properties":{"SGL":101,"PGC_REGION":1}},{"type":"Feature","geometry":{"type":"Point","coordinates":[-80.47427,41.84612]},"properties":{"SGL":101,"PGC_REGION":1}},{"type":"Feature","geometry":{"type":"Point","coordinates":[-80.47848,41.84616]},"properties":{"SGL":101,"PGC_REGION":1}},{"type":"Feature","geometry":{"type":"Point","coordinates":[-80.48269,41.84621]},"properties":{"SGL":101,"PGC_REGION":1}},{"type":"Feature","geometry":{"type":"Point","coordinates":[-80.50741,41.86932]},"properties":{"SGL":101,"PGC_REGION":1}},{"type":"Feature","geometry":{"type":"Point","coordinates":[-79.80338,41.92698]},"properties":{"SGL":102,"PGC_REGION":1}},{"type":"Feature","geometry":{"type":"Point","coordinates":[-79.80656,41.92957]},"properties":{"SGL":102,"PGC_REGION":1}},{"type":"Feature","geometry":{"type":"Point","coordinates":[-79.80709,41.93134]},"properties":{"SGL":102,"PGC_REGION":1}},{"type":"Feature","geometry":{"type":"Point","coordinates":[-79.80722,41.9346]},"properties":{"SGL":102,"PGC_REGION":1}},{"type":"Feature","geometry":{"type":"Point","coordinates":[-80.01114,41.3285]},"properties":{"SGL":130,"PGC_REGION":1}},{"type":"Feature","geometry":{"type":"Point","coordinates":[-80.01273,41.32183]},"properties":{"SGL":130,"PGC_REGION":1}},{"type":"Feature","geometry":{"type":"Point","coordinates":[-80.01276,41.33927]},"properties":{"SGL":130,"PGC_REGION":1}},{"type":"Feature","geometry":{"type":"Point","coordinates":[-80.10711,41.30411]},"properties":{"SGL":130,"PGC_REGION":1}},{"type":"Feature","geometry":{"type":"Point","coordinates":[-80.09655,41.28375]},"properties":{"SGL":130,"PGC_REGION":1}},{"type":"Feature","geometry":{"type":"Point","coordinates":[-80.08688,41.28609]},"properties":{"SGL":130,"PGC_REGION":1}},{"type":"Feature","geometry":{"type":"Point","coordinates":[-80.05877,41.33356]},"properties":{"SGL":130,"PGC_REGION":1}},{"type":"Feature","geometry":{"type":"Point","coordinates":[-80.05548,41.33383]},"properties":{"SGL":130,"PGC_REGION":1}},{"type":"Feature","geometry":{"type":"Point","coordinates":[-80.01323,41.31311]},"properties":{"SGL":130,"PGC_REGION":1}},{"type":"Feature","geometry":{"type":"Point","coordinates":[-80.02409,41.32126]},"properties":{"SGL":130,"PGC_REGION":1}},{"type":"Feature","geometry":{"type":"Point","coordinates":[-80.02405,41.31905]},"properties":{"SGL":130,"PGC_REGION":1}},{"type":"Feature","geometry":{"type":"Point","coordinates":[-80.06148,41.34408]},"properties":{"SGL":130,"PGC_REGION":1}},{"type":"Feature","geometry":{"type":"Point","coordinates":[-80.00463,41.33446]},"properties":{"SGL":130,"PGC_REGION":1}},{"type":"Feature","geometry":{"type":"Point","coordinates":[-79.43731,41.82698]},"properties":{"SGL":143,"PGC_REGION":1}},{"type":"Feature","geometry":{"type":"Point","coordinates":[-79.47054,41.84073]},"properties":{"SGL":143,"PGC_REGION":1}},{"type":"Feature","geometry":{"type":"Point","coordinates":[-79.45129,41.87282]},"properties":{"SGL":143,"PGC_REGION":1}},{"type":"Feature","geometry":{"type":"Point","coordinates":[-79.41904,41.83878]},"properties":{"SGL":143,"PGC_REGION":1}},{"type":"Feature","geometry":{"type":"Point","coordinates":[-79.48185,41.82325]},"properties":{"SGL":143,"PGC_REGION":1}},{"type":"Feature","geometry":{"type":"Point","coordinates":[-79.47152,41.84268]},"properties":{"SGL":143,"PGC_REGION":1}},{"type":"Feature","geometry":{"type":"Point","coordinates":[-80.36467,40.85593]},"properties":{"SGL":148,"PGC_REGION":1}},{"type":"Feature","geometry":{"type":"Point","coordinates":[-80.35639,40.85981]},"properties":{"SGL":148,"PGC_REGION":1}},{"type":"Feature","geometry":{"type":"Point","coordinates":[-80.46554,41.09372]},"properties":{"SGL":150,"PGC_REGION":1}},{"type":"Feature","geometry":{"type":"Point","coordinates":[-80.18478,41.07468]},"properties":{"SGL":151,"PGC_REGION":1}},{"type":"Feature","geometry":{"type":"Point","coordinates":[-80.14803,41.0794]},"properties":{"SGL":151,"PGC_REGION":1}},{"type":"Feature","geometry":{"type":"Point","coordinates":[-80.14388,41.0899]},"properties":{"SGL":151,"PGC_REGION":1}},{"type":"Feature","geometry":{"type":"Point","coordinates":[-80.13429,41.10459]},"properties":{"SGL":151,"PGC_REGION":1}},{"type":"Feature","geometry":{"type":"Point","coordinates":[-80.12898,41.10112]},"properties":{"SGL":151,"PGC_REGION":1}},{"type":"Feature","geometry":{"type":"Point","coordinates":[-80.13823,41.09611]},"properties":{"SGL":151,"PGC_REGION":1}},{"type":"Feature","geometry":{"type":"Point","coordinates":[-80.13195,41.09197]},"properties":{"SGL":151,"PGC_REGION":1}},{"type":"Feature","geometry":{"type":"Point","coordinates":[-80.13146,41.1027]},"properties":{"SGL":151,"PGC_REGION":1}},{"type":"Feature","geometry":{"type":"Point","coordinates":[-80.18523,41.08046]},"properties":{"SGL":151,"PGC_REGION":1}},{"type":"Feature","geometry":{"type":"Point","coordinates":[-80.13352,41.08681]},"properties":{"SGL":151,"PGC_REGION":1}},{"type":"Feature","geometry":{"type":"Point","coordinates":[-80.12781,41.0802]},"properties":{"SGL":151,"PGC_REGION":1}},{"type":"Feature","geometry":{"type":"Point","coordinates":[-80.12999,41.08297]},"properties":{"SGL":151,"PGC_REGION":1}},{"type":"Feature","geometry":{"type":"Point","coordinates":[-80.23857,41.84273]},"properties":{"SGL":152,"PGC_REGION":1}},{"type":"Feature","geometry":{"type":"Point","coordinates":[-80.23258,41.84302]},"properties":{"SGL":152,"PGC_REGION":1}},{"type":"Feature","geometry":{"type":"Point","coordinates":[-80.22663,41.8473]},"properties":{"SGL":152,"PGC_REGION":1}},{"type":"Feature","geometry":{"type":"Point","coordinates":[-79.87658,42.00851]},"properties":{"SGL":155,"PGC_REGION":1}},{"type":"Feature","geometry":{"type":"Point","coordinates":[-79.87184,42.00153]},"properties":{"SGL":155,"PGC_REGION":1}},{"type":"Feature","geometry":{"type":"Point","coordinates":[-79.82884,42.12784]},"properties":{"SGL":163,"PGC_REGION":1}},{"type":"Feature","geometry":{"type":"Point","coordinates":[-79.84212,42.14505]},"properties":{"SGL":163,"PGC_REGION":1}},{"type":"Feature","geometry":{"type":"Point","coordinates":[-79.78066,40.88395]},"properties":{"SGL":164,"PGC_REGION":1}},{"type":"Feature","geometry":{"type":"Point","coordinates":[-79.78221,40.88768]},"properties":{"SGL":164,"PGC_REGION":1}},{"type":"Feature","geometry":{"type":"Point","coordinates":[-79.78187,40.88788]},"properties":{"SGL":164,"PGC_REGION":1}},{"type":"Feature","geometry":{"type":"Point","coordinates":[-79.7696,40.89451]},"properties":{"SGL":164,"PGC_REGION":1}},{"type":"Feature","geometry":{"type":"Point","coordinates":[-79.76487,40.8943]},"properties":{"SGL":164,"PGC_REGION":1}},{"type":"Feature","geometry":{"type":"Point","coordinates":[-80.31798,41.05268]},"properties":{"SGL":178,"PGC_REGION":1}},{"type":"Feature","geometry":{"type":"Point","coordinates":[-79.80736,42.09589]},"properties":{"SGL":191,"PGC_REGION":1}},{"type":"Feature","geometry":{"type":"Point","coordinates":[-79.79021,42.09615]},"properties":{"SGL":191,"PGC_REGION":1}},{"type":"Feature","geometry":{"type":"Point","coordinates":[-79.801,42.08316]},"properties":{"SGL":191,"PGC_REGION":1}},{"type":"Feature","geometry":{"type":"Point","coordinates":[-79.80154,42.07201]},"properties":{"SGL":191,"PGC_REGION":1}},{"type":"Feature","geometry":{"type":"Point","coordinates":[-79.80837,42.07175]},"properties":{"SGL":191,"PGC_REGION":1}},{"type":"Feature","geometry":{"type":"Point","coordinates":[-79.79642,42.07168]},"properties":{"SGL":191,"PGC_REGION":1}},{"type":"Feature","geometry":{"type":"Point","coordinates":[-79.80128,42.08671]},"properties":{"SGL":191,"PGC_REGION":1}},{"type":"Feature","geometry":{"type":"Point","coordinates":[-79.8057,42.08655]},"properties":{"SGL":191,"PGC_REGION":1}},{"type":"Feature","geometry":{"type":"Point","coordinates":[-80.03469,41.91754]},"properties":{"SGL":192,"PGC_REGION":1}},{"type":"Feature","geometry":{"type":"Point","coordinates":[-80.04564,41.90514]},"properties":{"SGL":192,"PGC_REGION":1}},{"type":"Feature","geometry":{"type":"Point","coordinates":[-78.85218,40.96016]},"properties":{"SGL":195,"PGC_REGION":1}},{"type":"Feature","geometry":{"type":"Point","coordinates":[-78.84228,40.95996]},"properties":{"SGL":195,"PGC_REGION":1}},{"type":"Feature","geometry":{"type":"Point","coordinates":[-78.8364,40.9562]},"properties":{"SGL":195,"PGC_REGION":1}},{"type":"Feature","geometry":{"type":"Point","coordinates":[-79.83178,41.76647]},"properties":{"SGL":199,"PGC_REGION":1}},{"type":"Feature","geometry":{"type":"Point","coordinates":[-79.82523,41.76885]},"properties":{"SGL":199,"PGC_REGION":1}},{"type":"Feature","geometry":{"type":"Point","coordinates":[-79.82044,41.77018]},"properties":{"SGL":199,"PGC_REGION":1}},{"type":"Feature","geometry":{"type":"Point","coordinates":[-79.83454,41.75782]},"properties":{"SGL":199,"PGC_REGION":1}},{"type":"Feature","geometry":{"type":"Point","coordinates":[-79.82485,41.75675]},"properties":{"SGL":199,"PGC_REGION":1}},{"type":"Feature","geometry":{"type":"Point","coordinates":[-79.80849,41.75265]},"properties":{"SGL":199,"PGC_REGION":1}},{"type":"Feature","geometry":{"type":"Point","coordinates":[-79.93186,42.0539]},"properties":{"SGL":218,"PGC_REGION":1}},{"type":"Feature","geometry":{"type":"Point","coordinates":[-79.93303,42.05039]},"properties":{"SGL":218,"PGC_REGION":1}},{"type":"Feature","geometry":{"type":"Point","coordinates":[-79.92882,42.04811]},"properties":{"SGL":218,"PGC_REGION":1}},{"type":"Feature","geometry":{"type":"Point","coordinates":[-79.93281,42.04309]},"properties":{"SGL":218,"PGC_REGION":1}},{"type":"Feature","geometry":{"type":"Point","coordinates":[-79.92292,42.03379]},"properties":{"SGL":218,"PGC_REGION":1}},{"type":"Feature","geometry":{"type":"Point","coordinates":[-79.90969,42.03341]},"properties":{"SGL":218,"PGC_REGION":1}},{"type":"Feature","geometry":{"type":"Point","coordinates":[-79.91168,42.03927]},"properties":{"SGL":218,"PGC_REGION":1}},{"type":"Feature","geometry":{"type":"Point","coordinates":[-79.91313,42.05366]},"properties":{"SGL":218,"PGC_REGION":1}},{"type":"Feature","geometry":{"type":"Point","coordinates":[-79.91497,42.05514]},"properties":{"SGL":218,"PGC_REGION":1}},{"type":"Feature","geometry":{"type":"Point","coordinates":[-79.91585,42.0582]},"properties":{"SGL":218,"PGC_REGION":1}},{"type":"Feature","geometry":{"type":"Point","coordinates":[-79.92794,42.05987]},"properties":{"SGL":218,"PGC_REGION":1}},{"type":"Feature","geometry":{"type":"Point","coordinates":[-79.92649,42.06485]},"properties":{"SGL":218,"PGC_REGION":1}},{"type":"Feature","geometry":{"type":"Point","coordinates":[-78.97883,41.09277]},"properties":{"SGL":244,"PGC_REGION":1}},{"type":"Feature","geometry":{"type":"Point","coordinates":[-78.96648,41.11219]},"properties":{"SGL":244,"PGC_REGION":1}},{"type":"Feature","geometry":{"type":"Point","coordinates":[-78.94474,41.10909]},"properties":{"SGL":244,"PGC_REGION":1}},{"type":"Feature","geometry":{"type":"Point","coordinates":[-78.93991,41.0971]},"properties":{"SGL":244,"PGC_REGION":1}},{"type":"Feature","geometry":{"type":"Point","coordinates":[-78.94126,41.09173]},"properties":{"SGL":244,"PGC_REGION":1}},{"type":"Feature","geometry":{"type":"Point","coordinates":[-78.94355,41.0856]},"properties":{"SGL":244,"PGC_REGION":1}},{"type":"Feature","geometry":{"type":"Point","coordinates":[-78.94604,41.07419]},"properties":{"SGL":244,"PGC_REGION":1}},{"type":"Feature","geometry":{"type":"Point","coordinates":[-78.95161,41.07947]},"properties":{"SGL":244,"PGC_REGION":1}},{"type":"Feature","geometry":{"type":"Point","coordinates":[-78.9259,41.11021]},"properties":{"SGL":244,"PGC_REGION":1}},{"type":"Feature","geometry":{"type":"Point","coordinates":[-78.94697,41.09075]},"properties":{"SGL":244,"PGC_REGION":1}},{"type":"Feature","geometry":{"type":"Point","coordinates":[-78.93611,41.09556]},"properties":{"SGL":244,"PGC_REGION":1}},{"type":"Feature","geometry":{"type":"Point","coordinates":[-78.94139,41.09104]},"properties":{"SGL":244,"PGC_REGION":1}},{"type":"Feature","geometry":{"type":"Point","coordinates":[-78.93962,41.09556]},"properties":{"SGL":244,"PGC_REGION":1}},{"type":"Feature","geometry":{"type":"Point","coordinates":[-78.94685,41.07094]},"properties":{"SGL":244,"PGC_REGION":1}},{"type":"Feature","geometry":{"type":"Point","coordinates":[-78.92159,41.09433]},"properties":{"SGL":244,"PGC_REGION":1}},{"type":"Feature","geometry":{"type":"Point","coordinates":[-79.633,41.48896]},"properties":{"SGL":253,"PGC_REGION":1}},{"type":"Feature","geometry":{"type":"Point","coordinates":[-79.62122,41.47683]},"properties":{"SGL":253,"PGC_REGION":1}},{"type":"Feature","geometry":{"type":"Point","coordinates":[-79.62042,41.48814]},"properties":{"SGL":253,"PGC_REGION":1}},{"type":"Feature","geometry":{"type":"Point","coordinates":[-80.23935,41.80319]},"properties":{"SGL":269,"PGC_REGION":1}},{"type":"Feature","geometry":{"type":"Point","coordinates":[-80.23175,41.7908]},"properties":{"SGL":269,"PGC_REGION":1}},{"type":"Feature","geometry":{"type":"Point","coordinates":[-80.23172,41.79271]},"properties":{"SGL":269,"PGC_REGION":1}},{"type":"Feature","geometry":{"type":"Point","coordinates":[-80.2179,41.79527]},"properties":{"SGL":269,"PGC_REGION":1}},{"type":"Feature","geometry":{"type":"Point","coordinates":[-80.24642,41.80324]},"properties":{"SGL":269,"PGC_REGION":1}},{"type":"Feature","geometry":{"type":"Point","coordinates":[-80.20663,41.47695]},"properties":{"SGL":270,"PGC_REGION":1}},{"type":"Feature","geometry":{"type":"Point","coordinates":[-80.20709,41.47087]},"properties":{"SGL":270,"PGC_REGION":1}},{"type":"Feature","geometry":{"type":"Point","coordinates":[-80.18538,41.45481]},"properties":{"SGL":270,"PGC_REGION":1}},{"type":"Feature","geometry":{"type":"Point","coordinates":[-80.17757,41.46074]},"properties":{"SGL":270,"PGC_REGION":1}},{"type":"Feature","geometry":{"type":"Point","coordinates":[-80.16864,41.43065]},"properties":{"SGL":270,"PGC_REGION":1}},{"type":"Feature","geometry":{"type":"Point","coordinates":[-80.18709,41.45365]},"properties":{"SGL":270,"PGC_REGION":1}},{"type":"Feature","geometry":{"type":"Point","coordinates":[-80.17718,41.44603]},"properties":{"SGL":270,"PGC_REGION":1}},{"type":"Feature","geometry":{"type":"Point","coordinates":[-80.18122,41.44596]},"properties":{"SGL":270,"PGC_REGION":1}},{"type":"Feature","geometry":{"type":"Point","coordinates":[-80.18818,41.44281]},"properties":{"SGL":270,"PGC_REGION":1}},{"type":"Feature","geometry":{"type":"Point","coordinates":[-80.17177,41.44531]},"properties":{"SGL":270,"PGC_REGION":1}},{"type":"Feature","geometry":{"type":"Point","coordinates":[-80.11216,41.4648]},"properties":{"SGL":270,"PGC_REGION":1}},{"type":"Feature","geometry":{"type":"Point","coordinates":[-80.19491,41.46568]},"properties":{"SGL":270,"PGC_REGION":1}},{"type":"Feature","geometry":{"type":"Point","coordinates":[-80.19187,41.44411]},"properties":{"SGL":270,"PGC_REGION":1}},{"type":"Feature","geometry":{"type":"Point","coordinates":[-80.18349,41.44235]},"properties":{"SGL":270,"PGC_REGION":1}},{"type":"Feature","geometry":{"type":"Point","coordinates":[-80.17274,41.43221]},"properties":{"SGL":270,"PGC_REGION":1}},{"type":"Feature","geometry":{"type":"Point","coordinates":[-80.17802,41.43397]},"properties":{"SGL":270,"PGC_REGION":1}},{"type":"Feature","geometry":{"type":"Point","coordinates":[-79.60613,41.73736]},"properties":{"SGL":272,"PGC_REGION":1}},{"type":"Feature","geometry":{"type":"Point","coordinates":[-79.13695,41.98083]},"properties":{"SGL":282,"PGC_REGION":1}},{"type":"Feature","geometry":{"type":"Point","coordinates":[-79.13156,41.98116]},"properties":{"SGL":282,"PGC_REGION":1}},{"type":"Feature","geometry":{"type":"Point","coordinates":[-79.1246,41.98877]},"properties":{"SGL":282,"PGC_REGION":1}},{"type":"Feature","geometry":{"type":"Point","coordinates":[-79.20063,41.30253]},"properties":{"SGL":283,"PGC_REGION":1}},{"type":"Feature","geometry":{"type":"Point","coordinates":[-79.19903,41.30261]},"properties":{"SGL":283,"PGC_REGION":1}},{"type":"Feature","geometry":{"type":"Point","coordinates":[-79.1966,41.30432]},"properties":{"SGL":283,"PGC_REGION":1}},{"type":"Feature","geometry":{"type":"Point","coordinates":[-79.2088,41.30059]},"properties":{"SGL":283,"PGC_REGION":1}},{"type":"Feature","geometry":{"type":"Point","coordinates":[-79.2104,41.29231]},"properties":{"SGL":283,"PGC_REGION":1}},{"type":"Feature","geometry":{"type":"Point","coordinates":[-79.21153,41.29192]},"properties":{"SGL":283,"PGC_REGION":1}},{"type":"Feature","geometry":{"type":"Point","coordinates":[-79.16472,41.28908]},"properties":{"SGL":283,"PGC_REGION":1}},{"type":"Feature","geometry":{"type":"Point","coordinates":[-79.16564,41.29708]},"properties":{"SGL":283,"PGC_REGION":1}},{"type":"Feature","geometry":{"type":"Point","coordinates":[-79.2009,41.30282]},"properties":{"SGL":283,"PGC_REGION":1}},{"type":"Feature","geometry":{"type":"Point","coordinates":[-80.18873,41.09826]},"properties":{"SGL":284,"PGC_REGION":1}},{"type":"Feature","geometry":{"type":"Point","coordinates":[-80.20442,41.1187]},"properties":{"SGL":284,"PGC_REGION":1}},{"type":"Feature","geometry":{"type":"Point","coordinates":[-80.21079,41.12236]},"properties":{"SGL":284,"PGC_REGION":1}},{"type":"Feature","geometry":{"type":"Point","coordinates":[-80.21623,41.13631]},"properties":{"SGL":284,"PGC_REGION":1}},{"type":"Feature","geometry":{"type":"Point","coordinates":[-80.20865,41.14462]},"properties":{"SGL":284,"PGC_REGION":1}},{"type":"Feature","geometry":{"type":"Point","coordinates":[-80.20713,41.1539]},"properties":{"SGL":284,"PGC_REGION":1}},{"type":"Feature","geometry":{"type":"Point","coordinates":[-80.21385,41.13958]},"properties":{"SGL":284,"PGC_REGION":1}},{"type":"Feature","geometry":{"type":"Point","coordinates":[-80.20213,41.13273]},"properties":{"SGL":284,"PGC_REGION":1}},{"type":"Feature","geometry":{"type":"Point","coordinates":[-80.19224,41.11462]},"properties":{"SGL":284,"PGC_REGION":1}},{"type":"Feature","geometry":{"type":"Point","coordinates":[-80.19705,41.11396]},"properties":{"SGL":284,"PGC_REGION":1}},{"type":"Feature","geometry":{"type":"Point","coordinates":[-79.58837,41.87269]},"properties":{"SGL":291,"PGC_REGION":1}},{"type":"Feature","geometry":{"type":"Point","coordinates":[-79.60135,41.8808]},"properties":{"SGL":291,"PGC_REGION":1}},{"type":"Feature","geometry":{"type":"Point","coordinates":[-80.23928,41.31845]},"properties":{"SGL":294,"PGC_REGION":1}},{"type":"Feature","geometry":{"type":"Point","coordinates":[-80.24442,41.31829]},"properties":{"SGL":294,"PGC_REGION":1}},{"type":"Feature","geometry":{"type":"Point","coordinates":[-79.70419,40.87419]},"properties":{"SGL":304,"PGC_REGION":1}},{"type":"Feature","geometry":{"type":"Point","coordinates":[-79.70387,40.87861]},"properties":{"SGL":304,"PGC_REGION":1}},{"type":"Feature","geometry":{"type":"Point","coordinates":[-79.70476,40.88024]},"properties":{"SGL":304,"PGC_REGION":1}},{"type":"Feature","geometry":{"type":"Point","coordinates":[-79.50011,41.93035]},"properties":{"SGL":306,"PGC_REGION":1}},{"type":"Feature","geometry":{"type":"Point","coordinates":[-79.50754,41.94286]},"properties":{"SGL":306,"PGC_REGION":1}},{"type":"Feature","geometry":{"type":"Point","coordinates":[-79.51345,41.94906]},"properties":{"SGL":306,"PGC_REGION":1}},{"type":"Feature","geometry":{"type":"Point","coordinates":[-79.43806,41.66602]},"properties":{"SGL":309,"PGC_REGION":1}},{"type":"Feature","geometry":{"type":"Point","coordinates":[-79.44368,41.66985]},"properties":{"SGL":309,"PGC_REGION":1}},{"type":"Feature","geometry":{"type":"Point","coordinates":[-79.43381,41.67391]},"properties":{"SGL":309,"PGC_REGION":1}},{"type":"Feature","geometry":{"type":"Point","coordinates":[-79.43664,41.69073]},"properties":{"SGL":309,"PGC_REGION":1}},{"type":"Feature","geometry":{"type":"Point","coordinates":[-80.51913,41.96836]},"properties":{"SGL":314,"PGC_REGION":1}},{"type":"Feature","geometry":{"type":"Point","coordinates":[-80.49357,41.97662]},"properties":{"SGL":314,"PGC_REGION":1}},{"type":"Feature","geometry":{"type":"Point","coordinates":[-80.51926,41.96487]},"properties":{"SGL":314,"PGC_REGION":1}},{"type":"Feature","geometry":{"type":"Point","coordinates":[-80.51804,41.97684]},"properties":{"SGL":314,"PGC_REGION":1}},{"type":"Feature","geometry":{"type":"Point","coordinates":[-80.50573,41.98122]},"properties":{"SGL":314,"PGC_REGION":1}},{"type":"Feature","geometry":{"type":"Point","coordinates":[-80.50151,41.98336]},"properties":{"SGL":314,"PGC_REGION":1}},{"type":"Feature","geometry":{"type":"Point","coordinates":[-80.50828,41.96522]},"properties":{"SGL":314,"PGC_REGION":1}},{"type":"Feature","geometry":{"type":"Point","coordinates":[-80.50118,41.96523]},"properties":{"SGL":314,"PGC_REGION":1}},{"type":"Feature","geometry":{"type":"Point","coordinates":[-80.49337,41.97199]},"properties":{"SGL":314,"PGC_REGION":1}},{"type":"Feature","geometry":{"type":"Point","coordinates":[-80.48197,41.96821]},"properties":{"SGL":314,"PGC_REGION":1}},{"type":"Feature","geometry":{"type":"Point","coordinates":[-80.47224,41.97638]},"properties":{"SGL":314,"PGC_REGION":1}},{"type":"Feature","geometry":{"type":"Point","coordinates":[-80.46356,41.97888]},"properties":{"SGL":314,"PGC_REGION":1}},{"type":"Feature","geometry":{"type":"Point","coordinates":[-80.5003,41.94926]},"properties":{"SGL":314,"PGC_REGION":1}},{"type":"Feature","geometry":{"type":"Point","coordinates":[-79.16251,40.94654]},"properties":{"SGL":320,"PGC_REGION":1}},{"type":"Feature","geometry":{"type":"Point","coordinates":[-79.17159,40.95588]},"properties":{"SGL":320,"PGC_REGION":1}},{"type":"Feature","geometry":{"type":"Point","coordinates":[-79.28431,41.4672]},"properties":{"SGL":24,"PGC_REGION":1}},{"type":"Feature","geometry":{"type":"Point","coordinates":[-79.2897,41.46625]},"properties":{"SGL":24,"PGC_REGION":1}},{"type":"Feature","geometry":{"type":"Point","coordinates":[-79.27285,41.46812]},"properties":{"SGL":24,"PGC_REGION":1}},{"type":"Feature","geometry":{"type":"Point","coordinates":[-79.24038,41.43855]},"properties":{"SGL":24,"PGC_REGION":1}},{"type":"Feature","geometry":{"type":"Point","coordinates":[-79.24117,41.43743]},"properties":{"SGL":24,"PGC_REGION":1}},{"type":"Feature","geometry":{"type":"Point","coordinates":[-79.33936,41.40193]},"properties":{"SGL":24,"PGC_REGION":1}},{"type":"Feature","geometry":{"type":"Point","coordinates":[-79.32721,41.43986]},"properties":{"SGL":24,"PGC_REGION":1}},{"type":"Feature","geometry":{"type":"Point","coordinates":[-79.28967,41.46679]},"properties":{"SGL":24,"PGC_REGION":1}},{"type":"Feature","geometry":{"type":"Point","coordinates":[-79.33343,41.43497]},"properties":{"SGL":24,"PGC_REGION":1}},{"type":"Feature","geometry":{"type":"Point","coordinates":[-79.19878,41.43433]},"properties":{"SGL":24,"PGC_REGION":1}},{"type":"Feature","geometry":{"type":"Point","coordinates":[-79.2416,41.43376]},"properties":{"SGL":24,"PGC_REGION":1}},{"type":"Feature","geometry":{"type":"Point","coordinates":[-79.30124,41.45775]},"properties":{"SGL":24,"PGC_REGION":1}},{"type":"Feature","geometry":{"type":"Point","coordinates":[-79.34495,41.40497]},"properties":{"SGL":24,"PGC_REGION":1}},{"type":"Feature","geometry":{"type":"Point","coordinates":[-79.48689,41.14761]},"properties":{"SGL":330,"PGC_REGION":1}},{"type":"Feature","geometry":{"type":"Point","coordinates":[-79.49018,41.13281]},"properties":{"SGL":330,"PGC_REGION":1}},{"type":"Feature","geometry":{"type":"Point","coordinates":[-79.47317,41.13899]},"properties":{"SGL":330,"PGC_REGION":1}},{"type":"Feature","geometry":{"type":"Point","coordinates":[-79.49231,41.14802]},"properties":{"SGL":330,"PGC_REGION":1}},{"type":"Feature","geometry":{"type":"Point","coordinates":[-79.49919,41.14712]},"properties":{"SGL":330,"PGC_REGION":1}},{"type":"Feature","geometry":{"type":"Point","coordinates":[-79.57886,41.97006]},"properties":{"SGL":197,"PGC_REGION":1}},{"type":"Feature","geometry":{"type":"Point","coordinates":[-79.58892,41.97854]},"properties":{"SGL":197,"PGC_REGION":1}},{"type":"Feature","geometry":{"type":"Point","coordinates":[-79.56461,41.9939]},"properties":{"SGL":197,"PGC_REGION":1}},{"type":"Feature","geometry":{"type":"Point","coordinates":[-79.56819,41.987]},"properties":{"SGL":197,"PGC_REGION":1}},{"type":"Feature","geometry":{"type":"Point","coordinates":[-79.61929,41.94914]},"properties":{"SGL":263,"PGC_REGION":1}},{"type":"Feature","geometry":{"type":"Point","coordinates":[-79.62096,41.9561]},"properties":{"SGL":263,"PGC_REGION":1}},{"type":"Feature","geometry":{"type":"Point","coordinates":[-79.61166,41.95774]},"properties":{"SGL":263,"PGC_REGION":1}},{"type":"Feature","geometry":{"type":"Point","coordinates":[-79.93343,41.2858]},"properties":{"SGL":39,"PGC_REGION":1}},{"type":"Feature","geometry":{"type":"Point","coordinates":[-79.93452,41.28716]},"properties":{"SGL":39,"PGC_REGION":1}},{"type":"Feature","geometry":{"type":"Point","coordinates":[-79.93734,41.29067]},"properties":{"SGL":39,"PGC_REGION":1}},{"type":"Feature","geometry":{"type":"Point","coordinates":[-79.96004,41.3072]},"properties":{"SGL":39,"PGC_REGION":1}},{"type":"Feature","geometry":{"type":"Point","coordinates":[-79.95751,41.30559]},"properties":{"SGL":39,"PGC_REGION":1}},{"type":"Feature","geometry":{"type":"Point","coordinates":[-79.95046,41.29934]},"properties":{"SGL":39,"PGC_REGION":1}},{"type":"Feature","geometry":{"type":"Point","coordinates":[-79.90136,41.3281]},"properties":{"SGL":39,"PGC_REGION":1}},{"type":"Feature","geometry":{"type":"Point","coordinates":[-79.91062,41.3145]},"properties":{"SGL":39,"PGC_REGION":1}},{"type":"Feature","geometry":{"type":"Point","coordinates":[-79.93879,41.29229]},"properties":{"SGL":39,"PGC_REGION":1}},{"type":"Feature","geometry":{"type":"Point","coordinates":[-79.94687,41.2981]},"properties":{"SGL":39,"PGC_REGION":1}},{"type":"Feature","geometry":{"type":"Point","coordinates":[-79.94053,41.3382]},"properties":{"SGL":39,"PGC_REGION":1}},{"type":"Feature","geometry":{"type":"Point","coordinates":[-79.97257,41.2792]},"properties":{"SGL":39,"PGC_REGION":1}},{"type":"Feature","geometry":{"type":"Point","coordinates":[-79.97313,41.28832]},"properties":{"SGL":39,"PGC_REGION":1}},{"type":"Feature","geometry":{"type":"Point","coordinates":[-79.98492,41.2905]},"properties":{"SGL":39,"PGC_REGION":1}},{"type":"Feature","geometry":{"type":"Point","coordinates":[-79.95694,41.25769]},"properties":{"SGL":39,"PGC_REGION":1}},{"type":"Feature","geometry":{"type":"Point","coordinates":[-79.95491,41.2632]},"properties":{"SGL":39,"PGC_REGION":1}},{"type":"Feature","geometry":{"type":"Point","coordinates":[-79.872,41.26882]},"properties":{"SGL":39,"PGC_REGION":1}},{"type":"Feature","geometry":{"type":"Point","coordinates":[-79.87121,41.24696]},"properties":{"SGL":39,"PGC_REGION":1}},{"type":"Feature","geometry":{"type":"Point","coordinates":[-79.90018,41.36232]},"properties":{"SGL":39,"PGC_REGION":1}},{"type":"Feature","geometry":{"type":"Point","coordinates":[-79.90004,41.36259]},"properties":{"SGL":39,"PGC_REGION":1}},{"type":"Feature","geometry":{"type":"Point","coordinates":[-79.90305,41.36293]},"properties":{"SGL":39,"PGC_REGION":1}},{"type":"Feature","geometry":{"type":"Point","coordinates":[-79.47511,41.23956]},"properties":{"SGL":63,"PGC_REGION":1}},{"type":"Feature","geometry":{"type":"Point","coordinates":[-79.45657,41.23904]},"properties":{"SGL":63,"PGC_REGION":1}},{"type":"Feature","geometry":{"type":"Point","coordinates":[-79.46714,41.20622]},"properties":{"SGL":63,"PGC_REGION":1}},{"type":"Feature","geometry":{"type":"Point","coordinates":[-79.47925,41.22561]},"properties":{"SGL":63,"PGC_REGION":1}},{"type":"Feature","geometry":{"type":"Point","coordinates":[-79.44995,41.23151]},"properties":{"SGL":63,"PGC_REGION":1}},{"type":"Feature","geometry":{"type":"Point","coordinates":[-79.4639,41.20392]},"properties":{"SGL":63,"PGC_REGION":1}},{"type":"Feature","geometry":{"type":"Point","coordinates":[-79.46713,41.20421]},"properties":{"SGL":63,"PGC_REGION":1}},{"type":"Feature","geometry":{"type":"Point","coordinates":[-79.47044,41.21568]},"properties":{"SGL":63,"PGC_REGION":1}},{"type":"Feature","geometry":{"type":"Point","coordinates":[-79.48643,41.23661]},"properties":{"SGL":63,"PGC_REGION":1}},{"type":"Feature","geometry":{"type":"Point","coordinates":[-79.48334,41.23448]},"properties":{"SGL":63,"PGC_REGION":1}},{"type":"Feature","geometry":{"type":"Point","coordinates":[-79.47386,41.27369]},"properties":{"SGL":63,"PGC_REGION":1}},{"type":"Feature","geometry":{"type":"Point","coordinates":[-79.47609,41.26071]},"properties":{"SGL":63,"PGC_REGION":1}},{"type":"Feature","geometry":{"type":"Point","coordinates":[-79.4798,41.27285]},"properties":{"SGL":63,"PGC_REGION":1}},{"type":"Feature","geometry":{"type":"Point","coordinates":[-79.48125,41.26021]},"properties":{"SGL":63,"PGC_REGION":1}},{"type":"Feature","geometry":{"type":"Point","coordinates":[-79.45244,41.23528]},"properties":{"SGL":63,"PGC_REGION":1}},{"type":"Feature","geometry":{"type":"Point","coordinates":[-79.44243,41.21327]},"properties":{"SGL":63,"PGC_REGION":1}},{"type":"Feature","geometry":{"type":"Point","coordinates":[-79.4795,41.23699]},"properties":{"SGL":63,"PGC_REGION":1}},{"type":"Feature","geometry":{"type":"Point","coordinates":[-79.52822,41.94714]},"properties":{"SGL":306,"PGC_REGION":1}},{"type":"Feature","geometry":{"type":"Point","coordinates":[-80.19283,41.00866]},"properties":{"SGL":216,"PGC_REGION":1}},{"type":"Feature","geometry":{"type":"Point","coordinates":[-80.19218,41.00461]},"properties":{"SGL":216,"PGC_REGION":1}},{"type":"Feature","geometry":{"type":"Point","coordinates":[-80.19271,41.00051]},"properties":{"SGL":216,"PGC_REGION":1}},{"type":"Feature","geometry":{"type":"Point","coordinates":[-80.18675,40.99832]},"properties":{"SGL":216,"PGC_REGION":1}},{"type":"Feature","geometry":{"type":"Point","coordinates":[-80.1965,41.01106]},"properties":{"SGL":216,"PGC_REGION":1}},{"type":"Feature","geometry":{"type":"Point","coordinates":[-79.77857,41.99875]},"properties":{"SGL":167,"PGC_REGION":1}},{"type":"Feature","geometry":{"type":"Point","coordinates":[-79.78192,42.00443]},"properties":{"SGL":167,"PGC_REGION":1}},{"type":"Feature","geometry":{"type":"Point","coordinates":[-80.31605,41.05583]},"properties":{"SGL":178,"PGC_REGION":1}},{"type":"Feature","geometry":{"type":"Point","coordinates":[-79.91266,41.66976]},"properties":{"SGL":69,"PGC_REGION":1}},{"type":"Feature","geometry":{"type":"Point","coordinates":[-79.91136,41.67085]},"properties":{"SGL":69,"PGC_REGION":1}},{"type":"Feature","geometry":{"type":"Point","coordinates":[-79.92515,41.6482]},"properties":{"SGL":69,"PGC_REGION":1}},{"type":"Feature","geometry":{"type":"Point","coordinates":[-79.92395,41.63784]},"properties":{"SGL":69,"PGC_REGION":1}},{"type":"Feature","geometry":{"type":"Point","coordinates":[-79.91754,41.63804]},"properties":{"SGL":69,"PGC_REGION":1}},{"type":"Feature","geometry":{"type":"Point","coordinates":[-79.91731,41.63789]},"properties":{"SGL":69,"PGC_REGION":1}},{"type":"Feature","geometry":{"type":"Point","coordinates":[-79.91683,41.63098]},"properties":{"SGL":69,"PGC_REGION":1}},{"type":"Feature","geometry":{"type":"Point","coordinates":[-79.91666,41.62821]},"properties":{"SGL":69,"PGC_REGION":1}},{"type":"Feature","geometry":{"type":"Point","coordinates":[-79.91669,41.62536]},"properties":{"SGL":69,"PGC_REGION":1}},{"type":"Feature","geometry":{"type":"Point","coordinates":[-79.91691,41.62119]},"properties":{"SGL":69,"PGC_REGION":1}},{"type":"Feature","geometry":{"type":"Point","coordinates":[-79.91668,41.61882]},"properties":{"SGL":69,"PGC_REGION":1}},{"type":"Feature","geometry":{"type":"Point","coordinates":[-79.90519,41.62827]},"properties":{"SGL":69,"PGC_REGION":1}},{"type":"Feature","geometry":{"type":"Point","coordinates":[-79.89821,41.63025]},"properties":{"SGL":69,"PGC_REGION":1}},{"type":"Feature","geometry":{"type":"Point","coordinates":[-79.8909,41.63098]},"properties":{"SGL":69,"PGC_REGION":1}},{"type":"Feature","geometry":{"type":"Point","coordinates":[-79.87267,41.63067]},"properties":{"SGL":69,"PGC_REGION":1}},{"type":"Feature","geometry":{"type":"Point","coordinates":[-79.88146,41.64252]},"properties":{"SGL":69,"PGC_REGION":1}},{"type":"Feature","geometry":{"type":"Point","coordinates":[-79.90062,41.6554]},"properties":{"SGL":69,"PGC_REGION":1}},{"type":"Feature","geometry":{"type":"Point","coordinates":[-79.90889,41.64914]},"properties":{"SGL":69,"PGC_REGION":1}},{"type":"Feature","geometry":{"type":"Point","coordinates":[-79.91789,41.65392]},"properties":{"SGL":69,"PGC_REGION":1}},{"type":"Feature","geometry":{"type":"Point","coordinates":[-79.90043,41.62888]},"properties":{"SGL":69,"PGC_REGION":1}},{"type":"Feature","geometry":{"type":"Point","coordinates":[-79.98538,41.8024]},"properties":{"SGL":85,"PGC_REGION":1}},{"type":"Feature","geometry":{"type":"Point","coordinates":[-79.97602,41.73858]},"properties":{"SGL":146,"PGC_REGION":1}},{"type":"Feature","geometry":{"type":"Point","coordinates":[-79.97602,41.73257]},"properties":{"SGL":146,"PGC_REGION":1}},{"type":"Feature","geometry":{"type":"Point","coordinates":[-79.97553,41.73246]},"properties":{"SGL":146,"PGC_REGION":1}},{"type":"Feature","geometry":{"type":"Point","coordinates":[-79.95277,41.70758]},"properties":{"SGL":200,"PGC_REGION":1}},{"type":"Feature","geometry":{"type":"Point","coordinates":[-79.81634,41.692]},"properties":{"SGL":122,"PGC_REGION":1}},{"type":"Feature","geometry":{"type":"Point","coordinates":[-79.83887,41.69322]},"properties":{"SGL":122,"PGC_REGION":1}},{"type":"Feature","geometry":{"type":"Point","coordinates":[-79.84182,41.70822]},"properties":{"SGL":122,"PGC_REGION":1}},{"type":"Feature","geometry":{"type":"Point","coordinates":[-79.82033,41.71095]},"properties":{"SGL":122,"PGC_REGION":1}},{"type":"Feature","geometry":{"type":"Point","coordinates":[-79.81044,41.70585]},"properties":{"SGL":122,"PGC_REGION":1}},{"type":"Feature","geometry":{"type":"Point","coordinates":[-79.80052,41.70123]},"properties":{"SGL":122,"PGC_REGION":1}},{"type":"Feature","geometry":{"type":"Point","coordinates":[-79.80025,41.67499]},"properties":{"SGL":122,"PGC_REGION":1}},{"type":"Feature","geometry":{"type":"Point","coordinates":[-79.79931,41.66962]},"properties":{"SGL":122,"PGC_REGION":1}},{"type":"Feature","geometry":{"type":"Point","coordinates":[-79.79773,41.6643]},"properties":{"SGL":122,"PGC_REGION":1}},{"type":"Feature","geometry":{"type":"Point","coordinates":[-79.67806,41.98984]},"properties":{"SGL":154,"PGC_REGION":1}},{"type":"Feature","geometry":{"type":"Point","coordinates":[-79.67753,41.98912]},"properties":{"SGL":154,"PGC_REGION":1}},{"type":"Feature","geometry":{"type":"Point","coordinates":[-79.70299,41.9882]},"properties":{"SGL":154,"PGC_REGION":1}},{"type":"Feature","geometry":{"type":"Point","coordinates":[-79.70325,41.99106]},"properties":{"SGL":154,"PGC_REGION":1}},{"type":"Feature","geometry":{"type":"Point","coordinates":[-79.72425,41.99861]},"properties":{"SGL":154,"PGC_REGION":1}},{"type":"Feature","geometry":{"type":"Point","coordinates":[-79.74166,41.99856]},"properties":{"SGL":154,"PGC_REGION":1}},{"type":"Feature","geometry":{"type":"Point","coordinates":[-79.70393,41.99691]},"properties":{"SGL":154,"PGC_REGION":1}},{"type":"Feature","geometry":{"type":"Point","coordinates":[-79.91231,41.64388]},"properties":{"SGL":69,"PGC_REGION":1}},{"type":"Feature","geometry":{"type":"Point","coordinates":[-79.90999,41.64766]},"properties":{"SGL":69,"PGC_REGION":1}},{"type":"Feature","geometry":{"type":"Point","coordinates":[-80.21908,41.79698]},"properties":{"SGL":269,"PGC_REGION":1}},{"type":"Feature","geometry":{"type":"Point","coordinates":[-79.2678,41.15611]},"properties":{"SGL":266,"PGC_REGION":1}},{"type":"Feature","geometry":{"type":"Point","coordinates":[-79.26533,41.15986]},"properties":{"SGL":266,"PGC_REGION":1}},{"type":"Feature","geometry":{"type":"Point","coordinates":[-79.21553,41.17016]},"properties":{"SGL":266,"PGC_REGION":1}},{"type":"Feature","geometry":{"type":"Point","coordinates":[-79.19651,41.17247]},"properties":{"SGL":266,"PGC_REGION":1}},{"type":"Feature","geometry":{"type":"Point","coordinates":[-79.19839,41.16726]},"properties":{"SGL":266,"PGC_REGION":1}},{"type":"Feature","geometry":{"type":"Point","coordinates":[-79.21128,41.17254]},"properties":{"SGL":266,"PGC_REGION":1}},{"type":"Feature","geometry":{"type":"Point","coordinates":[-75.34228,41.98989]},"properties":{"SGL":299,"PGC_REGION":5}},{"type":"Feature","geometry":{"type":"Point","coordinates":[-75.37867,41.98522]},"properties":{"SGL":299,"PGC_REGION":5}},{"type":"Feature","geometry":{"type":"Point","coordinates":[-75.3433,41.98364]},"properties":{"SGL":299,"PGC_REGION":5}},{"type":"Feature","geometry":{"type":"Point","coordinates":[-75.38258,41.9785]},"properties":{"SGL":299,"PGC_REGION":5}},{"type":"Feature","geometry":{"type":"Point","coordinates":[-75.34293,41.98358]},"properties":{"SGL":299,"PGC_REGION":5}},{"type":"Feature","geometry":{"type":"Point","coordinates":[-77.371,40.47944]},"properties":{"SGL":88,"PGC_REGION":4}},{"type":"Feature","geometry":{"type":"Point","coordinates":[-77.39706,40.46792]},"properties":{"SGL":88,"PGC_REGION":4}},{"type":"Feature","geometry":{"type":"Point","coordinates":[-77.53272,40.40299]},"properties":{"SGL":88,"PGC_REGION":4}},{"type":"Feature","geometry":{"type":"Point","coordinates":[-77.38898,40.47533]},"properties":{"SGL":88,"PGC_REGION":4}},{"type":"Feature","geometry":{"type":"Point","coordinates":[-77.48687,40.44915]},"properties":{"SGL":88,"PGC_REGION":4}},{"type":"Feature","geometry":{"type":"Point","coordinates":[-77.40964,40.46119]},"properties":{"SGL":88,"PGC_REGION":4}},{"type":"Feature","geometry":{"type":"Point","coordinates":[-77.43168,40.45272]},"properties":{"SGL":88,"PGC_REGION":4}},{"type":"Feature","geometry":{"type":"Point","coordinates":[-77.46014,40.44078]},"properties":{"SGL":88,"PGC_REGION":4}},{"type":"Feature","geometry":{"type":"Point","coordinates":[-77.46386,40.4394]},"properties":{"SGL":88,"PGC_REGION":4}},{"type":"Feature","geometry":{"type":"Point","coordinates":[-77.47383,40.43444]},"properties":{"SGL":88,"PGC_REGION":4}},{"type":"Feature","geometry":{"type":"Point","coordinates":[-77.48149,40.43072]},"properties":{"SGL":88,"PGC_REGION":4}},{"type":"Feature","geometry":{"type":"Point","coordinates":[-77.49708,40.42212]},"properties":{"SGL":88,"PGC_REGION":4}},{"type":"Feature","geometry":{"type":"Point","coordinates":[-77.51847,40.411]},"properties":{"SGL":88,"PGC_REGION":4}},{"type":"Feature","geometry":{"type":"Point","coordinates":[-77.5298,40.40239]},"properties":{"SGL":88,"PGC_REGION":4}},{"type":"Feature","geometry":{"type":"Point","coordinates":[-77.51675,40.40311]},"properties":{"SGL":88,"PGC_REGION":4}},{"type":"Feature","geometry":{"type":"Point","coordinates":[-77.52365,40.4001]},"properties":{"SGL":88,"PGC_REGION":4}},{"type":"Feature","geometry":{"type":"Point","coordinates":[-77.52347,40.40066]},"properties":{"SGL":88,"PGC_REGION":4}},{"type":"Feature","geometry":{"type":"Point","coordinates":[-78.4198,39.99628]},"properties":{"SGL":97,"PGC_REGION":4}},{"type":"Feature","geometry":{"type":"Point","coordinates":[-78.40589,40.00223]},"properties":{"SGL":97,"PGC_REGION":4}},{"type":"Feature","geometry":{"type":"Point","coordinates":[-78.40614,40.0014]},"properties":{"SGL":97,"PGC_REGION":4}},{"type":"Feature","geometry":{"type":"Point","coordinates":[-78.50213,39.86219]},"properties":{"SGL":97,"PGC_REGION":4}},{"type":"Feature","geometry":{"type":"Point","coordinates":[-78.50418,39.85371]},"properties":{"SGL":97,"PGC_REGION":4}},{"type":"Feature","geometry":{"type":"Point","coordinates":[-78.49218,39.91026]},"properties":{"SGL":97,"PGC_REGION":4}},{"type":"Feature","geometry":{"type":"Point","coordinates":[-78.44936,39.94972]},"properties":{"SGL":97,"PGC_REGION":4}},{"type":"Feature","geometry":{"type":"Point","coordinates":[-78.46545,39.88637]},"properties":{"SGL":97,"PGC_REGION":4}},{"type":"Feature","geometry":{"type":"Point","coordinates":[-78.45162,39.89808]},"properties":{"SGL":97,"PGC_REGION":4}},{"type":"Feature","geometry":{"type":"Point","coordinates":[-78.4646,39.88623]},"properties":{"SGL":97,"PGC_REGION":4}},{"type":"Feature","geometry":{"type":"Point","coordinates":[-78.38876,39.99662]},"properties":{"SGL":97,"PGC_REGION":4}},{"type":"Feature","geometry":{"type":"Point","coordinates":[-78.4105,39.99799]},"properties":{"SGL":97,"PGC_REGION":4}},{"type":"Feature","geometry":{"type":"Point","coordinates":[-78.41242,39.99703]},"properties":{"SGL":97,"PGC_REGION":4}},{"type":"Feature","geometry":{"type":"Point","coordinates":[-78.457,39.95165]},"properties":{"SGL":97,"PGC_REGION":4}},{"type":"Feature","geometry":{"type":"Point","coordinates":[-78.47389,39.86438]},"properties":{"SGL":97,"PGC_REGION":4}},{"type":"Feature","geometry":{"type":"Point","coordinates":[-78.49717,39.86386]},"properties":{"SGL":97,"PGC_REGION":4}},{"type":"Feature","geometry":{"type":"Point","coordinates":[-78.49303,39.86964]},"properties":{"SGL":97,"PGC_REGION":4}},{"type":"Feature","geometry":{"type":"Point","coordinates":[-78.45298,39.87727]},"properties":{"SGL":97,"PGC_REGION":4}},{"type":"Feature","geometry":{"type":"Point","coordinates":[-80.03967,41.80801]},"properties":{"SGL":277,"PGC_REGION":1}},{"type":"Feature","geometry":{"type":"Point","coordinates":[-80.04468,41.82154]},"properties":{"SGL":277,"PGC_REGION":1}},{"type":"Feature","geometry":{"type":"Point","coordinates":[-80.02874,41.80733]},"properties":{"SGL":277,"PGC_REGION":1}},{"type":"Feature","geometry":{"type":"Point","coordinates":[-78.14619,40.48688]},"properties":{"SGL":118,"PGC_REGION":4}},{"type":"Feature","geometry":{"type":"Point","coordinates":[-78.1516,40.48252]},"properties":{"SGL":118,"PGC_REGION":4}},{"type":"Feature","geometry":{"type":"Point","coordinates":[-78.12145,40.56462]},"properties":{"SGL":118,"PGC_REGION":4}},{"type":"Feature","geometry":{"type":"Point","coordinates":[-78.16494,40.49051]},"properties":{"SGL":118,"PGC_REGION":4}},{"type":"Feature","geometry":{"type":"Point","coordinates":[-78.16438,40.49248]},"properties":{"SGL":118,"PGC_REGION":4}},{"type":"Feature","geometry":{"type":"Point","coordinates":[-78.16406,40.45674]},"properties":{"SGL":118,"PGC_REGION":4}},{"type":"Feature","geometry":{"type":"Point","coordinates":[-78.16815,40.42876]},"properties":{"SGL":118,"PGC_REGION":4}},{"type":"Feature","geometry":{"type":"Point","coordinates":[-78.11889,40.48]},"properties":{"SGL":118,"PGC_REGION":4}},{"type":"Feature","geometry":{"type":"Point","coordinates":[-78.15919,40.45337]},"properties":{"SGL":118,"PGC_REGION":4}},{"type":"Feature","geometry":{"type":"Point","coordinates":[-78.16362,40.45633]},"properties":{"SGL":118,"PGC_REGION":4}},{"type":"Feature","geometry":{"type":"Point","coordinates":[-78.1244,40.56094]},"properties":{"SGL":118,"PGC_REGION":4}},{"type":"Feature","geometry":{"type":"Point","coordinates":[-78.5651,40.39673]},"properties":{"SGL":198,"PGC_REGION":4}},{"type":"Feature","geometry":{"type":"Point","coordinates":[-78.56037,40.40257]},"properties":{"SGL":198,"PGC_REGION":4}},{"type":"Feature","geometry":{"type":"Point","coordinates":[-78.52568,40.4106]},"properties":{"SGL":198,"PGC_REGION":4}},{"type":"Feature","geometry":{"type":"Point","coordinates":[-78.50426,40.42741]},"properties":{"SGL":198,"PGC_REGION":4}},{"type":"Feature","geometry":{"type":"Point","coordinates":[-78.53639,40.45998]},"properties":{"SGL":198,"PGC_REGION":4}},{"type":"Feature","geometry":{"type":"Point","coordinates":[-78.52789,40.48957]},"properties":{"SGL":198,"PGC_REGION":4}},{"type":"Feature","geometry":{"type":"Point","coordinates":[-78.51217,40.4718]},"properties":{"SGL":198,"PGC_REGION":4}},{"type":"Feature","geometry":{"type":"Point","coordinates":[-78.50456,40.47212]},"properties":{"SGL":198,"PGC_REGION":4}},{"type":"Feature","geometry":{"type":"Point","coordinates":[-78.54143,40.40073]},"properties":{"SGL":198,"PGC_REGION":4}},{"type":"Feature","geometry":{"type":"Point","coordinates":[-78.48762,40.41741]},"properties":{"SGL":198,"PGC_REGION":4}},{"type":"Feature","geometry":{"type":"Point","coordinates":[-78.51775,40.49286]},"properties":{"SGL":198,"PGC_REGION":4}},{"type":"Feature","geometry":{"type":"Point","coordinates":[-78.50918,40.49254]},"properties":{"SGL":198,"PGC_REGION":4}},{"type":"Feature","geometry":{"type":"Point","coordinates":[-78.53733,40.48133]},"properties":{"SGL":198,"PGC_REGION":4}},{"type":"Feature","geometry":{"type":"Point","coordinates":[-78.52779,40.47612]},"properties":{"SGL":198,"PGC_REGION":4}},{"type":"Feature","geometry":{"type":"Point","coordinates":[-78.48237,40.45112]},"properties":{"SGL":198,"PGC_REGION":4}},{"type":"Feature","geometry":{"type":"Point","coordinates":[-78.48891,40.46071]},"properties":{"SGL":198,"PGC_REGION":4}},{"type":"Feature","geometry":{"type":"Point","coordinates":[-78.5217,40.4606]},"properties":{"SGL":198,"PGC_REGION":4}},{"type":"Feature","geometry":{"type":"Point","coordinates":[-78.50581,40.45158]},"properties":{"SGL":198,"PGC_REGION":4}},{"type":"Feature","geometry":{"type":"Point","coordinates":[-78.51905,40.43419]},"properties":{"SGL":198,"PGC_REGION":4}},{"type":"Feature","geometry":{"type":"Point","coordinates":[-78.50622,40.49094]},"properties":{"SGL":198,"PGC_REGION":4}},{"type":"Feature","geometry":{"type":"Point","coordinates":[-78.53641,40.49188]},"properties":{"SGL":198,"PGC_REGION":4}},{"type":"Feature","geometry":{"type":"Point","coordinates":[-78.49857,40.47318]},"properties":{"SGL":198,"PGC_REGION":4}},{"type":"Feature","geometry":{"type":"Point","coordinates":[-78.49078,40.46976]},"properties":{"SGL":198,"PGC_REGION":4}},{"type":"Feature","geometry":{"type":"Point","coordinates":[-78.49488,40.44089]},"properties":{"SGL":198,"PGC_REGION":4}},{"type":"Feature","geometry":{"type":"Point","coordinates":[-78.51388,40.46144]},"properties":{"SGL":198,"PGC_REGION":4}},{"type":"Feature","geometry":{"type":"Point","coordinates":[-76.36382,40.25221]},"properties":{"SGL":156,"PGC_REGION":6}},{"type":"Feature","geometry":{"type":"Point","coordinates":[-76.70711,40.57288]},"properties":{"SGL":264,"PGC_REGION":6}},{"type":"Feature","geometry":{"type":"Point","coordinates":[-77.99648,39.81581]},"properties":{"SGL":124,"PGC_REGION":4}},{"type":"Feature","geometry":{"type":"Point","coordinates":[-77.97331,39.83428]},"properties":{"SGL":124,"PGC_REGION":4}},{"type":"Feature","geometry":{"type":"Point","coordinates":[-77.96282,39.84919]},"properties":{"SGL":124,"PGC_REGION":4}},{"type":"Feature","geometry":{"type":"Point","coordinates":[-78.0461,39.74693]},"properties":{"SGL":124,"PGC_REGION":4}},{"type":"Feature","geometry":{"type":"Point","coordinates":[-78.06567,39.79566]},"properties":{"SGL":124,"PGC_REGION":4}},{"type":"Feature","geometry":{"type":"Point","coordinates":[-75.75232,41.88701]},"properties":{"SGL":175,"PGC_REGION":5}},{"type":"Feature","geometry":{"type":"Point","coordinates":[-75.75117,41.88887]},"properties":{"SGL":175,"PGC_REGION":5}},{"type":"Feature","geometry":{"type":"Point","coordinates":[-75.75328,41.89235]},"properties":{"SGL":175,"PGC_REGION":5}},{"type":"Feature","geometry":{"type":"Point","coordinates":[-75.75322,41.88641]},"properties":{"SGL":175,"PGC_REGION":5}},{"type":"Feature","geometry":{"type":"Point","coordinates":[-76.08818,40.42341]},"properties":{"SGL":280,"PGC_REGION":6}},{"type":"Feature","geometry":{"type":"Point","coordinates":[-76.07779,40.42037]},"properties":{"SGL":280,"PGC_REGION":6}},{"type":"Feature","geometry":{"type":"Point","coordinates":[-76.06267,40.41552]},"properties":{"SGL":280,"PGC_REGION":6}},{"type":"Feature","geometry":{"type":"Point","coordinates":[-76.07819,40.40993]},"properties":{"SGL":280,"PGC_REGION":6}},{"type":"Feature","geometry":{"type":"Point","coordinates":[-76.06453,40.40759]},"properties":{"SGL":280,"PGC_REGION":6}},{"type":"Feature","geometry":{"type":"Point","coordinates":[-76.04393,40.41164]},"properties":{"SGL":280,"PGC_REGION":6}},{"type":"Feature","geometry":{"type":"Point","coordinates":[-76.05697,40.4121]},"properties":{"SGL":280,"PGC_REGION":6}},{"type":"Feature","geometry":{"type":"Point","coordinates":[-76.0549,40.41317]},"properties":{"SGL":280,"PGC_REGION":6}},{"type":"Feature","geometry":{"type":"Point","coordinates":[-76.03578,40.4004]},"properties":{"SGL":280,"PGC_REGION":6}},{"type":"Feature","geometry":{"type":"Point","coordinates":[-76.03931,40.39786]},"properties":{"SGL":280,"PGC_REGION":6}},{"type":"Feature","geometry":{"type":"Point","coordinates":[-76.04364,40.39311]},"properties":{"SGL":280,"PGC_REGION":6}},{"type":"Feature","geometry":{"type":"Point","coordinates":[-76.07027,40.37085]},"properties":{"SGL":280,"PGC_REGION":6}},{"type":"Feature","geometry":{"type":"Point","coordinates":[-76.06561,40.37572]},"properties":{"SGL":280,"PGC_REGION":6}},{"type":"Feature","geometry":{"type":"Point","coordinates":[-76.06202,40.37973]},"properties":{"SGL":280,"PGC_REGION":6}},{"type":"Feature","geometry":{"type":"Point","coordinates":[-76.09023,41.40033]},"properties":{"SGL":57,"PGC_REGION":5}},{"type":"Feature","geometry":{"type":"Point","coordinates":[-76.23851,41.36467]},"properties":{"SGL":57,"PGC_REGION":5}},{"type":"Feature","geometry":{"type":"Point","coordinates":[-76.16358,41.41817]},"properties":{"SGL":57,"PGC_REGION":5}},{"type":"Feature","geometry":{"type":"Point","coordinates":[-76.13139,41.39351]},"properties":{"SGL":57,"PGC_REGION":5}},{"type":"Feature","geometry":{"type":"Point","coordinates":[-76.12048,41.39847]},"properties":{"SGL":57,"PGC_REGION":5}},{"type":"Feature","geometry":{"type":"Point","coordinates":[-76.22001,41.34445]},"properties":{"SGL":57,"PGC_REGION":5}},{"type":"Feature","geometry":{"type":"Point","coordinates":[-76.19452,41.35273]},"properties":{"SGL":57,"PGC_REGION":5}},{"type":"Feature","geometry":{"type":"Point","coordinates":[-76.16177,41.46681]},"properties":{"SGL":57,"PGC_REGION":5}},{"type":"Feature","geometry":{"type":"Point","coordinates":[-76.17283,41.46143]},"properties":{"SGL":57,"PGC_REGION":5}},{"type":"Feature","geometry":{"type":"Point","coordinates":[-76.1639,41.41414]},"properties":{"SGL":57,"PGC_REGION":5}},{"type":"Feature","geometry":{"type":"Point","coordinates":[-76.16371,41.41126]},"properties":{"SGL":57,"PGC_REGION":5}},{"type":"Feature","geometry":{"type":"Point","coordinates":[-76.15684,41.39517]},"properties":{"SGL":57,"PGC_REGION":5}},{"type":"Feature","geometry":{"type":"Point","coordinates":[-76.14798,41.39628]},"properties":{"SGL":57,"PGC_REGION":5}},{"type":"Feature","geometry":{"type":"Point","coordinates":[-76.16532,41.36155]},"properties":{"SGL":57,"PGC_REGION":5}},{"type":"Feature","geometry":{"type":"Point","coordinates":[-76.09496,41.38885]},"properties":{"SGL":57,"PGC_REGION":5}},{"type":"Feature","geometry":{"type":"Point","coordinates":[-76.13203,41.49655]},"properties":{"SGL":57,"PGC_REGION":5}},{"type":"Feature","geometry":{"type":"Point","coordinates":[-76.14221,41.47383]},"properties":{"SGL":57,"PGC_REGION":5}},{"type":"Feature","geometry":{"type":"Point","coordinates":[-76.27324,41.38716]},"properties":{"SGL":57,"PGC_REGION":5}},{"type":"Feature","geometry":{"type":"Point","coordinates":[-76.19742,41.45574]},"properties":{"SGL":57,"PGC_REGION":5}},{"type":"Feature","geometry":{"type":"Point","coordinates":[-75.49239,41.96208]},"properties":{"SGL":70,"PGC_REGION":5}},{"type":"Feature","geometry":{"type":"Point","coordinates":[-75.50304,41.99858]},"properties":{"SGL":70,"PGC_REGION":5}},{"type":"Feature","geometry":{"type":"Point","coordinates":[-75.47813,41.95904]},"properties":{"SGL":70,"PGC_REGION":5}},{"type":"Feature","geometry":{"type":"Point","coordinates":[-75.48255,41.98616]},"properties":{"SGL":70,"PGC_REGION":5}},{"type":"Feature","geometry":{"type":"Point","coordinates":[-75.4478,41.9525]},"properties":{"SGL":70,"PGC_REGION":5}},{"type":"Feature","geometry":{"type":"Point","coordinates":[-75.45216,41.98171]},"properties":{"SGL":70,"PGC_REGION":5}},{"type":"Feature","geometry":{"type":"Point","coordinates":[-75.47215,41.95861]},"properties":{"SGL":70,"PGC_REGION":5}},{"type":"Feature","geometry":{"type":"Point","coordinates":[-75.43243,41.9633]},"properties":{"SGL":70,"PGC_REGION":5}},{"type":"Feature","geometry":{"type":"Point","coordinates":[-75.48043,41.95825]},"properties":{"SGL":70,"PGC_REGION":5}},{"type":"Feature","geometry":{"type":"Point","coordinates":[-75.47937,41.98793]},"properties":{"SGL":70,"PGC_REGION":5}},{"type":"Feature","geometry":{"type":"Point","coordinates":[-75.46608,41.95167]},"properties":{"SGL":70,"PGC_REGION":5}},{"type":"Feature","geometry":{"type":"Point","coordinates":[-75.51806,41.99051]},"properties":{"SGL":70,"PGC_REGION":5}},{"type":"Feature","geometry":{"type":"Point","coordinates":[-75.86621,41.09934]},"properties":{"SGL":187,"PGC_REGION":5}},{"type":"Feature","geometry":{"type":"Point","coordinates":[-75.85441,41.10434]},"properties":{"SGL":187,"PGC_REGION":5}},{"type":"Feature","geometry":{"type":"Point","coordinates":[-75.85521,41.11702]},"properties":{"SGL":187,"PGC_REGION":5}},{"type":"Feature","geometry":{"type":"Point","coordinates":[-75.85225,41.05675]},"properties":{"SGL":187,"PGC_REGION":5}},{"type":"Feature","geometry":{"type":"Point","coordinates":[-75.95838,41.07103]},"properties":{"SGL":187,"PGC_REGION":5}},{"type":"Feature","geometry":{"type":"Point","coordinates":[-75.87211,41.09742]},"properties":{"SGL":187,"PGC_REGION":5}},{"type":"Feature","geometry":{"type":"Point","coordinates":[-75.62736,41.16169]},"properties":{"SGL":91,"PGC_REGION":5}},{"type":"Feature","geometry":{"type":"Point","coordinates":[-75.65232,41.14305]},"properties":{"SGL":91,"PGC_REGION":5}},{"type":"Feature","geometry":{"type":"Point","coordinates":[-75.64673,41.14334]},"properties":{"SGL":91,"PGC_REGION":5}},{"type":"Feature","geometry":{"type":"Point","coordinates":[-75.69177,41.14893]},"properties":{"SGL":91,"PGC_REGION":5}},{"type":"Feature","geometry":{"type":"Point","coordinates":[-75.68538,41.15229]},"properties":{"SGL":91,"PGC_REGION":5}},{"type":"Feature","geometry":{"type":"Point","coordinates":[-75.67928,41.15012]},"properties":{"SGL":91,"PGC_REGION":5}},{"type":"Feature","geometry":{"type":"Point","coordinates":[-75.66767,41.15173]},"properties":{"SGL":91,"PGC_REGION":5}},{"type":"Feature","geometry":{"type":"Point","coordinates":[-75.65841,41.15212]},"properties":{"SGL":91,"PGC_REGION":5}},{"type":"Feature","geometry":{"type":"Point","coordinates":[-76.98289,40.66901]},"properties":{"SGL":194,"PGC_REGION":4}},{"type":"Feature","geometry":{"type":"Point","coordinates":[-78.87342,41.28054]},"properties":{"SGL":54,"PGC_REGION":1}},{"type":"Feature","geometry":{"type":"Point","coordinates":[-78.96969,41.37436]},"properties":{"SGL":54,"PGC_REGION":1}},{"type":"Feature","geometry":{"type":"Point","coordinates":[-78.90045,41.26534]},"properties":{"SGL":54,"PGC_REGION":1}},{"type":"Feature","geometry":{"type":"Point","coordinates":[-78.93041,41.28168]},"properties":{"SGL":54,"PGC_REGION":1}},{"type":"Feature","geometry":{"type":"Point","coordinates":[-78.92665,41.27884]},"properties":{"SGL":54,"PGC_REGION":1}},{"type":"Feature","geometry":{"type":"Point","coordinates":[-78.91829,41.27337]},"properties":{"SGL":54,"PGC_REGION":1}},{"type":"Feature","geometry":{"type":"Point","coordinates":[-78.90849,41.26609]},"properties":{"SGL":54,"PGC_REGION":1}},{"type":"Feature","geometry":{"type":"Point","coordinates":[-78.90158,41.26545]},"properties":{"SGL":54,"PGC_REGION":1}},{"type":"Feature","geometry":{"type":"Point","coordinates":[-78.8923,41.28482]},"properties":{"SGL":54,"PGC_REGION":1}},{"type":"Feature","geometry":{"type":"Point","coordinates":[-78.88684,41.26188]},"properties":{"SGL":54,"PGC_REGION":1}},{"type":"Feature","geometry":{"type":"Point","coordinates":[-78.88128,41.25852]},"properties":{"SGL":54,"PGC_REGION":1}},{"type":"Feature","geometry":{"type":"Point","coordinates":[-78.88155,41.25777]},"properties":{"SGL":54,"PGC_REGION":1}},{"type":"Feature","geometry":{"type":"Point","coordinates":[-78.89412,41.28744]},"properties":{"SGL":54,"PGC_REGION":1}},{"type":"Feature","geometry":{"type":"Point","coordinates":[-78.88738,41.28327]},"properties":{"SGL":54,"PGC_REGION":1}},{"type":"Feature","geometry":{"type":"Point","coordinates":[-78.87078,41.28202]},"properties":{"SGL":54,"PGC_REGION":1}},{"type":"Feature","geometry":{"type":"Point","coordinates":[-78.85337,41.27893]},"properties":{"SGL":54,"PGC_REGION":1}},{"type":"Feature","geometry":{"type":"Point","coordinates":[-78.86182,41.27834]},"properties":{"SGL":54,"PGC_REGION":1}},{"type":"Feature","geometry":{"type":"Point","coordinates":[-78.86605,41.27899]},"properties":{"SGL":54,"PGC_REGION":1}},{"type":"Feature","geometry":{"type":"Point","coordinates":[-78.87141,41.28021]},"properties":{"SGL":54,"PGC_REGION":1}},{"type":"Feature","geometry":{"type":"Point","coordinates":[-78.88359,41.28172]},"properties":{"SGL":54,"PGC_REGION":1}},{"type":"Feature","geometry":{"type":"Point","coordinates":[-78.87172,41.28278]},"properties":{"SGL":54,"PGC_REGION":1}},{"type":"Feature","geometry":{"type":"Point","coordinates":[-78.87563,41.28572]},"properties":{"SGL":54,"PGC_REGION":1}},{"type":"Feature","geometry":{"type":"Point","coordinates":[-78.87472,41.29566]},"properties":{"SGL":54,"PGC_REGION":1}},{"type":"Feature","geometry":{"type":"Point","coordinates":[-78.87717,41.29602]},"properties":{"SGL":54,"PGC_REGION":1}},{"type":"Feature","geometry":{"type":"Point","coordinates":[-78.87454,41.29288]},"properties":{"SGL":54,"PGC_REGION":1}},{"type":"Feature","geometry":{"type":"Point","coordinates":[-78.95439,41.3334]},"properties":{"SGL":54,"PGC_REGION":1}},{"type":"Feature","geometry":{"type":"Point","coordinates":[-78.96349,41.36848]},"properties":{"SGL":54,"PGC_REGION":1}},{"type":"Feature","geometry":{"type":"Point","coordinates":[-78.95684,41.35589]},"properties":{"SGL":54,"PGC_REGION":1}},{"type":"Feature","geometry":{"type":"Point","coordinates":[-78.95434,41.35248]},"properties":{"SGL":54,"PGC_REGION":1}},{"type":"Feature","geometry":{"type":"Point","coordinates":[-78.94882,41.35748]},"properties":{"SGL":54,"PGC_REGION":1}},{"type":"Feature","geometry":{"type":"Point","coordinates":[-78.83431,41.29191]},"properties":{"SGL":54,"PGC_REGION":1}},{"type":"Feature","geometry":{"type":"Point","coordinates":[-78.82601,41.30046]},"properties":{"SGL":54,"PGC_REGION":1}},{"type":"Feature","geometry":{"type":"Point","coordinates":[-78.81712,41.27812]},"properties":{"SGL":54,"PGC_REGION":1}},{"type":"Feature","geometry":{"type":"Point","coordinates":[-78.81586,41.27747]},"properties":{"SGL":54,"PGC_REGION":1}},{"type":"Feature","geometry":{"type":"Point","coordinates":[-78.97821,41.34211]},"properties":{"SGL":54,"PGC_REGION":1}},{"type":"Feature","geometry":{"type":"Point","coordinates":[-78.95383,41.33768]},"properties":{"SGL":54,"PGC_REGION":1}},{"type":"Feature","geometry":{"type":"Point","coordinates":[-78.96628,41.33308]},"properties":{"SGL":54,"PGC_REGION":1}},{"type":"Feature","geometry":{"type":"Point","coordinates":[-78.95874,41.33407]},"properties":{"SGL":54,"PGC_REGION":1}},{"type":"Feature","geometry":{"type":"Point","coordinates":[-78.94439,41.32661]},"properties":{"SGL":54,"PGC_REGION":1}},{"type":"Feature","geometry":{"type":"Point","coordinates":[-78.95113,41.34508]},"properties":{"SGL":54,"PGC_REGION":1}},{"type":"Feature","geometry":{"type":"Point","coordinates":[-78.95329,41.34578]},"properties":{"SGL":54,"PGC_REGION":1}},{"type":"Feature","geometry":{"type":"Point","coordinates":[-78.9563,41.32802]},"properties":{"SGL":54,"PGC_REGION":1}},{"type":"Feature","geometry":{"type":"Point","coordinates":[-78.91842,41.33107]},"properties":{"SGL":54,"PGC_REGION":1}},{"type":"Feature","geometry":{"type":"Point","coordinates":[-78.89856,41.26476]},"properties":{"SGL":54,"PGC_REGION":1}},{"type":"Feature","geometry":{"type":"Point","coordinates":[-78.95069,41.32873]},"properties":{"SGL":54,"PGC_REGION":1}},{"type":"Feature","geometry":{"type":"Point","coordinates":[-78.94988,41.32739]},"properties":{"SGL":54,"PGC_REGION":1}},{"type":"Feature","geometry":{"type":"Point","coordinates":[-78.95202,41.35095]},"properties":{"SGL":54,"PGC_REGION":1}},{"type":"Feature","geometry":{"type":"Point","coordinates":[-78.86418,41.2658]},"properties":{"SGL":54,"PGC_REGION":1}},{"type":"Feature","geometry":{"type":"Point","coordinates":[-78.91244,41.26916]},"properties":{"SGL":54,"PGC_REGION":1}},{"type":"Feature","geometry":{"type":"Point","coordinates":[-78.91985,41.27446]},"properties":{"SGL":54,"PGC_REGION":1}},{"type":"Feature","geometry":{"type":"Point","coordinates":[-78.94953,41.26961]},"properties":{"SGL":54,"PGC_REGION":1}},{"type":"Feature","geometry":{"type":"Point","coordinates":[-78.94545,41.26675]},"properties":{"SGL":54,"PGC_REGION":1}},{"type":"Feature","geometry":{"type":"Point","coordinates":[-78.81704,41.27005]},"properties":{"SGL":54,"PGC_REGION":1}},{"type":"Feature","geometry":{"type":"Point","coordinates":[-78.91004,41.33901]},"properties":{"SGL":54,"PGC_REGION":1}},{"type":"Feature","geometry":{"type":"Point","coordinates":[-79.97017,41.96301]},"properties":{"SGL":109,"PGC_REGION":1}},{"type":"Feature","geometry":{"type":"Point","coordinates":[-79.96282,41.96506]},"properties":{"SGL":109,"PGC_REGION":1}},{"type":"Feature","geometry":{"type":"Point","coordinates":[-79.98387,41.97461]},"properties":{"SGL":109,"PGC_REGION":1}},{"type":"Feature","geometry":{"type":"Point","coordinates":[-79.97583,41.97629]},"properties":{"SGL":109,"PGC_REGION":1}},{"type":"Feature","geometry":{"type":"Point","coordinates":[-79.96666,41.9773]},"properties":{"SGL":109,"PGC_REGION":1}},{"type":"Feature","geometry":{"type":"Point","coordinates":[-79.96479,41.98964]},"properties":{"SGL":109,"PGC_REGION":1}},{"type":"Feature","geometry":{"type":"Point","coordinates":[-80.00363,41.99917]},"properties":{"SGL":109,"PGC_REGION":1}},{"type":"Feature","geometry":{"type":"Point","coordinates":[-79.99453,41.98147]},"properties":{"SGL":109,"PGC_REGION":1}},{"type":"Feature","geometry":{"type":"Point","coordinates":[-79.99744,42.00845]},"properties":{"SGL":109,"PGC_REGION":1}},{"type":"Feature","geometry":{"type":"Point","coordinates":[-76.95344,40.61284]},"properties":{"SGL":258,"PGC_REGION":4}},{"type":"Feature","geometry":{"type":"Point","coordinates":[-76.96459,40.60858]},"properties":{"SGL":258,"PGC_REGION":4}},{"type":"Feature","geometry":{"type":"Point","coordinates":[-76.95998,40.61058]},"properties":{"SGL":258,"PGC_REGION":4}},{"type":"Feature","geometry":{"type":"Point","coordinates":[-76.9579,40.60767]},"properties":{"SGL":258,"PGC_REGION":4}},{"type":"Feature","geometry":{"type":"Point","coordinates":[-78.57838,41.74013]},"properties":{"SGL":62,"PGC_REGION":3}},{"type":"Feature","geometry":{"type":"Point","coordinates":[-78.57688,41.75315]},"properties":{"SGL":62,"PGC_REGION":3}},{"type":"Feature","geometry":{"type":"Point","coordinates":[-78.57198,41.75518]},"properties":{"SGL":62,"PGC_REGION":3}},{"type":"Feature","geometry":{"type":"Point","coordinates":[-78.56303,41.75576]},"properties":{"SGL":62,"PGC_REGION":3}},{"type":"Feature","geometry":{"type":"Point","coordinates":[-78.55753,41.75528]},"properties":{"SGL":62,"PGC_REGION":3}},{"type":"Feature","geometry":{"type":"Point","coordinates":[-78.55709,41.75843]},"properties":{"SGL":62,"PGC_REGION":3}},{"type":"Feature","geometry":{"type":"Point","coordinates":[-78.54289,41.76532]},"properties":{"SGL":62,"PGC_REGION":3}},{"type":"Feature","geometry":{"type":"Point","coordinates":[-78.5391,41.77484]},"properties":{"SGL":62,"PGC_REGION":3}},{"type":"Feature","geometry":{"type":"Point","coordinates":[-78.54109,41.7761]},"properties":{"SGL":62,"PGC_REGION":3}},{"type":"Feature","geometry":{"type":"Point","coordinates":[-78.54345,41.7811]},"properties":{"SGL":62,"PGC_REGION":3}},{"type":"Feature","geometry":{"type":"Point","coordinates":[-78.57756,41.79682]},"properties":{"SGL":62,"PGC_REGION":3}},{"type":"Feature","geometry":{"type":"Point","coordinates":[-78.63175,41.76492]},"properties":{"SGL":62,"PGC_REGION":3}},{"type":"Feature","geometry":{"type":"Point","coordinates":[-78.55294,41.76261]},"properties":{"SGL":62,"PGC_REGION":3}},{"type":"Feature","geometry":{"type":"Point","coordinates":[-75.99282,40.60413]},"properties":{"SGL":106,"PGC_REGION":6}},{"type":"Feature","geometry":{"type":"Point","coordinates":[-77.18311,41.86677]},"properties":{"SGL":37,"PGC_REGION":3}},{"type":"Feature","geometry":{"type":"Point","coordinates":[-77.09359,41.89757]},"properties":{"SGL":37,"PGC_REGION":3}},{"type":"Feature","geometry":{"type":"Point","coordinates":[-77.15576,41.84809]},"properties":{"SGL":37,"PGC_REGION":3}},{"type":"Feature","geometry":{"type":"Point","coordinates":[-77.14186,41.84426]},"properties":{"SGL":37,"PGC_REGION":3}},{"type":"Feature","geometry":{"type":"Point","coordinates":[-77.19243,41.82499]},"properties":{"SGL":37,"PGC_REGION":3}},{"type":"Feature","geometry":{"type":"Point","coordinates":[-77.20135,41.82175]},"properties":{"SGL":37,"PGC_REGION":3}},{"type":"Feature","geometry":{"type":"Point","coordinates":[-77.08676,41.89772]},"properties":{"SGL":37,"PGC_REGION":3}},{"type":"Feature","geometry":{"type":"Point","coordinates":[-77.14651,41.84788]},"properties":{"SGL":37,"PGC_REGION":3}},{"type":"Feature","geometry":{"type":"Point","coordinates":[-77.06107,41.89544]},"properties":{"SGL":37,"PGC_REGION":3}},{"type":"Feature","geometry":{"type":"Point","coordinates":[-77.07112,41.89634]},"properties":{"SGL":37,"PGC_REGION":3}},{"type":"Feature","geometry":{"type":"Point","coordinates":[-78.21344,41.88492]},"properties":{"SGL":59,"PGC_REGION":3}},{"type":"Feature","geometry":{"type":"Point","coordinates":[-78.21414,41.87733]},"properties":{"SGL":59,"PGC_REGION":3}},{"type":"Feature","geometry":{"type":"Point","coordinates":[-78.1625,41.87952]},"properties":{"SGL":59,"PGC_REGION":3}},{"type":"Feature","geometry":{"type":"Point","coordinates":[-78.15813,41.88155]},"properties":{"SGL":59,"PGC_REGION":3}},{"type":"Feature","geometry":{"type":"Point","coordinates":[-78.15825,41.83834]},"properties":{"SGL":59,"PGC_REGION":3}},{"type":"Feature","geometry":{"type":"Point","coordinates":[-78.15808,41.84817]},"properties":{"SGL":59,"PGC_REGION":3}},{"type":"Feature","geometry":{"type":"Point","coordinates":[-78.16078,41.85169]},"properties":{"SGL":59,"PGC_REGION":3}},{"type":"Feature","geometry":{"type":"Point","coordinates":[-78.16105,41.8571]},"properties":{"SGL":59,"PGC_REGION":3}},{"type":"Feature","geometry":{"type":"Point","coordinates":[-78.16385,41.86921]},"properties":{"SGL":59,"PGC_REGION":3}},{"type":"Feature","geometry":{"type":"Point","coordinates":[-78.07431,41.74454]},"properties":{"SGL":59,"PGC_REGION":3}},{"type":"Feature","geometry":{"type":"Point","coordinates":[-78.1685,41.88176]},"properties":{"SGL":59,"PGC_REGION":3}},{"type":"Feature","geometry":{"type":"Point","coordinates":[-77.64902,41.81426]},"properties":{"SGL":64,"PGC_REGION":3}},{"type":"Feature","geometry":{"type":"Point","coordinates":[-77.61695,41.791]},"properties":{"SGL":64,"PGC_REGION":3}},{"type":"Feature","geometry":{"type":"Point","coordinates":[-77.67156,41.79909]},"properties":{"SGL":64,"PGC_REGION":3}},{"type":"Feature","geometry":{"type":"Point","coordinates":[-77.66732,41.78385]},"properties":{"SGL":64,"PGC_REGION":3}},{"type":"Feature","geometry":{"type":"Point","coordinates":[-77.66325,41.79145]},"properties":{"SGL":64,"PGC_REGION":3}},{"type":"Feature","geometry":{"type":"Point","coordinates":[-77.7304,41.76072]},"properties":{"SGL":64,"PGC_REGION":3}},{"type":"Feature","geometry":{"type":"Point","coordinates":[-77.67313,41.79874]},"properties":{"SGL":64,"PGC_REGION":3}},{"type":"Feature","geometry":{"type":"Point","coordinates":[-77.60451,41.75844]},"properties":{"SGL":64,"PGC_REGION":3}},{"type":"Feature","geometry":{"type":"Point","coordinates":[-77.66483,41.78575]},"properties":{"SGL":64,"PGC_REGION":3}},{"type":"Feature","geometry":{"type":"Point","coordinates":[-77.61704,41.80157]},"properties":{"SGL":64,"PGC_REGION":3}},{"type":"Feature","geometry":{"type":"Point","coordinates":[-77.61663,41.80159]},"properties":{"SGL":64,"PGC_REGION":3}},{"type":"Feature","geometry":{"type":"Point","coordinates":[-77.6112,41.7778]},"properties":{"SGL":64,"PGC_REGION":3}},{"type":"Feature","geometry":{"type":"Point","coordinates":[-77.61423,41.78635]},"properties":{"SGL":64,"PGC_REGION":3}},{"type":"Feature","geometry":{"type":"Point","coordinates":[-77.61678,41.79237]},"properties":{"SGL":64,"PGC_REGION":3}},{"type":"Feature","geometry":{"type":"Point","coordinates":[-77.61587,41.79514]},"properties":{"SGL":64,"PGC_REGION":3}},{"type":"Feature","geometry":{"type":"Point","coordinates":[-77.60945,41.76725]},"properties":{"SGL":64,"PGC_REGION":3}},{"type":"Feature","geometry":{"type":"Point","coordinates":[-77.61606,41.799]},"properties":{"SGL":64,"PGC_REGION":3}},{"type":"Feature","geometry":{"type":"Point","coordinates":[-77.59334,41.81627]},"properties":{"SGL":208,"PGC_REGION":3}},{"type":"Feature","geometry":{"type":"Point","coordinates":[-77.58851,41.81434]},"properties":{"SGL":208,"PGC_REGION":3}},{"type":"Feature","geometry":{"type":"Point","coordinates":[-77.56305,41.77596]},"properties":{"SGL":208,"PGC_REGION":3}},{"type":"Feature","geometry":{"type":"Point","coordinates":[-77.57321,41.79484]},"properties":{"SGL":208,"PGC_REGION":3}},{"type":"Feature","geometry":{"type":"Point","coordinates":[-77.55363,41.7495]},"properties":{"SGL":208,"PGC_REGION":3}},{"type":"Feature","geometry":{"type":"Point","coordinates":[-77.59715,41.81633]},"properties":{"SGL":208,"PGC_REGION":3}},{"type":"Feature","geometry":{"type":"Point","coordinates":[-77.57206,41.80088]},"properties":{"SGL":208,"PGC_REGION":3}},{"type":"Feature","geometry":{"type":"Point","coordinates":[-77.33746,41.62644]},"properties":{"SGL":268,"PGC_REGION":3}},{"type":"Feature","geometry":{"type":"Point","coordinates":[-77.341,41.62962]},"properties":{"SGL":268,"PGC_REGION":3}},{"type":"Feature","geometry":{"type":"Point","coordinates":[-77.3393,41.62833]},"properties":{"SGL":268,"PGC_REGION":3}},{"type":"Feature","geometry":{"type":"Point","coordinates":[-77.29939,41.79734]},"properties":{"SGL":313,"PGC_REGION":3}},{"type":"Feature","geometry":{"type":"Point","coordinates":[-77.40047,41.88709]},"properties":{"SGL":313,"PGC_REGION":3}},{"type":"Feature","geometry":{"type":"Point","coordinates":[-77.28922,41.81139]},"properties":{"SGL":313,"PGC_REGION":3}},{"type":"Feature","geometry":{"type":"Point","coordinates":[-78.17313,41.87964]},"properties":{"SGL":59,"PGC_REGION":3}},{"type":"Feature","geometry":{"type":"Point","coordinates":[-78.06485,41.08681]},"properties":{"SGL":100,"PGC_REGION":4}},{"type":"Feature","geometry":{"type":"Point","coordinates":[-78.07835,41.08958]},"properties":{"SGL":100,"PGC_REGION":4}},{"type":"Feature","geometry":{"type":"Point","coordinates":[-78.07214,41.07868]},"properties":{"SGL":100,"PGC_REGION":4}},{"type":"Feature","geometry":{"type":"Point","coordinates":[-77.94757,41.13861]},"properties":{"SGL":100,"PGC_REGION":4}},{"type":"Feature","geometry":{"type":"Point","coordinates":[-77.98301,41.07443]},"properties":{"SGL":100,"PGC_REGION":4}},{"type":"Feature","geometry":{"type":"Point","coordinates":[-77.98859,41.06539]},"properties":{"SGL":100,"PGC_REGION":4}},{"type":"Feature","geometry":{"type":"Point","coordinates":[-77.98315,41.07787]},"properties":{"SGL":100,"PGC_REGION":4}},{"type":"Feature","geometry":{"type":"Point","coordinates":[-78.0003,41.08361]},"properties":{"SGL":100,"PGC_REGION":4}},{"type":"Feature","geometry":{"type":"Point","coordinates":[-78.04385,41.07451]},"properties":{"SGL":100,"PGC_REGION":4}},{"type":"Feature","geometry":{"type":"Point","coordinates":[-78.02725,41.08828]},"properties":{"SGL":100,"PGC_REGION":4}},{"type":"Feature","geometry":{"type":"Point","coordinates":[-77.93279,41.09587]},"properties":{"SGL":100,"PGC_REGION":4}},{"type":"Feature","geometry":{"type":"Point","coordinates":[-77.98989,41.10944]},"properties":{"SGL":100,"PGC_REGION":4}},{"type":"Feature","geometry":{"type":"Point","coordinates":[-78.00746,41.13083]},"properties":{"SGL":100,"PGC_REGION":4}},{"type":"Feature","geometry":{"type":"Point","coordinates":[-78.40186,41.87836]},"properties":{"SGL":301,"PGC_REGION":3}},{"type":"Feature","geometry":{"type":"Point","coordinates":[-78.39782,41.88309]},"properties":{"SGL":301,"PGC_REGION":3}},{"type":"Feature","geometry":{"type":"Point","coordinates":[-78.39026,41.88173]},"properties":{"SGL":301,"PGC_REGION":3}},{"type":"Feature","geometry":{"type":"Point","coordinates":[-78.38503,41.9012]},"properties":{"SGL":301,"PGC_REGION":3}},{"type":"Feature","geometry":{"type":"Point","coordinates":[-78.41066,41.96722]},"properties":{"SGL":301,"PGC_REGION":3}},{"type":"Feature","geometry":{"type":"Point","coordinates":[-78.33535,41.62371]},"properties":{"SGL":30,"PGC_REGION":3}},{"type":"Feature","geometry":{"type":"Point","coordinates":[-78.36914,41.65384]},"properties":{"SGL":30,"PGC_REGION":3}},{"type":"Feature","geometry":{"type":"Point","coordinates":[-78.36862,41.65386]},"properties":{"SGL":30,"PGC_REGION":3}},{"type":"Feature","geometry":{"type":"Point","coordinates":[-78.35683,41.63391]},"properties":{"SGL":30,"PGC_REGION":3}},{"type":"Feature","geometry":{"type":"Point","coordinates":[-78.35124,41.62989]},"properties":{"SGL":30,"PGC_REGION":3}},{"type":"Feature","geometry":{"type":"Point","coordinates":[-78.31987,41.62126]},"properties":{"SGL":30,"PGC_REGION":3}},{"type":"Feature","geometry":{"type":"Point","coordinates":[-78.32957,41.62205]},"properties":{"SGL":30,"PGC_REGION":3}},{"type":"Feature","geometry":{"type":"Point","coordinates":[-78.35716,41.63309]},"properties":{"SGL":30,"PGC_REGION":3}},{"type":"Feature","geometry":{"type":"Point","coordinates":[-78.32506,41.62799]},"properties":{"SGL":30,"PGC_REGION":3}},{"type":"Feature","geometry":{"type":"Point","coordinates":[-78.31746,41.63195]},"properties":{"SGL":30,"PGC_REGION":3}},{"type":"Feature","geometry":{"type":"Point","coordinates":[-78.30731,41.6379]},"properties":{"SGL":30,"PGC_REGION":3}},{"type":"Feature","geometry":{"type":"Point","coordinates":[-78.36397,41.64918]},"properties":{"SGL":30,"PGC_REGION":3}},{"type":"Feature","geometry":{"type":"Point","coordinates":[-78.36068,41.64472]},"properties":{"SGL":30,"PGC_REGION":3}},{"type":"Feature","geometry":{"type":"Point","coordinates":[-78.32524,41.62154]},"properties":{"SGL":30,"PGC_REGION":3}},{"type":"Feature","geometry":{"type":"Point","coordinates":[-78.3687,41.89964]},"properties":{"SGL":301,"PGC_REGION":3}},{"type":"Feature","geometry":{"type":"Point","coordinates":[-78.36389,41.27004]},"properties":{"SGL":34,"PGC_REGION":3}},{"type":"Feature","geometry":{"type":"Point","coordinates":[-78.48435,41.2684]},"properties":{"SGL":34,"PGC_REGION":3}},{"type":"Feature","geometry":{"type":"Point","coordinates":[-78.34153,41.23605]},"properties":{"SGL":34,"PGC_REGION":3}},{"type":"Feature","geometry":{"type":"Point","coordinates":[-78.33845,41.23173]},"properties":{"SGL":34,"PGC_REGION":3}},{"type":"Feature","geometry":{"type":"Point","coordinates":[-78.32107,41.23393]},"properties":{"SGL":34,"PGC_REGION":3}},{"type":"Feature","geometry":{"type":"Point","coordinates":[-78.32509,41.2407]},"properties":{"SGL":34,"PGC_REGION":3}},{"type":"Feature","geometry":{"type":"Point","coordinates":[-78.3297,41.24371]},"properties":{"SGL":34,"PGC_REGION":3}},{"type":"Feature","geometry":{"type":"Point","coordinates":[-78.303,41.22595]},"properties":{"SGL":34,"PGC_REGION":3}},{"type":"Feature","geometry":{"type":"Point","coordinates":[-78.33184,41.20685]},"properties":{"SGL":34,"PGC_REGION":3}},{"type":"Feature","geometry":{"type":"Point","coordinates":[-78.24424,41.21528]},"properties":{"SGL":34,"PGC_REGION":3}},{"type":"Feature","geometry":{"type":"Point","coordinates":[-78.32617,41.23517]},"properties":{"SGL":34,"PGC_REGION":3}},{"type":"Feature","geometry":{"type":"Point","coordinates":[-78.31115,41.2277]},"properties":{"SGL":34,"PGC_REGION":3}},{"type":"Feature","geometry":{"type":"Point","coordinates":[-77.81481,40.87102]},"properties":{"SGL":333,"PGC_REGION":3}},{"type":"Feature","geometry":{"type":"Point","coordinates":[-77.82263,40.8619]},"properties":{"SGL":333,"PGC_REGION":3}},{"type":"Feature","geometry":{"type":"Point","coordinates":[-77.82531,40.85613]},"properties":{"SGL":333,"PGC_REGION":3}},{"type":"Feature","geometry":{"type":"Point","coordinates":[-77.80946,40.86071]},"properties":{"SGL":333,"PGC_REGION":3}},{"type":"Feature","geometry":{"type":"Point","coordinates":[-77.81874,40.8673]},"properties":{"SGL":333,"PGC_REGION":3}},{"type":"Feature","geometry":{"type":"Point","coordinates":[-77.81255,40.84985]},"properties":{"SGL":333,"PGC_REGION":3}},{"type":"Feature","geometry":{"type":"Point","coordinates":[-77.81074,40.85751]},"properties":{"SGL":333,"PGC_REGION":3}},{"type":"Feature","geometry":{"type":"Point","coordinates":[-77.81134,40.85291]},"properties":{"SGL":333,"PGC_REGION":3}},{"type":"Feature","geometry":{"type":"Point","coordinates":[-77.81067,40.85851]},"properties":{"SGL":333,"PGC_REGION":3}},{"type":"Feature","geometry":{"type":"Point","coordinates":[-77.78745,40.86658]},"properties":{"SGL":333,"PGC_REGION":3}},{"type":"Feature","geometry":{"type":"Point","coordinates":[-77.82685,40.85579]},"properties":{"SGL":333,"PGC_REGION":3}},{"type":"Feature","geometry":{"type":"Point","coordinates":[-78.37564,41.16168]},"properties":{"SGL":94,"PGC_REGION":3}},{"type":"Feature","geometry":{"type":"Point","coordinates":[-78.38063,41.15722]},"properties":{"SGL":94,"PGC_REGION":3}},{"type":"Feature","geometry":{"type":"Point","coordinates":[-78.39275,41.17071]},"properties":{"SGL":94,"PGC_REGION":3}},{"type":"Feature","geometry":{"type":"Point","coordinates":[-78.40615,41.16975]},"properties":{"SGL":94,"PGC_REGION":3}},{"type":"Feature","geometry":{"type":"Point","coordinates":[-77.00715,40.33737]},"properties":{"SGL":170,"PGC_REGION":4}},{"type":"Feature","geometry":{"type":"Point","coordinates":[-78.3007,39.88]},"properties":{"SGL":49,"PGC_REGION":4}},{"type":"Feature","geometry":{"type":"Point","coordinates":[-75.56996,41.527]},"properties":{"SGL":307,"PGC_REGION":5}},{"type":"Feature","geometry":{"type":"Point","coordinates":[-75.5674,41.52537]},"properties":{"SGL":307,"PGC_REGION":5}},{"type":"Feature","geometry":{"type":"Point","coordinates":[-77.45973,40.63884]},"properties":{"SGL":107,"PGC_REGION":4}},{"type":"Feature","geometry":{"type":"Point","coordinates":[-78.0848,41.8603]},"properties":{"SGL":204,"PGC_REGION":3}},{"type":"Feature","geometry":{"type":"Point","coordinates":[-78.08181,41.86541]},"properties":{"SGL":204,"PGC_REGION":3}},{"type":"Feature","geometry":{"type":"Point","coordinates":[-78.07045,41.85387]},"properties":{"SGL":204,"PGC_REGION":3}},{"type":"Feature","geometry":{"type":"Point","coordinates":[-78.06171,41.86331]},"properties":{"SGL":204,"PGC_REGION":3}},{"type":"Feature","geometry":{"type":"Point","coordinates":[-78.06387,41.87067]},"properties":{"SGL":204,"PGC_REGION":3}},{"type":"Feature","geometry":{"type":"Point","coordinates":[-78.06371,41.87159]},"properties":{"SGL":204,"PGC_REGION":3}},{"type":"Feature","geometry":{"type":"Point","coordinates":[-78.06652,41.87907]},"properties":{"SGL":204,"PGC_REGION":3}},{"type":"Feature","geometry":{"type":"Point","coordinates":[-78.05698,41.85915]},"properties":{"SGL":204,"PGC_REGION":3}},{"type":"Feature","geometry":{"type":"Point","coordinates":[-78.07504,41.85572]},"properties":{"SGL":204,"PGC_REGION":3}},{"type":"Feature","geometry":{"type":"Point","coordinates":[-78.0534,41.8773]},"properties":{"SGL":204,"PGC_REGION":3}},{"type":"Feature","geometry":{"type":"Point","coordinates":[-78.25956,40.48985]},"properties":{"SGL":166,"PGC_REGION":4}},{"type":"Feature","geometry":{"type":"Point","coordinates":[-77.06204,40.33169]},"properties":{"SGL":170,"PGC_REGION":4}},{"type":"Feature","geometry":{"type":"Point","coordinates":[-77.05743,40.33412]},"properties":{"SGL":170,"PGC_REGION":4}},{"type":"Feature","geometry":{"type":"Point","coordinates":[-77.02991,40.37049]},"properties":{"SGL":170,"PGC_REGION":4}},{"type":"Feature","geometry":{"type":"Point","coordinates":[-77.11384,40.33314]},"properties":{"SGL":170,"PGC_REGION":4}},{"type":"Feature","geometry":{"type":"Point","coordinates":[-77.11591,40.30474]},"properties":{"SGL":170,"PGC_REGION":4}},{"type":"Feature","geometry":{"type":"Point","coordinates":[-77.11825,40.30657]},"properties":{"SGL":170,"PGC_REGION":4}},{"type":"Feature","geometry":{"type":"Point","coordinates":[-77.0644,40.30251]},"properties":{"SGL":170,"PGC_REGION":4}},{"type":"Feature","geometry":{"type":"Point","coordinates":[-77.03305,40.31424]},"properties":{"SGL":170,"PGC_REGION":4}},{"type":"Feature","geometry":{"type":"Point","coordinates":[-77.02457,40.31213]},"properties":{"SGL":170,"PGC_REGION":4}},{"type":"Feature","geometry":{"type":"Point","coordinates":[-77.01428,40.30505]},"properties":{"SGL":170,"PGC_REGION":4}},{"type":"Feature","geometry":{"type":"Point","coordinates":[-77.07826,40.32699]},"properties":{"SGL":170,"PGC_REGION":4}},{"type":"Feature","geometry":{"type":"Point","coordinates":[-77.02587,40.36979]},"properties":{"SGL":170,"PGC_REGION":4}},{"type":"Feature","geometry":{"type":"Point","coordinates":[-77.07089,40.32273]},"properties":{"SGL":170,"PGC_REGION":4}},{"type":"Feature","geometry":{"type":"Point","coordinates":[-77.11247,40.30347]},"properties":{"SGL":170,"PGC_REGION":4}},{"type":"Feature","geometry":{"type":"Point","coordinates":[-77.11199,40.30336]},"properties":{"SGL":170,"PGC_REGION":4}},{"type":"Feature","geometry":{"type":"Point","coordinates":[-77.1016,40.29887]},"properties":{"SGL":170,"PGC_REGION":4}},{"type":"Feature","geometry":{"type":"Point","coordinates":[-77.04293,40.36804]},"properties":{"SGL":170,"PGC_REGION":4}},{"type":"Feature","geometry":{"type":"Point","coordinates":[-77.1108,40.33405]},"properties":{"SGL":170,"PGC_REGION":4}},{"type":"Feature","geometry":{"type":"Point","coordinates":[-78.71639,40.99919]},"properties":{"SGL":87,"PGC_REGION":3}},{"type":"Feature","geometry":{"type":"Point","coordinates":[-78.71369,40.9905]},"properties":{"SGL":87,"PGC_REGION":3}},{"type":"Feature","geometry":{"type":"Point","coordinates":[-78.72538,40.97111]},"properties":{"SGL":87,"PGC_REGION":3}},{"type":"Feature","geometry":{"type":"Point","coordinates":[-78.69645,40.97436]},"properties":{"SGL":87,"PGC_REGION":3}},{"type":"Feature","geometry":{"type":"Point","coordinates":[-78.67342,40.93703]},"properties":{"SGL":87,"PGC_REGION":3}},{"type":"Feature","geometry":{"type":"Point","coordinates":[-78.73442,40.93696]},"properties":{"SGL":87,"PGC_REGION":3}},{"type":"Feature","geometry":{"type":"Point","coordinates":[-78.72657,40.93012]},"properties":{"SGL":87,"PGC_REGION":3}},{"type":"Feature","geometry":{"type":"Point","coordinates":[-78.76333,40.94533]},"properties":{"SGL":87,"PGC_REGION":3}},{"type":"Feature","geometry":{"type":"Point","coordinates":[-78.75077,40.99632]},"properties":{"SGL":87,"PGC_REGION":3}},{"type":"Feature","geometry":{"type":"Point","coordinates":[-78.75116,41.00749]},"properties":{"SGL":87,"PGC_REGION":3}},{"type":"Feature","geometry":{"type":"Point","coordinates":[-78.79391,40.98327]},"properties":{"SGL":87,"PGC_REGION":3}},{"type":"Feature","geometry":{"type":"Point","coordinates":[-78.76478,40.95385]},"properties":{"SGL":87,"PGC_REGION":3}},{"type":"Feature","geometry":{"type":"Point","coordinates":[-78.77353,40.95602]},"properties":{"SGL":87,"PGC_REGION":3}},{"type":"Feature","geometry":{"type":"Point","coordinates":[-78.79771,40.97235]},"properties":{"SGL":87,"PGC_REGION":3}},{"type":"Feature","geometry":{"type":"Point","coordinates":[-78.7049,40.98354]},"properties":{"SGL":87,"PGC_REGION":3}},{"type":"Feature","geometry":{"type":"Point","coordinates":[-78.6654,40.98912]},"properties":{"SGL":87,"PGC_REGION":3}},{"type":"Feature","geometry":{"type":"Point","coordinates":[-76.21072,40.76641]},"properties":{"SGL":326,"PGC_REGION":6}},{"type":"Feature","geometry":{"type":"Point","coordinates":[-76.27931,40.76228]},"properties":{"SGL":326,"PGC_REGION":6}},{"type":"Feature","geometry":{"type":"Point","coordinates":[-76.1752,40.76719]},"properties":{"SGL":326,"PGC_REGION":6}},{"type":"Feature","geometry":{"type":"Point","coordinates":[-76.32229,40.74192]},"properties":{"SGL":326,"PGC_REGION":6}},{"type":"Feature","geometry":{"type":"Point","coordinates":[-76.15434,40.63603]},"properties":{"SGL":286,"PGC_REGION":6}},{"type":"Feature","geometry":{"type":"Point","coordinates":[-76.19779,40.31567]},"properties":{"SGL":225,"PGC_REGION":6}},{"type":"Feature","geometry":{"type":"Point","coordinates":[-76.19478,40.32099]},"properties":{"SGL":225,"PGC_REGION":6}},{"type":"Feature","geometry":{"type":"Point","coordinates":[-76.19956,40.309]},"properties":{"SGL":225,"PGC_REGION":6}},{"type":"Feature","geometry":{"type":"Point","coordinates":[-76.12128,40.27875]},"properties":{"SGL":220,"PGC_REGION":6}},{"type":"Feature","geometry":{"type":"Point","coordinates":[-76.11979,40.27286]},"properties":{"SGL":220,"PGC_REGION":6}},{"type":"Feature","geometry":{"type":"Point","coordinates":[-75.31169,40.39201]},"properties":{"SGL":139,"PGC_REGION":6}},{"type":"Feature","geometry":{"type":"Point","coordinates":[-75.31409,40.40926]},"properties":{"SGL":139,"PGC_REGION":6}},{"type":"Feature","geometry":{"type":"Point","coordinates":[-75.82008,40.53633]},"properties":{"SGL":182,"PGC_REGION":6}},{"type":"Feature","geometry":{"type":"Point","coordinates":[-75.80483,40.5297]},"properties":{"SGL":182,"PGC_REGION":6}},{"type":"Feature","geometry":{"type":"Point","coordinates":[-75.82051,40.53653]},"properties":{"SGL":182,"PGC_REGION":6}},{"type":"Feature","geometry":{"type":"Point","coordinates":[-76.34026,40.54151]},"properties":{"SGL":160,"PGC_REGION":6}},{"type":"Feature","geometry":{"type":"Point","coordinates":[-75.36302,40.38051]},"properties":{"SGL":196,"PGC_REGION":6}},{"type":"Feature","geometry":{"type":"Point","coordinates":[-75.36172,40.37649]},"properties":{"SGL":196,"PGC_REGION":6}},{"type":"Feature","geometry":{"type":"Point","coordinates":[-75.35858,40.37356]},"properties":{"SGL":196,"PGC_REGION":6}},{"type":"Feature","geometry":{"type":"Point","coordinates":[-76.05373,40.27942]},"properties":{"SGL":274,"PGC_REGION":6}},{"type":"Feature","geometry":{"type":"Point","coordinates":[-76.07112,40.27818]},"properties":{"SGL":274,"PGC_REGION":6}},{"type":"Feature","geometry":{"type":"Point","coordinates":[-76.06433,40.27176]},"properties":{"SGL":274,"PGC_REGION":6}},{"type":"Feature","geometry":{"type":"Point","coordinates":[-76.05936,40.26396]},"properties":{"SGL":274,"PGC_REGION":6}},{"type":"Feature","geometry":{"type":"Point","coordinates":[-76.43859,40.48486]},"properties":{"SGL":80,"PGC_REGION":6}},{"type":"Feature","geometry":{"type":"Point","coordinates":[-76.45085,40.51266]},"properties":{"SGL":80,"PGC_REGION":6}},{"type":"Feature","geometry":{"type":"Point","coordinates":[-76.51458,40.47623]},"properties":{"SGL":80,"PGC_REGION":6}},{"type":"Feature","geometry":{"type":"Point","coordinates":[-76.48098,40.50818]},"properties":{"SGL":80,"PGC_REGION":6}},{"type":"Feature","geometry":{"type":"Point","coordinates":[-76.28192,40.53284]},"properties":{"SGL":80,"PGC_REGION":6}},{"type":"Feature","geometry":{"type":"Point","coordinates":[-76.44812,40.48576]},"properties":{"SGL":80,"PGC_REGION":6}},{"type":"Feature","geometry":{"type":"Point","coordinates":[-79.72664,41.84851]},"properties":{"SGL":144,"PGC_REGION":1}},{"type":"Feature","geometry":{"type":"Point","coordinates":[-79.72442,41.84909]},"properties":{"SGL":144,"PGC_REGION":1}},{"type":"Feature","geometry":{"type":"Point","coordinates":[-79.71196,41.83725]},"properties":{"SGL":144,"PGC_REGION":1}},{"type":"Feature","geometry":{"type":"Point","coordinates":[-79.73132,41.87889]},"properties":{"SGL":144,"PGC_REGION":1}},{"type":"Feature","geometry":{"type":"Point","coordinates":[-79.73979,41.877]},"properties":{"SGL":144,"PGC_REGION":1}},{"type":"Feature","geometry":{"type":"Point","coordinates":[-79.74406,41.87776]},"properties":{"SGL":144,"PGC_REGION":1}},{"type":"Feature","geometry":{"type":"Point","coordinates":[-80.29275,41.59554]},"properties":{"SGL":213,"PGC_REGION":1}},{"type":"Feature","geometry":{"type":"Point","coordinates":[-80.26505,41.58744]},"properties":{"SGL":213,"PGC_REGION":1}},{"type":"Feature","geometry":{"type":"Point","coordinates":[-80.25855,41.56832]},"properties":{"SGL":213,"PGC_REGION":1}},{"type":"Feature","geometry":{"type":"Point","coordinates":[-80.20454,41.55434]},"properties":{"SGL":213,"PGC_REGION":1}},{"type":"Feature","geometry":{"type":"Point","coordinates":[-80.21609,41.56267]},"properties":{"SGL":213,"PGC_REGION":1}},{"type":"Feature","geometry":{"type":"Point","coordinates":[-80.15604,41.54264]},"properties":{"SGL":213,"PGC_REGION":1}},{"type":"Feature","geometry":{"type":"Point","coordinates":[-80.18132,41.54967]},"properties":{"SGL":213,"PGC_REGION":1}},{"type":"Feature","geometry":{"type":"Point","coordinates":[-80.19219,41.56847]},"properties":{"SGL":213,"PGC_REGION":1}},{"type":"Feature","geometry":{"type":"Point","coordinates":[-80.21323,41.57388]},"properties":{"SGL":213,"PGC_REGION":1}},{"type":"Feature","geometry":{"type":"Point","coordinates":[-80.21819,41.57598]},"properties":{"SGL":213,"PGC_REGION":1}},{"type":"Feature","geometry":{"type":"Point","coordinates":[-80.21875,41.58201]},"properties":{"SGL":213,"PGC_REGION":1}},{"type":"Feature","geometry":{"type":"Point","coordinates":[-80.22375,41.58984]},"properties":{"SGL":213,"PGC_REGION":1}},{"type":"Feature","geometry":{"type":"Point","coordinates":[-80.24214,41.58704]},"properties":{"SGL":213,"PGC_REGION":1}},{"type":"Feature","geometry":{"type":"Point","coordinates":[-80.1854,41.54994]},"properties":{"SGL":213,"PGC_REGION":1}},{"type":"Feature","geometry":{"type":"Point","coordinates":[-80.20009,41.56017]},"properties":{"SGL":213,"PGC_REGION":1}},{"type":"Feature","geometry":{"type":"Point","coordinates":[-80.39194,41.57766]},"properties":{"SGL":214,"PGC_REGION":1}},{"type":"Feature","geometry":{"type":"Point","coordinates":[-80.41825,41.60629]},"properties":{"SGL":214,"PGC_REGION":1}},{"type":"Feature","geometry":{"type":"Point","coordinates":[-80.41383,41.59594]},"properties":{"SGL":214,"PGC_REGION":1}},{"type":"Feature","geometry":{"type":"Point","coordinates":[-80.41333,41.60968]},"properties":{"SGL":214,"PGC_REGION":1}},{"type":"Feature","geometry":{"type":"Point","coordinates":[-80.36929,41.58517]},"properties":{"SGL":214,"PGC_REGION":1}},{"type":"Feature","geometry":{"type":"Point","coordinates":[-80.36013,41.5751]},"properties":{"SGL":214,"PGC_REGION":1}},{"type":"Feature","geometry":{"type":"Point","coordinates":[-80.3653,41.55296]},"properties":{"SGL":214,"PGC_REGION":1}},{"type":"Feature","geometry":{"type":"Point","coordinates":[-80.35685,41.54062]},"properties":{"SGL":214,"PGC_REGION":1}},{"type":"Feature","geometry":{"type":"Point","coordinates":[-80.35897,41.53764]},"properties":{"SGL":214,"PGC_REGION":1}},{"type":"Feature","geometry":{"type":"Point","coordinates":[-80.36455,41.53781]},"properties":{"SGL":214,"PGC_REGION":1}},{"type":"Feature","geometry":{"type":"Point","coordinates":[-80.37923,41.60503]},"properties":{"SGL":214,"PGC_REGION":1}},{"type":"Feature","geometry":{"type":"Point","coordinates":[-80.37752,41.56593]},"properties":{"SGL":214,"PGC_REGION":1}},{"type":"Feature","geometry":{"type":"Point","coordinates":[-80.37039,41.55338]},"properties":{"SGL":214,"PGC_REGION":1}},{"type":"Feature","geometry":{"type":"Point","coordinates":[-80.39463,41.62286]},"properties":{"SGL":214,"PGC_REGION":1}},{"type":"Feature","geometry":{"type":"Point","coordinates":[-80.39347,41.63239]},"properties":{"SGL":214,"PGC_REGION":1}},{"type":"Feature","geometry":{"type":"Point","coordinates":[-80.39346,41.63072]},"properties":{"SGL":214,"PGC_REGION":1}},{"type":"Feature","geometry":{"type":"Point","coordinates":[-80.39349,41.62748]},"properties":{"SGL":214,"PGC_REGION":1}},{"type":"Feature","geometry":{"type":"Point","coordinates":[-80.43393,41.63523]},"properties":{"SGL":214,"PGC_REGION":1}},{"type":"Feature","geometry":{"type":"Point","coordinates":[-80.43451,41.60786]},"properties":{"SGL":214,"PGC_REGION":1}},{"type":"Feature","geometry":{"type":"Point","coordinates":[-80.40951,41.59201]},"properties":{"SGL":214,"PGC_REGION":1}},{"type":"Feature","geometry":{"type":"Point","coordinates":[-80.4084,41.58736]},"properties":{"SGL":214,"PGC_REGION":1}},{"type":"Feature","geometry":{"type":"Point","coordinates":[-80.40373,41.6054]},"properties":{"SGL":214,"PGC_REGION":1}},{"type":"Feature","geometry":{"type":"Point","coordinates":[-80.39431,41.58858]},"properties":{"SGL":214,"PGC_REGION":1}},{"type":"Feature","geometry":{"type":"Point","coordinates":[-80.39465,41.58516]},"properties":{"SGL":214,"PGC_REGION":1}},{"type":"Feature","geometry":{"type":"Point","coordinates":[-80.4128,41.64982]},"properties":{"SGL":214,"PGC_REGION":1}},{"type":"Feature","geometry":{"type":"Point","coordinates":[-80.40272,41.58627]},"properties":{"SGL":214,"PGC_REGION":1}},{"type":"Feature","geometry":{"type":"Point","coordinates":[-80.43406,41.6394]},"properties":{"SGL":214,"PGC_REGION":1}},{"type":"Feature","geometry":{"type":"Point","coordinates":[-80.35923,41.5253]},"properties":{"SGL":214,"PGC_REGION":1}},{"type":"Feature","geometry":{"type":"Point","coordinates":[-80.36955,41.55916]},"properties":{"SGL":214,"PGC_REGION":1}},{"type":"Feature","geometry":{"type":"Point","coordinates":[-77.47885,41.30776]},"properties":{"SGL":89,"PGC_REGION":3}},{"type":"Feature","geometry":{"type":"Point","coordinates":[-77.51163,41.18526]},"properties":{"SGL":89,"PGC_REGION":3}},{"type":"Feature","geometry":{"type":"Point","coordinates":[-77.53186,41.20289]},"properties":{"SGL":89,"PGC_REGION":3}},{"type":"Feature","geometry":{"type":"Point","coordinates":[-77.4823,41.29725]},"properties":{"SGL":89,"PGC_REGION":3}},{"type":"Feature","geometry":{"type":"Point","coordinates":[-77.4966,41.2658]},"properties":{"SGL":89,"PGC_REGION":3}},{"type":"Feature","geometry":{"type":"Point","coordinates":[-75.57141,40.20533]},"properties":{"SGL":234,"PGC_REGION":6}},{"type":"Feature","geometry":{"type":"Point","coordinates":[-75.51308,40.24755]},"properties":{"SGL":234,"PGC_REGION":6}},{"type":"Feature","geometry":{"type":"Point","coordinates":[-75.51494,40.25084]},"properties":{"SGL":234,"PGC_REGION":6}},{"type":"Feature","geometry":{"type":"Point","coordinates":[-75.5118,40.25434]},"properties":{"SGL":234,"PGC_REGION":6}},{"type":"Feature","geometry":{"type":"Point","coordinates":[-75.50711,40.2546]},"properties":{"SGL":234,"PGC_REGION":6}},{"type":"Feature","geometry":{"type":"Point","coordinates":[-76.03572,40.68569]},"properties":{"SGL":222,"PGC_REGION":6}},{"type":"Feature","geometry":{"type":"Point","coordinates":[-76.02913,40.7198]},"properties":{"SGL":222,"PGC_REGION":6}},{"type":"Feature","geometry":{"type":"Point","coordinates":[-78.24672,40.10591]},"properties":{"SGL":261,"PGC_REGION":4}},{"type":"Feature","geometry":{"type":"Point","coordinates":[-76.98292,41.63309]},"properties":{"SGL":335,"PGC_REGION":3}},{"type":"Feature","geometry":{"type":"Point","coordinates":[-79.84663,41.66686]},"properties":{"SGL":69,"PGC_REGION":1}},{"type":"Feature","geometry":{"type":"Point","coordinates":[-75.75313,41.25511]},"properties":{"SGL":91,"PGC_REGION":5}},{"type":"Feature","geometry":{"type":"Point","coordinates":[-76.11024,39.8514]},"properties":{"SGL":136,"PGC_REGION":6}},{"type":"Feature","geometry":{"type":"Point","coordinates":[-75.61313,40.40495]},"properties":{"SGL":315,"PGC_REGION":6}},{"type":"Feature","geometry":{"type":"Point","coordinates":[-75.59898,40.42647]},"properties":{"SGL":315,"PGC_REGION":6}},{"type":"Feature","geometry":{"type":"Point","coordinates":[-75.66905,41.16764]},"properties":{"SGL":91,"PGC_REGION":5}},{"type":"Feature","geometry":{"type":"Point","coordinates":[-76.59969,41.14587]},"properties":{"SGL":226,"PGC_REGION":5}},{"type":"Feature","geometry":{"type":"Point","coordinates":[-75.46098,41.53814]},"properties":{"SGL":300,"PGC_REGION":5}},{"type":"Feature","geometry":{"type":"Point","coordinates":[-75.47275,41.51741]},"properties":{"SGL":300,"PGC_REGION":5}},{"type":"Feature","geometry":{"type":"Point","coordinates":[-75.45344,41.14035]},"properties":{"SGL":127,"PGC_REGION":5}},{"type":"Feature","geometry":{"type":"Point","coordinates":[-79.91886,41.99855]},"properties":{"SGL":161,"PGC_REGION":1}},{"type":"Feature","geometry":{"type":"Point","coordinates":[-79.91912,42.00754]},"properties":{"SGL":161,"PGC_REGION":1}},{"type":"Feature","geometry":{"type":"Point","coordinates":[-79.84345,41.97427]},"properties":{"SGL":162,"PGC_REGION":1}},{"type":"Feature","geometry":{"type":"Point","coordinates":[-79.81727,41.97477]},"properties":{"SGL":162,"PGC_REGION":1}},{"type":"Feature","geometry":{"type":"Point","coordinates":[-79.81178,41.97301]},"properties":{"SGL":162,"PGC_REGION":1}},{"type":"Feature","geometry":{"type":"Point","coordinates":[-79.84275,41.96962]},"properties":{"SGL":162,"PGC_REGION":1}},{"type":"Feature","geometry":{"type":"Point","coordinates":[-79.84119,41.97856]},"properties":{"SGL":162,"PGC_REGION":1}},{"type":"Feature","geometry":{"type":"Point","coordinates":[-79.89153,41.95783]},"properties":{"SGL":190,"PGC_REGION":1}},{"type":"Feature","geometry":{"type":"Point","coordinates":[-79.90717,41.95657]},"properties":{"SGL":190,"PGC_REGION":1}},{"type":"Feature","geometry":{"type":"Point","coordinates":[-79.84438,41.84324]},"properties":{"SGL":202,"PGC_REGION":1}},{"type":"Feature","geometry":{"type":"Point","coordinates":[-79.84036,41.84593]},"properties":{"SGL":202,"PGC_REGION":1}},{"type":"Feature","geometry":{"type":"Point","coordinates":[-79.83428,41.84552]},"properties":{"SGL":202,"PGC_REGION":1}},{"type":"Feature","geometry":{"type":"Point","coordinates":[-80.48276,40.18446]},"properties":{"SGL":232,"PGC_REGION":2}},{"type":"Feature","geometry":{"type":"Point","coordinates":[-80.40126,40.18165]},"properties":{"SGL":232,"PGC_REGION":2}},{"type":"Feature","geometry":{"type":"Point","coordinates":[-80.40214,40.17895]},"properties":{"SGL":232,"PGC_REGION":2}},{"type":"Feature","geometry":{"type":"Point","coordinates":[-80.38976,40.19554]},"properties":{"SGL":232,"PGC_REGION":2}},{"type":"Feature","geometry":{"type":"Point","coordinates":[-80.38758,40.19717]},"properties":{"SGL":232,"PGC_REGION":2}},{"type":"Feature","geometry":{"type":"Point","coordinates":[-80.4069,40.19004]},"properties":{"SGL":232,"PGC_REGION":2}},{"type":"Feature","geometry":{"type":"Point","coordinates":[-80.4089,40.19216]},"properties":{"SGL":232,"PGC_REGION":2}},{"type":"Feature","geometry":{"type":"Point","coordinates":[-80.40625,40.19718]},"properties":{"SGL":232,"PGC_REGION":2}},{"type":"Feature","geometry":{"type":"Point","coordinates":[-80.42708,40.19317]},"properties":{"SGL":232,"PGC_REGION":2}},{"type":"Feature","geometry":{"type":"Point","coordinates":[-80.45013,40.18937]},"properties":{"SGL":232,"PGC_REGION":2}},{"type":"Feature","geometry":{"type":"Point","coordinates":[-80.44322,40.19136]},"properties":{"SGL":232,"PGC_REGION":2}},{"type":"Feature","geometry":{"type":"Point","coordinates":[-80.42658,40.16849]},"properties":{"SGL":232,"PGC_REGION":2}},{"type":"Feature","geometry":{"type":"Point","coordinates":[-80.41068,40.16742]},"properties":{"SGL":232,"PGC_REGION":2}},{"type":"Feature","geometry":{"type":"Point","coordinates":[-80.38387,40.16459]},"properties":{"SGL":232,"PGC_REGION":2}},{"type":"Feature","geometry":{"type":"Point","coordinates":[-80.38789,40.17063]},"properties":{"SGL":232,"PGC_REGION":2}},{"type":"Feature","geometry":{"type":"Point","coordinates":[-80.40837,40.18146]},"properties":{"SGL":232,"PGC_REGION":2}},{"type":"Feature","geometry":{"type":"Point","coordinates":[-80.40832,40.1761]},"properties":{"SGL":232,"PGC_REGION":2}},{"type":"Feature","geometry":{"type":"Point","coordinates":[-80.45347,40.18136]},"properties":{"SGL":232,"PGC_REGION":2}},{"type":"Feature","geometry":{"type":"Point","coordinates":[-80.33436,40.05758]},"properties":{"SGL":245,"PGC_REGION":2}},{"type":"Feature","geometry":{"type":"Point","coordinates":[-80.40538,40.07728]},"properties":{"SGL":245,"PGC_REGION":2}},{"type":"Feature","geometry":{"type":"Point","coordinates":[-80.33207,40.0653]},"properties":{"SGL":245,"PGC_REGION":2}},{"type":"Feature","geometry":{"type":"Point","coordinates":[-80.33681,40.06574]},"properties":{"SGL":245,"PGC_REGION":2}},{"type":"Feature","geometry":{"type":"Point","coordinates":[-80.34206,40.06633]},"properties":{"SGL":245,"PGC_REGION":2}},{"type":"Feature","geometry":{"type":"Point","coordinates":[-80.34671,40.06636]},"properties":{"SGL":245,"PGC_REGION":2}},{"type":"Feature","geometry":{"type":"Point","coordinates":[-80.35189,40.06627]},"properties":{"SGL":245,"PGC_REGION":2}},{"type":"Feature","geometry":{"type":"Point","coordinates":[-80.35466,40.06542]},"properties":{"SGL":245,"PGC_REGION":2}},{"type":"Feature","geometry":{"type":"Point","coordinates":[-80.35577,40.06564]},"properties":{"SGL":245,"PGC_REGION":2}},{"type":"Feature","geometry":{"type":"Point","coordinates":[-80.34213,40.07342]},"properties":{"SGL":245,"PGC_REGION":2}},{"type":"Feature","geometry":{"type":"Point","coordinates":[-80.40167,40.08124]},"properties":{"SGL":245,"PGC_REGION":2}},{"type":"Feature","geometry":{"type":"Point","coordinates":[-80.40653,40.08016]},"properties":{"SGL":245,"PGC_REGION":2}},{"type":"Feature","geometry":{"type":"Point","coordinates":[-80.40958,40.07862]},"properties":{"SGL":245,"PGC_REGION":2}},{"type":"Feature","geometry":{"type":"Point","coordinates":[-80.41446,40.07654]},"properties":{"SGL":245,"PGC_REGION":2}},{"type":"Feature","geometry":{"type":"Point","coordinates":[-80.41867,40.07299]},"properties":{"SGL":245,"PGC_REGION":2}},{"type":"Feature","geometry":{"type":"Point","coordinates":[-80.43443,40.0728]},"properties":{"SGL":245,"PGC_REGION":2}},{"type":"Feature","geometry":{"type":"Point","coordinates":[-80.4274,40.09419]},"properties":{"SGL":245,"PGC_REGION":2}},{"type":"Feature","geometry":{"type":"Point","coordinates":[-80.40233,40.08612]},"properties":{"SGL":245,"PGC_REGION":2}},{"type":"Feature","geometry":{"type":"Point","coordinates":[-80.40382,40.07795]},"properties":{"SGL":245,"PGC_REGION":2}},{"type":"Feature","geometry":{"type":"Point","coordinates":[-80.45677,40.06601]},"properties":{"SGL":245,"PGC_REGION":2}},{"type":"Feature","geometry":{"type":"Point","coordinates":[-80.43518,40.0365]},"properties":{"SGL":245,"PGC_REGION":2}},{"type":"Feature","geometry":{"type":"Point","coordinates":[-80.43677,40.04267]},"properties":{"SGL":245,"PGC_REGION":2}},{"type":"Feature","geometry":{"type":"Point","coordinates":[-80.43556,40.04397]},"properties":{"SGL":245,"PGC_REGION":2}},{"type":"Feature","geometry":{"type":"Point","coordinates":[-80.44225,40.05132]},"properties":{"SGL":245,"PGC_REGION":2}},{"type":"Feature","geometry":{"type":"Point","coordinates":[-80.38683,40.03035]},"properties":{"SGL":245,"PGC_REGION":2}}]}