{"type":"FeatureCollection","features":[{"type":"Feature","geometry":{"type":"Polygon","coordinates":[[[-79.59031,40.21269],[-79.60212,40.21955],[-79.62055,40.21523],[-79.63443,40.21602],[-79.65424,40.21103],[-79.67283,40.21158],[-79.67678,40.20893],[-79.68745,40.19256],[-79.7069,40.18636],[-79.71302,40.17771],[-79.71779,40.174],[-79.73639,40.1669],[-79.75187,40.16473],[-79.77874,40.15425],[-79.81161,40.14736],[-79.825,40.14005],[-79.85493,40.13942],[-79.86238,40.13435],[-79.8737,40.13064],[-79.89412,40.10955],[-79.89948,40.10721],[-79.91138,40.10993],[-79.92149,40.10968],[-79.9389,40.11349],[-79.9493,40.11774],[-79.96239,40.12894],[-79.96764,40.13111],[-79.98782,40.12993],[-79.9948,40.13322],[-80.00592,40.13341],[-80.0255,40.14351],[-80.03669,40.15547],[-80.0516,40.16074],[-80.07666,40.16583],[-80.10191,40.16884],[-80.10722,40.16697],[-80.12194,40.15702],[-80.12827,40.15537],[-80.15576,40.15866],[-80.16506,40.16475],[-80.17486,40.16794],[-80.19078,40.1627],[-80.19879,40.16349],[-80.20769,40.17156],[-80.22107,40.17631],[-80.22881,40.18473],[-80.24528,40.18871],[-80.24856,40.20258],[-80.24214,40.20978],[-80.22457,40.21133],[-80.2167,40.21738],[-80.21393,40.22071],[-80.21082,40.23213],[-80.20416,40.24264],[-80.18547,40.25319],[-80.18455,40.25924],[-80.17698,40.26246],[-80.17821,40.26594],[-80.2127,40.28637],[-80.21492,40.29331],[-80.23063,40.31478],[-80.23131,40.31677],[-80.22983,40.3183],[-80.23558,40.32796],[-80.24219,40.34866],[-80.24089,40.35572],[-80.23468,40.35978],[-80.23491,40.36891],[-80.24654,40.36509],[-80.26513,40.38511],[-80.2723,40.38738],[-80.28168,40.39436],[-80.28549,40.39523],[-80.28698,40.40071],[-80.29107,40.40546],[-80.28967,40.41423],[-80.29562,40.4266],[-80.2602,40.43068],[-80.2407,40.43918],[-80.22278,40.43965],[-80.21006,40.43671],[-80.19197,40.43878],[-80.17428,40.44567],[-80.16534,40.44645],[-80.16681,40.44895],[-80.17024,40.45189],[-80.18531,40.45606],[-80.19698,40.46701],[-80.21294,40.47283],[-80.22738,40.47178],[-80.23725,40.46783],[-80.24342,40.46872],[-80.25427,40.47861],[-80.28126,40.49856],[-80.28201,40.50259],[-80.27231,40.52419],[-80.27234,40.5437],[-80.27862,40.55505],[-80.28129,40.56891],[-80.28948,40.57894],[-80.29848,40.60048],[-80.30461,40.60543],[-80.31742,40.61051],[-80.32038,40.61812],[-80.32505,40.62419],[-80.32481,40.62795],[-80.32056,40.63493],[-80.3201,40.641],[-80.32476,40.6497],[-80.32355,40.66463],[-80.33164,40.67915],[-80.34514,40.67182],[-80.36799,40.65396],[-80.37283,40.65179],[-80.38604,40.65034],[-80.40795,40.64473],[-80.41893,40.63865],[-80.42932,40.62895],[-80.44155,40.62409],[-80.45113,40.6233],[-80.45702,40.62508],[-80.46893,40.63693],[-80.47717,40.64247],[-80.48505,40.64546],[-80.49907,40.64516],[-80.51884,40.63757],[-80.51906,39.7214],[-79.91106,39.72071],[-79.90378,39.72477],[-79.90565,39.72794],[-79.89877,39.73879],[-79.9007,39.7395],[-79.90129,39.74608],[-79.89395,39.74713],[-79.8761,39.75579],[-79.85737,39.75375],[-79.85706,39.75564],[-79.85066,39.7579],[-79.84309,39.76536],[-79.8355,39.76939],[-79.83433,39.77371],[-79.83063,39.77831],[-79.83072,39.78317],[-79.81502,39.79933],[-79.80113,39.80558],[-79.77714,39.82229],[-79.77138,39.82942],[-79.77172,39.83517],[-79.76858,39.841],[-79.75963,39.8493],[-79.75048,39.86458],[-79.74615,39.86591],[-79.74221,39.87007],[-79.74529,39.8734],[-79.74518,39.88181],[-79.7543,39.89154],[-79.75358,39.89541],[-79.73894,39.90674],[-79.73123,39.91478],[-79.71366,39.91948],[-79.69877,39.92865],[-79.67911,39.93119],[-79.67209,39.93527],[-79.663,39.93654],[-79.65789,39.94225],[-79.64685,39.96693],[-79.63109,39.98288],[-79.62838,39.98936],[-79.6095,39.99555],[-79.59835,40.01084],[-79.6002,40.01819],[-79.59502,40.02345],[-79.5902,40.02535],[-79.58629,40.03472],[-79.57877,40.03795],[-79.57345,40.0449],[-79.56519,40.04873],[-79.56186,40.05602],[-79.5653,40.07168],[-79.56,40.0864],[-79.55413,40.1154],[-79.56121,40.15272],[-79.56012,40.17228],[-79.57255,40.19528],[-79.58626,40.20688],[-79.59022,40.21246],[-79.59031,40.21269]]]},"properties":{"WMU_ID":"2A","ACREAGE":1159012.03145}},{"type":"Feature","geometry":{"type":"Polygon","coordinates":[[[-79.83163,41.39791],[-79.83105,41.40276],[-79.83237,41.40508],[-79.84143,41.40522],[-79.84891,41.40267],[-79.85431,41.40284],[-79.85547,41.40611],[-79.85261,41.41279],[-79.85559,41.41472],[-79.87261,41.41794],[-79.87424,41.42036],[-79.87448,41.42899],[-79.87828,41.43394],[-79.90071,41.4513],[-79.93133,41.46643],[-79.94733,41.47749],[-79.97575,41.47766],[-80.00818,41.48218],[-80.01437,41.48552],[-80.0234,41.49605],[-80.02356,41.50257],[-80.02741,41.50993],[-80.02757,41.51712],[-80.03058,41.5218],[-80.07639,41.53568],[-80.10314,41.55055],[-80.10665,41.5544],[-80.10966,41.56326],[-80.13524,41.58951],[-80.14176,41.59285],[-80.14611,41.59804],[-80.15497,41.62478],[-80.15346,41.62947],[-80.15564,41.62997],[-80.15915,41.62211],[-80.16199,41.62027],[-80.18423,41.62278],[-80.19543,41.62562],[-80.20245,41.62278],[-80.2404,41.61459],[-80.2608,41.61408],[-80.27284,41.61124],[-80.29357,41.60322],[-80.31346,41.60355],[-80.33068,41.60957],[-80.34707,41.61793],[-80.36897,41.62295],[-80.38334,41.63114],[-80.38585,41.63114],[-80.40324,41.65588],[-80.42464,41.65655],[-80.44019,41.66591],[-80.45373,41.67059],[-80.46978,41.6726],[-80.4865,41.68246],[-80.49569,41.69935],[-80.5084,41.71155],[-80.51927,41.71456],[-80.51884,40.63757],[-80.49907,40.64516],[-80.48505,40.64546],[-80.47717,40.64247],[-80.46893,40.63693],[-80.45702,40.62508],[-80.45113,40.6233],[-80.44155,40.62409],[-80.42932,40.62895],[-80.41893,40.63865],[-80.40795,40.64473],[-80.38604,40.65034],[-80.37283,40.65179],[-80.36799,40.65396],[-80.34514,40.67182],[-80.33164,40.67915],[-80.33869,40.68721],[-80.35409,40.68963],[-80.36543,40.70215],[-80.37566,40.7105],[-80.37546,40.71346],[-80.3678,40.72336],[-80.37102,40.73822],[-80.36544,40.74688],[-80.3656,40.75596],[-80.35705,40.77495],[-80.35542,40.78384],[-80.36011,40.7907],[-80.36228,40.80307],[-80.37097,40.81929],[-80.37014,40.8345],[-80.35074,40.82798],[-80.34289,40.82029],[-80.33536,40.81912],[-80.30193,40.80558],[-80.2934,40.79923],[-80.2715,40.79153],[-80.24224,40.78468],[-80.23973,40.78167],[-80.23906,40.77365],[-80.22602,40.75726],[-80.21532,40.75459],[-80.19342,40.74138],[-80.17286,40.7362],[-80.16517,40.73235],[-80.15781,40.72583],[-80.13407,40.7148],[-80.12086,40.70326],[-80.10732,40.6842],[-80.06335,40.68537],[-80.03961,40.69641],[-80.00918,40.68972],[-79.98962,40.69407],[-79.97876,40.6929],[-79.96003,40.69724],[-79.95602,40.69975],[-79.94799,40.69841],[-79.93663,40.70226],[-79.92827,40.71797],[-79.92392,40.73603],[-79.92542,40.74288],[-79.92409,40.76345],[-79.92927,40.77599],[-79.93027,40.78485],[-79.93245,40.78936],[-79.9276,40.80458],[-79.92726,40.82497],[-79.92609,40.82882],[-79.91807,40.83885],[-79.91807,40.84487],[-79.89884,40.85423],[-79.89567,40.85306],[-79.89483,40.87212],[-79.89868,40.88215],[-79.91188,40.90121],[-79.94064,40.91442],[-79.94749,40.92127],[-79.96471,40.94551],[-79.96521,40.95755],[-79.97675,40.98413],[-79.98628,40.99617],[-79.99982,41.00587],[-80.00601,41.01774],[-80.00918,41.0281],[-80.00116,41.06321],[-80.0025,41.07709],[-80.00166,41.09213],[-80.00601,41.10484],[-80.00935,41.14279],[-79.99982,41.16018],[-79.97775,41.18275],[-79.97408,41.20883],[-79.96956,41.21769],[-79.95334,41.23274],[-79.94649,41.24511],[-79.91941,41.27136],[-79.90185,41.29727],[-79.89918,41.29978],[-79.88931,41.30245],[-79.87259,41.32017],[-79.87193,41.32368],[-79.87627,41.33372],[-79.86942,41.34358],[-79.86908,41.34592],[-79.87293,41.35144],[-79.87092,41.35963],[-79.85788,41.37066],[-79.85119,41.37952],[-79.84902,41.38538],[-79.83966,41.38956],[-79.83598,41.39842],[-79.83163,41.39791]]]},"properties":{"WMU_ID":"1A","ACREAGE":1181692.42026}},{"type":"Feature","geometry":{"type":"MultiPolygon","coordinates":[[[[-80.10177,42.15897],[-80.09901,42.15981],[-80.10869,42.16145],[-80.09864,42.16002],[-80.10266,42.16244],[-80.09871,42.1625],[-80.09792,42.16084],[-80.09728,42.16255],[-80.09621,42.1611],[-80.09366,42.16178],[-80.09441,42.15938],[-80.09278,42.15618],[-80.09274,42.15953],[-80.0898,42.16144],[-80.08431,42.15942],[-80.08392,42.1576],[-80.07897,42.1596],[-80.07769,42.15438],[-80.08285,42.1572],[-80.08007,42.15215],[-80.07785,42.15296],[-80.07183,42.15553],[-80.08087,42.16449],[-80.08435,42.1705],[-80.07974,42.17008],[-80.07954,42.16781],[-80.07776,42.17095],[-80.07824,42.16684],[-80.07721,42.16789],[-80.07891,42.16559],[-80.07619,42.16743],[-80.07521,42.16617],[-80.07174,42.17088],[-80.083,42.17366],[-80.11518,42.16676],[-80.13451,42.15091],[-80.15559,42.11283],[-80.18788,42.09405],[-80.19762,42.08989],[-80.20348,42.08912],[-80.21735,42.08197],[-80.23124,42.07754],[-80.23654,42.07784],[-80.2664,42.06082],[-80.29053,42.05255],[-80.32793,42.03675],[-80.34893,42.03023],[-80.36316,42.02795],[-80.40307,42.01326],[-80.43727,42.00581],[-80.45742,41.99744],[-80.49446,41.98747],[-80.51914,41.97764],[-80.51927,41.71456],[-80.5084,41.71155],[-80.49569,41.69935],[-80.4865,41.68246],[-80.46978,41.6726],[-80.45373,41.67059],[-80.44019,41.66591],[-80.42464,41.65655],[-80.40324,41.65588],[-80.38585,41.63114],[-80.38334,41.63114],[-80.36897,41.62295],[-80.34707,41.61793],[-80.33068,41.60957],[-80.31346,41.60355],[-80.29357,41.60322],[-80.27284,41.61124],[-80.2608,41.61408],[-80.2404,41.61459],[-80.20245,41.62278],[-80.19543,41.62562],[-80.18423,41.62278],[-80.16199,41.62027],[-80.15915,41.62211],[-80.15564,41.62997],[-80.15346,41.62947],[-80.15497,41.62478],[-80.14611,41.59804],[-80.14176,41.59285],[-80.13524,41.58951],[-80.10966,41.56326],[-80.10665,41.5544],[-80.10314,41.55055],[-80.07639,41.53568],[-80.03058,41.5218],[-80.02757,41.51712],[-80.02741,41.50993],[-80.02356,41.50257],[-80.0234,41.49605],[-80.01437,41.48552],[-80.00818,41.48218],[-79.97575,41.47766],[-79.94733,41.47749],[-79.93133,41.46643],[-79.90071,41.4513],[-79.87657,41.43235],[-79.87448,41.42899],[-79.87424,41.42036],[-79.87261,41.41794],[-79.85377,41.41401],[-79.85241,41.4115],[-79.85547,41.40611],[-79.85431,41.40284],[-79.84891,41.40267],[-79.84143,41.40522],[-79.83237,41.40508],[-79.83105,41.40276],[-79.83163,41.39791],[-79.82814,41.39739],[-79.82566,41.3939],[-79.77719,41.41693],[-79.76642,41.41539],[-79.75764,41.4128],[-79.74795,41.40714],[-79.74064,41.40643],[-79.73478,41.41048],[-79.72705,41.42643],[-79.71996,41.43054],[-79.71019,41.43301],[-79.71039,41.43843],[-79.708,41.44236],[-79.69398,41.44576],[-79.69026,41.44818],[-79.68884,41.46248],[-79.69289,41.47254],[-79.69166,41.4765],[-79.69404,41.48138],[-79.69772,41.48342],[-79.6999,41.48946],[-79.70286,41.51174],[-79.71096,41.52514],[-79.71742,41.53254],[-79.71363,41.54147],[-79.70652,41.5444],[-79.69948,41.55133],[-79.68415,41.5904],[-79.67241,41.61306],[-79.67144,41.61849],[-79.67338,41.62646],[-79.66082,41.62818],[-79.65404,41.62717],[-79.63587,41.61704],[-79.61988,41.61139],[-79.60715,41.60156],[-79.58085,41.59211],[-79.57471,41.61215],[-79.57419,41.62614],[-79.56418,41.63491],[-79.5604,41.64106],[-79.55383,41.66149],[-79.53615,41.69276],[-79.53428,41.70593],[-79.53927,41.71493],[-79.5376,41.7218],[-79.53125,41.72992],[-79.523,41.73584],[-79.47502,41.76267],[-79.47131,41.77228],[-79.46554,41.77925],[-79.45851,41.79182],[-79.45709,41.8103],[-79.4375,41.81953],[-79.41732,41.81875],[-79.40964,41.82181],[-79.39981,41.82852],[-79.38591,41.834],[-79.37259,41.83463],[-79.3389,41.84645],[-79.31735,41.84976],[-79.29935,41.84718],[-79.2811,41.84806],[-79.26211,41.84056],[-79.24176,41.84847],[-79.20796,41.84048],[-79.17843,41.83818],[-79.17236,41.83429],[-79.16722,41.83402],[-79.17086,41.83872],[-79.15526,41.84533],[-79.15539,41.8467],[-79.14614,41.8481],[-79.14662,41.85398],[-79.15326,41.86133],[-79.15529,41.8672],[-79.14591,41.88883],[-79.15101,41.90343],[-79.14948,41.92156],[-79.13813,41.94915],[-79.13647,41.96308],[-79.14151,41.96902],[-79.1512,41.99119],[-79.15808,41.9991],[-79.76166,41.99884],[-79.76179,42.26953],[-79.77376,42.26436],[-79.7821,42.26457],[-79.79641,42.25624],[-79.80117,42.25571],[-79.81785,42.24541],[-79.83184,42.24314],[-79.84394,42.23554],[-79.86909,42.23065],[-79.87392,42.23167],[-79.90204,42.21609],[-79.90698,42.21554],[-79.91444,42.21205],[-79.91439,42.21066],[-79.91487,42.21212],[-79.92399,42.20723],[-79.93,42.2071],[-79.94281,42.20146],[-79.95526,42.19361],[-79.98453,42.18104],[-79.98426,42.17946],[-79.98554,42.18087],[-79.9856,42.17938],[-79.99339,42.17467],[-80.02691,42.16018],[-80.03004,42.16002],[-80.03494,42.15605],[-80.05355,42.1483],[-80.05481,42.14896],[-80.05863,42.14587],[-80.07073,42.14551],[-80.07498,42.1474],[-80.07855,42.15159],[-80.0845,42.14849],[-80.08517,42.14655],[-80.08028,42.14384],[-80.0839,42.14172],[-80.08208,42.13866],[-80.08444,42.14148],[-80.08387,42.13854],[-80.0857,42.14121],[-80.08667,42.14077],[-80.08542,42.13773],[-80.08713,42.14024],[-80.08713,42.13748],[-80.08943,42.13652],[-80.08826,42.13878],[-80.09032,42.13779],[-80.09158,42.13883],[-80.09069,42.13758],[-80.0928,42.1367],[-80.09034,42.1369],[-80.09014,42.13446],[-80.09506,42.13752],[-80.09493,42.13416],[-80.09793,42.13325],[-80.09893,42.13076],[-80.10529,42.12934],[-80.10675,42.13163],[-80.10841,42.13132],[-80.10726,42.12844],[-80.10896,42.12775],[-80.11002,42.13028],[-80.11025,42.12754],[-80.11296,42.12995],[-80.11187,42.12802],[-80.11334,42.12592],[-80.12765,42.12099],[-80.13007,42.12366],[-80.13297,42.12232],[-80.13194,42.11887],[-80.15132,42.11276],[-80.14577,42.12592],[-80.13922,42.1287],[-80.14446,42.12743],[-80.14139,42.1287],[-80.14325,42.13038],[-80.13885,42.14016],[-80.13307,42.1424],[-80.12994,42.14781],[-80.12574,42.15087],[-80.11202,42.15299],[-80.12517,42.15329],[-80.12113,42.15755],[-80.12433,42.15819],[-80.118,42.15991],[-80.1086,42.15791],[-80.11541,42.16002],[-80.11039,42.15953],[-80.11529,42.16062],[-80.11219,42.16083],[-80.10727,42.15772],[-80.10693,42.15912],[-80.10302,42.15565],[-80.10593,42.15989],[-80.10181,42.15922],[-80.10177,42.15897]]],[[[-80.10208,42.15864],[-80.10177,42.15897],[-80.10208,42.15864]]]]},"properties":{"WMU_ID":"1B","ACREAGE":1355320.69729}},{"type":"Feature","geometry":{"type":"Polygon","coordinates":[[[-79.83163,41.39791],[-79.83598,41.39842],[-79.83966,41.38956],[-79.84902,41.38538],[-79.85119,41.37952],[-79.85788,41.37066],[-79.87092,41.35963],[-79.87293,41.35144],[-79.86908,41.34592],[-79.86942,41.34358],[-79.87627,41.33372],[-79.87193,41.32368],[-79.87259,41.32017],[-79.88931,41.30245],[-79.89918,41.29978],[-79.90185,41.29727],[-79.91941,41.27136],[-79.94649,41.24511],[-79.95334,41.23274],[-79.96956,41.21769],[-79.97408,41.20883],[-79.97775,41.18275],[-79.99982,41.16018],[-80.00935,41.14279],[-80.00601,41.10484],[-80.00166,41.09213],[-80.0025,41.07709],[-80.00116,41.06321],[-80.00918,41.0281],[-80.00601,41.01774],[-79.99982,41.00587],[-79.98628,40.99617],[-79.97675,40.98413],[-79.96521,40.95755],[-79.96471,40.94551],[-79.94749,40.92127],[-79.94064,40.91442],[-79.91188,40.90121],[-79.89868,40.88215],[-79.89483,40.87212],[-79.89567,40.85306],[-79.89884,40.85423],[-79.91807,40.84487],[-79.91807,40.83885],[-79.92609,40.82882],[-79.92726,40.82497],[-79.9276,40.80458],[-79.93245,40.78936],[-79.93027,40.78485],[-79.92927,40.77599],[-79.92409,40.76345],[-79.92542,40.74288],[-79.92392,40.73603],[-79.92625,40.72575],[-79.89782,40.72433],[-79.89207,40.72041],[-79.88123,40.72125],[-79.87632,40.72425],[-79.87215,40.72241],[-79.8654,40.72391],[-79.84389,40.72083],[-79.83422,40.72133],[-79.82922,40.72508],[-79.82005,40.72658],[-79.79687,40.72633],[-79.78245,40.72316],[-79.77611,40.71116],[-79.76711,40.71266],[-79.75919,40.71849],[-79.75569,40.71933],[-79.75127,40.71516],[-79.7241,40.70657],[-79.71493,40.69365],[-79.6935,40.6819],[-79.69217,40.67631],[-79.69367,40.67064],[-79.68909,40.66464],[-79.67475,40.66097],[-79.66049,40.6508],[-79.65449,40.63638],[-79.64799,40.6313],[-79.64557,40.62596],[-79.61181,40.60804],[-79.60973,40.59995],[-79.5938,40.58145],[-79.59422,40.57044],[-79.59055,40.56428],[-79.58897,40.5516],[-79.59564,40.53285],[-79.60081,40.52485],[-79.60681,40.51909],[-79.60764,40.51559],[-79.60147,40.4915],[-79.59639,40.48758],[-79.5933,40.48108],[-79.5863,40.45065],[-79.58105,40.44186],[-79.58135,40.43498],[-79.57162,40.42012],[-79.57263,40.41074],[-79.57134,40.39817],[-79.56385,40.39844],[-79.5357,40.40502],[-79.4999,40.39816],[-79.48304,40.39701],[-79.46365,40.39807],[-79.44395,40.39529],[-79.4298,40.39628],[-79.41125,40.40227],[-79.39503,40.40997],[-79.38255,40.41246],[-79.35982,40.42096],[-79.32596,40.42026],[-79.31472,40.42582],[-79.29309,40.42981],[-79.26796,40.4397],[-79.24402,40.4412],[-79.2195,40.44564],[-79.21157,40.4521],[-79.20069,40.4667],[-79.18739,40.49042],[-79.17186,40.50051],[-79.16568,40.50702],[-79.15666,40.531],[-79.15457,40.54523],[-79.15518,40.54841],[-79.16207,40.55869],[-79.16101,40.57556],[-79.14996,40.59541],[-79.14178,40.60263],[-79.12517,40.60923],[-79.11821,40.61948],[-79.11708,40.62438],[-79.118,40.64125],[-79.11224,40.67503],[-79.09927,40.68558],[-79.09957,40.69002],[-79.10435,40.69738],[-79.09962,40.70506],[-79.10159,40.71487],[-79.10311,40.7174],[-79.10752,40.71948],[-79.10649,40.72259],[-79.1014,40.72545],[-79.10556,40.73875],[-79.09551,40.74639],[-79.08185,40.75007],[-79.07329,40.75642],[-79.0642,40.76049],[-79.05704,40.76666],[-79.05819,40.7726],[-79.05329,40.78244],[-79.05536,40.80464],[-79.05192,40.81008],[-79.05227,40.81574],[-79.04931,40.81951],[-79.03902,40.82371],[-79.0387,40.82885],[-79.04265,40.84014],[-79.03673,40.84798],[-79.02459,40.85456],[-79.02301,40.85742],[-79.02059,40.8649],[-79.02001,40.87672],[-79.01582,40.87915],[-79.01573,40.8845],[-79.01828,40.89208],[-79.0171,40.89732],[-79.00124,40.91005],[-78.98736,40.91705],[-78.98332,40.92884],[-78.97215,40.94133],[-78.97243,40.94315],[-78.96727,40.94441],[-78.96764,40.94746],[-78.96425,40.94943],[-78.94902,40.95292],[-78.93314,40.94936],[-78.929,40.95463],[-78.92407,40.95595],[-78.92066,40.96107],[-78.91525,40.96102],[-78.90834,40.96672],[-78.89958,40.96727],[-78.89414,40.96524],[-78.88922,40.97044],[-78.87845,40.96656],[-78.87405,40.96724],[-78.8623,40.97174],[-78.85434,40.97803],[-78.84702,40.97993],[-78.84302,40.99183],[-78.84097,41.0062],[-78.83221,41.01127],[-78.82799,41.01784],[-78.82803,41.02466],[-78.8246,41.03022],[-78.82401,41.0355],[-78.82602,41.04624],[-78.82244,41.05042],[-78.8172,41.052],[-78.81479,41.05743],[-78.79796,41.06512],[-78.79467,41.07207],[-78.78945,41.07385],[-78.78628,41.07716],[-78.78503,41.08256],[-78.77423,41.08929],[-78.77058,41.0974],[-78.77108,41.10926],[-78.76683,41.11566],[-78.76004,41.11952],[-78.7551,41.12717],[-78.77636,41.13258],[-78.79012,41.14734],[-78.82561,41.15891],[-78.83491,41.15746],[-78.85203,41.14934],[-78.87658,41.15186],[-78.92632,41.15257],[-78.95304,41.14401],[-78.96305,41.13886],[-78.96924,41.13789],[-78.99276,41.14764],[-79.0023,41.16104],[-79.01198,41.1693],[-79.01545,41.17056],[-79.03245,41.16989],[-79.04274,41.16777],[-79.06699,41.17122],[-79.09652,41.17063],[-79.10499,41.17201],[-79.12643,41.17956],[-79.15719,41.18331],[-79.17325,41.18756],[-79.18011,41.18771],[-79.19144,41.18521],[-79.21606,41.19062],[-79.23774,41.18721],[-79.24431,41.18284],[-79.27574,41.18899],[-79.3007,41.19743],[-79.33362,41.2032],[-79.3371,41.20515],[-79.35629,41.20332],[-79.3927,41.21761],[-79.39204,41.22353],[-79.39443,41.22513],[-79.40542,41.22661],[-79.40943,41.23275],[-79.42781,41.24317],[-79.44477,41.24589],[-79.45329,41.2498],[-79.46793,41.25267],[-79.47422,41.25767],[-79.49643,41.26562],[-79.52058,41.27204],[-79.53515,41.27269],[-79.54386,41.27727],[-79.55472,41.27805],[-79.55816,41.28085],[-79.57177,41.28364],[-79.58882,41.29343],[-79.59907,41.29417],[-79.61458,41.29814],[-79.63481,41.31262],[-79.64898,41.31481],[-79.66366,41.32014],[-79.66713,41.32664],[-79.69425,41.34258],[-79.6976,41.34319],[-79.70113,41.34701],[-79.78396,41.36886],[-79.79261,41.37239],[-79.81496,41.377],[-79.8172,41.37995],[-79.81748,41.38818],[-79.82363,41.38911],[-79.8292,41.39752],[-79.83163,41.39791]]]},"properties":{"WMU_ID":"2D","ACREAGE":1591331.67456}},{"type":"Feature","geometry":{"type":"Polygon","coordinates":[[[-79.92625,40.72575],[-79.92827,40.71797],[-79.93663,40.70226],[-79.94799,40.69841],[-79.95602,40.69975],[-79.96003,40.69724],[-79.97876,40.6929],[-79.98962,40.69407],[-80.00918,40.68972],[-80.03961,40.69641],[-80.06335,40.68537],[-80.10732,40.6842],[-80.12086,40.70326],[-80.13407,40.7148],[-80.15781,40.72583],[-80.16517,40.73235],[-80.17286,40.7362],[-80.19342,40.74138],[-80.21532,40.75459],[-80.22602,40.75726],[-80.23906,40.77365],[-80.23973,40.78167],[-80.24224,40.78468],[-80.2715,40.79153],[-80.2934,40.79923],[-80.30193,40.80558],[-80.33536,40.81912],[-80.34289,40.82029],[-80.35074,40.82798],[-80.37014,40.8345],[-80.37097,40.81929],[-80.36228,40.80307],[-80.36011,40.7907],[-80.35542,40.78384],[-80.35705,40.77495],[-80.3656,40.75596],[-80.36544,40.74688],[-80.37102,40.73822],[-80.3678,40.72336],[-80.37546,40.71346],[-80.37566,40.7105],[-80.36543,40.70215],[-80.35409,40.68963],[-80.34123,40.68806],[-80.33633,40.6859],[-80.32441,40.66678],[-80.32301,40.66052],[-80.32476,40.6497],[-80.3199,40.63875],[-80.32125,40.63325],[-80.32517,40.62697],[-80.32505,40.62419],[-80.32038,40.61812],[-80.31742,40.61051],[-80.30461,40.60543],[-80.29848,40.60048],[-80.28948,40.57894],[-80.28129,40.56891],[-80.27862,40.55505],[-80.27234,40.5437],[-80.27231,40.52419],[-80.27716,40.51492],[-80.28214,40.49997],[-80.24342,40.46872],[-80.23725,40.46783],[-80.22264,40.47238],[-80.21008,40.47205],[-80.19698,40.46701],[-80.18531,40.45606],[-80.17024,40.45189],[-80.16534,40.44645],[-80.17428,40.44567],[-80.19197,40.43878],[-80.20759,40.43691],[-80.22278,40.43965],[-80.24317,40.43886],[-80.2602,40.43068],[-80.29562,40.4266],[-80.28967,40.41423],[-80.29107,40.40546],[-80.28698,40.40071],[-80.28549,40.39523],[-80.28168,40.39436],[-80.2723,40.38738],[-80.26513,40.38511],[-80.24654,40.36509],[-80.23491,40.36891],[-80.23468,40.35978],[-80.24089,40.35572],[-80.24219,40.34866],[-80.23558,40.32796],[-80.22983,40.3183],[-80.23131,40.31677],[-80.23063,40.31478],[-80.21492,40.29331],[-80.2127,40.28637],[-80.17821,40.26594],[-80.17698,40.26246],[-80.18455,40.25924],[-80.18547,40.25319],[-80.20416,40.24264],[-80.21082,40.23213],[-80.21393,40.22071],[-80.2167,40.21738],[-80.22457,40.21133],[-80.24214,40.20978],[-80.24856,40.20258],[-80.24528,40.18871],[-80.22881,40.18473],[-80.22107,40.17631],[-80.20769,40.17156],[-80.19879,40.16349],[-80.19078,40.1627],[-80.17486,40.16794],[-80.16506,40.16475],[-80.15576,40.15866],[-80.12827,40.15537],[-80.12194,40.15702],[-80.10722,40.16697],[-80.10191,40.16884],[-80.07666,40.16583],[-80.0516,40.16074],[-80.03669,40.15547],[-80.0255,40.14351],[-80.00592,40.13341],[-79.9948,40.13322],[-79.98782,40.12993],[-79.96764,40.13111],[-79.96239,40.12894],[-79.9493,40.11774],[-79.9389,40.11349],[-79.92149,40.10968],[-79.91138,40.10993],[-79.89948,40.10721],[-79.89412,40.10955],[-79.8737,40.13064],[-79.86238,40.13435],[-79.85493,40.13942],[-79.825,40.14005],[-79.81161,40.14736],[-79.77874,40.15425],[-79.75187,40.16473],[-79.73639,40.1669],[-79.71779,40.174],[-79.71302,40.17771],[-79.7069,40.18636],[-79.68745,40.19256],[-79.67678,40.20893],[-79.67283,40.21158],[-79.65424,40.21103],[-79.63443,40.21602],[-79.62055,40.21523],[-79.60212,40.21955],[-79.59031,40.21269],[-79.59275,40.22442],[-79.60326,40.23599],[-79.6124,40.25601],[-79.61539,40.26802],[-79.61247,40.27899],[-79.61168,40.29106],[-79.60618,40.30194],[-79.5946,40.30913],[-79.58092,40.32275],[-79.57982,40.32531],[-79.58048,40.33603],[-79.5643,40.35204],[-79.55944,40.35919],[-79.55764,40.36651],[-79.55952,40.3729],[-79.56624,40.37772],[-79.56859,40.38227],[-79.57251,40.40762],[-79.57162,40.42012],[-79.58135,40.43498],[-79.58105,40.44186],[-79.5863,40.45065],[-79.5933,40.48108],[-79.59639,40.48758],[-79.60147,40.4915],[-79.60764,40.51559],[-79.60681,40.51909],[-79.59772,40.5291],[-79.58963,40.54677],[-79.5898,40.56127],[-79.59422,40.57044],[-79.5938,40.58145],[-79.60973,40.59995],[-79.61181,40.60804],[-79.64557,40.62596],[-79.64799,40.6313],[-79.65449,40.63638],[-79.66049,40.6508],[-79.67475,40.66097],[-79.68909,40.66464],[-79.69367,40.67064],[-79.69217,40.67631],[-79.6935,40.6819],[-79.71493,40.69365],[-79.72643,40.70807],[-79.74194,40.71141],[-79.75127,40.71516],[-79.75569,40.71933],[-79.75919,40.71849],[-79.76711,40.71266],[-79.77712,40.71124],[-79.78245,40.72316],[-79.79687,40.72633],[-79.82005,40.72658],[-79.82922,40.72508],[-79.83422,40.72133],[-79.84389,40.72083],[-79.8654,40.72391],[-79.87215,40.72241],[-79.87632,40.72425],[-79.88123,40.72125],[-79.89207,40.72041],[-79.89782,40.72433],[-79.92358,40.72483],[-79.92625,40.72575]]]},"properties":{"WMU_ID":"2B","ACREAGE":872182.703841}},{"type":"Feature","geometry":{"type":"Polygon","coordinates":[[[-78.61887,41.99984],[-79.15808,41.9991],[-79.1512,41.99119],[-79.14151,41.96902],[-79.13647,41.96308],[-79.13813,41.94915],[-79.14948,41.92156],[-79.15101,41.90343],[-79.14591,41.88883],[-79.15529,41.8672],[-79.15326,41.86133],[-79.14662,41.85398],[-79.14614,41.8481],[-79.15539,41.8467],[-79.15526,41.84533],[-79.17086,41.83872],[-79.16722,41.83402],[-79.17236,41.83429],[-79.17843,41.83818],[-79.20796,41.84048],[-79.24176,41.84847],[-79.26211,41.84056],[-79.2811,41.84806],[-79.29935,41.84718],[-79.31735,41.84976],[-79.3389,41.84645],[-79.37259,41.83463],[-79.38591,41.834],[-79.39981,41.82852],[-79.40964,41.82181],[-79.41732,41.81875],[-79.4375,41.81953],[-79.45709,41.8103],[-79.45851,41.79182],[-79.46554,41.77925],[-79.47131,41.77228],[-79.47502,41.76267],[-79.523,41.73584],[-79.53125,41.72992],[-79.5376,41.7218],[-79.53927,41.71493],[-79.53428,41.70593],[-79.53615,41.69276],[-79.55383,41.66149],[-79.5604,41.64106],[-79.56418,41.63491],[-79.57419,41.62614],[-79.57471,41.61215],[-79.58085,41.59211],[-79.60715,41.60156],[-79.61988,41.61139],[-79.63587,41.61704],[-79.65404,41.62717],[-79.66082,41.62818],[-79.67338,41.62646],[-79.67144,41.61849],[-79.67241,41.61306],[-79.68415,41.5904],[-79.69948,41.55133],[-79.70652,41.5444],[-79.71363,41.54147],[-79.71742,41.53254],[-79.71096,41.52514],[-79.70286,41.51174],[-79.6999,41.48946],[-79.69772,41.48342],[-79.69404,41.48138],[-79.69166,41.4765],[-79.69289,41.47254],[-79.68884,41.46248],[-79.69026,41.44818],[-79.69398,41.44576],[-79.70753,41.44269],[-79.71039,41.43843],[-79.71019,41.43301],[-79.71899,41.43092],[-79.72667,41.42676],[-79.7339,41.41179],[-79.73949,41.40679],[-79.74795,41.40714],[-79.75764,41.4128],[-79.76959,41.4163],[-79.77864,41.41664],[-79.82578,41.39389],[-79.82363,41.38911],[-79.81748,41.38818],[-79.8172,41.37995],[-79.81353,41.37642],[-79.79261,41.37239],[-79.78396,41.36886],[-79.70113,41.34701],[-79.6976,41.34319],[-79.69425,41.34258],[-79.66713,41.32664],[-79.66366,41.32014],[-79.64898,41.31481],[-79.63481,41.31262],[-79.61458,41.29814],[-79.59907,41.29417],[-79.58882,41.29343],[-79.57177,41.28364],[-79.55816,41.28085],[-79.55472,41.27805],[-79.54386,41.27727],[-79.53515,41.27269],[-79.52058,41.27204],[-79.49643,41.26562],[-79.47422,41.25767],[-79.46793,41.25267],[-79.45329,41.2498],[-79.44477,41.24589],[-79.42781,41.24317],[-79.40943,41.23275],[-79.40542,41.22661],[-79.39443,41.22513],[-79.39204,41.22353],[-79.3927,41.21761],[-79.35629,41.20332],[-79.3371,41.20515],[-79.33362,41.2032],[-79.3007,41.19743],[-79.27574,41.18899],[-79.24431,41.18284],[-79.23774,41.18721],[-79.21606,41.19062],[-79.19144,41.18521],[-79.18011,41.18771],[-79.17325,41.18756],[-79.15719,41.18331],[-79.12643,41.17956],[-79.10499,41.17201],[-79.09652,41.17063],[-79.06699,41.17122],[-79.04274,41.16777],[-79.03245,41.16989],[-79.01545,41.17056],[-79.01198,41.1693],[-79.0023,41.16104],[-78.99276,41.14764],[-78.96924,41.13789],[-78.96305,41.13886],[-78.95304,41.14401],[-78.92632,41.15257],[-78.87658,41.15186],[-78.85203,41.14934],[-78.83491,41.15746],[-78.82845,41.15891],[-78.82169,41.15817],[-78.79012,41.14734],[-78.79427,41.15248],[-78.79303,41.15984],[-78.78681,41.17093],[-78.77542,41.18301],[-78.77034,41.19758],[-78.77534,41.20329],[-78.77274,41.21274],[-78.77573,41.2201],[-78.78214,41.22921],[-78.78374,41.23824],[-78.78778,41.24399],[-78.7873,41.24701],[-78.7747,41.24471],[-78.76028,41.24918],[-78.7465,41.24752],[-78.74087,41.25326],[-78.73011,41.25648],[-78.72185,41.26297],[-78.72065,41.26615],[-78.69306,41.28387],[-78.68603,41.29829],[-78.68863,41.32111],[-78.69478,41.338],[-78.6977,41.34344],[-78.70447,41.35018],[-78.70614,41.35745],[-78.70296,41.36192],[-78.69087,41.37007],[-78.68654,41.38142],[-78.69395,41.39501],[-78.71449,41.41276],[-78.71624,41.41948],[-78.72677,41.42293],[-78.72936,41.42209],[-78.73448,41.43218],[-78.73203,41.43705],[-78.72159,41.43866],[-78.71925,41.44037],[-78.72078,41.44926],[-78.71871,41.45227],[-78.715,41.4527],[-78.69927,41.44798],[-78.69005,41.45285],[-78.67614,41.45144],[-78.67175,41.45464],[-78.67029,41.46308],[-78.66989,41.47985],[-78.67594,41.48745],[-78.67636,41.49115],[-78.68273,41.49599],[-78.67949,41.50074],[-78.67977,41.51794],[-78.67552,41.52535],[-78.68338,41.5352],[-78.68112,41.54189],[-78.6838,41.55539],[-78.69043,41.5671],[-78.68845,41.57045],[-78.68846,41.58022],[-78.68669,41.58738],[-78.67925,41.59521],[-78.67657,41.60177],[-78.67739,41.60681],[-78.67492,41.61958],[-78.68007,41.63868],[-78.67894,41.64701],[-78.68159,41.66182],[-78.68025,41.66987],[-78.68528,41.67681],[-78.68927,41.6862],[-78.69488,41.71451],[-78.69464,41.71785],[-78.68426,41.73558],[-78.68377,41.73892],[-78.68853,41.7488],[-78.69887,41.75891],[-78.70617,41.76203],[-78.71424,41.76249],[-78.71796,41.76517],[-78.71848,41.76851],[-78.7164,41.77259],[-78.71114,41.77623],[-78.70108,41.78806],[-78.70476,41.79708],[-78.692,41.80726],[-78.69178,41.81166],[-78.69685,41.83007],[-78.69295,41.84063],[-78.68993,41.84403],[-78.67914,41.84995],[-78.67437,41.85515],[-78.67149,41.86161],[-78.66412,41.87143],[-78.65961,41.88562],[-78.65282,41.89423],[-78.6511,41.92123],[-78.65296,41.92938],[-78.64822,41.92934],[-78.64988,41.93736],[-78.64736,41.94959],[-78.63906,41.96387],[-78.62907,41.96979],[-78.61891,41.99947],[-78.61887,41.99984]]]},"properties":{"WMU_ID":"2F","ACREAGE":1542951.74658}},{"type":"Feature","geometry":{"type":"Polygon","coordinates":[[[-77.04079,41.23129],[-77.04963,41.24105],[-77.04946,41.2438],[-77.04367,41.25307],[-77.04349,41.25882],[-77.04947,41.27077],[-77.05655,41.29082],[-77.06418,41.30445],[-77.08516,41.32244],[-77.08804,41.33006],[-77.08677,41.33538],[-77.0887,41.34177],[-77.09375,41.34905],[-77.09168,41.35238],[-77.08522,41.35531],[-77.07951,41.36394],[-77.07153,41.37066],[-77.06719,41.37834],[-77.06042,41.38234],[-77.05974,41.38544],[-77.06439,41.39315],[-77.06532,41.40427],[-77.06771,41.41141],[-77.07085,41.41725],[-77.07742,41.42034],[-77.08219,41.42595],[-77.09337,41.43011],[-77.10205,41.44101],[-77.107,41.44441],[-77.12091,41.4475],[-77.12495,41.45391],[-77.13164,41.45765],[-77.14192,41.4779],[-77.14659,41.48306],[-77.1489,41.49052],[-77.14689,41.49486],[-77.136,41.49999],[-77.13127,41.51072],[-77.12601,41.51623],[-77.12434,41.55034],[-77.11518,41.56231],[-77.11327,41.56845],[-77.11437,41.58073],[-77.10463,41.5957],[-77.10401,41.60795],[-77.10853,41.61364],[-77.11665,41.61803],[-77.11875,41.62473],[-77.11856,41.62986],[-77.11184,41.63424],[-77.10898,41.63871],[-77.10068,41.64084],[-77.09637,41.6478],[-77.09362,41.65681],[-77.08136,41.66469],[-77.06547,41.68275],[-77.06848,41.69014],[-77.07573,41.69456],[-77.07742,41.70193],[-77.08232,41.70797],[-77.08465,41.71415],[-77.08451,41.71973],[-77.07756,41.73566],[-77.07707,41.74115],[-77.07818,41.7488],[-77.08294,41.75487],[-77.08304,41.75721],[-77.07358,41.77098],[-77.0691,41.78126],[-77.07332,41.78798],[-77.07808,41.80717],[-77.111,41.79868],[-77.13399,41.78731],[-77.15788,41.78523],[-77.17374,41.77533],[-77.19856,41.76578],[-77.21358,41.76296],[-77.25289,41.74407],[-77.25953,41.74301],[-77.29854,41.74887],[-77.29941,41.74957],[-77.29743,41.75312],[-77.3027,41.76499],[-77.30867,41.77229],[-77.31019,41.78542],[-77.32897,41.79185],[-77.33353,41.79181],[-77.33713,41.78989],[-77.34447,41.77411],[-77.35235,41.76972],[-77.37166,41.77141],[-77.38042,41.77043],[-77.39359,41.7737],[-77.39869,41.77279],[-77.42782,41.74654],[-77.44444,41.7473],[-77.46182,41.74274],[-77.4684,41.74465],[-77.47628,41.74987],[-77.49375,41.75057],[-77.50188,41.75205],[-77.5083,41.75513],[-77.51552,41.7557],[-77.52755,41.75425],[-77.5374,41.74753],[-77.56002,41.7523],[-77.5821,41.74743],[-77.59955,41.74579],[-77.61296,41.74279],[-77.62034,41.73908],[-77.63665,41.73821],[-77.64495,41.7354],[-77.66982,41.74546],[-77.67737,41.75404],[-77.68539,41.75889],[-77.69149,41.76674],[-77.6963,41.77017],[-77.71427,41.77723],[-77.72834,41.77891],[-77.7643,41.78929],[-77.77794,41.7896],[-77.78875,41.78835],[-77.8065,41.78068],[-77.82075,41.78109],[-77.84067,41.77348],[-77.85743,41.77706],[-77.86314,41.77242],[-77.88514,41.76282],[-77.89616,41.7619],[-77.90328,41.75712],[-77.91961,41.75728],[-77.93121,41.75313],[-77.94928,41.75569],[-77.96897,41.76308],[-77.98439,41.77293],[-77.98624,41.76773],[-77.98247,41.75077],[-77.9837,41.74838],[-77.99,41.74448],[-77.99134,41.74118],[-78.04526,41.71635],[-78.05,41.70998],[-78.06326,41.70168],[-78.07675,41.6975],[-78.08633,41.6963],[-78.08949,41.68903],[-78.0867,41.6774],[-78.08867,41.66545],[-78.0838,41.65397],[-78.09003,41.63093],[-78.09977,41.63294],[-78.10572,41.63685],[-78.13729,41.66556],[-78.14751,41.67107],[-78.15407,41.66963],[-78.15873,41.6707],[-78.16559,41.67483],[-78.17073,41.68365],[-78.17471,41.68499],[-78.18017,41.68385],[-78.18005,41.68194],[-78.18818,41.67168],[-78.19047,41.66581],[-78.19031,41.65725],[-78.19582,41.65128],[-78.19868,41.64174],[-78.19798,41.6302],[-78.18746,41.60981],[-78.18606,41.59811],[-78.19473,41.58706],[-78.19591,41.57683],[-78.20651,41.55181],[-78.21135,41.54495],[-78.21487,41.52662],[-78.21394,41.51925],[-78.21935,41.50987],[-78.22006,41.50564],[-78.20523,41.49839],[-78.20035,41.49296],[-78.20002,41.48446],[-78.19307,41.47425],[-78.1936,41.47097],[-78.19704,41.4664],[-78.19725,41.46033],[-78.17718,41.45349],[-78.17441,41.45016],[-78.17659,41.44613],[-78.18359,41.4445],[-78.18807,41.44124],[-78.18581,41.43724],[-78.17822,41.4312],[-78.17917,41.42618],[-78.19211,41.41787],[-78.19479,41.41289],[-78.19363,41.40483],[-78.18953,41.39655],[-78.18021,41.39014],[-78.17894,41.38403],[-78.16764,41.38784],[-78.16231,41.38639],[-78.1588,41.38211],[-78.15783,41.37197],[-78.15576,41.36874],[-78.14106,41.36455],[-78.12423,41.35392],[-78.1244,41.3508],[-78.12736,41.34745],[-78.13802,41.34409],[-78.13835,41.34178],[-78.13355,41.33881],[-78.14696,41.32716],[-78.15146,41.32646],[-78.1629,41.33099],[-78.18021,41.33106],[-78.19099,41.3418],[-78.20435,41.33944],[-78.2096,41.34312],[-78.21064,41.34894],[-78.21359,41.35279],[-78.22659,41.35397],[-78.22942,41.36112],[-78.23296,41.36247],[-78.24951,41.35983],[-78.26255,41.35583],[-78.27099,41.34681],[-78.27577,41.34424],[-78.28286,41.34273],[-78.29277,41.34309],[-78.30174,41.33738],[-78.31137,41.34127],[-78.32289,41.33227],[-78.33379,41.33073],[-78.34114,41.32587],[-78.35234,41.32201],[-78.35401,41.31863],[-78.35756,41.31644],[-78.36869,41.31652],[-78.37889,41.31393],[-78.40023,41.31518],[-78.40348,41.31208],[-78.40234,41.30736],[-78.39418,41.30093],[-78.39212,41.29699],[-78.40112,41.28561],[-78.41914,41.28146],[-78.43299,41.28357],[-78.44608,41.28118],[-78.45127,41.28197],[-78.45982,41.28737],[-78.46285,41.2849],[-78.46114,41.27881],[-78.4633,41.27672],[-78.47569,41.28054],[-78.48045,41.27736],[-78.49137,41.27678],[-78.50367,41.25402],[-78.52387,41.24839],[-78.5306,41.24305],[-78.54576,41.24066],[-78.5491,41.23764],[-78.55137,41.22758],[-78.55758,41.21959],[-78.57969,41.20568],[-78.59943,41.19138],[-78.60613,41.18467],[-78.61517,41.18232],[-78.62447,41.18236],[-78.62994,41.18403],[-78.64002,41.18264],[-78.64755,41.17753],[-78.65324,41.16946],[-78.66314,41.166],[-78.67143,41.14782],[-78.69531,41.13715],[-78.70763,41.12977],[-78.67973,41.12234],[-78.63251,41.12043],[-78.58924,41.12649],[-78.56785,41.12657],[-78.55176,41.12103],[-78.52559,41.09802],[-78.50649,41.08353],[-78.49586,41.0782],[-78.48438,41.06878],[-78.47016,41.06811],[-78.43717,41.05698],[-78.40878,41.03916],[-78.39458,41.03948],[-78.38225,41.03654],[-78.3672,41.02376],[-78.34928,41.02258],[-78.32617,41.0145],[-78.28664,41.01313],[-78.27495,41.00493],[-78.26627,40.99651],[-78.25987,40.9939],[-78.22474,40.9974],[-78.21788,40.99639],[-78.18915,40.98616],[-78.15896,40.98945],[-78.1379,40.98041],[-78.1274,40.97862],[-78.11189,40.96454],[-78.10381,40.96109],[-78.09915,40.96156],[-78.08702,40.96735],[-78.06715,40.96988],[-78.05679,40.97476],[-78.04255,40.97554],[-78.02973,40.98778],[-77.99109,40.999],[-77.96501,41.00862],[-77.95009,41.02002],[-77.94412,41.02279],[-77.91178,41.02432],[-77.88055,41.01375],[-77.85255,40.9954],[-77.81818,40.98872],[-77.8013,40.98235],[-77.79734,40.97967],[-77.78896,40.96634],[-77.77736,40.95673],[-77.7492,40.95429],[-77.73332,40.94551],[-77.72604,40.94377],[-77.70396,40.94699],[-77.67159,40.96072],[-77.64019,40.96874],[-77.61977,40.98407],[-77.61039,40.99652],[-77.58037,41.01749],[-77.55286,41.02677],[-77.51473,41.03154],[-77.49263,41.03905],[-77.47401,41.03801],[-77.46042,41.042],[-77.43968,41.052],[-77.4364,41.05426],[-77.44172,41.05849],[-77.45371,41.07278],[-77.47138,41.08304],[-77.47726,41.08845],[-77.48227,41.10235],[-77.48036,41.10798],[-77.46605,41.11451],[-77.44878,41.11752],[-77.44064,41.12626],[-77.43034,41.13008],[-77.40328,41.13183],[-77.37027,41.1412],[-77.35059,41.15381],[-77.34042,41.16759],[-77.32254,41.17736],[-77.30652,41.18395],[-77.29963,41.19511],[-77.28314,41.20306],[-77.24159,41.21573],[-77.22462,41.21721],[-77.21944,41.21953],[-77.20184,41.21406],[-77.18795,41.21408],[-77.16794,41.21939],[-77.14204,41.23169],[-77.11196,41.23137],[-77.09365,41.22581],[-77.06231,41.22352],[-77.052,41.22549],[-77.04163,41.23106],[-77.04079,41.23129]]]},"properties":{"WMU_ID":"2G","ACREAGE":1993687.00091}},{"type":"Feature","geometry":{"type":"Polygon","coordinates":[[[-76.77785,42.00158],[-76.8686,42.00249],[-77.10284,41.99969],[-77.3926,42.00053],[-77.86313,41.99818],[-78.12539,42.00052],[-78.26865,41.9993],[-78.61887,41.99984],[-78.62878,41.9703],[-78.63906,41.96387],[-78.64736,41.94959],[-78.64988,41.93736],[-78.64822,41.92934],[-78.65296,41.92938],[-78.6511,41.92123],[-78.65282,41.89423],[-78.65961,41.88562],[-78.66412,41.87143],[-78.67149,41.86161],[-78.67437,41.85515],[-78.67956,41.84963],[-78.69113,41.84319],[-78.69396,41.83866],[-78.69685,41.83007],[-78.69169,41.80817],[-78.70476,41.79708],[-78.70108,41.78806],[-78.71114,41.77623],[-78.7164,41.77259],[-78.71834,41.76622],[-78.71275,41.76192],[-78.70617,41.76203],[-78.69979,41.75968],[-78.68903,41.74939],[-78.68549,41.74337],[-78.68392,41.73643],[-78.69464,41.71785],[-78.69416,41.70824],[-78.68733,41.71864],[-78.67747,41.72334],[-78.65484,41.72488],[-78.64621,41.72382],[-78.63376,41.72581],[-78.61542,41.72288],[-78.61089,41.71823],[-78.59802,41.71215],[-78.59255,41.70554],[-78.58699,41.70489],[-78.56979,41.70841],[-78.5553,41.7189],[-78.54196,41.72955],[-78.52758,41.74717],[-78.52085,41.76327],[-78.50615,41.77766],[-78.48874,41.7882],[-78.48132,41.78847],[-78.46737,41.79282],[-78.45267,41.80432],[-78.45159,41.80942],[-78.44317,41.8095],[-78.43483,41.8119],[-78.419,41.80867],[-78.40743,41.81269],[-78.39707,41.81955],[-78.38296,41.82487],[-78.36798,41.8204],[-78.34803,41.82617],[-78.32653,41.82917],[-78.30856,41.82783],[-78.29725,41.81845],[-78.28667,41.81993],[-78.27697,41.80552],[-78.23937,41.79022],[-78.21469,41.79281],[-78.20197,41.78689],[-78.19305,41.79161],[-78.18507,41.79167],[-78.17425,41.78959],[-78.16112,41.7838],[-78.14926,41.78152],[-78.14211,41.77811],[-78.13401,41.77727],[-78.13081,41.77529],[-78.12643,41.76855],[-78.11885,41.76572],[-78.10519,41.75297],[-78.0811,41.74189],[-78.06798,41.75024],[-78.05558,41.75144],[-78.05376,41.75751],[-78.04423,41.76178],[-78.03443,41.76403],[-78.02548,41.76968],[-78.02141,41.7696],[-78.021,41.77464],[-77.99892,41.77579],[-77.98859,41.77474],[-77.96897,41.76308],[-77.94839,41.75538],[-77.93354,41.75298],[-77.91961,41.75728],[-77.90273,41.75724],[-77.89616,41.7619],[-77.8836,41.76337],[-77.86314,41.77242],[-77.85743,41.77706],[-77.84067,41.77348],[-77.82075,41.78109],[-77.8065,41.78068],[-77.78875,41.78835],[-77.77794,41.7896],[-77.7643,41.78929],[-77.72834,41.77891],[-77.71427,41.77723],[-77.6963,41.77017],[-77.69149,41.76674],[-77.68539,41.75889],[-77.67737,41.75404],[-77.66982,41.74546],[-77.64495,41.7354],[-77.63665,41.73821],[-77.62034,41.73908],[-77.61296,41.74279],[-77.59955,41.74579],[-77.5821,41.74743],[-77.56002,41.7523],[-77.5374,41.74753],[-77.52755,41.75425],[-77.51552,41.7557],[-77.5083,41.75513],[-77.50188,41.75205],[-77.49375,41.75057],[-77.47628,41.74987],[-77.4684,41.74465],[-77.46182,41.74274],[-77.44444,41.7473],[-77.42782,41.74654],[-77.39823,41.77295],[-77.39359,41.7737],[-77.38042,41.77043],[-77.37166,41.77141],[-77.35206,41.7698],[-77.34447,41.77411],[-77.33837,41.78835],[-77.33206,41.79197],[-77.32382,41.79074],[-77.31019,41.78542],[-77.30867,41.77229],[-77.3027,41.76499],[-77.29743,41.75312],[-77.29941,41.74957],[-77.29854,41.74887],[-77.25537,41.74327],[-77.21358,41.76296],[-77.19856,41.76578],[-77.17374,41.77533],[-77.15886,41.78488],[-77.13304,41.78758],[-77.111,41.79868],[-77.07591,41.80766],[-77.0714,41.81001],[-77.06841,41.80961],[-77.06616,41.80691],[-77.05179,41.80283],[-77.04609,41.79814],[-77.03297,41.79398],[-77.02823,41.79077],[-76.99539,41.78321],[-76.98479,41.78693],[-76.97807,41.79109],[-76.96679,41.80191],[-76.9565,41.80087],[-76.94817,41.79739],[-76.93919,41.79618],[-76.90611,41.80742],[-76.89299,41.80841],[-76.87907,41.80395],[-76.84815,41.80511],[-76.81624,41.80149],[-76.79713,41.79125],[-76.79349,41.7867],[-76.78702,41.78605],[-76.78024,41.79],[-76.77394,41.79093],[-76.77282,41.79597],[-76.77652,41.80198],[-76.79696,41.82366],[-76.80179,41.83411],[-76.80464,41.85101],[-76.81202,41.85719],[-76.81629,41.86452],[-76.80192,41.88516],[-76.80224,41.88972],[-76.79928,41.90114],[-76.79985,41.91383],[-76.79535,41.92047],[-76.79915,41.93322],[-76.79733,41.93644],[-76.79408,41.95481],[-76.79094,41.95888],[-76.77492,41.96536],[-76.77144,41.96899],[-76.77352,41.98022],[-76.77346,41.99108],[-76.77781,42.00141],[-76.77785,42.00158]]]},"properties":{"WMU_ID":"3A","ACREAGE":965369.427241}},{"type":"Feature","geometry":{"type":"Polygon","coordinates":[[[-76.99835,41.78384],[-77.02823,41.79077],[-77.03297,41.79398],[-77.04609,41.79814],[-77.05179,41.80283],[-77.06616,41.80691],[-77.0691,41.80984],[-77.07808,41.80717],[-77.07332,41.78798],[-77.0691,41.78126],[-77.07358,41.77098],[-77.08304,41.75721],[-77.08294,41.75487],[-77.07818,41.7488],[-77.07707,41.74115],[-77.07756,41.73566],[-77.08451,41.71973],[-77.08465,41.71415],[-77.08232,41.70797],[-77.07742,41.70193],[-77.07573,41.69456],[-77.06848,41.69014],[-77.06547,41.68275],[-77.08136,41.66469],[-77.09362,41.65681],[-77.09637,41.6478],[-77.10068,41.64084],[-77.10898,41.63871],[-77.11184,41.63424],[-77.11856,41.62986],[-77.11875,41.62473],[-77.11665,41.61803],[-77.10853,41.61364],[-77.10401,41.60795],[-77.10463,41.5957],[-77.11437,41.58073],[-77.11327,41.56845],[-77.11518,41.56231],[-77.12434,41.55034],[-77.12601,41.51623],[-77.13127,41.51072],[-77.136,41.49999],[-77.14689,41.49486],[-77.1489,41.49052],[-77.14659,41.48306],[-77.14192,41.4779],[-77.13164,41.45765],[-77.12495,41.45391],[-77.12091,41.4475],[-77.107,41.44441],[-77.10205,41.44101],[-77.09337,41.43011],[-77.08219,41.42595],[-77.07742,41.42034],[-77.07085,41.41725],[-77.06771,41.41141],[-77.06532,41.40427],[-77.06439,41.39315],[-77.05974,41.38544],[-77.06042,41.38234],[-77.06719,41.37834],[-77.07153,41.37066],[-77.07951,41.36394],[-77.08522,41.35531],[-77.09168,41.35238],[-77.09375,41.34905],[-77.0887,41.34177],[-77.08677,41.33538],[-77.08804,41.33006],[-77.08516,41.32244],[-77.06418,41.30445],[-77.05655,41.29082],[-77.04947,41.27077],[-77.04349,41.25882],[-77.04367,41.25307],[-77.04946,41.2438],[-77.04963,41.24105],[-77.04079,41.23129],[-77.01714,41.2315],[-76.99916,41.2387],[-76.99655,41.23635],[-76.98417,41.24201],[-76.97196,41.24352],[-76.95972,41.241],[-76.94708,41.23608],[-76.93912,41.23083],[-76.93194,41.23229],[-76.92683,41.22969],[-76.91029,41.22878],[-76.85754,41.22922],[-76.83311,41.2257],[-76.8241,41.22844],[-76.8201,41.22689],[-76.81276,41.22026],[-76.80627,41.2106],[-76.80417,41.20465],[-76.79582,41.20613],[-76.78456,41.20539],[-76.76312,41.2139],[-76.75845,41.21162],[-76.7488,41.21524],[-76.74602,41.22058],[-76.72428,41.24129],[-76.7025,41.23112],[-76.68353,41.22932],[-76.67661,41.2315],[-76.66319,41.22866],[-76.64804,41.21512],[-76.64423,41.21399],[-76.63582,41.21904],[-76.6253,41.22067],[-76.59858,41.24029],[-76.59022,41.2435],[-76.57887,41.2431],[-76.57032,41.24068],[-76.55797,41.24438],[-76.54799,41.24316],[-76.53191,41.24965],[-76.51617,41.24978],[-76.49604,41.25592],[-76.4591,41.27043],[-76.43467,41.27641],[-76.40541,41.27948],[-76.37013,41.27674],[-76.30866,41.28971],[-76.29887,41.28961],[-76.27843,41.29937],[-76.23416,41.30571],[-76.22318,41.30333],[-76.19981,41.31154],[-76.17468,41.31174],[-76.15792,41.3097],[-76.14894,41.31123],[-76.13996,41.30939],[-76.12069,41.31136],[-76.10049,41.30531],[-76.09636,41.30613],[-76.09438,41.29829],[-76.09044,41.29297],[-76.09141,41.2895],[-76.08619,41.27161],[-76.07672,41.26489],[-76.07151,41.26454],[-76.06593,41.26626],[-76.04858,41.2645],[-76.0408,41.26562],[-76.021,41.25855],[-76.01178,41.25737],[-76.00479,41.25228],[-76.00197,41.25298],[-75.9977,41.25074],[-75.99696,41.2492],[-75.99988,41.24783],[-75.99523,41.23916],[-76.01222,41.22909],[-76.01239,41.22574],[-76.01543,41.22142],[-76.01241,41.21949],[-76.00413,41.21642],[-75.98836,41.21682],[-75.97895,41.20579],[-75.96617,41.19992],[-75.96004,41.19988],[-75.94961,41.2033],[-75.9375,41.20341],[-75.91829,41.19983],[-75.90545,41.20177],[-75.8962,41.20843],[-75.88975,41.21021],[-75.88087,41.22073],[-75.87119,41.22782],[-75.84854,41.2338],[-75.82286,41.24524],[-75.81889,41.25695],[-75.80775,41.2693],[-75.7955,41.27682],[-75.77108,41.29931],[-75.76227,41.31027],[-75.74859,41.3134],[-75.73828,41.31986],[-75.73738,41.33518],[-75.72218,41.35413],[-75.70711,41.35725],[-75.68674,41.37046],[-75.67012,41.37456],[-75.65972,41.38705],[-75.65063,41.39366],[-75.64042,41.39717],[-75.63117,41.40619],[-75.6178,41.41167],[-75.60976,41.42057],[-75.6122,41.42549],[-75.62891,41.43441],[-75.62856,41.44341],[-75.63074,41.44647],[-75.65472,41.45556],[-75.66048,41.4569],[-75.6632,41.45472],[-75.66369,41.45706],[-75.66735,41.45977],[-75.66839,41.46615],[-75.68286,41.47467],[-75.68589,41.47964],[-75.69385,41.48534],[-75.69854,41.49249],[-75.7046,41.49499],[-75.70608,41.49784],[-75.71072,41.50016],[-75.72214,41.50401],[-75.72584,41.51689],[-75.72871,41.52118],[-75.73497,41.52544],[-75.73757,41.52995],[-75.73796,41.5355],[-75.74224,41.54599],[-75.7488,41.54899],[-75.75802,41.55997],[-75.76205,41.56271],[-75.76787,41.56343],[-75.77766,41.56049],[-75.78648,41.56941],[-75.8011,41.56821],[-75.81598,41.5618],[-75.8336,41.55847],[-75.86824,41.5605],[-75.88447,41.56536],[-75.89691,41.55511],[-75.91348,41.55214],[-75.92785,41.53854],[-75.94668,41.53849],[-75.94814,41.53494],[-75.96009,41.53434],[-75.96619,41.53612],[-75.97206,41.54117],[-75.97612,41.54768],[-75.97836,41.55537],[-75.9834,41.56231],[-75.98789,41.56506],[-75.99504,41.56583],[-76.00294,41.55861],[-76.00711,41.54333],[-76.01253,41.53566],[-76.01824,41.53206],[-76.02449,41.53051],[-76.03377,41.5321],[-76.03732,41.53517],[-76.03796,41.53791],[-76.02381,41.55459],[-76.02159,41.56223],[-76.02617,41.5656],[-76.04966,41.56954],[-76.05687,41.57389],[-76.05867,41.57681],[-76.05882,41.58334],[-76.05112,41.59295],[-76.0484,41.60128],[-76.04889,41.60802],[-76.05166,41.61223],[-76.0576,41.61488],[-76.06444,41.61469],[-76.07126,41.60885],[-76.07629,41.59981],[-76.0844,41.59636],[-76.09115,41.59815],[-76.0999,41.60474],[-76.11266,41.6096],[-76.12782,41.6121],[-76.13653,41.61664],[-76.14333,41.62347],[-76.14476,41.63217],[-76.15326,41.64316],[-76.16699,41.64183],[-76.1766,41.63459],[-76.1841,41.63116],[-76.19252,41.62978],[-76.19946,41.63153],[-76.20159,41.63475],[-76.20196,41.64033],[-76.19177,41.66393],[-76.19409,41.66846],[-76.20175,41.67308],[-76.20841,41.672],[-76.21905,41.66495],[-76.22602,41.65237],[-76.23073,41.64739],[-76.23961,41.6448],[-76.25826,41.65091],[-76.2677,41.65988],[-76.27469,41.6704],[-76.27552,41.68951],[-76.2792,41.69431],[-76.2918,41.69679],[-76.30683,41.69173],[-76.31277,41.69121],[-76.32215,41.69324],[-76.32731,41.69694],[-76.32926,41.70204],[-76.32769,41.71036],[-76.3023,41.72719],[-76.30153,41.73218],[-76.30318,41.73559],[-76.3166,41.74415],[-76.32374,41.74429],[-76.34094,41.73256],[-76.34634,41.73177],[-76.3565,41.73337],[-76.36845,41.74091],[-76.37257,41.74986],[-76.37346,41.75708],[-76.37125,41.76895],[-76.3746,41.77203],[-76.39191,41.77183],[-76.40614,41.75418],[-76.41589,41.7491],[-76.42614,41.74861],[-76.43217,41.75198],[-76.43856,41.76233],[-76.44315,41.76223],[-76.44327,41.7715],[-76.45681,41.79237],[-76.46712,41.79554],[-76.48435,41.79493],[-76.49098,41.79811],[-76.49888,41.79933],[-76.50546,41.79753],[-76.51234,41.78973],[-76.54069,41.78385],[-76.54795,41.78001],[-76.56443,41.7801],[-76.58537,41.78375],[-76.59144,41.78177],[-76.60521,41.78081],[-76.61285,41.77777],[-76.62154,41.77727],[-76.64005,41.76737],[-76.65147,41.76689],[-76.66136,41.7644],[-76.66692,41.7655],[-76.6783,41.76294],[-76.70513,41.76227],[-76.71415,41.76393],[-76.7262,41.7688],[-76.73638,41.76981],[-76.76364,41.78452],[-76.77042,41.79049],[-76.78024,41.79],[-76.78702,41.78605],[-76.79267,41.7864],[-76.79713,41.79125],[-76.81563,41.80136],[-76.84815,41.80511],[-76.87907,41.80395],[-76.89299,41.80841],[-76.90611,41.80742],[-76.93919,41.79618],[-76.94817,41.79739],[-76.9565,41.80087],[-76.96679,41.80191],[-76.97807,41.79109],[-76.98479,41.78693],[-76.99539,41.78321],[-76.99835,41.78384]]]},"properties":{"WMU_ID":"3B","ACREAGE":1419223.25445}},{"type":"Feature","geometry":{"type":"Polygon","coordinates":[[[-75.33961,41.991],[-75.35921,41.99955],[-75.76445,41.99778],[-76.09068,41.99921],[-76.39055,41.99851],[-76.77785,42.00158],[-76.77346,41.99108],[-76.77352,41.98022],[-76.77144,41.96899],[-76.77492,41.96536],[-76.79094,41.95888],[-76.79408,41.95481],[-76.79733,41.93644],[-76.79915,41.93322],[-76.79535,41.92047],[-76.79985,41.91383],[-76.79928,41.90114],[-76.80224,41.88972],[-76.80192,41.88516],[-76.81629,41.86452],[-76.81202,41.85719],[-76.80464,41.85101],[-76.80179,41.83411],[-76.79696,41.82366],[-76.77608,41.80147],[-76.77257,41.79524],[-76.77394,41.79093],[-76.7684,41.78964],[-76.76364,41.78452],[-76.73638,41.76981],[-76.7262,41.7688],[-76.71311,41.76366],[-76.68803,41.76228],[-76.64005,41.76737],[-76.62154,41.77727],[-76.61285,41.77777],[-76.60521,41.78081],[-76.59144,41.78177],[-76.58537,41.78375],[-76.56443,41.7801],[-76.54795,41.78001],[-76.54069,41.78385],[-76.51234,41.78973],[-76.50546,41.79753],[-76.49888,41.79933],[-76.49098,41.79811],[-76.48435,41.79493],[-76.46712,41.79554],[-76.45681,41.79237],[-76.44327,41.7715],[-76.44315,41.76223],[-76.43856,41.76233],[-76.43217,41.75198],[-76.42614,41.74861],[-76.41589,41.7491],[-76.40614,41.75418],[-76.39191,41.77183],[-76.3746,41.77203],[-76.37125,41.76895],[-76.37346,41.75708],[-76.37257,41.74986],[-76.36845,41.74091],[-76.3565,41.73337],[-76.34634,41.73177],[-76.34094,41.73256],[-76.32374,41.74429],[-76.3166,41.74415],[-76.30318,41.73559],[-76.30153,41.73218],[-76.3023,41.72719],[-76.32769,41.71036],[-76.32926,41.70204],[-76.32731,41.69694],[-76.32215,41.69324],[-76.31277,41.69121],[-76.30683,41.69173],[-76.2918,41.69679],[-76.2792,41.69431],[-76.27552,41.68951],[-76.27469,41.6704],[-76.2677,41.65988],[-76.25826,41.65091],[-76.23961,41.6448],[-76.23073,41.64739],[-76.22602,41.65237],[-76.21905,41.66495],[-76.20841,41.672],[-76.20175,41.67308],[-76.19409,41.66846],[-76.19177,41.66393],[-76.20196,41.64033],[-76.20159,41.63475],[-76.19946,41.63153],[-76.19252,41.62978],[-76.1841,41.63116],[-76.1766,41.63459],[-76.16699,41.64183],[-76.15326,41.64316],[-76.14476,41.63217],[-76.14333,41.62347],[-76.13653,41.61664],[-76.12782,41.6121],[-76.11266,41.6096],[-76.0999,41.60474],[-76.09115,41.59815],[-76.0844,41.59636],[-76.07629,41.59981],[-76.07126,41.60885],[-76.06444,41.61469],[-76.0576,41.61488],[-76.05166,41.61223],[-76.04889,41.60802],[-76.0484,41.60128],[-76.05112,41.59295],[-76.05882,41.58334],[-76.05867,41.57681],[-76.05687,41.57389],[-76.04966,41.56954],[-76.02617,41.5656],[-76.02159,41.56223],[-76.02381,41.55459],[-76.03796,41.53791],[-76.03732,41.53517],[-76.03181,41.53122],[-76.02001,41.53138],[-76.01253,41.53566],[-76.00711,41.54333],[-76.00294,41.55861],[-75.99504,41.56583],[-75.98789,41.56506],[-75.9834,41.56231],[-75.97836,41.55537],[-75.97612,41.54768],[-75.97206,41.54117],[-75.96619,41.53612],[-75.96009,41.53434],[-75.94814,41.53494],[-75.94668,41.53849],[-75.92785,41.53854],[-75.91348,41.55214],[-75.89691,41.55511],[-75.88447,41.56536],[-75.86824,41.5605],[-75.8336,41.55847],[-75.81598,41.5618],[-75.80185,41.56803],[-75.78895,41.56976],[-75.7841,41.5682],[-75.77766,41.56049],[-75.76855,41.5634],[-75.76126,41.56243],[-75.7488,41.54899],[-75.74224,41.54599],[-75.73796,41.5355],[-75.73757,41.52995],[-75.73497,41.52544],[-75.72871,41.52118],[-75.72584,41.51689],[-75.72214,41.50401],[-75.71072,41.50016],[-75.70608,41.49784],[-75.7046,41.49499],[-75.69854,41.49249],[-75.69385,41.48534],[-75.68589,41.47964],[-75.68286,41.47467],[-75.66839,41.46615],[-75.66735,41.45977],[-75.66369,41.45706],[-75.6632,41.45472],[-75.66048,41.4569],[-75.65472,41.45556],[-75.6299,41.44584],[-75.62856,41.44341],[-75.62902,41.43456],[-75.6122,41.42549],[-75.60963,41.42174],[-75.61089,41.4189],[-75.60008,41.42119],[-75.5848,41.42185],[-75.57712,41.42809],[-75.57678,41.43238],[-75.5862,41.4413],[-75.58546,41.44857],[-75.58231,41.45148],[-75.55464,41.46548],[-75.54967,41.4733],[-75.54107,41.47508],[-75.5376,41.47745],[-75.52754,41.49425],[-75.52627,41.4988],[-75.52706,41.5062],[-75.53291,41.51984],[-75.53219,41.52733],[-75.52134,41.54142],[-75.50345,41.54739],[-75.49606,41.55147],[-75.48919,41.56214],[-75.48605,41.57208],[-75.48,41.57608],[-75.47246,41.57692],[-75.46529,41.57358],[-75.45704,41.57358],[-75.45065,41.57554],[-75.44471,41.5802],[-75.43846,41.58088],[-75.43201,41.57906],[-75.42361,41.58247],[-75.41866,41.58112],[-75.41236,41.58704],[-75.40885,41.58834],[-75.3783,41.5933],[-75.36238,41.58919],[-75.34343,41.59154],[-75.34001,41.59031],[-75.33441,41.58419],[-75.32099,41.58279],[-75.31787,41.58059],[-75.30755,41.57797],[-75.28766,41.57728],[-75.27758,41.57921],[-75.2644,41.57422],[-75.25813,41.57699],[-75.25369,41.56854],[-75.25181,41.56855],[-75.23801,41.55422],[-75.23136,41.55226],[-75.22247,41.55367],[-75.2132,41.54671],[-75.20478,41.56524],[-75.17467,41.59039],[-75.16185,41.59318],[-75.14857,41.60074],[-75.14229,41.60193],[-75.11847,41.61311],[-75.10919,41.61403],[-75.09868,41.61783],[-75.07847,41.61969],[-75.07244,41.61127],[-75.06177,41.60975],[-75.0594,41.61093],[-75.06141,41.61564],[-75.06052,41.61721],[-75.04409,41.61982],[-75.04916,41.6411],[-75.05,41.66295],[-75.05805,41.67493],[-75.05206,41.68547],[-75.0577,41.69723],[-75.06205,41.71308],[-75.05174,41.72065],[-75.05415,41.73174],[-75.05281,41.74711],[-75.06078,41.7647],[-75.07514,41.77159],[-75.0975,41.76881],[-75.10363,41.77946],[-75.09578,41.79271],[-75.08514,41.79718],[-75.07137,41.81164],[-75.07483,41.81526],[-75.09834,41.81717],[-75.10174,41.8193],[-75.11479,41.82884],[-75.12096,41.84613],[-75.16638,41.85531],[-75.17219,41.87234],[-75.18313,41.86103],[-75.19882,41.86909],[-75.21452,41.86751],[-75.22959,41.85947],[-75.24391,41.86645],[-75.2621,41.87247],[-75.2635,41.88533],[-75.27213,41.892],[-75.27058,41.91316],[-75.27639,41.92255],[-75.2807,41.93969],[-75.29848,41.95452],[-75.31394,41.95124],[-75.32422,41.96373],[-75.34139,41.97227],[-75.34096,41.97649],[-75.33961,41.991]]]},"properties":{"WMU_ID":"3C","ACREAGE":1402643.9836}},{"type":"Feature","geometry":{"type":"Polygon","coordinates":[[[-75.07831,41.61964],[-75.09868,41.61783],[-75.10919,41.61403],[-75.11727,41.61348],[-75.14229,41.60193],[-75.14857,41.60074],[-75.16185,41.59318],[-75.17517,41.59015],[-75.18723,41.5786],[-75.20478,41.56524],[-75.2132,41.54671],[-75.22247,41.55367],[-75.23136,41.55226],[-75.23801,41.55422],[-75.25181,41.56855],[-75.25369,41.56854],[-75.25813,41.57699],[-75.2644,41.57422],[-75.27758,41.57921],[-75.28766,41.57728],[-75.30755,41.57797],[-75.31787,41.58059],[-75.32099,41.58279],[-75.33441,41.58419],[-75.34001,41.59031],[-75.34343,41.59154],[-75.36161,41.58916],[-75.37648,41.59319],[-75.38253,41.59281],[-75.40885,41.58834],[-75.41236,41.58704],[-75.41866,41.58112],[-75.42361,41.58247],[-75.43201,41.57906],[-75.43846,41.58088],[-75.44471,41.5802],[-75.45065,41.57554],[-75.45704,41.57358],[-75.46529,41.57358],[-75.47451,41.57706],[-75.48324,41.57449],[-75.48605,41.57208],[-75.48919,41.56214],[-75.49606,41.55147],[-75.50345,41.54739],[-75.52134,41.54142],[-75.53219,41.52733],[-75.53291,41.51984],[-75.52706,41.5062],[-75.52627,41.4988],[-75.52754,41.49425],[-75.5376,41.47745],[-75.54107,41.47508],[-75.54967,41.4733],[-75.55464,41.46548],[-75.58231,41.45148],[-75.58546,41.44857],[-75.5862,41.4413],[-75.5762,41.43106],[-75.58028,41.42485],[-75.58567,41.42166],[-75.59919,41.42129],[-75.61089,41.4189],[-75.6178,41.41167],[-75.63117,41.40619],[-75.64042,41.39717],[-75.65063,41.39366],[-75.65972,41.38705],[-75.67012,41.37456],[-75.68674,41.37046],[-75.70711,41.35725],[-75.72218,41.35413],[-75.73738,41.33518],[-75.73828,41.31986],[-75.74859,41.3134],[-75.76227,41.31027],[-75.77108,41.29931],[-75.7955,41.27682],[-75.80775,41.2693],[-75.81889,41.25695],[-75.82264,41.24541],[-75.84854,41.2338],[-75.87354,41.2266],[-75.88164,41.21994],[-75.88811,41.21119],[-75.8962,41.20843],[-75.91624,41.19446],[-75.91999,41.18567],[-75.94208,41.17732],[-75.94703,41.17152],[-75.95422,41.16817],[-75.95569,41.16559],[-75.95547,41.1591],[-75.96312,41.14529],[-75.96058,41.10637],[-75.96352,41.08271],[-75.96887,41.07741],[-75.98334,41.07053],[-75.98946,41.06142],[-76.00324,41.05451],[-76.01159,41.04858],[-76.01394,41.04515],[-75.99517,41.05078],[-75.97649,41.05026],[-75.93944,41.05836],[-75.89573,41.05864],[-75.87894,41.05967],[-75.87013,41.06185],[-75.84737,41.05236],[-75.81441,41.05696],[-75.79798,41.05588],[-75.78549,41.05686],[-75.77361,41.0547],[-75.75571,41.05969],[-75.74716,41.06037],[-75.72314,41.05554],[-75.7181,41.0569],[-75.70583,41.06497],[-75.69406,41.06821],[-75.64983,41.02671],[-75.63947,41.01408],[-75.63571,41.00694],[-75.62858,40.97737],[-75.62912,40.97003],[-75.63426,40.95192],[-75.64807,40.91967],[-75.64464,40.90885],[-75.63874,40.90196],[-75.6394,40.89557],[-75.65443,40.88405],[-75.65705,40.87848],[-75.65,40.85861],[-75.66158,40.84366],[-75.67735,40.83173],[-75.67835,40.82821],[-75.67732,40.81898],[-75.67002,40.81314],[-75.66962,40.80384],[-75.66793,40.80099],[-75.65903,40.79454],[-75.6493,40.79102],[-75.64342,40.7909],[-75.62216,40.79735],[-75.61841,40.79662],[-75.6102,40.79148],[-75.60589,40.7839],[-75.58996,40.77545],[-75.57344,40.76913],[-75.56051,40.7786],[-75.55149,40.78088],[-75.55016,40.78785],[-75.54539,40.79227],[-75.53337,40.7949],[-75.51743,40.79374],[-75.51038,40.7868],[-75.50398,40.78399],[-75.49555,40.78504],[-75.48746,40.78404],[-75.48242,40.78126],[-75.46541,40.77965],[-75.44748,40.78132],[-75.42568,40.77775],[-75.41964,40.77268],[-75.41423,40.77955],[-75.4063,40.78143],[-75.38709,40.781],[-75.37915,40.78329],[-75.36972,40.77885],[-75.36436,40.79099],[-75.34929,40.79899],[-75.32273,40.82413],[-75.29721,40.83488],[-75.29148,40.85011],[-75.27717,40.85594],[-75.26275,40.86652],[-75.249,40.87151],[-75.24538,40.87055],[-75.2367,40.87308],[-75.22612,40.8679],[-75.2048,40.86627],[-75.20148,40.86967],[-75.19987,40.87477],[-75.19434,40.8782],[-75.17828,40.87944],[-75.17307,40.88324],[-75.15424,40.88782],[-75.1451,40.89423],[-75.12467,40.89874],[-75.11813,40.8978],[-75.09953,40.9175],[-75.09176,40.92173],[-75.10305,40.93314],[-75.1097,40.94555],[-75.11843,40.95498],[-75.12019,40.96844],[-75.12465,40.9697],[-75.12945,40.96874],[-75.13539,40.973],[-75.1361,40.97662],[-75.13322,40.98561],[-75.12817,40.99453],[-75.12161,40.99962],[-75.10722,41.00443],[-75.10392,41.00764],[-75.0957,41.01149],[-75.06139,41.02217],[-75.02608,41.04053],[-75.02634,41.04558],[-75.01712,41.0558],[-75.01126,41.06754],[-75.00474,41.06929],[-74.99175,41.07766],[-74.9841,41.07882],[-74.9756,41.08252],[-74.96846,41.08773],[-74.96687,41.09473],[-74.97038,41.09597],[-74.9847,41.08858],[-74.98939,41.08826],[-74.9918,41.09054],[-74.98079,41.10955],[-74.974,41.11283],[-74.9638,41.11429],[-74.94729,41.1238],[-74.94545,41.12872],[-74.92466,41.13727],[-74.90436,41.15685],[-74.89975,41.16628],[-74.89523,41.17099],[-74.89153,41.17238],[-74.8829,41.17979],[-74.87493,41.19668],[-74.86171,41.21541],[-74.85936,41.22095],[-74.86717,41.22746],[-74.86007,41.24449],[-74.85771,41.2478],[-74.85355,41.25052],[-74.84892,41.25117],[-74.84641,41.25366],[-74.8428,41.26026],[-74.83999,41.27271],[-74.83697,41.27846],[-74.82985,41.28156],[-74.80734,41.30275],[-74.79345,41.30985],[-74.79193,41.3136],[-74.79597,41.31874],[-74.79367,41.32163],[-74.78456,41.32416],[-74.76915,41.32537],[-74.76323,41.33119],[-74.75995,41.33955],[-74.75532,41.34336],[-74.7422,41.34623],[-74.72826,41.34587],[-74.71805,41.34822],[-74.69961,41.35403],[-74.69005,41.36125],[-74.68946,41.36395],[-74.69121,41.36751],[-74.70687,41.37777],[-74.71552,41.39235],[-74.72023,41.39455],[-74.72913,41.39528],[-74.73703,41.39966],[-74.74135,41.40912],[-74.73427,41.42346],[-74.73621,41.42872],[-74.7408,41.43102],[-74.75975,41.42313],[-74.77253,41.42631],[-74.78675,41.4217],[-74.79088,41.42181],[-74.79522,41.42415],[-74.80066,41.43776],[-74.80702,41.44273],[-74.81649,41.4411],[-74.8287,41.43059],[-74.83772,41.43218],[-74.84795,41.43967],[-74.8567,41.44386],[-74.864,41.44402],[-74.87745,41.44003],[-74.8917,41.43842],[-74.89602,41.44043],[-74.89534,41.44438],[-74.88878,41.45152],[-74.88984,41.45521],[-74.89381,41.4578],[-74.90255,41.45951],[-74.9077,41.46397],[-74.90842,41.46986],[-74.91254,41.47572],[-74.92373,41.47704],[-74.93519,41.48292],[-74.94142,41.48349],[-74.94546,41.48322],[-74.95693,41.47663],[-74.96711,41.47711],[-74.98052,41.47974],[-74.98383,41.48186],[-74.98547,41.48695],[-74.9822,41.50051],[-74.9841,41.50675],[-74.98768,41.50883],[-75.0018,41.50759],[-75.00356,41.5105],[-75.00079,41.51985],[-75.00303,41.52328],[-75.01623,41.53197],[-75.02365,41.53356],[-75.02466,41.53865],[-75.02163,41.54183],[-75.01587,41.54399],[-75.01831,41.55178],[-75.02824,41.5645],[-75.03354,41.56537],[-75.03903,41.56857],[-75.04279,41.57318],[-75.04611,41.58235],[-75.05314,41.58812],[-75.0584,41.59006],[-75.07069,41.60285],[-75.06918,41.60774],[-75.06177,41.60975],[-75.07244,41.61127],[-75.0778,41.61949],[-75.07831,41.61964]]]},"properties":{"WMU_ID":"3D","ACREAGE":1345578.50087}},{"type":"Feature","geometry":{"type":"Polygon","coordinates":[[[-77.87194,40.39402],[-77.87782,40.39476],[-77.90503,40.39001],[-77.91232,40.39099],[-77.92188,40.39509],[-77.9318,40.39627],[-77.93434,40.39969],[-77.93077,40.418],[-77.92681,40.42842],[-77.93312,40.43836],[-77.94085,40.4422],[-77.95941,40.44769],[-77.97327,40.45559],[-77.99518,40.47604],[-78.00946,40.47724],[-78.04687,40.49499],[-78.06502,40.50032],[-78.06951,40.50553],[-78.08264,40.51529],[-78.08475,40.51872],[-78.08391,40.52875],[-78.08742,40.5388],[-78.1111,40.5576],[-78.13299,40.57115],[-78.13768,40.57127],[-78.14513,40.5688],[-78.15873,40.55955],[-78.18051,40.54186],[-78.19362,40.53348],[-78.20527,40.51806],[-78.23814,40.49579],[-78.24505,40.49496],[-78.24528,40.49009],[-78.24875,40.4843],[-78.25341,40.48435],[-78.25873,40.48207],[-78.26629,40.47495],[-78.26964,40.47405],[-78.27669,40.47539],[-78.28344,40.47156],[-78.30276,40.46704],[-78.31664,40.46184],[-78.33306,40.45314],[-78.34143,40.45246],[-78.35651,40.44271],[-78.36764,40.43245],[-78.37771,40.43304],[-78.38444,40.42945],[-78.39415,40.42738],[-78.41315,40.42896],[-78.42446,40.42604],[-78.42396,40.42006],[-78.43171,40.41363],[-78.43409,40.4088],[-78.43424,40.40056],[-78.42906,40.38791],[-78.43733,40.37488],[-78.43428,40.36527],[-78.43395,40.34682],[-78.43019,40.33874],[-78.4304,40.33415],[-78.44026,40.31363],[-78.44446,40.29525],[-78.45468,40.26707],[-78.4644,40.23357],[-78.48766,40.19324],[-78.49721,40.16521],[-78.51111,40.14515],[-78.51738,40.13247],[-78.52158,40.11603],[-78.52817,40.10708],[-78.52929,40.08409],[-78.52684,40.07865],[-78.51819,40.06799],[-78.51804,40.0499],[-78.51232,40.03612],[-78.51449,40.02278],[-78.52564,40.01185],[-78.52694,39.99968],[-78.53028,39.99365],[-78.54891,39.9725],[-78.56044,39.96304],[-78.57131,39.9486],[-78.58456,39.93458],[-78.58562,39.92828],[-78.60187,39.89525],[-78.60748,39.8765],[-78.61578,39.86914],[-78.64179,39.83435],[-78.65734,39.82203],[-78.67556,39.79684],[-78.68943,39.77629],[-78.69601,39.75907],[-78.71208,39.73114],[-78.71171,39.72711],[-78.70647,39.72306],[-77.89085,39.72216],[-77.88755,39.73803],[-77.8915,39.74932],[-77.89116,39.76046],[-77.89689,39.77193],[-77.89678,39.77918],[-77.89979,39.78728],[-77.90095,39.79905],[-77.89871,39.81339],[-77.90124,39.82357],[-77.90365,39.82568],[-77.90403,39.83228],[-77.8984,39.8414],[-77.8961,39.84883],[-77.89763,39.85436],[-77.89534,39.86718],[-77.89791,39.8716],[-77.89911,39.88781],[-77.8979,39.89221],[-77.90007,39.89859],[-77.91346,39.91755],[-77.9175,39.93089],[-77.92227,39.93657],[-77.92884,39.93579],[-77.94345,39.91943],[-77.9568,39.91576],[-77.95924,39.92304],[-77.9642,39.92742],[-77.97098,39.94499],[-77.97541,39.94655],[-77.98474,39.94321],[-77.99338,39.94366],[-77.97863,39.96046],[-77.96708,39.98653],[-77.96634,39.99688],[-77.96205,40.00431],[-77.96414,40.01009],[-77.96854,40.01455],[-77.96941,40.02254],[-77.96951,40.03486],[-77.96465,40.04273],[-77.96422,40.0476],[-77.95898,40.05459],[-77.96287,40.06224],[-77.9605,40.06347],[-77.95608,40.06238],[-77.94627,40.06327],[-77.94091,40.06671],[-77.92993,40.07042],[-77.91918,40.07006],[-77.90868,40.07628],[-77.8961,40.07804],[-77.89547,40.08272],[-77.88857,40.09281],[-77.88963,40.09987],[-77.89314,40.10402],[-77.89389,40.11213],[-77.88576,40.12065],[-77.88394,40.13641],[-77.8819,40.14186],[-77.86434,40.16478],[-77.86222,40.18425],[-77.87201,40.18852],[-77.88046,40.18883],[-77.88488,40.19339],[-77.88055,40.20314],[-77.87413,40.2117],[-77.87495,40.21925],[-77.87113,40.22813],[-77.87285,40.23185],[-77.8879,40.2378],[-77.8967,40.2461],[-77.89206,40.26169],[-77.87493,40.28705],[-77.87291,40.30626],[-77.87395,40.31183],[-77.86908,40.3238],[-77.86818,40.33287],[-77.86366,40.34107],[-77.86144,40.35897],[-77.87363,40.38053],[-77.87424,40.38439],[-77.87195,40.39312],[-77.87194,40.39402]]]},"properties":{"WMU_ID":"4A","ACREAGE":1111171.47882}},{"type":"Feature","geometry":{"type":"Polygon","coordinates":[[[-76.96963,40.65566],[-76.97229,40.6606],[-76.97299,40.67062],[-76.97694,40.67321],[-76.97928,40.67703],[-76.99355,40.70775],[-77.00571,40.72353],[-77.00908,40.73045],[-77.01602,40.72345],[-77.05164,40.71062],[-77.07083,40.70584],[-77.10897,40.68956],[-77.12078,40.68724],[-77.14424,40.67866],[-77.1613,40.67738],[-77.1696,40.67514],[-77.21181,40.65719],[-77.2456,40.65039],[-77.26835,40.64247],[-77.27928,40.63387],[-77.28389,40.62763],[-77.29855,40.62488],[-77.31328,40.6155],[-77.32452,40.61271],[-77.33192,40.59981],[-77.3643,40.59004],[-77.3726,40.58059],[-77.37637,40.5928],[-77.39619,40.60395],[-77.4015,40.60441],[-77.41661,40.60086],[-77.44731,40.61119],[-77.49031,40.60049],[-77.53733,40.5807],[-77.55018,40.57806],[-77.55256,40.57892],[-77.56271,40.60361],[-77.56709,40.60698],[-77.56881,40.61269],[-77.57407,40.61573],[-77.58203,40.61039],[-77.58427,40.60369],[-77.61958,40.58739],[-77.62444,40.58405],[-77.62622,40.5797],[-77.63858,40.57303],[-77.64677,40.56505],[-77.67303,40.55123],[-77.7054,40.52849],[-77.73815,40.50369],[-77.74232,40.49378],[-77.77714,40.47768],[-77.81881,40.45522],[-77.83282,40.45092],[-77.83895,40.44595],[-77.85751,40.42256],[-77.86881,40.39571],[-77.87194,40.39402],[-77.87424,40.38439],[-77.87363,40.38053],[-77.86144,40.35897],[-77.86366,40.34107],[-77.86818,40.33287],[-77.86908,40.3238],[-77.87395,40.31183],[-77.87291,40.30626],[-77.87493,40.28705],[-77.89042,40.26477],[-77.89669,40.24634],[-77.8879,40.2378],[-77.87285,40.23185],[-77.87113,40.22813],[-77.87495,40.21925],[-77.87413,40.2117],[-77.88055,40.20314],[-77.88488,40.19339],[-77.88046,40.18883],[-77.87201,40.18852],[-77.86222,40.18425],[-77.86443,40.16445],[-77.8819,40.14186],[-77.88394,40.13641],[-77.88576,40.12065],[-77.89389,40.11213],[-77.89314,40.10402],[-77.88963,40.09987],[-77.88857,40.09281],[-77.89547,40.08272],[-77.8961,40.07804],[-77.90868,40.07628],[-77.91918,40.07006],[-77.92993,40.07042],[-77.94091,40.06671],[-77.94627,40.06327],[-77.95608,40.06238],[-77.9605,40.06347],[-77.96287,40.06224],[-77.95898,40.05459],[-77.96422,40.0476],[-77.96465,40.04273],[-77.96951,40.03486],[-77.96941,40.02254],[-77.96854,40.01455],[-77.96414,40.01009],[-77.96205,40.00431],[-77.96634,39.99688],[-77.96708,39.98653],[-77.97863,39.96046],[-77.99338,39.94366],[-77.98474,39.94321],[-77.97541,39.94655],[-77.97098,39.94499],[-77.9642,39.92742],[-77.95924,39.92304],[-77.95704,39.91582],[-77.94345,39.91943],[-77.92884,39.93579],[-77.92374,39.93701],[-77.91866,39.93309],[-77.91392,39.91842],[-77.91001,39.91439],[-77.89318,39.90724],[-77.85941,39.90285],[-77.82941,39.90889],[-77.791,39.91923],[-77.6695,39.93847],[-77.65726,39.93688],[-77.63542,39.9289],[-77.63038,39.93501],[-77.61181,39.94837],[-77.58596,39.95108],[-77.58211,39.95452],[-77.57787,39.96337],[-77.57975,39.96609],[-77.57871,39.97212],[-77.58302,39.97672],[-77.59899,39.98064],[-77.60748,39.99238],[-77.62673,40.00304],[-77.64059,40.02365],[-77.64324,40.033],[-77.65712,40.04702],[-77.64972,40.06051],[-77.64237,40.06948],[-77.63898,40.08039],[-77.64015,40.08599],[-77.64305,40.08892],[-77.65852,40.09607],[-77.66172,40.10089],[-77.66227,40.10848],[-77.6546,40.11803],[-77.64233,40.12509],[-77.6412,40.12965],[-77.63032,40.1416],[-77.61851,40.14736],[-77.61201,40.15305],[-77.60005,40.15272],[-77.58856,40.15832],[-77.58232,40.15837],[-77.57839,40.16141],[-77.56843,40.16477],[-77.56405,40.17082],[-77.37769,40.20203],[-77.2465,40.20756],[-77.22231,40.2116],[-77.16053,40.22714],[-77.13446,40.22823],[-77.11992,40.2404],[-77.11352,40.24228],[-77.09252,40.24349],[-77.08299,40.24621],[-77.05788,40.26241],[-77.03764,40.27144],[-76.98724,40.2762],[-76.98324,40.27954],[-76.98224,40.2898],[-76.97996,40.29475],[-76.97444,40.29951],[-76.92505,40.31662],[-76.91543,40.31589],[-76.91266,40.32517],[-76.91824,40.33367],[-76.92744,40.3425],[-76.9286,40.34743],[-76.93392,40.35614],[-76.95222,40.35823],[-76.97126,40.35624],[-76.99601,40.35628],[-77.01072,40.35848],[-77.0204,40.36503],[-77.02226,40.37393],[-77.02968,40.38687],[-77.02803,40.3926],[-77.02181,40.39779],[-77.01024,40.40159],[-77.00611,40.41326],[-77.00646,40.42294],[-76.9992,40.43307],[-76.99014,40.43753],[-76.98026,40.44725],[-76.95808,40.45775],[-76.95268,40.46268],[-76.94948,40.46949],[-76.94897,40.48155],[-76.95139,40.48823],[-76.95385,40.49086],[-76.96977,40.49768],[-76.98508,40.51568],[-76.9858,40.52561],[-76.9812,40.53401],[-76.98101,40.53972],[-76.98734,40.55267],[-76.98702,40.55469],[-76.99314,40.56472],[-76.98897,40.57398],[-76.98341,40.57846],[-76.9644,40.58791],[-76.95861,40.59315],[-76.95386,40.60208],[-76.95337,40.61456],[-76.95507,40.62188],[-76.95405,40.63591],[-76.95829,40.64244],[-76.9648,40.64628],[-76.96905,40.65497],[-76.96963,40.65566]]]},"properties":{"WMU_ID":"4B","ACREAGE":1018145.61776}},{"type":"Feature","geometry":{"type":"Polygon","coordinates":[[[-75.68248,41.05745],[-75.69406,41.06821],[-75.70583,41.06497],[-75.7181,41.0569],[-75.72314,41.05554],[-75.74716,41.06037],[-75.75571,41.05969],[-75.77361,41.0547],[-75.78549,41.05686],[-75.79798,41.05588],[-75.81441,41.05696],[-75.84687,41.05235],[-75.85596,41.05497],[-75.8692,41.06184],[-75.89573,41.05864],[-75.93944,41.05836],[-75.97649,41.05026],[-75.99517,41.05078],[-76.01082,41.04568],[-76.03285,41.04148],[-76.06261,41.03329],[-76.07977,41.02606],[-76.1009,41.02431],[-76.11185,41.01749],[-76.12374,41.01487],[-76.14043,41.00582],[-76.15848,41.00341],[-76.16442,41.00526],[-76.16981,41.01717],[-76.17536,41.01913],[-76.2007,41.01626],[-76.24256,41.00865],[-76.26155,41.00834],[-76.27747,41.01292],[-76.29471,41.01053],[-76.33957,41.0356],[-76.36044,41.03893],[-76.4095,41.02496],[-76.43411,41.02813],[-76.46418,41.02277],[-76.4901,41.01274],[-76.48841,41.00925],[-76.49105,41.00302],[-76.49051,41.00066],[-76.47427,40.99269],[-76.47871,40.9883],[-76.47646,40.98602],[-76.47236,40.9754],[-76.47237,40.9684],[-76.46929,40.95928],[-76.47032,40.95452],[-76.46005,40.95195],[-76.45627,40.9477],[-76.45686,40.94153],[-76.45002,40.93827],[-76.43802,40.91991],[-76.43214,40.91545],[-76.42618,40.91393],[-76.41287,40.90279],[-76.40315,40.88592],[-76.40216,40.88098],[-76.40526,40.86971],[-76.40161,40.8668],[-76.40006,40.86032],[-76.39499,40.85069],[-76.39084,40.84854],[-76.37961,40.84771],[-76.37071,40.84455],[-76.36127,40.84334],[-76.35838,40.84201],[-76.35032,40.83289],[-76.33499,40.83077],[-76.3345,40.82871],[-76.34082,40.82185],[-76.33337,40.81361],[-76.33312,40.81123],[-76.34096,40.80789],[-76.3397,40.79793],[-76.35479,40.78698],[-76.35619,40.78382],[-76.35521,40.78035],[-76.33684,40.78267],[-76.33637,40.78043],[-76.33907,40.7744],[-76.33689,40.77265],[-76.32572,40.77037],[-76.3024,40.77685],[-76.26877,40.77688],[-76.26491,40.77811],[-76.26167,40.78136],[-76.23902,40.78137],[-76.23037,40.7838],[-76.22458,40.77314],[-76.25607,40.77109],[-76.26095,40.76938],[-76.2871,40.75388],[-76.30976,40.73244],[-76.32938,40.72563],[-76.35731,40.71094],[-76.37103,40.69613],[-76.38461,40.67177],[-76.39655,40.65756],[-76.40503,40.65288],[-76.42514,40.64558],[-76.43711,40.63658],[-76.44612,40.63298],[-76.44864,40.63022],[-76.4479,40.62502],[-76.43769,40.62015],[-76.44821,40.61621],[-76.45527,40.61147],[-76.4655,40.61175],[-76.4854,40.6084],[-76.52932,40.59283],[-76.57142,40.58697],[-76.60455,40.57761],[-76.68533,40.56689],[-76.71487,40.56735],[-76.73089,40.56497],[-76.7466,40.57115],[-76.77313,40.5685],[-76.80777,40.55042],[-76.82271,40.54699],[-76.85937,40.5456],[-76.87693,40.54877],[-76.90667,40.54382],[-76.93181,40.53732],[-76.95509,40.54021],[-76.96161,40.53925],[-76.96213,40.54104],[-76.98208,40.54279],[-76.98065,40.53654],[-76.9858,40.52561],[-76.98508,40.51568],[-76.96977,40.49768],[-76.95385,40.49086],[-76.95139,40.48823],[-76.94897,40.48155],[-76.94948,40.46949],[-76.95268,40.46268],[-76.95808,40.45775],[-76.98026,40.44725],[-76.99014,40.43753],[-76.9992,40.43307],[-77.00646,40.42294],[-77.00611,40.41326],[-77.01024,40.40159],[-77.02181,40.39779],[-77.02803,40.3926],[-77.02968,40.38687],[-77.02226,40.37393],[-77.02106,40.36609],[-77.01824,40.36269],[-77.01072,40.35848],[-76.99601,40.35628],[-76.97126,40.35624],[-76.95222,40.35823],[-76.93566,40.35691],[-76.93167,40.35355],[-76.92744,40.3425],[-76.91824,40.33367],[-76.91266,40.32517],[-76.91543,40.31589],[-76.89022,40.30885],[-76.8774,40.30203],[-76.85564,40.30222],[-76.83884,40.30794],[-76.8202,40.32121],[-76.81169,40.32434],[-76.79602,40.32539],[-76.76006,40.33179],[-76.75083,40.33983],[-76.73626,40.34856],[-76.72225,40.3521],[-76.70322,40.36484],[-76.68991,40.36844],[-76.63502,40.39183],[-76.61545,40.39831],[-76.58863,40.41384],[-76.5686,40.4139],[-76.52708,40.42433],[-76.5229,40.42665],[-76.50321,40.42971],[-76.48434,40.43938],[-76.46259,40.44792],[-76.42774,40.45264],[-76.40017,40.45163],[-76.29362,40.47696],[-76.26662,40.48128],[-76.1925,40.49873],[-76.11093,40.51556],[-75.96142,40.57045],[-75.90116,40.57818],[-75.88804,40.57662],[-75.89507,40.58832],[-75.88723,40.59125],[-75.88428,40.59503],[-75.87381,40.59875],[-75.87266,40.61612],[-75.86852,40.62218],[-75.8614,40.6245],[-75.85508,40.63711],[-75.8499,40.64076],[-75.84839,40.64481],[-75.8503,40.64791],[-75.84613,40.66117],[-75.83493,40.66422],[-75.82849,40.67146],[-75.82297,40.674],[-75.80356,40.67605],[-75.77463,40.687],[-75.76209,40.6835],[-75.75959,40.68027],[-75.74579,40.68161],[-75.7424,40.68382],[-75.72622,40.68046],[-75.70078,40.67995],[-75.68595,40.68583],[-75.66568,40.68534],[-75.66258,40.68312],[-75.65602,40.68273],[-75.64217,40.67676],[-75.62846,40.67976],[-75.61223,40.67305],[-75.61414,40.67657],[-75.61346,40.68442],[-75.60874,40.69118],[-75.60913,40.69913],[-75.61709,40.70552],[-75.62228,40.70623],[-75.62476,40.7091],[-75.62454,40.71713],[-75.61684,40.7237],[-75.61775,40.73161],[-75.61004,40.74396],[-75.613,40.7517],[-75.60618,40.7528],[-75.609,40.78051],[-75.60589,40.7839],[-75.6102,40.79148],[-75.61841,40.79662],[-75.62216,40.79735],[-75.64342,40.7909],[-75.6493,40.79102],[-75.65903,40.79454],[-75.66793,40.80099],[-75.66962,40.80384],[-75.67002,40.81314],[-75.67658,40.81787],[-75.67793,40.82091],[-75.67735,40.83173],[-75.66158,40.84366],[-75.65,40.85861],[-75.65705,40.87848],[-75.65443,40.88405],[-75.6394,40.89557],[-75.63874,40.90196],[-75.64464,40.90885],[-75.64807,40.91967],[-75.63426,40.95192],[-75.62855,40.97649],[-75.63746,41.01112],[-75.6477,41.02455],[-75.67332,41.04879],[-75.68248,41.05745]]]},"properties":{"WMU_ID":"4C","ACREAGE":1098478.01575}},{"type":"Feature","geometry":{"type":"Polygon","coordinates":[[[-76.94708,41.23608],[-76.96172,41.24164],[-76.97439,41.24339],[-76.98417,41.24201],[-76.99655,41.23635],[-76.99916,41.2387],[-77.01714,41.2315],[-77.04079,41.23129],[-77.052,41.22549],[-77.06168,41.22352],[-77.09365,41.22581],[-77.11196,41.23137],[-77.14204,41.23169],[-77.16794,41.21939],[-77.18795,41.21408],[-77.20184,41.21406],[-77.21944,41.21953],[-77.22462,41.21721],[-77.24159,41.21573],[-77.28001,41.20426],[-77.29913,41.19551],[-77.30652,41.18395],[-77.32254,41.17736],[-77.34042,41.16759],[-77.35059,41.15381],[-77.37027,41.1412],[-77.40328,41.13183],[-77.43034,41.13008],[-77.44064,41.12626],[-77.44878,41.11752],[-77.46605,41.11451],[-77.48036,41.10798],[-77.48227,41.10235],[-77.47726,41.08845],[-77.47138,41.08304],[-77.45371,41.07278],[-77.44172,41.05849],[-77.4364,41.05426],[-77.43968,41.052],[-77.46042,41.042],[-77.47401,41.03801],[-77.49263,41.03905],[-77.51473,41.03154],[-77.55286,41.02677],[-77.58037,41.01749],[-77.61039,40.99652],[-77.61977,40.98407],[-77.6383,40.96976],[-77.67159,40.96072],[-77.7056,40.94656],[-77.72853,40.94389],[-77.74849,40.95411],[-77.77736,40.95673],[-77.78896,40.96634],[-77.79734,40.97967],[-77.8013,40.98235],[-77.81818,40.98872],[-77.85255,40.9954],[-77.88055,41.01375],[-77.91178,41.02432],[-77.94412,41.02279],[-77.95009,41.02002],[-77.96501,41.00862],[-77.99109,40.999],[-78.02973,40.98778],[-78.04255,40.97554],[-78.05679,40.97476],[-78.06715,40.96988],[-78.08702,40.96735],[-78.09915,40.96156],[-78.10804,40.96202],[-78.128,40.97891],[-78.1379,40.98041],[-78.15967,40.98958],[-78.16865,40.98862],[-78.18618,40.97689],[-78.19669,40.97728],[-78.19837,40.96924],[-78.20108,40.96676],[-78.20392,40.95814],[-78.22741,40.94749],[-78.22759,40.94433],[-78.22316,40.93795],[-78.22363,40.93019],[-78.21273,40.92081],[-78.21323,40.91697],[-78.22258,40.91141],[-78.22968,40.90286],[-78.22719,40.90185],[-78.22113,40.8941],[-78.2491,40.87924],[-78.24935,40.87307],[-78.25269,40.86711],[-78.26727,40.85725],[-78.27128,40.8501],[-78.28182,40.85284],[-78.29116,40.85118],[-78.29485,40.84668],[-78.30849,40.84228],[-78.32049,40.83301],[-78.33886,40.82895],[-78.35113,40.82256],[-78.35458,40.82291],[-78.35419,40.82538],[-78.35777,40.82746],[-78.36669,40.82955],[-78.40321,40.83092],[-78.42336,40.83482],[-78.42789,40.82985],[-78.44307,40.82534],[-78.4499,40.82482],[-78.45469,40.82127],[-78.46057,40.82303],[-78.465,40.82217],[-78.4746,40.81566],[-78.48722,40.80002],[-78.49526,40.79949],[-78.50104,40.79728],[-78.50796,40.78582],[-78.51308,40.78527],[-78.52694,40.78791],[-78.52968,40.78426],[-78.52856,40.7791],[-78.52956,40.77744],[-78.54774,40.77763],[-78.55018,40.77328],[-78.54644,40.76932],[-78.54128,40.76727],[-78.53893,40.7621],[-78.53459,40.75951],[-78.53337,40.7553],[-78.53455,40.75511],[-78.53547,40.74924],[-78.53344,40.74283],[-78.5338,40.73749],[-78.52736,40.73196],[-78.52975,40.72395],[-78.52204,40.71549],[-78.51127,40.70753],[-78.50936,40.70306],[-78.5098,40.6991],[-78.50315,40.69461],[-78.49247,40.67597],[-78.49339,40.66667],[-78.49633,40.65806],[-78.49473,40.65577],[-78.48843,40.65331],[-78.48791,40.64829],[-78.49148,40.64213],[-78.49239,40.63588],[-78.50841,40.60733],[-78.50942,40.59895],[-78.51816,40.59395],[-78.52464,40.57816],[-78.53699,40.56486],[-78.54441,40.56234],[-78.54741,40.55931],[-78.54999,40.56039],[-78.55877,40.55157],[-78.56242,40.54623],[-78.56038,40.53945],[-78.56118,40.53565],[-78.5675,40.53292],[-78.57865,40.51662],[-78.58358,40.51388],[-78.57997,40.50413],[-78.56941,40.4989],[-78.56655,40.49396],[-78.56543,40.48733],[-78.56827,40.48039],[-78.57933,40.47497],[-78.60126,40.4484],[-78.58939,40.44625],[-78.57936,40.44789],[-78.56944,40.45437],[-78.56464,40.46438],[-78.56194,40.46695],[-78.54083,40.46819],[-78.52665,40.47754],[-78.52079,40.47844],[-78.51096,40.47331],[-78.50139,40.47466],[-78.49119,40.4717],[-78.48448,40.46819],[-78.47897,40.46154],[-78.45894,40.45425],[-78.45292,40.44801],[-78.43487,40.441],[-78.44156,40.42591],[-78.44008,40.42145],[-78.41469,40.4288],[-78.3944,40.42736],[-78.38444,40.42945],[-78.37771,40.43304],[-78.36764,40.43245],[-78.35651,40.44271],[-78.34143,40.45246],[-78.33306,40.45314],[-78.31664,40.46184],[-78.30276,40.46704],[-78.28344,40.47156],[-78.27669,40.47539],[-78.26809,40.4743],[-78.25873,40.48207],[-78.25341,40.48435],[-78.24875,40.4843],[-78.24528,40.49009],[-78.24505,40.49496],[-78.23814,40.49579],[-78.20527,40.51806],[-78.19239,40.53448],[-78.18051,40.54186],[-78.14513,40.5688],[-78.13768,40.57127],[-78.13299,40.57115],[-78.1111,40.5576],[-78.08742,40.5388],[-78.08391,40.52875],[-78.08475,40.51872],[-78.08264,40.51529],[-78.06951,40.50553],[-78.06502,40.50032],[-78.04687,40.49499],[-78.00946,40.47724],[-77.99518,40.47604],[-77.97327,40.45559],[-77.95941,40.44769],[-77.94085,40.4422],[-77.93312,40.43836],[-77.92681,40.42842],[-77.93077,40.418],[-77.93434,40.39969],[-77.9318,40.39627],[-77.92188,40.39509],[-77.91232,40.39099],[-77.90503,40.39001],[-77.87782,40.39476],[-77.87194,40.39402],[-77.86881,40.39571],[-77.85751,40.42256],[-77.83895,40.44595],[-77.83282,40.45092],[-77.81881,40.45522],[-77.77714,40.47768],[-77.74232,40.49378],[-77.73815,40.50369],[-77.7054,40.52849],[-77.67303,40.55123],[-77.64677,40.56505],[-77.63858,40.57303],[-77.62622,40.5797],[-77.62444,40.58405],[-77.61958,40.58739],[-77.58427,40.60369],[-77.58203,40.61039],[-77.57407,40.61573],[-77.56881,40.61269],[-77.56709,40.60698],[-77.56271,40.60361],[-77.55256,40.57892],[-77.55018,40.57806],[-77.53733,40.5807],[-77.49031,40.60049],[-77.44731,40.61119],[-77.41661,40.60086],[-77.4015,40.60441],[-77.39619,40.60395],[-77.37637,40.5928],[-77.3726,40.58059],[-77.3643,40.59004],[-77.33192,40.59981],[-77.32452,40.61271],[-77.31328,40.6155],[-77.29855,40.62488],[-77.28389,40.62763],[-77.27928,40.63387],[-77.26835,40.64247],[-77.2456,40.65039],[-77.21181,40.65719],[-77.1696,40.67514],[-77.1613,40.67738],[-77.14424,40.67866],[-77.12078,40.68724],[-77.10897,40.68956],[-77.07083,40.70584],[-77.05164,40.71062],[-77.01525,40.72378],[-77.00908,40.73045],[-77.0136,40.73716],[-77.0138,40.74075],[-77.01276,40.74548],[-77.00737,40.75239],[-77.00545,40.76232],[-77.03547,40.77443],[-77.04326,40.78392],[-77.04667,40.79486],[-77.05095,40.79895],[-77.05531,40.80748],[-77.05168,40.82647],[-77.05611,40.83285],[-77.05835,40.84799],[-77.05784,40.85877],[-77.05215,40.86363],[-77.04797,40.87005],[-77.05604,40.9142],[-77.01509,40.92968],[-76.95974,40.94743],[-76.8937,40.9597],[-76.88117,40.96648],[-76.88197,40.97321],[-76.86776,40.99819],[-76.86693,41.01066],[-76.86156,41.02753],[-76.86172,41.03679],[-76.85636,41.04863],[-76.85798,41.05924],[-76.85711,41.06636],[-76.86037,41.07583],[-76.86465,41.07963],[-76.87305,41.08273],[-76.88411,41.0929],[-76.88974,41.10076],[-76.89614,41.11989],[-76.89778,41.1356],[-76.8884,41.15354],[-76.87814,41.16286],[-76.8555,41.17342],[-76.83684,41.17513],[-76.8222,41.17979],[-76.80848,41.18945],[-76.80574,41.19359],[-76.80395,41.20304],[-76.80627,41.2106],[-76.81195,41.21923],[-76.82256,41.22826],[-76.83311,41.2257],[-76.85754,41.22922],[-76.92549,41.22954],[-76.93194,41.23229],[-76.94049,41.23109],[-76.94508,41.2345],[-76.94708,41.23608]]]},"properties":{"WMU_ID":"4D","ACREAGE":1755280.76186}},{"type":"Feature","geometry":{"type":"Polygon","coordinates":[[[-76.12069,41.31136],[-76.13996,41.30939],[-76.14894,41.31123],[-76.15792,41.3097],[-76.17468,41.31174],[-76.19981,41.31154],[-76.22318,41.30333],[-76.23416,41.30571],[-76.27843,41.29937],[-76.29887,41.28961],[-76.30866,41.28971],[-76.37013,41.27674],[-76.40541,41.27948],[-76.43467,41.27641],[-76.4591,41.27043],[-76.49604,41.25592],[-76.51617,41.24978],[-76.53191,41.24965],[-76.54799,41.24316],[-76.55797,41.24438],[-76.57032,41.24068],[-76.57887,41.2431],[-76.59022,41.2435],[-76.59858,41.24029],[-76.6253,41.22067],[-76.63582,41.21904],[-76.64423,41.21399],[-76.64804,41.21512],[-76.66319,41.22866],[-76.67661,41.2315],[-76.68353,41.22932],[-76.7025,41.23112],[-76.72428,41.24129],[-76.74602,41.22058],[-76.7488,41.21524],[-76.75845,41.21162],[-76.76312,41.2139],[-76.78456,41.20539],[-76.79582,41.20613],[-76.80417,41.20465],[-76.80537,41.19471],[-76.80848,41.18945],[-76.82066,41.1807],[-76.83684,41.17513],[-76.8555,41.17342],[-76.87606,41.1643],[-76.88755,41.15452],[-76.89778,41.1356],[-76.89614,41.11989],[-76.89058,41.10254],[-76.88411,41.0929],[-76.87144,41.08146],[-76.86465,41.07963],[-76.85877,41.07333],[-76.85635,41.04993],[-76.85709,41.04501],[-76.86172,41.03679],[-76.86156,41.02753],[-76.86693,41.01066],[-76.8682,40.9965],[-76.88197,40.97321],[-76.88117,40.96648],[-76.8937,40.9597],[-76.95974,40.94743],[-77.01509,40.92968],[-77.05604,40.9142],[-77.04797,40.87005],[-77.05215,40.86363],[-77.05784,40.85877],[-77.05835,40.84799],[-77.05611,40.83285],[-77.05168,40.82647],[-77.05461,40.81593],[-77.05514,40.80686],[-77.05095,40.79895],[-77.04667,40.79486],[-77.04326,40.78392],[-77.03547,40.77443],[-77.00545,40.76232],[-77.00737,40.75239],[-77.01315,40.74455],[-77.0136,40.73716],[-77.00571,40.72353],[-76.99447,40.70937],[-76.97739,40.6739],[-76.97299,40.67062],[-76.9722,40.6602],[-76.96661,40.65224],[-76.9648,40.64628],[-76.95798,40.64213],[-76.95389,40.63528],[-76.95507,40.62188],[-76.95361,40.61799],[-76.95324,40.60469],[-76.95763,40.59467],[-76.96583,40.58692],[-76.98585,40.5768],[-76.99267,40.56753],[-76.99234,40.56175],[-76.98702,40.55469],[-76.98734,40.55267],[-76.98208,40.54279],[-76.96213,40.54104],[-76.96161,40.53925],[-76.95509,40.54021],[-76.93181,40.53732],[-76.90667,40.54382],[-76.87693,40.54877],[-76.85937,40.5456],[-76.82271,40.54699],[-76.80777,40.55042],[-76.77313,40.5685],[-76.7466,40.57115],[-76.73089,40.56497],[-76.71487,40.56735],[-76.68533,40.56689],[-76.60455,40.57761],[-76.57142,40.58697],[-76.52932,40.59283],[-76.4854,40.6084],[-76.4655,40.61175],[-76.45527,40.61147],[-76.44821,40.61621],[-76.43769,40.62015],[-76.4479,40.62502],[-76.44864,40.63022],[-76.44612,40.63298],[-76.43711,40.63658],[-76.42514,40.64558],[-76.40503,40.65288],[-76.39655,40.65756],[-76.38461,40.67177],[-76.37103,40.69613],[-76.35731,40.71094],[-76.32938,40.72563],[-76.30976,40.73244],[-76.2871,40.75388],[-76.26095,40.76938],[-76.25607,40.77109],[-76.22458,40.77314],[-76.23037,40.7838],[-76.23902,40.78137],[-76.26167,40.78136],[-76.26491,40.77811],[-76.26877,40.77688],[-76.3024,40.77685],[-76.32572,40.77037],[-76.33689,40.77265],[-76.33907,40.7744],[-76.33637,40.78043],[-76.33684,40.78267],[-76.35521,40.78035],[-76.35619,40.78382],[-76.35479,40.78698],[-76.3397,40.79793],[-76.34096,40.80789],[-76.33312,40.81123],[-76.33337,40.81361],[-76.34082,40.82185],[-76.3345,40.82871],[-76.33499,40.83077],[-76.35032,40.83289],[-76.35838,40.84201],[-76.36127,40.84334],[-76.37071,40.84455],[-76.37961,40.84771],[-76.39084,40.84854],[-76.39499,40.85069],[-76.40006,40.86032],[-76.40161,40.8668],[-76.40526,40.86971],[-76.40216,40.88098],[-76.40315,40.88592],[-76.41287,40.90279],[-76.42618,40.91393],[-76.43214,40.91545],[-76.43802,40.91991],[-76.45002,40.93827],[-76.45686,40.94153],[-76.45627,40.9477],[-76.46005,40.95195],[-76.47032,40.95452],[-76.46929,40.95928],[-76.47237,40.9684],[-76.47236,40.9754],[-76.47646,40.98602],[-76.47871,40.9883],[-76.47427,40.99269],[-76.49051,41.00066],[-76.49105,41.00302],[-76.48841,41.00925],[-76.4901,41.01274],[-76.46418,41.02277],[-76.43411,41.02813],[-76.4095,41.02496],[-76.36044,41.03893],[-76.33957,41.0356],[-76.29471,41.01053],[-76.27747,41.01292],[-76.26155,41.00834],[-76.24256,41.00865],[-76.2007,41.01626],[-76.17536,41.01913],[-76.16981,41.01717],[-76.16309,41.00427],[-76.14633,41.00463],[-76.1382,41.00673],[-76.12374,41.01487],[-76.11185,41.01749],[-76.1009,41.02431],[-76.07977,41.02606],[-76.0617,41.03357],[-76.01392,41.04525],[-76.00324,41.05451],[-75.98946,41.06142],[-75.98188,41.0716],[-75.96634,41.07914],[-75.96268,41.0856],[-75.96059,41.10627],[-75.96312,41.14529],[-75.95547,41.1591],[-75.95548,41.16634],[-75.95344,41.16879],[-75.94703,41.17152],[-75.94208,41.17732],[-75.91999,41.18567],[-75.91624,41.19446],[-75.90545,41.20177],[-75.9203,41.19957],[-75.93293,41.20317],[-75.94832,41.20341],[-75.96466,41.19962],[-75.97895,41.20579],[-75.98836,41.21682],[-76.00413,41.21642],[-76.01104,41.21876],[-76.01543,41.22142],[-76.01239,41.22574],[-76.01222,41.22909],[-75.99523,41.23916],[-75.99988,41.24783],[-75.99696,41.2492],[-75.9977,41.25074],[-76.00197,41.25298],[-76.00479,41.25228],[-76.01178,41.25737],[-76.021,41.25855],[-76.0408,41.26562],[-76.04858,41.2645],[-76.0649,41.26625],[-76.07151,41.26454],[-76.07778,41.26542],[-76.08619,41.27161],[-76.09141,41.2895],[-76.09044,41.29297],[-76.09438,41.29829],[-76.09636,41.30613],[-76.10049,41.30531],[-76.10805,41.30696],[-76.12069,41.31136]]]},"properties":{"WMU_ID":"4E","ACREAGE":1110762.91326}},{"type":"Feature","geometry":{"type":"Polygon","coordinates":[[[-76.9208,40.31689],[-76.92505,40.31662],[-76.97444,40.29951],[-76.97996,40.29475],[-76.98224,40.2898],[-76.98324,40.27954],[-76.98724,40.2762],[-77.03764,40.27144],[-77.05788,40.26241],[-77.08299,40.24621],[-77.09252,40.24349],[-77.11352,40.24228],[-77.11992,40.2404],[-77.13446,40.22823],[-77.16053,40.22714],[-77.22231,40.2116],[-77.2465,40.20756],[-77.37769,40.20203],[-77.56405,40.17082],[-77.56843,40.16477],[-77.57839,40.16141],[-77.58232,40.15837],[-77.58856,40.15832],[-77.60005,40.15272],[-77.61201,40.15305],[-77.61851,40.14736],[-77.63032,40.1416],[-77.6412,40.12965],[-77.64233,40.12509],[-77.6546,40.11803],[-77.66227,40.10848],[-77.66172,40.10089],[-77.65852,40.09607],[-77.64305,40.08892],[-77.64015,40.08599],[-77.63898,40.08039],[-77.64237,40.06948],[-77.64972,40.06051],[-77.65712,40.04702],[-77.64324,40.033],[-77.64059,40.02365],[-77.62673,40.00304],[-77.60748,39.99238],[-77.59899,39.98064],[-77.58503,39.97795],[-77.57967,39.97362],[-77.57858,39.97171],[-77.57975,39.96609],[-77.57787,39.96337],[-77.58211,39.95452],[-77.58961,39.94975],[-77.61181,39.94837],[-77.63038,39.93501],[-77.63542,39.9289],[-77.65726,39.93688],[-77.6695,39.93847],[-77.791,39.91923],[-77.85685,39.90288],[-77.89318,39.90724],[-77.91042,39.91461],[-77.89858,39.8951],[-77.89865,39.87698],[-77.89765,39.8707],[-77.89534,39.86718],[-77.89763,39.85436],[-77.8961,39.84883],[-77.8984,39.8414],[-77.90403,39.83228],[-77.90365,39.82568],[-77.90124,39.82357],[-77.89871,39.81339],[-77.90095,39.79905],[-77.89979,39.78728],[-77.89678,39.77918],[-77.89689,39.77193],[-77.89116,39.76046],[-77.8915,39.74932],[-77.88755,39.73803],[-77.89085,39.72216],[-77.50282,39.71991],[-76.91617,39.72073],[-76.92195,39.72595],[-76.92257,39.72972],[-76.92542,39.73353],[-76.94323,39.74196],[-76.95996,39.76259],[-76.96145,39.77845],[-76.96569,39.78433],[-76.98861,39.80586],[-77.00582,39.83911],[-77.01863,39.85985],[-77.02746,39.87095],[-77.0493,39.90905],[-77.06933,39.95387],[-77.09092,39.99094],[-77.0949,39.99559],[-77.10595,40.00112],[-77.09845,40.01565],[-77.07881,40.03537],[-77.06551,40.06106],[-77.05117,40.07906],[-77.04038,40.11102],[-77.03646,40.1186],[-77.0262,40.12446],[-77.01394,40.13732],[-77.00662,40.15696],[-76.98908,40.17611],[-76.97067,40.20092],[-76.93427,40.2243],[-76.93218,40.23022],[-76.93535,40.246],[-76.92201,40.2496],[-76.90484,40.26057],[-76.91777,40.27536],[-76.92772,40.28174],[-76.92959,40.2853],[-76.92962,40.29584],[-76.92089,40.31664],[-76.9208,40.31689]]]},"properties":{"WMU_ID":"5A","ACREAGE":832513.630407}},{"type":"Feature","geometry":{"type":"Polygon","coordinates":[[[-75.96489,40.47794],[-75.96266,40.49878],[-75.96919,40.51973],[-75.97552,40.52839],[-75.97516,40.53433],[-75.97737,40.5406],[-75.99803,40.55703],[-76.11093,40.51556],[-76.1925,40.49873],[-76.26662,40.48128],[-76.29362,40.47696],[-76.40017,40.45163],[-76.42774,40.45264],[-76.46259,40.44792],[-76.48434,40.43938],[-76.50321,40.42971],[-76.5229,40.42665],[-76.52708,40.42433],[-76.5686,40.4139],[-76.58894,40.41375],[-76.61545,40.39831],[-76.63502,40.39183],[-76.68991,40.36844],[-76.70322,40.36484],[-76.72225,40.3521],[-76.73626,40.34856],[-76.75083,40.33983],[-76.76006,40.33179],[-76.79602,40.32539],[-76.81169,40.32434],[-76.8202,40.32121],[-76.83884,40.30794],[-76.85564,40.30222],[-76.8774,40.30203],[-76.89315,40.3099],[-76.92077,40.31698],[-76.92962,40.29584],[-76.92959,40.2853],[-76.92772,40.28174],[-76.91777,40.27536],[-76.90484,40.26057],[-76.92201,40.2496],[-76.93535,40.246],[-76.93218,40.23022],[-76.93427,40.2243],[-76.97067,40.20092],[-76.98908,40.17611],[-77.00662,40.15696],[-77.01394,40.13732],[-77.0262,40.12446],[-77.03646,40.1186],[-77.04038,40.11102],[-77.05117,40.07906],[-77.06551,40.06106],[-77.07881,40.03537],[-77.09845,40.01565],[-77.10595,40.00112],[-77.0949,39.99559],[-77.09092,39.99094],[-77.06933,39.95387],[-77.0493,39.90905],[-77.02746,39.87095],[-77.01863,39.85985],[-77.00582,39.83911],[-76.98861,39.80586],[-76.96569,39.78433],[-76.96145,39.77845],[-76.95996,39.76259],[-76.94323,39.74196],[-76.92542,39.73353],[-76.92257,39.72972],[-76.92195,39.72595],[-76.91617,39.72073],[-76.13584,39.72165],[-76.13668,39.72522],[-76.13388,39.72704],[-76.12791,39.72742],[-76.12513,39.72665],[-76.12275,39.72327],[-76.119,39.72348],[-76.12067,39.73538],[-76.1146,39.73692],[-76.10877,39.73448],[-76.11108,39.72754],[-76.10632,39.7239],[-76.10219,39.7239],[-76.09268,39.73382],[-76.10211,39.73915],[-76.10054,39.74548],[-76.09358,39.74245],[-76.08687,39.74555],[-76.08275,39.75262],[-76.08582,39.75598],[-76.08189,39.7612],[-76.07701,39.76179],[-76.06691,39.75976],[-76.06271,39.76482],[-76.06487,39.77078],[-76.06072,39.77483],[-76.05882,39.77936],[-76.05127,39.78214],[-76.04853,39.78901],[-76.04361,39.79109],[-76.04513,39.79294],[-76.0423,39.7958],[-76.04958,39.80312],[-76.04626,39.80373],[-76.03877,39.80127],[-76.03523,39.80789],[-76.03561,39.81106],[-76.0303,39.81283],[-76.03217,39.81904],[-76.037,39.82402],[-76.03658,39.82632],[-76.03443,39.827],[-76.02777,39.82396],[-76.02407,39.8266],[-76.02294,39.83042],[-76.01685,39.83091],[-76.01802,39.83797],[-76.02001,39.83982],[-76.01897,39.84072],[-76.02082,39.84873],[-76.02288,39.84917],[-76.02118,39.85197],[-76.01875,39.85383],[-76.00742,39.85228],[-76.00466,39.8719],[-76.00242,39.87417],[-75.99789,39.87353],[-75.99732,39.87106],[-75.99172,39.86854],[-75.98766,39.87215],[-75.9869,39.87448],[-75.98867,39.87819],[-75.9925,39.88198],[-75.99053,39.88492],[-75.99141,39.88727],[-75.9866,39.89281],[-75.99322,39.89864],[-75.99511,39.89866],[-75.99461,39.90229],[-75.99751,39.90989],[-75.99541,39.91134],[-75.99497,39.91668],[-75.99725,39.92217],[-75.99599,39.92445],[-75.99749,39.9279],[-75.99148,39.92658],[-75.99173,39.92856],[-75.98684,39.92972],[-75.98522,39.93182],[-75.98183,39.92922],[-75.98104,39.93324],[-75.98844,39.93968],[-75.98984,39.94459],[-75.99231,39.94561],[-75.9919,39.94848],[-75.98824,39.94668],[-75.97364,39.94935],[-75.97263,39.94723],[-75.9278,39.9532],[-75.92839,39.95706],[-75.91317,39.96027],[-75.91482,39.96863],[-75.92178,39.97471],[-75.93046,39.97849],[-75.93233,39.98178],[-75.93769,40.00055],[-75.93803,40.00877],[-75.93642,40.01394],[-75.9332,40.01688],[-75.94241,40.02323],[-75.93042,40.03572],[-75.91586,40.04242],[-75.91382,40.04797],[-75.91574,40.05438],[-75.914,40.06513],[-75.91616,40.07396],[-75.91514,40.08653],[-75.91705,40.0909],[-75.91585,40.09413],[-75.91102,40.09802],[-75.9143,40.10639],[-75.92031,40.11504],[-75.91661,40.12059],[-75.90167,40.13158],[-75.90423,40.14869],[-75.90147,40.15197],[-75.89009,40.1553],[-75.89135,40.162],[-75.90469,40.16531],[-75.91558,40.17406],[-75.92855,40.17715],[-75.9378,40.17731],[-75.94718,40.17463],[-75.96573,40.17638],[-75.98069,40.1738],[-76.00051,40.1877],[-76.00638,40.19659],[-76.02497,40.20979],[-76.0521,40.21209],[-76.08541,40.21835],[-76.0553,40.22757],[-76.03925,40.24229],[-76.03305,40.26506],[-76.02043,40.27713],[-76.01152,40.29059],[-75.98037,40.30626],[-75.97303,40.30482],[-75.96368,40.30608],[-75.93846,40.31747],[-75.93416,40.32211],[-75.93329,40.32471],[-75.93985,40.33008],[-75.93971,40.33478],[-75.94141,40.33753],[-75.95097,40.34225],[-75.95803,40.35131],[-75.96688,40.35343],[-75.9911,40.36507],[-75.9875,40.37924],[-75.97767,40.38983],[-75.96451,40.39899],[-75.93836,40.41173],[-75.93914,40.41568],[-75.93681,40.42878],[-75.93931,40.4333],[-75.94576,40.4398],[-75.97101,40.45176],[-75.97407,40.45541],[-75.97456,40.45864],[-75.97228,40.46511],[-75.96523,40.47683],[-75.96489,40.47794]]]},"properties":{"WMU_ID":"5B","ACREAGE":1689616.69691}},{"type":"Feature","geometry":{"type":"Polygon","coordinates":[[[-77.98439,41.77293],[-77.99892,41.77579],[-78.021,41.77464],[-78.02141,41.7696],[-78.02548,41.76968],[-78.03443,41.76403],[-78.04423,41.76178],[-78.05376,41.75751],[-78.05558,41.75144],[-78.06798,41.75024],[-78.0811,41.74189],[-78.10519,41.75297],[-78.11885,41.76572],[-78.12643,41.76855],[-78.13302,41.7769],[-78.14211,41.77811],[-78.14926,41.78152],[-78.16112,41.7838],[-78.17425,41.78959],[-78.18507,41.79167],[-78.19305,41.79161],[-78.20197,41.78689],[-78.21469,41.79281],[-78.23937,41.79022],[-78.27697,41.80552],[-78.28667,41.81993],[-78.29812,41.81873],[-78.30856,41.82783],[-78.31776,41.82919],[-78.33772,41.82822],[-78.36798,41.8204],[-78.38296,41.82487],[-78.39707,41.81955],[-78.40743,41.81269],[-78.419,41.80867],[-78.43483,41.8119],[-78.44317,41.8095],[-78.45159,41.80942],[-78.45267,41.80432],[-78.46828,41.7923],[-78.48132,41.78847],[-78.48874,41.7882],[-78.49365,41.78569],[-78.50615,41.77766],[-78.51945,41.76492],[-78.52758,41.74717],[-78.54196,41.72955],[-78.57102,41.70792],[-78.58613,41.70491],[-78.59193,41.7053],[-78.59802,41.71215],[-78.61089,41.71823],[-78.61542,41.72288],[-78.63199,41.72569],[-78.64621,41.72382],[-78.65484,41.72488],[-78.67575,41.72367],[-78.68733,41.71864],[-78.69416,41.70824],[-78.68907,41.68559],[-78.68025,41.66987],[-78.68159,41.66182],[-78.67894,41.64701],[-78.68007,41.63868],[-78.67492,41.61958],[-78.67739,41.60681],[-78.67657,41.60177],[-78.67925,41.59521],[-78.68669,41.58738],[-78.68846,41.58022],[-78.68838,41.57084],[-78.69035,41.56577],[-78.6838,41.55539],[-78.68112,41.54189],[-78.68338,41.5352],[-78.67552,41.52535],[-78.67977,41.51794],[-78.67949,41.50074],[-78.68273,41.49599],[-78.67636,41.49115],[-78.67594,41.48745],[-78.66989,41.47985],[-78.67117,41.457],[-78.67268,41.45322],[-78.67614,41.45144],[-78.69005,41.45285],[-78.69927,41.44798],[-78.715,41.4527],[-78.71871,41.45227],[-78.72078,41.44926],[-78.71925,41.44037],[-78.72159,41.43866],[-78.73203,41.43705],[-78.73448,41.43218],[-78.72936,41.42209],[-78.72677,41.42293],[-78.71624,41.41948],[-78.71449,41.41276],[-78.69395,41.39501],[-78.68654,41.38142],[-78.69087,41.37007],[-78.70296,41.36192],[-78.70614,41.35745],[-78.70447,41.35018],[-78.6977,41.34344],[-78.69478,41.338],[-78.68863,41.32111],[-78.68603,41.29829],[-78.69306,41.28387],[-78.72065,41.26615],[-78.72185,41.26297],[-78.73011,41.25648],[-78.74087,41.25326],[-78.7465,41.24752],[-78.76028,41.24918],[-78.7747,41.24471],[-78.7873,41.24701],[-78.78778,41.24399],[-78.78374,41.23824],[-78.78214,41.22921],[-78.77573,41.2201],[-78.77274,41.21274],[-78.77534,41.20329],[-78.77034,41.19758],[-78.77542,41.18301],[-78.78681,41.17093],[-78.79257,41.16089],[-78.79443,41.15482],[-78.7936,41.15117],[-78.79012,41.14734],[-78.78424,41.14561],[-78.75582,41.14553],[-78.70763,41.12977],[-78.69531,41.13715],[-78.67143,41.14782],[-78.66314,41.166],[-78.65324,41.16946],[-78.64755,41.17753],[-78.64002,41.18264],[-78.62994,41.18403],[-78.62447,41.18236],[-78.61517,41.18232],[-78.60613,41.18467],[-78.59943,41.19138],[-78.57969,41.20568],[-78.55758,41.21959],[-78.55137,41.22758],[-78.5491,41.23764],[-78.54576,41.24066],[-78.5306,41.24305],[-78.52387,41.24839],[-78.50367,41.25402],[-78.49137,41.27678],[-78.48045,41.27736],[-78.47569,41.28054],[-78.4633,41.27672],[-78.46114,41.27881],[-78.46285,41.2849],[-78.45982,41.28737],[-78.45127,41.28197],[-78.44608,41.28118],[-78.43299,41.28357],[-78.41914,41.28146],[-78.40242,41.28504],[-78.39455,41.29238],[-78.39212,41.29699],[-78.39418,41.30093],[-78.40234,41.30736],[-78.40348,41.31208],[-78.40075,41.31493],[-78.37889,41.31393],[-78.36869,41.31652],[-78.35756,41.31644],[-78.35401,41.31863],[-78.35234,41.32201],[-78.34114,41.32587],[-78.33379,41.33073],[-78.32289,41.33227],[-78.31137,41.34127],[-78.30174,41.33738],[-78.29277,41.34309],[-78.28286,41.34273],[-78.27577,41.34424],[-78.27099,41.34681],[-78.26316,41.35549],[-78.24951,41.35983],[-78.23093,41.36213],[-78.22659,41.35397],[-78.21359,41.35279],[-78.21064,41.34894],[-78.2096,41.34312],[-78.20435,41.33944],[-78.19099,41.3418],[-78.18021,41.33106],[-78.1629,41.33099],[-78.15146,41.32646],[-78.14696,41.32716],[-78.13355,41.33881],[-78.13835,41.34178],[-78.13802,41.34409],[-78.12736,41.34745],[-78.1244,41.3508],[-78.12423,41.35392],[-78.14106,41.36455],[-78.15576,41.36874],[-78.15783,41.37197],[-78.1588,41.38211],[-78.16231,41.38639],[-78.16764,41.38784],[-78.17894,41.38403],[-78.18021,41.39014],[-78.18953,41.39655],[-78.19363,41.40483],[-78.19479,41.41289],[-78.19211,41.41787],[-78.17917,41.42618],[-78.17822,41.4312],[-78.18581,41.43724],[-78.18807,41.44124],[-78.18359,41.4445],[-78.17659,41.44613],[-78.17441,41.45016],[-78.17718,41.45349],[-78.19725,41.46033],[-78.19704,41.4664],[-78.1936,41.47097],[-78.19307,41.47425],[-78.20002,41.48446],[-78.20035,41.49296],[-78.20523,41.49839],[-78.22006,41.50564],[-78.21935,41.50987],[-78.21394,41.51925],[-78.21487,41.52662],[-78.21135,41.54495],[-78.20651,41.55181],[-78.19591,41.57683],[-78.19473,41.58706],[-78.18606,41.59811],[-78.18746,41.60981],[-78.19765,41.62923],[-78.19899,41.63459],[-78.19607,41.65078],[-78.19031,41.65725],[-78.19001,41.66749],[-78.18005,41.68194],[-78.17994,41.68414],[-78.17243,41.68447],[-78.16466,41.6739],[-78.15469,41.66968],[-78.14751,41.67107],[-78.13729,41.66556],[-78.10572,41.63685],[-78.09977,41.63294],[-78.09003,41.63093],[-78.0838,41.65397],[-78.08867,41.66545],[-78.0867,41.6774],[-78.08949,41.68903],[-78.08633,41.6963],[-78.07675,41.6975],[-78.06326,41.70168],[-78.05,41.70998],[-78.04526,41.71635],[-77.99134,41.74118],[-77.99,41.74448],[-77.9837,41.74838],[-77.98247,41.75077],[-77.98624,41.76773],[-77.98467,41.77241],[-77.98439,41.77293]]]},"properties":{"WMU_ID":"2H","ACREAGE":639259.315873}},{"type":"Feature","geometry":{"type":"Polygon","coordinates":[[[-75.14995,40.44752],[-75.16545,40.47791],[-75.17632,40.46808],[-75.18453,40.46694],[-75.19553,40.46269],[-75.21446,40.46139],[-75.22315,40.45387],[-75.22921,40.4381],[-75.27135,40.39744],[-75.28696,40.38553],[-75.31073,40.37458],[-75.31978,40.37338],[-75.33249,40.36882],[-75.33857,40.36186],[-75.35993,40.35634],[-75.37669,40.34982],[-75.39011,40.34944],[-75.3829,40.33606],[-75.36985,40.30032],[-75.39406,40.2807],[-75.39694,40.27697],[-75.39604,40.2719],[-75.40677,40.26147],[-75.4038,40.25497],[-75.40197,40.23271],[-75.4137,40.2206],[-75.4165,40.22029],[-75.42113,40.21587],[-75.4242,40.21595],[-75.43287,40.2076],[-75.45817,40.20949],[-75.49937,40.16723],[-75.51428,40.16158],[-75.50887,40.15705],[-75.50734,40.15065],[-75.51447,40.14375],[-75.51431,40.14108],[-75.51947,40.13962],[-75.51837,40.13378],[-75.52149,40.13273],[-75.52259,40.1305],[-75.52739,40.1292],[-75.53483,40.1322],[-75.54181,40.12955],[-75.55751,40.13017],[-75.58219,40.12301],[-75.5935,40.11179],[-75.60332,40.10727],[-75.61505,40.09653],[-75.62268,40.09335],[-75.62771,40.08877],[-75.63476,40.07627],[-75.64949,40.0653],[-75.65986,40.05387],[-75.66386,40.043],[-75.68851,40.02682],[-75.69382,40.02033],[-75.75036,40.00724],[-75.77649,40.00447],[-75.79037,40.0066],[-75.80708,40.00148],[-75.82095,40.00065],[-75.81981,39.99493],[-75.82769,39.99043],[-75.82388,39.98312],[-75.83121,39.9812],[-75.82856,39.97331],[-75.84249,39.96032],[-75.84052,39.9472],[-75.83496,39.94491],[-75.8274,39.92581],[-75.82166,39.92138],[-75.81787,39.91601],[-75.79241,39.90369],[-75.77285,39.90082],[-75.75774,39.90041],[-75.73056,39.89472],[-75.72236,39.89158],[-75.72112,39.88224],[-75.71778,39.8752],[-75.71437,39.85033],[-75.71169,39.84673],[-75.71004,39.84019],[-75.6991,39.84104],[-75.6971,39.83934],[-75.69727,39.83663],[-75.69177,39.83446],[-75.69176,39.83098],[-75.68968,39.82948],[-75.69312,39.82598],[-75.69307,39.82211],[-75.69053,39.82055],[-75.69096,39.81652],[-75.68527,39.81465],[-75.68098,39.81379],[-75.64594,39.82745],[-75.61285,39.8353],[-75.57937,39.83931],[-75.54409,39.8396],[-75.50979,39.83594],[-75.47411,39.82794],[-75.43965,39.81545],[-75.41304,39.80182],[-75.36899,39.82916],[-75.31709,39.84898],[-75.30015,39.85165],[-75.26907,39.85089],[-75.24537,39.8539],[-75.21183,39.86509],[-75.19522,39.87688],[-75.18858,39.87988],[-75.17923,39.88248],[-75.14875,39.88318],[-75.14211,39.8848],[-75.13391,39.89522],[-75.12822,39.90705],[-75.12887,39.91499],[-75.13459,39.92956],[-75.13557,39.93897],[-75.13373,39.95489],[-75.12827,39.96054],[-75.10553,39.96629],[-75.07182,39.9802],[-75.06376,39.98653],[-75.05202,40.00636],[-75.04427,40.01216],[-75.01357,40.02018],[-75.00323,40.02622],[-74.97724,40.04802],[-74.93643,40.06713],[-74.92525,40.07089],[-74.90861,40.07051],[-74.86342,40.0825],[-74.85941,40.08521],[-74.85401,40.09341],[-74.84097,40.09907],[-74.83471,40.1042],[-74.82944,40.11796],[-74.82325,40.12648],[-74.81741,40.128],[-74.78831,40.1207],[-74.78171,40.1211],[-74.7617,40.13343],[-74.74004,40.13576],[-74.72526,40.14579],[-74.72217,40.14966],[-74.7219,40.1609],[-74.73692,40.17804],[-74.75391,40.1855],[-74.75973,40.19888],[-74.77031,40.2152],[-74.79566,40.23004],[-74.8204,40.23957],[-74.8418,40.25073],[-74.85465,40.27316],[-74.85942,40.28483],[-74.8719,40.29939],[-74.89116,40.31327],[-74.89627,40.31557],[-74.90398,40.31608],[-74.91575,40.32144],[-74.93931,40.3383],[-74.94338,40.34286],[-74.94561,40.3588],[-74.94898,40.36686],[-74.96566,40.39807],[-74.98141,40.40438],[-74.98893,40.40924],[-74.99598,40.41082],[-75.02096,40.40434],[-75.02636,40.40367],[-75.03159,40.40511],[-75.04708,40.41468],[-75.05434,40.41603],[-75.06705,40.42349],[-75.07294,40.42839],[-75.0755,40.43413],[-75.08015,40.4357],[-75.0836,40.44194],[-75.08714,40.44137],[-75.09144,40.43735],[-75.09832,40.44101],[-75.09917,40.43938],[-75.09438,40.43656],[-75.09496,40.43459],[-75.10342,40.43629],[-75.10902,40.43218],[-75.11979,40.43437],[-75.12371,40.43826],[-75.13684,40.43457],[-75.14139,40.43753],[-75.14371,40.44369],[-75.14849,40.44394],[-75.14995,40.44752]]]},"properties":{"WMU_ID":"5D","ACREAGE":849565.130184}},{"type":"Feature","geometry":{"type":"Polygon","coordinates":[[[-75.07492,40.89979],[-75.07824,40.91313],[-75.09176,40.92173],[-75.09953,40.9175],[-75.11813,40.8978],[-75.12467,40.89874],[-75.1451,40.89423],[-75.15424,40.88782],[-75.17307,40.88324],[-75.17828,40.87944],[-75.19434,40.8782],[-75.19987,40.87477],[-75.20148,40.86967],[-75.2048,40.86627],[-75.22612,40.8679],[-75.2367,40.87308],[-75.24538,40.87055],[-75.249,40.87151],[-75.26275,40.86652],[-75.27717,40.85594],[-75.29148,40.85011],[-75.29721,40.83488],[-75.32273,40.82413],[-75.34929,40.79899],[-75.36436,40.79099],[-75.36972,40.77885],[-75.37915,40.78329],[-75.38709,40.781],[-75.4063,40.78143],[-75.41423,40.77955],[-75.41964,40.77268],[-75.42568,40.77775],[-75.44748,40.78132],[-75.46541,40.77965],[-75.48242,40.78126],[-75.48746,40.78404],[-75.49555,40.78504],[-75.50398,40.78399],[-75.51038,40.7868],[-75.51743,40.79374],[-75.53337,40.7949],[-75.54539,40.79227],[-75.55016,40.78785],[-75.55149,40.78088],[-75.56051,40.7786],[-75.57344,40.76913],[-75.58996,40.77545],[-75.60565,40.78416],[-75.609,40.78051],[-75.60618,40.7528],[-75.613,40.75171],[-75.61004,40.74396],[-75.61775,40.73161],[-75.61684,40.7237],[-75.62454,40.71713],[-75.62476,40.7091],[-75.62228,40.70623],[-75.61709,40.70552],[-75.60913,40.69913],[-75.60875,40.69118],[-75.61346,40.68442],[-75.61414,40.67657],[-75.61224,40.67305],[-75.62846,40.67976],[-75.64217,40.67676],[-75.65602,40.68273],[-75.66258,40.68312],[-75.66568,40.68534],[-75.68595,40.68583],[-75.70078,40.67995],[-75.72622,40.68046],[-75.7424,40.68382],[-75.74579,40.68161],[-75.75959,40.68027],[-75.76209,40.6835],[-75.77463,40.687],[-75.80356,40.67605],[-75.82297,40.674],[-75.82849,40.67146],[-75.83493,40.66422],[-75.84613,40.66117],[-75.8503,40.64791],[-75.84839,40.64481],[-75.8499,40.64076],[-75.85508,40.63711],[-75.8614,40.6245],[-75.86852,40.62218],[-75.87266,40.61612],[-75.87381,40.59875],[-75.88428,40.59503],[-75.88723,40.59125],[-75.89507,40.58832],[-75.88804,40.57662],[-75.89911,40.57835],[-75.95986,40.5708],[-75.99803,40.55703],[-75.97774,40.54126],[-75.97516,40.53433],[-75.97552,40.52839],[-75.96919,40.51973],[-75.96297,40.50019],[-75.96489,40.47794],[-75.97228,40.46511],[-75.97456,40.45864],[-75.97407,40.45541],[-75.97101,40.45176],[-75.94434,40.4388],[-75.93681,40.42878],[-75.93914,40.41568],[-75.93836,40.41173],[-75.96451,40.39899],[-75.97767,40.38983],[-75.9875,40.37924],[-75.9911,40.36507],[-75.96688,40.35343],[-75.95803,40.35131],[-75.95097,40.34225],[-75.94141,40.33753],[-75.93971,40.33478],[-75.93985,40.33008],[-75.93329,40.32471],[-75.93846,40.31747],[-75.96368,40.30608],[-75.97303,40.30482],[-75.98037,40.30626],[-76.01152,40.29059],[-76.02043,40.27713],[-76.03305,40.26506],[-76.03925,40.24229],[-76.0553,40.22757],[-76.08541,40.21835],[-76.0521,40.21209],[-76.02497,40.20979],[-76.00638,40.19659],[-76.00051,40.1877],[-75.98069,40.1738],[-75.96573,40.17638],[-75.94718,40.17463],[-75.9378,40.17731],[-75.92855,40.17715],[-75.91558,40.17406],[-75.90469,40.16531],[-75.89135,40.162],[-75.89009,40.1553],[-75.90147,40.15197],[-75.90423,40.14869],[-75.90167,40.13158],[-75.91661,40.12059],[-75.92031,40.11504],[-75.9143,40.10639],[-75.91102,40.09802],[-75.91585,40.09413],[-75.91705,40.0909],[-75.91514,40.08653],[-75.91616,40.07396],[-75.914,40.06513],[-75.91574,40.05438],[-75.91382,40.04797],[-75.91586,40.04242],[-75.93042,40.03572],[-75.94241,40.02323],[-75.9332,40.01688],[-75.93642,40.01394],[-75.93803,40.00877],[-75.93769,40.00055],[-75.93233,39.98178],[-75.93046,39.97849],[-75.92178,39.97471],[-75.91482,39.96863],[-75.91317,39.96027],[-75.92839,39.95706],[-75.9278,39.9532],[-75.97263,39.94723],[-75.97364,39.94935],[-75.98824,39.94668],[-75.9919,39.94848],[-75.99231,39.94561],[-75.98984,39.94459],[-75.98844,39.93968],[-75.98104,39.93324],[-75.98183,39.92922],[-75.98522,39.93182],[-75.98684,39.92972],[-75.99173,39.92856],[-75.99148,39.92658],[-75.99749,39.9279],[-75.99599,39.92445],[-75.99725,39.92217],[-75.99497,39.91668],[-75.99541,39.91134],[-75.99751,39.90989],[-75.99461,39.90229],[-75.99511,39.89866],[-75.99322,39.89864],[-75.9866,39.89281],[-75.99141,39.88727],[-75.99053,39.88492],[-75.9925,39.88198],[-75.98867,39.87819],[-75.9869,39.87448],[-75.98766,39.87215],[-75.99172,39.86854],[-75.99732,39.87106],[-75.99789,39.87353],[-76.00242,39.87417],[-76.00466,39.8719],[-76.00742,39.85228],[-76.01875,39.85383],[-76.02249,39.85025],[-76.02049,39.84763],[-76.01896,39.84058],[-76.02001,39.83982],[-76.01802,39.83797],[-76.01685,39.83091],[-76.02294,39.83042],[-76.02407,39.8266],[-76.02777,39.82396],[-76.03443,39.827],[-76.03658,39.82632],[-76.037,39.82402],[-76.03195,39.81867],[-76.03037,39.81255],[-76.03561,39.81106],[-76.03523,39.80789],[-76.03877,39.80127],[-76.04943,39.80335],[-76.0423,39.7958],[-76.04513,39.79294],[-76.04361,39.79109],[-76.04853,39.78901],[-76.05127,39.78214],[-76.05882,39.77936],[-76.06072,39.77483],[-76.06487,39.77078],[-76.06271,39.76482],[-76.06691,39.75976],[-76.07701,39.76179],[-76.08189,39.7612],[-76.08582,39.75598],[-76.08275,39.75262],[-76.08687,39.74555],[-76.09358,39.74245],[-76.10054,39.74548],[-76.10211,39.73915],[-76.09268,39.73404],[-76.09609,39.72929],[-76.1007,39.7266],[-76.10219,39.7239],[-76.10632,39.7239],[-76.11135,39.72798],[-76.10877,39.73448],[-76.11416,39.7369],[-76.11957,39.73629],[-76.12071,39.73058],[-76.11841,39.72575],[-76.119,39.72348],[-76.12275,39.72327],[-76.12513,39.72665],[-76.12791,39.72742],[-76.13388,39.72704],[-76.13668,39.72522],[-76.13584,39.72165],[-75.77345,39.72233],[-75.75889,39.74932],[-75.74175,39.77051],[-75.71337,39.79491],[-75.68098,39.81379],[-75.69096,39.81652],[-75.69053,39.82055],[-75.69281,39.82159],[-75.69361,39.82428],[-75.68968,39.82948],[-75.69176,39.83098],[-75.69177,39.83446],[-75.69744,39.83682],[-75.69761,39.84007],[-75.71004,39.84019],[-75.71169,39.84673],[-75.71437,39.85033],[-75.71778,39.8752],[-75.72112,39.88224],[-75.72236,39.89158],[-75.73056,39.89472],[-75.75774,39.90041],[-75.77285,39.90082],[-75.79241,39.90369],[-75.81787,39.91601],[-75.82166,39.92138],[-75.8274,39.92581],[-75.83496,39.94491],[-75.84052,39.9472],[-75.84249,39.96032],[-75.82856,39.97331],[-75.83121,39.9812],[-75.82388,39.98312],[-75.82769,39.99043],[-75.81981,39.99493],[-75.82095,40.00065],[-75.80708,40.00148],[-75.79037,40.0066],[-75.77649,40.00447],[-75.75036,40.00724],[-75.69382,40.02033],[-75.68851,40.02682],[-75.66386,40.043],[-75.65986,40.05387],[-75.64949,40.0653],[-75.63476,40.07627],[-75.62771,40.08877],[-75.62268,40.09335],[-75.61505,40.09653],[-75.60332,40.10727],[-75.5935,40.11179],[-75.58219,40.12301],[-75.55751,40.13017],[-75.54181,40.12955],[-75.53481,40.13219],[-75.52739,40.1292],[-75.52259,40.1305],[-75.52149,40.13273],[-75.51837,40.13378],[-75.51947,40.13962],[-75.51431,40.14108],[-75.51447,40.14375],[-75.50734,40.15065],[-75.50887,40.15705],[-75.51428,40.16158],[-75.49937,40.16723],[-75.45817,40.20949],[-75.43287,40.2076],[-75.4242,40.21595],[-75.42113,40.21587],[-75.4165,40.22029],[-75.41427,40.22005],[-75.40212,40.23218],[-75.4038,40.25497],[-75.40677,40.26147],[-75.39604,40.2719],[-75.39694,40.27697],[-75.39406,40.2807],[-75.36985,40.30032],[-75.3829,40.33606],[-75.39011,40.34944],[-75.37669,40.34982],[-75.35993,40.35634],[-75.33857,40.36186],[-75.33249,40.36882],[-75.31978,40.37338],[-75.31073,40.37458],[-75.28696,40.38553],[-75.27135,40.39744],[-75.22921,40.4381],[-75.22315,40.45387],[-75.21566,40.46084],[-75.21062,40.46245],[-75.19553,40.46269],[-75.18453,40.46694],[-75.17632,40.46808],[-75.16545,40.47791],[-75.14849,40.44394],[-75.14539,40.44474],[-75.14263,40.44274],[-75.14139,40.43753],[-75.13922,40.43537],[-75.13684,40.43457],[-75.12371,40.43826],[-75.11979,40.43437],[-75.10888,40.43218],[-75.10696,40.43491],[-75.10342,40.43629],[-75.09496,40.43459],[-75.09438,40.43656],[-75.09917,40.43938],[-75.09832,40.44101],[-75.09144,40.43735],[-75.08714,40.44137],[-75.08409,40.44204],[-75.07967,40.4352],[-75.07493,40.43353],[-75.07268,40.42811],[-75.05823,40.41823],[-75.0619,40.42465],[-75.06584,40.44539],[-75.07099,40.45663],[-75.06707,40.46705],[-75.06766,40.47366],[-75.06411,40.47693],[-75.06108,40.48341],[-75.06313,40.49896],[-75.0648,40.50221],[-75.06498,40.52582],[-75.0688,40.54271],[-75.07756,40.54788],[-75.09987,40.56767],[-75.11583,40.57314],[-75.13966,40.57557],[-75.14697,40.57306],[-75.16196,40.56416],[-75.17446,40.56493],[-75.18617,40.56924],[-75.19469,40.57724],[-75.19519,40.58086],[-75.18961,40.58892],[-75.18991,40.59254],[-75.19287,40.60435],[-75.19947,40.61306],[-75.20086,40.61817],[-75.19071,40.62135],[-75.18922,40.62419],[-75.19107,40.63686],[-75.2004,40.64936],[-75.19168,40.6609],[-75.18234,40.66709],[-75.17721,40.67328],[-75.17745,40.67749],[-75.1829,40.68001],[-75.19481,40.6808],[-75.20225,40.68809],[-75.20347,40.6942],[-75.19865,40.70577],[-75.19296,40.71508],[-75.186,40.72202],[-75.18534,40.7269],[-75.1821,40.73264],[-75.19522,40.74587],[-75.19668,40.75071],[-75.18934,40.75732],[-75.18051,40.76073],[-75.17676,40.76608],[-75.17555,40.77266],[-75.17056,40.77793],[-75.16303,40.77849],[-75.13409,40.77362],[-75.12344,40.78619],[-75.10922,40.79082],[-75.10027,40.80032],[-75.10057,40.80513],[-75.09762,40.81071],[-75.09034,40.81586],[-75.08357,40.8253],[-75.08604,40.83057],[-75.09564,40.8376],[-75.09721,40.84304],[-75.09468,40.84798],[-75.08356,40.84971],[-75.06512,40.84791],[-75.05165,40.86561],[-75.05587,40.87559],[-75.07353,40.89203],[-75.07566,40.89638],[-75.07492,40.89979]]]},"properties":{"WMU_ID":"5C","ACREAGE":1268538.07693}},{"type":"Feature","geometry":{"type":"Polygon","coordinates":[[[-79.22187,40.44517],[-79.24402,40.4412],[-79.26796,40.4397],[-79.29309,40.42981],[-79.31472,40.42582],[-79.32596,40.42026],[-79.35982,40.42096],[-79.38255,40.41246],[-79.39503,40.40997],[-79.41125,40.40227],[-79.4298,40.39628],[-79.44395,40.39529],[-79.46365,40.39807],[-79.48304,40.39701],[-79.4999,40.39816],[-79.5357,40.40502],[-79.56385,40.39844],[-79.57134,40.39817],[-79.56701,40.37853],[-79.55868,40.37163],[-79.55859,40.36149],[-79.56566,40.35045],[-79.58048,40.33603],[-79.57982,40.32531],[-79.58092,40.32275],[-79.5946,40.30913],[-79.60416,40.30383],[-79.60744,40.30022],[-79.61168,40.29106],[-79.61247,40.27899],[-79.61539,40.26802],[-79.61189,40.25454],[-79.60326,40.23599],[-79.59275,40.22442],[-79.59022,40.21246],[-79.58626,40.20688],[-79.57255,40.19528],[-79.56028,40.17318],[-79.56121,40.15272],[-79.55408,40.1167],[-79.55919,40.08963],[-79.5653,40.07168],[-79.56224,40.05407],[-79.56616,40.04773],[-79.57128,40.04643],[-79.57782,40.03859],[-79.58629,40.03472],[-79.5902,40.02535],[-79.59569,40.02297],[-79.60038,40.01797],[-79.59835,40.01084],[-79.6095,39.99555],[-79.62838,39.98936],[-79.63109,39.98288],[-79.64685,39.96693],[-79.65789,39.94225],[-79.66243,39.93701],[-79.67209,39.93527],[-79.67911,39.93119],[-79.69877,39.92865],[-79.71366,39.91948],[-79.73123,39.91478],[-79.73894,39.90674],[-79.75358,39.89541],[-79.7543,39.89154],[-79.74518,39.88181],[-79.74529,39.8734],[-79.74221,39.87007],[-79.74615,39.86591],[-79.75048,39.86458],[-79.75963,39.8493],[-79.76858,39.841],[-79.77172,39.83517],[-79.77138,39.82942],[-79.77714,39.82229],[-79.80113,39.80558],[-79.81502,39.79933],[-79.83072,39.78317],[-79.83063,39.77831],[-79.83433,39.77371],[-79.8355,39.76939],[-79.84309,39.76536],[-79.85066,39.7579],[-79.85706,39.75564],[-79.85737,39.75375],[-79.8761,39.75579],[-79.89395,39.74713],[-79.90129,39.74608],[-79.9007,39.7395],[-79.89877,39.73879],[-79.90565,39.72794],[-79.90378,39.72477],[-79.91106,39.72071],[-78.70647,39.72306],[-78.71171,39.72711],[-78.71225,39.73062],[-78.69601,39.75907],[-78.68943,39.77629],[-78.65734,39.82203],[-78.64179,39.83435],[-78.61578,39.86914],[-78.60805,39.87566],[-78.60187,39.89525],[-78.58562,39.92828],[-78.58456,39.93458],[-78.57131,39.9486],[-78.56044,39.96304],[-78.54891,39.9725],[-78.53028,39.99365],[-78.52694,39.99968],[-78.52564,40.01185],[-78.51411,40.02374],[-78.51232,40.03612],[-78.51804,40.0499],[-78.51819,40.06799],[-78.52684,40.07865],[-78.52929,40.08409],[-78.52817,40.10708],[-78.52158,40.11603],[-78.51738,40.13247],[-78.51111,40.14515],[-78.49721,40.16521],[-78.48766,40.19324],[-78.4644,40.23357],[-78.45468,40.26707],[-78.44446,40.29525],[-78.44026,40.31363],[-78.4304,40.33415],[-78.43019,40.33874],[-78.43395,40.34682],[-78.43428,40.36527],[-78.43733,40.37488],[-78.42906,40.38791],[-78.43424,40.40056],[-78.43409,40.4088],[-78.43225,40.413],[-78.42546,40.41794],[-78.42351,40.42189],[-78.42446,40.42604],[-78.44025,40.42155],[-78.44156,40.42591],[-78.43487,40.441],[-78.45292,40.44801],[-78.45894,40.45425],[-78.47897,40.46154],[-78.48448,40.46819],[-78.49119,40.4717],[-78.50139,40.47466],[-78.51096,40.47331],[-78.52079,40.47844],[-78.52665,40.47754],[-78.54083,40.46819],[-78.56194,40.46695],[-78.56464,40.46438],[-78.56751,40.45687],[-78.57291,40.45126],[-78.58071,40.44743],[-78.58939,40.44625],[-78.59864,40.44747],[-78.6402,40.46397],[-78.6625,40.46653],[-78.67962,40.47688],[-78.70856,40.48076],[-78.74475,40.47452],[-78.7965,40.44726],[-78.80476,40.44672],[-78.87391,40.4517],[-78.88582,40.4441],[-78.91577,40.43362],[-78.94255,40.4415],[-78.96737,40.44332],[-79.01952,40.45764],[-79.03633,40.45559],[-79.04749,40.4512],[-79.06059,40.4506],[-79.06895,40.44719],[-79.07643,40.44628],[-79.10795,40.44741],[-79.1271,40.45497],[-79.2195,40.44564],[-79.22187,40.44517]]]},"properties":{"WMU_ID":"2C","ACREAGE":2933.85871731}},{"type":"Feature","geometry":{"type":"Polygon","coordinates":[[[-79.15587,40.58538],[-79.16116,40.57513],[-79.16227,40.5609],[-79.16126,40.55598],[-79.15518,40.54841],[-79.15457,40.54523],[-79.15666,40.531],[-79.16568,40.50702],[-79.17186,40.50051],[-79.18739,40.49042],[-79.20069,40.4667],[-79.21157,40.4521],[-79.2195,40.44564],[-79.1271,40.45497],[-79.10795,40.44741],[-79.07643,40.44628],[-79.06895,40.44719],[-79.06059,40.4506],[-79.04749,40.4512],[-79.03633,40.45559],[-79.01952,40.45764],[-78.96737,40.44332],[-78.94255,40.4415],[-78.91577,40.43362],[-78.88582,40.4441],[-78.87391,40.4517],[-78.80476,40.44672],[-78.7965,40.44726],[-78.74475,40.47452],[-78.70856,40.48076],[-78.67758,40.47629],[-78.6625,40.46653],[-78.6402,40.46397],[-78.60126,40.4484],[-78.57933,40.47497],[-78.56827,40.48039],[-78.56543,40.48733],[-78.56655,40.49396],[-78.56941,40.4989],[-78.57997,40.50413],[-78.58358,40.51388],[-78.57865,40.51662],[-78.5675,40.53292],[-78.56118,40.53565],[-78.56038,40.53945],[-78.56242,40.54623],[-78.55877,40.55157],[-78.54999,40.56039],[-78.54741,40.55931],[-78.54441,40.56234],[-78.53699,40.56486],[-78.52464,40.57816],[-78.51816,40.59395],[-78.50942,40.59895],[-78.50841,40.60733],[-78.49239,40.63588],[-78.49148,40.64213],[-78.48791,40.64829],[-78.48843,40.65331],[-78.49473,40.65577],[-78.49633,40.65806],[-78.49339,40.66667],[-78.49247,40.67597],[-78.50315,40.69461],[-78.5098,40.6991],[-78.50936,40.70306],[-78.51127,40.70753],[-78.52204,40.71549],[-78.52975,40.72395],[-78.52736,40.73196],[-78.5338,40.73749],[-78.53344,40.74283],[-78.53547,40.74924],[-78.53455,40.75511],[-78.53337,40.7553],[-78.53459,40.75951],[-78.53893,40.7621],[-78.54128,40.76727],[-78.54644,40.76932],[-78.55018,40.77328],[-78.54774,40.77763],[-78.52956,40.77744],[-78.52856,40.7791],[-78.52968,40.78426],[-78.52694,40.78791],[-78.51308,40.78527],[-78.50796,40.78582],[-78.50104,40.79728],[-78.49526,40.79949],[-78.48722,40.80002],[-78.4746,40.81566],[-78.465,40.82217],[-78.46057,40.82303],[-78.45469,40.82127],[-78.4499,40.82482],[-78.44307,40.82534],[-78.42789,40.82985],[-78.42336,40.83482],[-78.40321,40.83092],[-78.36669,40.82955],[-78.35777,40.82746],[-78.35419,40.82538],[-78.35458,40.82291],[-78.35113,40.82256],[-78.33886,40.82895],[-78.32049,40.83301],[-78.30849,40.84228],[-78.29485,40.84668],[-78.29116,40.85118],[-78.28182,40.85284],[-78.27128,40.8501],[-78.26727,40.85725],[-78.25269,40.86711],[-78.24935,40.87307],[-78.2491,40.87924],[-78.22113,40.8941],[-78.22719,40.90185],[-78.22968,40.90286],[-78.22258,40.91141],[-78.21323,40.91697],[-78.21273,40.92081],[-78.22363,40.93019],[-78.22316,40.93795],[-78.22759,40.94433],[-78.22741,40.94749],[-78.20392,40.95814],[-78.20108,40.96676],[-78.19837,40.96924],[-78.19708,40.97705],[-78.18298,40.97802],[-78.16865,40.98862],[-78.18915,40.98616],[-78.21788,40.99639],[-78.22474,40.9974],[-78.25987,40.9939],[-78.26627,40.99651],[-78.27495,41.00493],[-78.28664,41.01313],[-78.32617,41.0145],[-78.34928,41.02258],[-78.3672,41.02376],[-78.38225,41.03654],[-78.39458,41.03948],[-78.40878,41.03916],[-78.43717,41.05698],[-78.47016,41.06811],[-78.48438,41.06878],[-78.49586,41.0782],[-78.50649,41.08353],[-78.52559,41.09802],[-78.55176,41.12103],[-78.5692,41.12693],[-78.58924,41.12649],[-78.63104,41.12043],[-78.67973,41.12234],[-78.72165,41.13367],[-78.75582,41.14553],[-78.77547,41.14471],[-78.79012,41.14734],[-78.77636,41.13258],[-78.7551,41.12717],[-78.76004,41.11952],[-78.76683,41.11566],[-78.77108,41.10926],[-78.77058,41.0974],[-78.77423,41.08929],[-78.78503,41.08256],[-78.78628,41.07716],[-78.78945,41.07385],[-78.79467,41.07207],[-78.79796,41.06512],[-78.81479,41.05743],[-78.8172,41.052],[-78.82244,41.05042],[-78.82602,41.04624],[-78.82401,41.0355],[-78.8246,41.03022],[-78.82803,41.02466],[-78.82799,41.01784],[-78.83221,41.01127],[-78.84097,41.0062],[-78.84302,40.99183],[-78.84702,40.97993],[-78.85434,40.97803],[-78.8623,40.97174],[-78.87405,40.96724],[-78.87845,40.96656],[-78.88922,40.97044],[-78.89414,40.96524],[-78.89958,40.96727],[-78.90834,40.96672],[-78.91525,40.96102],[-78.92066,40.96107],[-78.92407,40.95595],[-78.929,40.95463],[-78.93314,40.94936],[-78.94902,40.95292],[-78.96425,40.94943],[-78.96764,40.94746],[-78.96727,40.94441],[-78.97243,40.94315],[-78.97215,40.94133],[-78.98332,40.92884],[-78.98736,40.91705],[-79.00124,40.91005],[-79.0171,40.89732],[-79.01828,40.89208],[-79.01573,40.8845],[-79.01582,40.87915],[-79.02001,40.87672],[-79.02059,40.8649],[-79.02301,40.85742],[-79.02459,40.85456],[-79.03673,40.84798],[-79.04265,40.84014],[-79.0387,40.82885],[-79.03902,40.82371],[-79.04931,40.81951],[-79.05227,40.81574],[-79.05192,40.81008],[-79.05536,40.80464],[-79.05329,40.78244],[-79.05819,40.7726],[-79.05704,40.76666],[-79.0642,40.76049],[-79.07329,40.75642],[-79.08185,40.75007],[-79.09551,40.74639],[-79.10556,40.73875],[-79.1014,40.72545],[-79.10649,40.72259],[-79.10752,40.71948],[-79.10311,40.7174],[-79.10159,40.71487],[-79.09962,40.70506],[-79.10434,40.69727],[-79.10158,40.69409],[-79.09903,40.68683],[-79.10156,40.68295],[-79.11224,40.67503],[-79.118,40.64125],[-79.11757,40.6209],[-79.12378,40.61032],[-79.14303,40.60181],[-79.15138,40.59378],[-79.15519,40.58669],[-79.15587,40.58538]]]},"properties":{"WMU_ID":"2E","ACREAGE":1427.43889766}}]}